MDT_CORRIDOR_ID,SMS_REFPOST_OFFSET,CITY,COUNTY,Month,Year,SMS_TIME,SMT_CRASH_OCC_DAY_OF_WEEK,JUNCTION_RELATED,ROADWAY_RELATED,WEATHER_COND,ROAD_COND,LIGHT_COND,CRASH_SEVERITY,COLLISION_TYPE,LATITUDE,LONGITUDE
C000050N,006+0.268,NOT IN CITY LIMITS,GALLATIN,SEPTEMBER,2017,22:40,MON,NON-JUNCTION,ON ROADWAY,CLOUDY,DRY,DARK-NOT LIGHTED,NON-INJURY ACCIDENT (PROPERTY- DAMAGE-ONLY ACCIDENT),WILD ANIMAL,44.75136715,-111.1133496
C000050N,006+0.520,,GALLATIN,March,2013,20:27,FRI,NON-JUNCTION,ON ROADWAY,CLOUDY,DRY,DARK-NOT LIGHTED,NON-INJURY ACCIDENT (PROPERTY- DAMAGE-ONLY ACCIDENT),WILD ANIMAL,44.75510132,-111.1133603
C000050N,006+0.838,,GALLATIN,September,2015,21:40,SAT,NON-JUNCTION,ON ROADWAY,CLEAR,DRY,DARK-NOT LIGHTED,NON-INJURY ACCIDENT (PROPERTY- DAMAGE-ONLY ACCIDENT),WILD ANIMAL,44.759675,-111.1131967
C000050N,006+0.924,,GALLATIN,August,2016,15:52,FRI,NON-JUNCTION,ON ROADWAY,CLOUDY,DRY,DAYLIGHT,NON-INJURY ACCIDENT (PROPERTY- DAMAGE-ONLY ACCIDENT),WILD ANIMAL,44.76088123,-111.1132102
C000050N,006+0.930,,GALLATIN,August,2014,7:30,WED,NON-JUNCTION,ROADSIDE LEFT,"FOG, SMOG, SMOKE",DRY,DAYLIGHT,NON-INJURY ACCIDENT (PROPERTY- DAMAGE-ONLY ACCIDENT),ROLL OVER,44.76096205,-111.1132111
C000050N,006+0.987,NOT IN CITY LIMITS,GALLATIN,APRIL,2017,23:55,FRI,NON-JUNCTION,ON ROADWAY,CLEAR,DRY,DARK-NOT LIGHTED,NON-INJURY ACCIDENT (PROPERTY- DAMAGE-ONLY ACCIDENT),WILD ANIMAL,44.76180861,-111.1132333
C000050N,006+0.993,,GALLATIN,December,2016,7:47,SAT,NON-JUNCTION,ON ROADWAY,CLOUDY,SNOW,DAWN,NON-INCAPACITATING EVIDENT INJURY ACCIDENT,REAR-END,44.76192724,-111.1132622
C000050N,007+0.470,,GALLATIN,July,2013,16:45,TUE,NON-JUNCTION,ROADSIDE RIGHT,CLOUDY,DRY,DAYLIGHT,NON-INJURY ACCIDENT (PROPERTY- DAMAGE-ONLY ACCIDENT),FIXED OBJECT,44.76879344,-111.1132232
C000050N,007+0.952,,GALLATIN,March,2014,14:12,WED,NON-JUNCTION,ON ROADWAY,CLEAR,DRY,DAYLIGHT,NON-INCAPACITATING EVIDENT INJURY ACCIDENT,REAR-END,44.775755,-111.1131883
C000050N,007+0.980,,GALLATIN,October,2013,19:45,SAT,NON-JUNCTION,ON ROADWAY,CLEAR,DRY,DARK-NOT LIGHTED,NON-INJURY ACCIDENT (PROPERTY- DAMAGE-ONLY ACCIDENT),WILD ANIMAL,44.77612684,-111.1132161
C000050N,008+0.172,,GALLATIN,June,2015,0:54,SUN,NON-JUNCTION,ON ROADWAY,CLEAR,DRY,DARK-NOT LIGHTED,NON-INJURY ACCIDENT (PROPERTY- DAMAGE-ONLY ACCIDENT),WILD ANIMAL,44.77886,-111.113255
C000050N,008+0.234,,GALLATIN,October,2016,14:55,TUE,NON-JUNCTION,ROADSIDE RIGHT,SLEET/HAIL/FREEZING RAIN/DRIZZLE,SLUSH,DAYLIGHT,NON-INJURY ACCIDENT (PROPERTY- DAMAGE-ONLY ACCIDENT),FIXED OBJECT,44.77973173,-111.1133941
C000050N,008+0.840,,GALLATIN,December,2013,7:30,SAT,NON-JUNCTION,ROADSIDE LEFT,SNOW,SNOW,DAYLIGHT,NON-INJURY ACCIDENT (PROPERTY- DAMAGE-ONLY ACCIDENT),FIXED OBJECT,44.78849833,-111.1124317
C000050N,008+0.840,,GALLATIN,April,2016,1:30,WED,NON-JUNCTION,ON ROADWAY,UNKNOWN,DRY,DARK-NOT LIGHTED,NON-INJURY ACCIDENT (PROPERTY- DAMAGE-ONLY ACCIDENT),WILD ANIMAL,44.78847892,-111.1124198
C000050N,009+0.230,,GALLATIN,July,2016,17:12,SAT,NON-JUNCTION,ROADSIDE RIGHT,CLOUDY,DRY,DAYLIGHT,INCAPACITATING INJURY ACCIDENT,ROLL OVER,44.79303131,-111.1079628
C000050N,009+0.380,,GALLATIN,March,2014,6:46,SAT,NON-JUNCTION,ROADSIDE RIGHT,CLEAR,ICE/FROST,DARK-NOT LIGHTED,NON-INJURY ACCIDENT (PROPERTY- DAMAGE-ONLY ACCIDENT),ROLL OVER,44.79464815,-111.1059632
C000050N,009+0.392,WEST YELLOWSTONE,GALLATIN,April,2014,13:34,TUE,INTERSECTION,ON ROADWAY,CLEAR,DRY,DAYLIGHT,NON-INJURY ACCIDENT (PROPERTY- DAMAGE-ONLY ACCIDENT),REAR-END,44.79419599,-111.1064857
C000050N,009+0.883,,GALLATIN,February,2016,17:20,WED,NON-JUNCTION,ROADSIDE RIGHT,CLEAR,ICE/FROST,DAYLIGHT,NON-INJURY ACCIDENT (PROPERTY- DAMAGE-ONLY ACCIDENT),NOT FIXED OBJECT OR DEBRIS,44.8004299,-111.1071994
C000050N,009+0.970,,GALLATIN,March,2013,7:30,FRI,NON-JUNCTION,ON ROADWAY,CLEAR,ICE/FROST,DAWN,NON-INJURY ACCIDENT (PROPERTY- DAMAGE-ONLY ACCIDENT),ROLL OVER,44.80114167,-111.1086367
C000050N,010+0.000,NOT IN CITY LIMITS,GALLATIN,FEBRUARY,2017,15:02,MON,NON-JUNCTION,ON ROADWAY,SNOW,SNOW,DAYLIGHT,NON-INJURY ACCIDENT (PROPERTY- DAMAGE-ONLY ACCIDENT),"SIDESWIPE, OPPOSITE DIRECTION",44.80145,-111.10893
C000050N,010+0.006,NOT IN CITY LIMITS,GALLATIN,NOVEMBER,2017,10:30,FRI,NON-JUNCTION,ROADSIDE LEFT,CLEAR,ICE/FROST,DAYLIGHT,POSSIBLE INJURY ACCIDENT,ROLL OVER,44.80152961,-111.1090709
C000050N,010+0.018,NOT IN CITY LIMITS,GALLATIN,NOVEMBER,2017,22:00,THU,NON-JUNCTION,ROADSIDE LEFT,SNOW,ICE/FROST,DARK-NOT LIGHTED,NON-INCAPACITATING EVIDENT INJURY ACCIDENT,FIXED OBJECT,44.80163547,-111.1091051
C000050N,010+0.043,NOT IN CITY LIMITS,GALLATIN,NOVEMBER,2017,1:15,SAT,NON-JUNCTION,ROADSIDE RIGHT,SNOW,SNOW,DARK-LIGHTED,NON-INJURY ACCIDENT (PROPERTY- DAMAGE-ONLY ACCIDENT),ROLL OVER,44.80200428,-111.1093783
C000050N,010+0.090,,GALLATIN,December,2013,9:30,TUE,NON-JUNCTION,ON ROADWAY,CLOUDY,SNOW,DAYLIGHT,NON-INJURY ACCIDENT (PROPERTY- DAMAGE-ONLY ACCIDENT),"SIDESWIPE, OPPOSITE DIRECTION",44.80279882,-111.1091644
C000050N,010+0.130,,GALLATIN,January,2016,19:52,SAT,NON-JUNCTION,ROADSIDE RIGHT,SNOW,SNOW,DARK-NOT LIGHTED,NON-INJURY ACCIDENT (PROPERTY- DAMAGE-ONLY ACCIDENT),ROLL OVER,44.80325075,-111.1093373
C000050N,010+0.236,,GALLATIN,June,2014,19:55,SAT,NON-JUNCTION,ROADSIDE RIGHT,CLOUDY,DRY,DAYLIGHT,INCAPACITATING INJURY ACCIDENT,ROLL OVER,44.80440667,-111.1080167
C000050N,010+0.290,,GALLATIN,March,2013,10:00,MON,NON-JUNCTION,ROADSIDE LEFT,SNOW,SNOW,DAYLIGHT,NON-INJURY ACCIDENT (PROPERTY- DAMAGE-ONLY ACCIDENT),FIXED OBJECT,44.80490833,-111.106885
C000050N,010+0.530,NOT IN CITY LIMITS,GALLATIN,JULY,2017,20:14,MON,NON-JUNCTION,ROADSIDE RIGHT,CLOUDY,DRY,DAYLIGHT,NON-INCAPACITATING EVIDENT INJURY ACCIDENT,ROLL OVER,44.80550439,-111.1022913
C000050N,030+0.330,NOT IN CITY LIMITS,GALLATIN,JANUARY,2017,21:00,SUN,NON-JUNCTION,ON ROADWAY,CLEAR,ICE/FROST,DARK-NOT LIGHTED,NON-INJURY ACCIDENT (PROPERTY- DAMAGE-ONLY ACCIDENT),REAR-END,45.04818321,-111.1400581
C000050N,031+0.562,,GALLATIN,January,2015,2:15,SUN,NON-JUNCTION,ROADSIDE RIGHT,SNOW,SNOW,DARK-NOT LIGHTED,NON-INJURY ACCIDENT (PROPERTY- DAMAGE-ONLY ACCIDENT),FIXED OBJECT,45.05787,-111.1608711
C000050N,031+0.747,,GALLATIN,February,2014,11:00,SUN,NON-JUNCTION,ROADSIDE RIGHT,BLOWING SNOW,SNOW,DAYLIGHT,NON-INJURY ACCIDENT (PROPERTY- DAMAGE-ONLY ACCIDENT),FIXED OBJECT,45.05969709,-111.1636236
C000050N,032+0.002,,GALLATIN,February,2014,7:50,FRI,NON-JUNCTION,ROADSIDE RIGHT,CLEAR,ICE/FROST,DAYLIGHT,NON-INJURY ACCIDENT (PROPERTY- DAMAGE-ONLY ACCIDENT),FIXED OBJECT,45.06184,-111.1679
C000050N,032+0.207,NOT IN CITY LIMITS,GALLATIN,JULY,2017,22:00,MON,NON-JUNCTION,ON ROADWAY,CLEAR,DRY,DARK-NOT LIGHTED,NON-INJURY ACCIDENT (PROPERTY- DAMAGE-ONLY ACCIDENT),WILD ANIMAL,45.06225386,-111.1720829
C000050N,032+0.449,,GALLATIN,May,2016,15:00,SAT,NON-JUNCTION,ON ROADWAY,CLOUDY,DRY,DAYLIGHT,NON-INJURY ACCIDENT (PROPERTY- DAMAGE-ONLY ACCIDENT),LOST CONTROL,45.06319123,-111.1767514
C000050N,032+0.821,,GALLATIN,July,2016,13:00,TUE,NON-JUNCTION,ON ROADWAY,CLEAR,DRY,DAYLIGHT,NON-INJURY ACCIDENT (PROPERTY- DAMAGE-ONLY ACCIDENT),REAR-END,45.06560362,-111.1834722
C000050N,032+0.914,,GALLATIN,January,2014,0:00,THU,NON-JUNCTION,ON ROADWAY,CLEAR,ICE/FROST,DARK-NOT LIGHTED,POSSIBLE INJURY ACCIDENT,RIGHT ANGLE,45.06615501,-111.1852548
C000050N,033+0.093,NOT IN CITY LIMITS,GALLATIN,DECEMBER,2017,14:40,FRI,NON-JUNCTION,ROADSIDE RIGHT,SNOW,ICE/FROST,DAYLIGHT,NON-INJURY ACCIDENT (PROPERTY- DAMAGE-ONLY ACCIDENT),FIXED OBJECT,45.06741148,-111.1883477
C000050N,033+0.105,NOT IN CITY LIMITS,GALLATIN,DECEMBER,2017,17:05,WED,NON-JUNCTION,ROADSIDE RIGHT,BLOWING SNOW,SNOW,DAYLIGHT,NON-INJURY ACCIDENT (PROPERTY- DAMAGE-ONLY ACCIDENT),FIXED OBJECT,45.06749937,-111.188541
C000050N,033+0.527,,GALLATIN,January,2016,10:01,SUN,NON-JUNCTION,ROADSIDE RIGHT,CLEAR,SNOW,DAYLIGHT,NON-INJURY ACCIDENT (PROPERTY- DAMAGE-ONLY ACCIDENT),FIXED OBJECT,45.07043414,-111.1960465
C000050N,033+0.608,,GALLATIN,June,2014,13:50,WED,NON-JUNCTION,ROADSIDE LEFT,CLOUDY,DRY,DAYLIGHT,NON-INJURY ACCIDENT (PROPERTY- DAMAGE-ONLY ACCIDENT),FIXED OBJECT,45.07120251,-111.1972555
C000050N,033+0.714,,GALLATIN,August,2015,11:40,FRI,NON-JUNCTION,ON ROADWAY,CLEAR,DRY,DAYLIGHT,NON-INCAPACITATING EVIDENT INJURY ACCIDENT,PEDESTRIAN,45.07234655,-111.1988196
C000050N,033+0.807,,GALLATIN,October,2014,14:59,FRI,NON-JUNCTION,SHOULDER,CLEAR,DRY,DAYLIGHT,NON-INCAPACITATING EVIDENT INJURY ACCIDENT,ROLL OVER,45.07331307,-111.2000764
C000050N,033+0.831,,GALLATIN,May,2015,16:40,MON,NON-JUNCTION,ROADSIDE RIGHT,CLEAR,DRY,DAYLIGHT,NON-INJURY ACCIDENT (PROPERTY- DAMAGE-ONLY ACCIDENT),ROLL OVER,45.07351667,-111.20047
C000050N,034+0.002,NOT IN CITY LIMITS,GALLATIN,JULY,2017,10:30,THU,NON-JUNCTION,ON ROADWAY,CLOUDY,DRY,DAYLIGHT,NON-INJURY ACCIDENT (PROPERTY- DAMAGE-ONLY ACCIDENT),REAR-END,45.07538,-111.20303
C000050N,034+0.120,NOT IN CITY LIMITS,GALLATIN,DECEMBER,2017,15:30,WED,NON-JUNCTION,ROADSIDE RIGHT,BLOWING SNOW,SNOW,DAYLIGHT,NON-INJURY ACCIDENT (PROPERTY- DAMAGE-ONLY ACCIDENT),FIXED OBJECT,45.07662242,-111.2046809
C000050N,034+0.163,NOT IN CITY LIMITS,GALLATIN,DECEMBER,2017,8:30,THU,NON-JUNCTION,ROADSIDE RIGHT,CLOUDY,SNOW,DAYLIGHT,NON-INJURY ACCIDENT (PROPERTY- DAMAGE-ONLY ACCIDENT),FIXED OBJECT,45.07707302,-111.2053971
C000050N,034+0.356,,GALLATIN,December,2014,19:00,FRI,NON-JUNCTION,ON ROADWAY,CLOUDY,DRY,DARK-LIGHTED,NON-INJURY ACCIDENT (PROPERTY- DAMAGE-ONLY ACCIDENT),FIXED OBJECT,45.07923136,-111.2077672
C000050N,034+0.678,,GALLATIN,December,2016,11:45,WED,NON-JUNCTION,ROADSIDE RIGHT,CLEAR,SNOW,DAYLIGHT,NON-INJURY ACCIDENT (PROPERTY- DAMAGE-ONLY ACCIDENT),FIXED OBJECT,45.08380941,-111.2089811
C000050N,034+0.716,,GALLATIN,December,2015,10:50,WED,NON-JUNCTION,ROADSIDE RIGHT,CLOUDY,ICE/FROST,DAYLIGHT,NON-INJURY ACCIDENT (PROPERTY- DAMAGE-ONLY ACCIDENT),FIXED OBJECT,45.08425162,-111.2094405
C000050N,034+0.969,,GALLATIN,August,2015,7:15,SUN,NON-JUNCTION,ROADSIDE RIGHT,CLEAR,DRY,DAYLIGHT,NON-INJURY ACCIDENT (PROPERTY- DAMAGE-ONLY ACCIDENT),FIXED OBJECT,45.08756,-111.2118217
C000050N,034+0.995,NOT IN CITY LIMITS,GALLATIN,JUNE,2017,6:15,MON,NON-JUNCTION,OFF ROADWAY LOCATION UNKNOWN,CLOUDY,DRY,DAYLIGHT,NON-INJURY ACCIDENT (PROPERTY- DAMAGE-ONLY ACCIDENT),FIXED OBJECT,45.08788,-111.2121
C000050N,035+0.016,NOT IN CITY LIMITS,GALLATIN,JULY,2017,0:00,SUN,NON-JUNCTION,ON ROADWAY,CLEAR,DRY,DARK-NOT LIGHTED,NON-INJURY ACCIDENT (PROPERTY- DAMAGE-ONLY ACCIDENT),WILD ANIMAL,45.08808676,-111.2122887
C000050N,035+0.400,,GALLATIN,July,2016,8:45,SAT,NON-JUNCTION,ROADSIDE RIGHT,CLEAR,DRY,DAYLIGHT,INCAPACITATING INJURY ACCIDENT,ROLL OVER,45.09339163,-111.2145924
C000050N,035+0.431,,GALLATIN,February,2016,18:30,THU,NON-JUNCTION,ROADSIDE LEFT,CLOUDY,DRY,DARK-NOT LIGHTED,NON-INJURY ACCIDENT (PROPERTY- DAMAGE-ONLY ACCIDENT),ROLL OVER,45.09373803,-111.2150018
C000050N,035+0.444,,GALLATIN,August,2015,7:00,FRI,NON-JUNCTION,ROADSIDE RIGHT,CLEAR,DRY,DAWN,NON-INJURY ACCIDENT (PROPERTY- DAMAGE-ONLY ACCIDENT),ROLL OVER,45.09393333,-111.2150117
C000050N,035+0.450,,GALLATIN,October,2013,3:45,MON,NON-JUNCTION,SHOULDER,CLEAR,DRY,DARK-NOT LIGHTED,NON-INJURY ACCIDENT (PROPERTY- DAMAGE-ONLY ACCIDENT),ROLL OVER,45.09411833,-111.2150467
C000050N,035+0.469,,GALLATIN,March,2015,17:10,SUN,NON-JUNCTION,ON ROADWAY,CLOUDY,DRY,DAYLIGHT,NON-INJURY ACCIDENT (PROPERTY- DAMAGE-ONLY ACCIDENT),ROLL OVER,45.09427487,-111.2150823
C000050N,035+0.487,,GALLATIN,November,2016,23:10,MON,NON-JUNCTION,ON ROADWAY,CLEAR,DRY,DARK-NOT LIGHTED,NON-INJURY ACCIDENT (PROPERTY- DAMAGE-ONLY ACCIDENT),ROLL OVER,45.09461008,-111.2152131
C000050N,035+0.611,NOT IN CITY LIMITS,GALLATIN,JUNE,2017,17:45,SUN,NON-JUNCTION,ON ROADWAY,CLEAR,DRY,DAYLIGHT,POSSIBLE INJURY ACCIDENT,REAR-END,45.09622899,-111.2160813
C000050N,036+0.013,,GALLATIN,August,2015,16:40,THU,INTERSECTION,ROADSIDE RIGHT,CLEAR,DRY,DAYLIGHT,NON-INJURY ACCIDENT (PROPERTY- DAMAGE-ONLY ACCIDENT),FIXED OBJECT,45.10147392,-111.2190165
C000050N,036+0.584,,GALLATIN,February,2015,4:30,TUE,NON-JUNCTION,ROADSIDE LEFT,CLEAR,DRY,DARK-NOT LIGHTED,NON-INCAPACITATING EVIDENT INJURY ACCIDENT,FIXED OBJECT,45.10914937,-111.2232881
C000050N,036+0.621,,GALLATIN,December,2016,19:11,SUN,NON-JUNCTION,SHOULDER,CLOUDY,SNOW,DARK-NOT LIGHTED,NON-INJURY ACCIDENT (PROPERTY- DAMAGE-ONLY ACCIDENT),FIXED OBJECT,45.10964963,-111.2233195
C000050N,036+0.738,,GALLATIN,January,2015,2:30,TUE,NON-JUNCTION,ON ROADWAY,CLOUDY,ICE/FROST,DARK-NOT LIGHTED,NON-INJURY ACCIDENT (PROPERTY- DAMAGE-ONLY ACCIDENT),WILD ANIMAL,45.11134971,-111.2239083
C000050N,036+0.760,NOT IN CITY LIMITS,GALLATIN,NOVEMBER,2017,4:00,FRI,NON-JUNCTION,ON ROADWAY,SNOW,SNOW,DARK-NOT LIGHTED,NON-INJURY ACCIDENT (PROPERTY- DAMAGE-ONLY ACCIDENT),WILD ANIMAL,45.11158945,-111.2242142
C000050N,036+0.853,NOT IN CITY LIMITS,GALLATIN,JUNE,2017,13:15,SUN,NON-JUNCTION,ROADSIDE RIGHT,CLEAR,DRY,DAYLIGHT,INCAPACITATING INJURY ACCIDENT,FIXED OBJECT,45.1129179,-111.2245626
C000050N,036+0.946,,GALLATIN,January,2016,7:25,SUN,NON-JUNCTION,ROADSIDE RIGHT,SNOW,SNOW,DAYLIGHT,NON-INJURY ACCIDENT (PROPERTY- DAMAGE-ONLY ACCIDENT),FIXED OBJECT,45.11421902,-111.2248153
C000050N,036+0.978,,GALLATIN,October,2014,18:30,WED,NON-JUNCTION,ROADSIDE RIGHT,CLEAR,DRY,DAYLIGHT,NON-INCAPACITATING EVIDENT INJURY ACCIDENT,ROLL OVER,45.11464588,-111.2250377
C000050N,036+0.978,NOT IN CITY LIMITS,GALLATIN,JANUARY,2017,10:00,MON,NON-JUNCTION,SHOULDER,CLOUDY,SNOW,DAYLIGHT,NON-INJURY ACCIDENT (PROPERTY- DAMAGE-ONLY ACCIDENT),ROLL OVER,45.1147,-111.22504
C000050N,037+0.005,,GALLATIN,January,2016,17:00,FRI,NON-JUNCTION,ROADSIDE RIGHT,CLOUDY,DRY,DAYLIGHT,NON-INJURY ACCIDENT (PROPERTY- DAMAGE-ONLY ACCIDENT),FIXED OBJECT,45.11472541,-111.2250529
C000050N,037+0.054,,GALLATIN,October,2014,19:50,THU,INTERSECTION-RELATED,ON ROADWAY,CLEAR,DRY,DARK-NOT LIGHTED,NON-INJURY ACCIDENT (PROPERTY- DAMAGE-ONLY ACCIDENT),"LEFT TURN, OPPOSITE DIRECTION",45.11545192,-111.2254027
C000050N,037+0.067,,GALLATIN,April,2014,5:15,WED,NON-JUNCTION,ROADSIDE RIGHT,CLEAR,DRY,DARK-NOT LIGHTED,NON-INJURY ACCIDENT (PROPERTY- DAMAGE-ONLY ACCIDENT),ROLL OVER,45.11557488,-111.2254437
C000050N,037+0.135,,GALLATIN,April,2015,23:30,SUN,NON-JUNCTION,ON ROADWAY,CLOUDY,DRY,DARK-NOT LIGHTED,NON-INCAPACITATING EVIDENT INJURY ACCIDENT,WILD ANIMAL,45.11655154,-111.2259013
C000050N,037+0.271,,GALLATIN,January,2016,9:10,THU,NON-JUNCTION,ROADSIDE LEFT,CLOUDY,ICE/FROST,DAYLIGHT,NON-INJURY ACCIDENT (PROPERTY- DAMAGE-ONLY ACCIDENT),NOT FIXED OBJECT OR DEBRIS,45.11842953,-111.226847
C000050N,037+0.296,,GALLATIN,July,2015,15:15,THU,NON-JUNCTION,SHOULDER,CLOUDY,DRY,DAYLIGHT,POSSIBLE INJURY ACCIDENT,ROLL OVER,45.11875628,-111.2270006
C000050N,037+0.458,NOT IN CITY LIMITS,GALLATIN,JULY,2017,19:35,TUE,NON-JUNCTION,ON ROADWAY,CLEAR,DRY,DAYLIGHT,NON-INJURY ACCIDENT (PROPERTY- DAMAGE-ONLY ACCIDENT),WILD ANIMAL,45.12086165,-111.2282729
C000050N,037+0.595,,GALLATIN,July,2016,3:30,TUE,NON-JUNCTION,ROADSIDE RIGHT,CLEAR,DRY,DARK-NOT LIGHTED,NON-INJURY ACCIDENT (PROPERTY- DAMAGE-ONLY ACCIDENT),FIXED OBJECT,45.12273349,-111.2292571
C000050N,037+0.640,,GALLATIN,June,2014,18:32,WED,NON-JUNCTION,ON ROADWAY,CLEAR,DRY,DAYLIGHT,NON-INJURY ACCIDENT (PROPERTY- DAMAGE-ONLY ACCIDENT),ROLL OVER,45.123375,-111.2296867
C000050N,037+0.795,,GALLATIN,January,2016,11:00,MON,NON-JUNCTION,ROADSIDE RIGHT,CLEAR,WET,DAYLIGHT,NON-INJURY ACCIDENT (PROPERTY- DAMAGE-ONLY ACCIDENT),ROLL OVER,45.12534541,-111.2309966
C000050N,037+0.826,,GALLATIN,April,2015,10:00,WED,NON-JUNCTION,ROADSIDE RIGHT,CLEAR,DRY,DAYLIGHT,NON-INJURY ACCIDENT (PROPERTY- DAMAGE-ONLY ACCIDENT),ROLL OVER,45.12579619,-111.2310991
C000050N,037+0.876,,GALLATIN,April,2015,7:03,THU,NON-JUNCTION,ROADSIDE RIGHT,CLOUDY,DRY,DAWN,NON-INCAPACITATING EVIDENT INJURY ACCIDENT,ROLL OVER,45.12640774,-111.2316519
C000050N,037+1.036,,GALLATIN,December,2016,16:50,WED,NON-JUNCTION,ROADSIDE RIGHT,CLEAR,ICE/FROST,DARK-NOT LIGHTED,NON-INJURY ACCIDENT (PROPERTY- DAMAGE-ONLY ACCIDENT),NOT FIXED OBJECT OR DEBRIS,45.128445,-111.2333083
C000050N,038+0.001,,GALLATIN,November,2016,3:30,MON,NON-JUNCTION,ROADSIDE RIGHT,SNOW,SNOW,DARK-NOT LIGHTED,NON-INCAPACITATING EVIDENT INJURY ACCIDENT,FIXED OBJECT,45.12855,-111.23328
C000050N,038+0.044,,GALLATIN,October,2016,11:50,THU,NON-JUNCTION,ON ROADWAY,CLOUDY,DRY,DAYLIGHT,NON-INCAPACITATING EVIDENT INJURY ACCIDENT,REAR-END,45.12916399,-111.2335727
C000050N,038+0.143,,GALLATIN,December,2016,5:00,SAT,NON-JUNCTION,ROADSIDE RIGHT,CLOUDY,ICE/FROST,DARK-NOT LIGHTED,NON-INJURY ACCIDENT (PROPERTY- DAMAGE-ONLY ACCIDENT),FIXED OBJECT,45.13056165,-111.234147
C000050N,038+0.367,NOT IN CITY LIMITS,GALLATIN,JANUARY,2017,7:50,WED,NON-JUNCTION,ROADSIDE RIGHT,SNOW,SNOW,DAWN,NON-INJURY ACCIDENT (PROPERTY- DAMAGE-ONLY ACCIDENT),NOT FIXED OBJECT OR DEBRIS,45.13364223,-111.2355952
C000050N,038+0.434,NOT IN CITY LIMITS,GALLATIN,APRIL,2017,13:50,SAT,NON-JUNCTION,ROADSIDE RIGHT,CLOUDY,DRY,DAYLIGHT,NON-INJURY ACCIDENT (PROPERTY- DAMAGE-ONLY ACCIDENT),ROLL OVER,45.13457896,-111.2356697
C000050N,038+0.534,,GALLATIN,December,2016,9:30,MON,NON-JUNCTION,ON ROADWAY,CLEAR,SNOW,DAYLIGHT,NON-INJURY ACCIDENT (PROPERTY- DAMAGE-ONLY ACCIDENT),REAR-END,45.1360151,-111.2360019
C000050N,038+0.565,NOT IN CITY LIMITS,GALLATIN,OCTOBER,2017,7:00,SAT,NON-JUNCTION,ROADSIDE RIGHT,SNOW,ICE/FROST,DARK-NOT LIGHTED,NON-INJURY ACCIDENT (PROPERTY- DAMAGE-ONLY ACCIDENT),ROLL OVER,45.13645132,-111.2360586
C000050N,038+0.627,,GALLATIN,May,2016,19:30,SAT,NON-JUNCTION,ROADSIDE RIGHT,CLOUDY,DRY,DUSK,INCAPACITATING INJURY ACCIDENT,ROLL OVER,45.13730455,-111.2364915
C000050N,038+0.745,,GALLATIN,February,2014,7:30,FRI,NON-JUNCTION,ROADSIDE RIGHT,CLEAR,ICE/FROST,DAYLIGHT,INCAPACITATING INJURY ACCIDENT,FIXED OBJECT,45.13901948,-111.2369184
C000050N,045+0.279,,GALLATIN,February,2014,8:20,TUE,INTERSECTION,ON ROADWAY,CLEAR,SNOW,DAYLIGHT,NON-INJURY ACCIDENT (PROPERTY- DAMAGE-ONLY ACCIDENT),RIGHT ANGLE,45.22664398,-111.2508315
C000050N,038+0.788,NOT IN CITY LIMITS,GALLATIN,JANUARY,2017,17:45,SAT,NON-JUNCTION,ON ROADWAY,CLEAR,DRY,DUSK,NON-INJURY ACCIDENT (PROPERTY- DAMAGE-ONLY ACCIDENT),"SIDESWIPE, OPPOSITE DIRECTION",45.13951804,-111.2374922
C000050N,038+0.825,,GALLATIN,November,2015,3:30,FRI,NON-JUNCTION,ROADSIDE RIGHT,SNOW,SNOW,DARK-NOT LIGHTED,NON-INJURY ACCIDENT (PROPERTY- DAMAGE-ONLY ACCIDENT),FIXED OBJECT,45.13998591,-111.2377586
C000050N,038+0.825,,GALLATIN,March,2016,5:50,MON,NON-JUNCTION,ROADSIDE RIGHT,SNOW,SNOW,DARK-NOT LIGHTED,NON-INJURY ACCIDENT (PROPERTY- DAMAGE-ONLY ACCIDENT),FIXED OBJECT,45.13999406,-111.2378062
C000050N,038+0.837,NOT IN CITY LIMITS,GALLATIN,NOVEMBER,2017,15:05,SUN,NON-JUNCTION,ROADSIDE LEFT,CLOUDY,ICE/FROST,DAYLIGHT,NON-INJURY ACCIDENT (PROPERTY- DAMAGE-ONLY ACCIDENT),ROLL OVER,45.13997855,-111.2381016
C000050N,038+0.850,,GALLATIN,January,2016,10:00,MON,NON-JUNCTION,ROADSIDE RIGHT,SNOW,SNOW,DAYLIGHT,INCAPACITATING INJURY ACCIDENT,RIGHT ANGLE,45.1400611,-111.2383459
C000050N,038+0.862,NOT IN CITY LIMITS,GALLATIN,DECEMBER,2017,7:00,FRI,NON-JUNCTION,ROADSIDE RIGHT,SNOW,SNOW,DAYLIGHT,NON-INJURY ACCIDENT (PROPERTY- DAMAGE-ONLY ACCIDENT),FIXED OBJECT,45.1402455,-111.2385577
C000050N,038+0.874,NOT IN CITY LIMITS,GALLATIN,FEBRUARY,2017,10:10,WED,NON-JUNCTION,ROADSIDE LEFT,CLEAR,ICE/FROST,DAYLIGHT,NON-INJURY ACCIDENT (PROPERTY- DAMAGE-ONLY ACCIDENT),FIXED OBJECT,45.14035774,-111.2386974
C000050N,038+0.893,NOT IN CITY LIMITS,GALLATIN,DECEMBER,2017,9:52,SAT,NON-JUNCTION,ROADSIDE RIGHT,SNOW,SNOW,DAYLIGHT,NON-INJURY ACCIDENT (PROPERTY- DAMAGE-ONLY ACCIDENT),ROLL OVER,45.14045013,-111.2391095