MDT_CORRIDOR_ID,SMS_REFPOST_OFFSET,CITY,COUNTY,Month,Year,SMS_TIME,SMT_CRASH_OCC_DAY_OF_WEEK,JUNCTION_RELATED,ROADWAY_RELATED,WEATHER_COND,ROAD_COND,LIGHT_COND,CRASH_SEVERITY,COLLISION_TYPE,LATITUDE,LONGITUDE
C000050N,038+0.899,,GALLATIN,November,2014,22:00,SUN,NON-JUNCTION,SHOULDER,SNOW,SNOW,DARK-NOT LIGHTED,NON-INJURY ACCIDENT (PROPERTY- DAMAGE-ONLY ACCIDENT),FIXED OBJECT,45.14056988,-111.2391246
C000050N,038+0.905,,GALLATIN,March,2015,18:17,SUN,NON-JUNCTION,SHOULDER,CLOUDY,DRY,DAYLIGHT,NON-INJURY ACCIDENT (PROPERTY- DAMAGE-ONLY ACCIDENT),FIXED OBJECT,45.14049339,-111.2393684
C000050N,038+0.905,,GALLATIN,November,2016,11:20,SAT,NON-JUNCTION,ON ROADWAY,CLEAR,ICE/FROST,DAYLIGHT,NON-INJURY ACCIDENT (PROPERTY- DAMAGE-ONLY ACCIDENT),ROLL OVER,45.14049822,-111.2392748
C000050N,038+0.931,,GALLATIN,November,2014,15:15,SUN,NON-JUNCTION,ROADSIDE RIGHT,CLOUDY,ICE/FROST,DAYLIGHT,NON-INJURY ACCIDENT (PROPERTY- DAMAGE-ONLY ACCIDENT),FIXED OBJECT,45.14061774,-111.2397666
C000050N,038+0.931,NOT IN CITY LIMITS,GALLATIN,OCTOBER,2017,6:45,THU,NON-JUNCTION,ROADSIDE RIGHT,CLEAR,ICE/FROST,DARK-NOT LIGHTED,NON-INCAPACITATING EVIDENT INJURY ACCIDENT,ROLL OVER,45.14062483,-111.2397838
C000050N,038+0.949,,GALLATIN,June,2014,17:10,WED,NON-JUNCTION,SHOULDER,CLOUDY,DRY,DAYLIGHT,POSSIBLE INJURY ACCIDENT,ROLL OVER,45.14078848,-111.2401627
C000050N,039+0.003,NOT IN CITY LIMITS,GALLATIN,DECEMBER,2017,0:30,SUN,NON-JUNCTION,ROADSIDE RIGHT,CLOUDY,SNOW,DARK-NOT LIGHTED,NON-INCAPACITATING EVIDENT INJURY ACCIDENT,ROLL OVER,45.14123,-111.24069
C000050N,039+0.028,,GALLATIN,December,2014,7:00,THU,SHARED-USE PATH OR TRAIL,SHOULDER,CLOUDY,DRY,DAWN,NON-INJURY ACCIDENT (PROPERTY- DAMAGE-ONLY ACCIDENT),ROLL OVER,45.14153317,-111.2409721
C000050N,039+0.140,NOT IN CITY LIMITS,GALLATIN,MARCH,2017,21:00,SUN,NON-JUNCTION,ROADSIDE LEFT,SNOW,SNOW,DARK-NOT LIGHTED,NON-INJURY ACCIDENT (PROPERTY- DAMAGE-ONLY ACCIDENT),ROLL OVER,45.14275271,-111.2425049
C000050N,039+0.189,,GALLATIN,December,2016,17:10,TUE,NON-JUNCTION,ROADSIDE RIGHT,SNOW,ICE/FROST,DARK-NOT LIGHTED,NON-INJURY ACCIDENT (PROPERTY- DAMAGE-ONLY ACCIDENT),FIXED OBJECT,45.14328649,-111.243273
C000050N,039+0.388,,GALLATIN,January,2016,13:35,TUE,NON-JUNCTION,ROADSIDE RIGHT,CLEAR,DRY,DAYLIGHT,NON-INJURY ACCIDENT (PROPERTY- DAMAGE-ONLY ACCIDENT),FIXED OBJECT,45.14564109,-111.2456543
C000050N,039+0.573,,GALLATIN,January,2014,16:30,WED,NON-JUNCTION,ROADSIDE RIGHT,CLOUDY,ICE/FROST,DAYLIGHT,NON-INJURY ACCIDENT (PROPERTY- DAMAGE-ONLY ACCIDENT),ROLL OVER,45.14827779,-111.2463646
C000050N,039+0.592,,GALLATIN,March,2014,19:10,SAT,NON-JUNCTION,ROADSIDE LEFT,CLOUDY,SNOW,DARK-NOT LIGHTED,NON-INJURY ACCIDENT (PROPERTY- DAMAGE-ONLY ACCIDENT),FIXED OBJECT,45.14849639,-111.2463577
C000050N,039+0.716,,GALLATIN,March,2015,6:20,WED,NON-JUNCTION,ROADSIDE RIGHT,CLEAR,SNOW,DARK-NOT LIGHTED,NON-INJURY ACCIDENT (PROPERTY- DAMAGE-ONLY ACCIDENT),FIXED OBJECT,45.15031901,-111.2459973
C000050N,039+0.740,,GALLATIN,December,2013,6:00,MON,NON-JUNCTION,ROADSIDE RIGHT,SNOW,SNOW,DARK-NOT LIGHTED,NON-INJURY ACCIDENT (PROPERTY- DAMAGE-ONLY ACCIDENT),FIXED OBJECT,45.15062741,-111.2461187
C000050N,040+0.123,,GALLATIN,January,2015,6:00,TUE,NON-JUNCTION,ON ROADWAY,CLOUDY,WET,DARK-NOT LIGHTED,NON-INJURY ACCIDENT (PROPERTY- DAMAGE-ONLY ACCIDENT),WILD ANIMAL,45.15582523,-111.2460051
C000050N,040+0.167,,GALLATIN,July,2014,9:10,WED,NON-JUNCTION,ROADSIDE RIGHT,CLEAR,DRY,DAYLIGHT,POSSIBLE INJURY ACCIDENT,ROLL OVER,45.15642167,-111.2460783
C000050N,040+0.173,,GALLATIN,January,2014,23:10,WED,NON-JUNCTION,ROADSIDE LEFT,CLOUDY,ICE/FROST,DARK-NOT LIGHTED,POSSIBLE INJURY ACCIDENT,FIXED OBJECT,45.15652525,-111.2462074
C000050N,040+0.316,NOT IN CITY LIMITS,GALLATIN,NOVEMBER,2017,17:15,WED,NON-JUNCTION,ROADSIDE LEFT,CLEAR,ICE/FROST,DARK-NOT LIGHTED,NON-INJURY ACCIDENT (PROPERTY- DAMAGE-ONLY ACCIDENT),FIXED OBJECT,45.15824983,-111.2476896
C000050N,040+0.359,NOT IN CITY LIMITS,GALLATIN,MARCH,2017,3:00,MON,NON-JUNCTION,ROADSIDE RIGHT,SNOW,SNOW,DARK-NOT LIGHTED,NON-INJURY ACCIDENT (PROPERTY- DAMAGE-ONLY ACCIDENT),ROLL OVER,45.15879723,-111.2482195
C000050N,040+0.460,,GALLATIN,November,2013,13:01,SUN,NON-JUNCTION,ON ROADWAY,CLEAR,SNOW,DAYLIGHT,NON-INJURY ACCIDENT (PROPERTY- DAMAGE-ONLY ACCIDENT),ROLL OVER,45.16025555,-111.2490088
C000050N,040+0.465,,GALLATIN,July,2016,23:45,SAT,NON-JUNCTION,ROADSIDE RIGHT,RAIN,WET,DARK-NOT LIGHTED,NON-INJURY ACCIDENT (PROPERTY- DAMAGE-ONLY ACCIDENT),NOT FIXED OBJECT OR DEBRIS,45.16018823,-111.249048
C000050N,040+0.480,,GALLATIN,December,2013,5:30,FRI,NON-JUNCTION,ON ROADWAY,CLEAR,DRY,DARK-NOT LIGHTED,NON-INJURY ACCIDENT (PROPERTY- DAMAGE-ONLY ACCIDENT),WILD ANIMAL,45.16057556,-111.2491171
C000050N,040+0.610,,GALLATIN,July,2013,17:09,SUN,NON-JUNCTION,ON ROADWAY,CLEAR,DRY,DAYLIGHT,INCAPACITATING INJURY ACCIDENT,WILD ANIMAL,45.16241995,-111.2487817
C000050N,040+0.638,,GALLATIN,February,2014,11:15,FRI,NON-JUNCTION,SHOULDER,CLOUDY,SNOW,DAYLIGHT,NON-INJURY ACCIDENT (PROPERTY- DAMAGE-ONLY ACCIDENT),FIXED OBJECT,45.16273363,-111.2487987
C000050N,041+0.076,,GALLATIN,March,2014,9:42,SUN,NON-JUNCTION,SHOULDER,CLOUDY,DRY,DAYLIGHT,NON-INJURY ACCIDENT (PROPERTY- DAMAGE-ONLY ACCIDENT),NOT FIXED OBJECT OR DEBRIS,45.16851221,-111.2443701
C000050N,041+0.299,,GALLATIN,December,2016,23:15,TUE,NON-JUNCTION,ROADSIDE RIGHT,CLEAR,ICE/FROST,DARK-NOT LIGHTED,NON-INJURY ACCIDENT (PROPERTY- DAMAGE-ONLY ACCIDENT),ROLL OVER,45.17163834,-111.2436033
C000050N,041+0.442,NOT IN CITY LIMITS,GALLATIN,AUGUST,2017,0:00,SUN,NON-JUNCTION,OFF ROADWAY LOCATION UNKNOWN,CLEAR,DRY,DARK-NOT LIGHTED,NON-INJURY ACCIDENT (PROPERTY- DAMAGE-ONLY ACCIDENT),FIXED OBJECT,45.17362816,-111.2428926
C000050N,041+0.470,,GALLATIN,July,2013,21:35,TUE,NON-JUNCTION,ON ROADWAY,CLOUDY,DRY,DARK-NOT LIGHTED,NON-INJURY ACCIDENT (PROPERTY- DAMAGE-ONLY ACCIDENT),WILD ANIMAL,45.17416765,-111.2432842
C000050N,041+0.889,NOT IN CITY LIMITS,GALLATIN,JANUARY,2017,21:00,SUN,NON-JUNCTION,ROADSIDE LEFT,CLEAR,ICE/FROST,DARK-NOT LIGHTED,NON-INJURY ACCIDENT (PROPERTY- DAMAGE-ONLY ACCIDENT),FIXED OBJECT,45.1797751,-111.2408203
C000050N,042+0.000,,GALLATIN,January,2014,9:00,FRI,NON-JUNCTION,ROADSIDE RIGHT,CLEAR,DRY,DAYLIGHT,NON-INJURY ACCIDENT (PROPERTY- DAMAGE-ONLY ACCIDENT),FIXED OBJECT,45.18148,-111.2399
C000050N,042+0.415,NOT IN CITY LIMITS,GALLATIN,JUNE,2017,23:39,SUN,NON-JUNCTION,ON ROADWAY,CLEAR,DRY,DARK-NOT LIGHTED,NON-INJURY ACCIDENT (PROPERTY- DAMAGE-ONLY ACCIDENT),WILD ANIMAL,45.18738755,-111.2381992
C000050N,042+0.526,,GALLATIN,September,2014,9:40,SUN,NON-JUNCTION,ON ROADWAY,CLEAR,DRY,DAYLIGHT,NON-INCAPACITATING EVIDENT INJURY ACCIDENT,FIXED OBJECT,45.18895432,-111.2380754
C000050N,042+0.607,,GALLATIN,September,2016,16:55,SAT,NON-JUNCTION,ON ROADWAY,CLOUDY,DRY,DAYLIGHT,NON-INJURY ACCIDENT (PROPERTY- DAMAGE-ONLY ACCIDENT),ROLL OVER,45.19013437,-111.2381005
C000050N,042+0.867,NOT IN CITY LIMITS,GALLATIN,FEBRUARY,2017,19:00,TUE,NON-JUNCTION,ON ROADWAY,SNOW,ICE/FROST,DARK-NOT LIGHTED,NON-INJURY ACCIDENT (PROPERTY- DAMAGE-ONLY ACCIDENT),WILD ANIMAL,45.19387136,-111.2376068
C000050N,042+0.910,,GALLATIN,December,2014,14:50,TUE,NON-JUNCTION,ROADSIDE RIGHT,CLOUDY,SNOW,DAYLIGHT,NON-INJURY ACCIDENT (PROPERTY- DAMAGE-ONLY ACCIDENT),FIXED OBJECT,45.19450106,-111.237137
C000050N,042+0.917,NOT IN CITY LIMITS,GALLATIN,JUNE,2017,16:00,TUE,DRIVEWAY/ALLEY ACCESS RELATED,ROADSIDE LEFT,CLEAR,DRY,DAYLIGHT,NON-INJURY ACCIDENT (PROPERTY- DAMAGE-ONLY ACCIDENT),FIXED OBJECT,45.19462402,-111.2373146
C000050N,042+0.935,,GALLATIN,January,2014,0:25,SUN,NON-JUNCTION,ROADSIDE RIGHT,UNKNOWN,DRY,DARK-NOT LIGHTED,NON-INJURY ACCIDENT (PROPERTY- DAMAGE-ONLY ACCIDENT),NOT FIXED OBJECT OR DEBRIS,45.19482333,-111.237345
C000050N,042+0.935,,GALLATIN,September,2015,20:55,SAT,NON-JUNCTION,UNKNOWN,CLEAR,DRY,DARK-LIGHTED,NON-INJURY ACCIDENT (PROPERTY- DAMAGE-ONLY ACCIDENT),FIXED OBJECT,45.1948904,-111.2372121
C000050N,042+0.967,NOT IN CITY LIMITS,GALLATIN,DECEMBER,2017,16:55,SAT,NON-JUNCTION,ON ROADWAY,CLOUDY,ICE/FROST,DAYLIGHT,NON-INJURY ACCIDENT (PROPERTY- DAMAGE-ONLY ACCIDENT),REAR-END,45.19530498,-111.2371638
C000050N,043+0.035,NOT IN CITY LIMITS,GALLATIN,JANUARY,2017,16:55,TUE,NON-JUNCTION,ROADSIDE LEFT,CLOUDY,ICE/FROST,DARK-NOT LIGHTED,NON-INJURY ACCIDENT (PROPERTY- DAMAGE-ONLY ACCIDENT),FIXED OBJECT,45.19625337,-111.2371084
C000050N,043+0.100,,GALLATIN,October,2013,14:45,SUN,NON-JUNCTION,ON ROADWAY,CLOUDY,SNOW,DAYLIGHT,NON-INJURY ACCIDENT (PROPERTY- DAMAGE-ONLY ACCIDENT),FIXED OBJECT,45.19726046,-111.2370892
C000050N,043+0.389,,GALLATIN,February,2014,14:35,THU,NON-JUNCTION,SHOULDER,CLOUDY,SLUSH,DAYLIGHT,NON-INJURY ACCIDENT (PROPERTY- DAMAGE-ONLY ACCIDENT),FIXED OBJECT,45.20110786,-111.2391758
C000050N,043+0.704,,GALLATIN,March,2014,23:30,MON,NON-JUNCTION,ROADSIDE RIGHT,SNOW,SNOW,DARK-NOT LIGHTED,NON-INJURY ACCIDENT (PROPERTY- DAMAGE-ONLY ACCIDENT),FIXED OBJECT,45.20504248,-111.2422949
C000050N,043+0.730,,GALLATIN,December,2013,3:30,FRI,NON-JUNCTION,ON ROADWAY,CLEAR,DRY,DARK-NOT LIGHTED,NON-INJURY ACCIDENT (PROPERTY- DAMAGE-ONLY ACCIDENT),WILD ANIMAL,45.20550457,-111.2425397
C000050N,043+0.797,,GALLATIN,June,2015,22:00,THU,NON-JUNCTION,ON ROADWAY,CLOUDY,DRY,DARK-NOT LIGHTED,NON-INJURY ACCIDENT (PROPERTY- DAMAGE-ONLY ACCIDENT),WILD ANIMAL,45.20624667,-111.2431883
C000050N,043+0.797,NOT IN CITY LIMITS,GALLATIN,JANUARY,2017,23:15,THU,NON-JUNCTION,ON ROADWAY,CLOUDY,DRY,DARK-NOT LIGHTED,NON-INJURY ACCIDENT (PROPERTY- DAMAGE-ONLY ACCIDENT),WILD ANIMAL,45.2063037,-111.2430246
C000050N,043+0.810,,GALLATIN,December,2013,0:20,SUN,NON-JUNCTION,ON ROADWAY,SNOW,SNOW,DARK-NOT LIGHTED,NON-INJURY ACCIDENT (PROPERTY- DAMAGE-ONLY ACCIDENT),WILD ANIMAL,45.20653931,-111.2433319
C000050N,043+0.834,NOT IN CITY LIMITS,GALLATIN,APRIL,2017,20:20,TUE,NON-JUNCTION,ON ROADWAY,CLOUDY,DRY,DARK-NOT LIGHTED,NON-INJURY ACCIDENT (PROPERTY- DAMAGE-ONLY ACCIDENT),WILD ANIMAL,45.20676066,-111.2434411
C000050N,043+0.840,,GALLATIN,February,2013,7:00,WED,NON-JUNCTION,ON ROADWAY,CLOUDY,DRY,DAYLIGHT,NON-INJURY ACCIDENT (PROPERTY- DAMAGE-ONLY ACCIDENT),WILD ANIMAL,45.20689833,-111.2437067
C000050N,043+0.909,,GALLATIN,December,2014,22:45,SUN,NON-JUNCTION,ON ROADWAY,SNOW,SNOW,DARK-NOT LIGHTED,NON-INJURY ACCIDENT (PROPERTY- DAMAGE-ONLY ACCIDENT),WILD ANIMAL,45.20771747,-111.2442063
C000050N,044+0.172,,GALLATIN,August,2016,11:50,MON,NON-JUNCTION,ON ROADWAY,CLOUDY,DRY,DAYLIGHT,NON-INJURY ACCIDENT (PROPERTY- DAMAGE-ONLY ACCIDENT),WILD ANIMAL,45.21114417,-111.2465132
C000050N,044+0.321,,GALLATIN,July,2014,21:47,WED,NON-JUNCTION,ON ROADWAY,CLEAR,DRY,DARK-NOT LIGHTED,NON-INJURY ACCIDENT (PROPERTY- DAMAGE-ONLY ACCIDENT),WILD ANIMAL,45.21300746,-111.2478399
C000050N,044+0.380,,GALLATIN,June,2013,23:15,THU,NON-JUNCTION,ON ROADWAY,CLEAR,DRY,DARK-NOT LIGHTED,NON-INJURY ACCIDENT (PROPERTY- DAMAGE-ONLY ACCIDENT),WILD ANIMAL,45.21387167,-111.248105
C000050N,044+0.537,,GALLATIN,September,2016,23:00,THU,NON-JUNCTION,ON ROADWAY,CLEAR,DRY,DARK-NOT LIGHTED,NON-INJURY ACCIDENT (PROPERTY- DAMAGE-ONLY ACCIDENT),WILD ANIMAL,45.21609062,-111.2490272
C000050N,044+0.710,,GALLATIN,January,2013,0:30,MON,NON-JUNCTION,ON ROADWAY,CLEAR,DRY,DARK-NOT LIGHTED,NON-INJURY ACCIDENT (PROPERTY- DAMAGE-ONLY ACCIDENT),WILD ANIMAL,45.21853315,-111.2498002
C000050N,044+0.710,,GALLATIN,August,2013,20:30,SUN,NON-JUNCTION,ROADSIDE LEFT,CLOUDY,DRY,DAYLIGHT,INCAPACITATING INJURY ACCIDENT,ROLL OVER,45.21862752,-111.2498199
C000050N,044+0.717,NOT IN CITY LIMITS,GALLATIN,MARCH,2017,6:15,MON,NON-JUNCTION,ON ROADWAY,CLOUDY,SNOW,DARK-NOT LIGHTED,NON-INJURY ACCIDENT (PROPERTY- DAMAGE-ONLY ACCIDENT),WILD ANIMAL,45.21858771,-111.2497319
C000050N,044+0.860,,GALLATIN,September,2014,23:52,WED,INTERSECTION-RELATED,ON ROADWAY,CLEAR,DRY,DAYLIGHT,NON-INCAPACITATING EVIDENT INJURY ACCIDENT,WILD ANIMAL,45.22058167,-111.2504683
C000050N,045+0.118,,GALLATIN,March,2014,23:45,FRI,NON-JUNCTION,IN PARKING LANE OR ZONE,CLOUDY,DRY,DARK-LIGHTED,NON-INJURY ACCIDENT (PROPERTY- DAMAGE-ONLY ACCIDENT),REAR TO SIDE,45.22430803,-111.2505378
C000050N,045+0.270,,GALLATIN,September,2013,20:30,MON,INTERSECTION,ON ROADWAY,CLEAR,DRY,DARK-NOT LIGHTED,NON-INJURY ACCIDENT (PROPERTY- DAMAGE-ONLY ACCIDENT),RIGHT ANGLE,45.22662009,-111.2507837
C000050N,080+0.565,,GALLATIN,October,2014,2:26,SUN,NON-JUNCTION,ON ROADWAY,CLOUDY,DRY,DARK-NOT LIGHTED,FATAL ACCIDENT,RIGHT ANGLE,45.65215113,-111.1898584
C000050N,045+0.422,,GALLATIN,February,2015,21:35,FRI,NON-JUNCTION,ROADSIDE RIGHT,SNOW,SNOW,DARK-NOT LIGHTED,NON-INJURY ACCIDENT (PROPERTY- DAMAGE-ONLY ACCIDENT),FIXED OBJECT,45.13850383,-111.236734
C000050N,045+0.633,NOT IN CITY LIMITS,GALLATIN,JANUARY,2017,20:15,SUN,NON-JUNCTION,ROADSIDE RIGHT,SNOW,ICE/FROST,DARK-NOT LIGHTED,NON-INJURY ACCIDENT (PROPERTY- DAMAGE-ONLY ACCIDENT),FIXED OBJECT,45.23173258,-111.2509094
C000050N,045+0.639,,GALLATIN,July,2016,2:41,THU,INTERSECTION-RELATED,ROADSIDE RIGHT,CLOUDY,DRY,DARK-NOT LIGHTED,POSSIBLE INJURY ACCIDENT,ROLL OVER,45.23181833,-111.2509433
C000050N,045+0.875,,GALLATIN,February,2015,19:45,WED,NON-JUNCTION,ON ROADWAY,CLOUDY,WET,DARK-NOT LIGHTED,NON-INJURY ACCIDENT (PROPERTY- DAMAGE-ONLY ACCIDENT),WILD ANIMAL,45.23521,-111.25085
C000050N,045+0.875,NOT IN CITY LIMITS,GALLATIN,JANUARY,2017,0:50,TUE,NON-JUNCTION,ON ROADWAY,CLOUDY,SNOW,DARK-NOT LIGHTED,NON-INJURY ACCIDENT (PROPERTY- DAMAGE-ONLY ACCIDENT),WILD ANIMAL,45.23519775,-111.2508181
C000050N,046+0.070,,GALLATIN,February,2013,22:30,MON,NON-JUNCTION,ON ROADWAY,CLOUDY,DRY,DARK-UNKNOWN LIGHTING,NON-INJURY ACCIDENT (PROPERTY- DAMAGE-ONLY ACCIDENT),WILD ANIMAL,45.23796,-111.2507667
C000050N,046+0.166,,GALLATIN,September,2014,20:50,WED,INTERSECTION-RELATED,SHOULDER,CLEAR,DRY,DARK-NOT LIGHTED,NON-INJURY ACCIDENT (PROPERTY- DAMAGE-ONLY ACCIDENT),FIXED OBJECT,45.23937786,-111.2510277
C000050N,046+0.166,,GALLATIN,January,2016,23:30,SUN,NON-JUNCTION,ROADSIDE RIGHT,UNKNOWN,UNKNOWN,UNKNOWN,UNKNOWN,FIXED OBJECT,45.23933026,-111.2509955
C000050N,046+0.171,NOT IN CITY LIMITS,GALLATIN,OCTOBER,2017,12:00,TUE,INTERSECTION-RELATED,ROADSIDE RIGHT,CLEAR,DRY,DAYLIGHT,NON-INJURY ACCIDENT (PROPERTY- DAMAGE-ONLY ACCIDENT),FIXED OBJECT,45.23945005,-111.2509897
C000050N,046+0.178,,GALLATIN,January,2016,6:56,WED,NON-JUNCTION,ON ROADWAY,CLOUDY,DRY,DARK-NOT LIGHTED,NON-INJURY ACCIDENT (PROPERTY- DAMAGE-ONLY ACCIDENT),WILD ANIMAL,45.23950723,-111.25088
C000050N,046+0.184,,GALLATIN,December,2016,18:20,FRI,INTERSECTION,ROADSIDE RIGHT,CLOUDY,SNOW,DARK-NOT LIGHTED,NON-INJURY ACCIDENT (PROPERTY- DAMAGE-ONLY ACCIDENT),FIXED OBJECT,45.23962879,-111.2509875
C000050N,046+0.190,,GALLATIN,September,2013,23:50,THU,INTERSECTION-RELATED,SHOULDER,SNOW,WET,DARK-NOT LIGHTED,NON-INJURY ACCIDENT (PROPERTY- DAMAGE-ONLY ACCIDENT),FIXED OBJECT,45.23969645,-111.2511184
C000050N,046+0.636,NOT IN CITY LIMITS,GALLATIN,SEPTEMBER,2017,7:00,THU,DRIVEWAY/ALLEY ACCESS RELATED,ON ROADWAY,CLEAR,DRY,DAYLIGHT,NON-INJURY ACCIDENT (PROPERTY- DAMAGE-ONLY ACCIDENT),"SIDESWIPE, SAME DIRECTION",45.24615437,-111.2511867
C000050N,046+0.980,,GALLATIN,January,2013,23:25,TUE,NON-JUNCTION,ON ROADWAY,CLEAR,ICE/FROST,DARK-NOT LIGHTED,NON-INCAPACITATING EVIDENT INJURY ACCIDENT,WILD ANIMAL,45.25106333,-111.2531767
C000050N,047+0.097,,GALLATIN,April,2016,21:53,THU,NON-JUNCTION,ON ROADWAY,RAIN,WET,DARK-NOT LIGHTED,INCAPACITATING INJURY ACCIDENT,HEAD ON,45.25265368,-111.2541434
C000050N,047+0.271,,GALLATIN,January,2014,10:20,THU,NON-JUNCTION,ON ROADWAY,CLEAR,DRY,DAYLIGHT,NON-INJURY ACCIDENT (PROPERTY- DAMAGE-ONLY ACCIDENT),FIRE/ EXPLOSION,45.25514631,-111.2545471
C000050N,047+0.277,NOT IN CITY LIMITS,GALLATIN,OCTOBER,2017,0:15,SUN,NON-JUNCTION,ROADSIDE LEFT,CLOUDY,DRY,DARK-NOT LIGHTED,NON-INCAPACITATING EVIDENT INJURY ACCIDENT,ROLL OVER,45.25518036,-111.2542801
C000050N,047+0.290,,GALLATIN,December,2014,21:03,SUN,NON-JUNCTION,SHOULDER,SNOW,ICE/FROST,DARK-NOT LIGHTED,NON-INJURY ACCIDENT (PROPERTY- DAMAGE-ONLY ACCIDENT),FIXED OBJECT,45.25544167,-111.254455
C000050N,047+0.370,,GALLATIN,January,2013,6:31,MON,NON-JUNCTION,ON ROADWAY,CLOUDY,SNOW,DARK-NOT LIGHTED,NON-INJURY ACCIDENT (PROPERTY- DAMAGE-ONLY ACCIDENT),WILD ANIMAL,45.2566387,-111.2543627
C000050N,047+0.376,,GALLATIN,August,2016,8:02,TUE,NON-JUNCTION,ON ROADWAY,CLOUDY,DRY,DAYLIGHT,NON-INJURY ACCIDENT (PROPERTY- DAMAGE-ONLY ACCIDENT),REAR TO FRONT,45.256635,-111.2545017
C000050N,047+0.544,,GALLATIN,March,2014,8:35,WED,DRIVEWAY/ALLEY ACCESS RELATED,ON ROADWAY,CLEAR,DRY,DAYLIGHT,NON-INJURY ACCIDENT (PROPERTY- DAMAGE-ONLY ACCIDENT),HEAD ON,45.25909762,-111.2543422
C000050N,047+0.581,NOT IN CITY LIMITS,GALLATIN,APRIL,2017,11:00,FRI,NON-JUNCTION,OFF ROADWAY LOCATION UNKNOWN,CLEAR,DRY,DAYLIGHT,NON-INJURY ACCIDENT (PROPERTY- DAMAGE-ONLY ACCIDENT),FIXED OBJECT,45.25962987,-111.2538057
C000050N,047+0.599,NOT IN CITY LIMITS,GALLATIN,OCTOBER,2017,22:20,MON,NON-JUNCTION,ROADSIDE LEFT,CLEAR,DRY,DARK-NOT LIGHTED,NON-INCAPACITATING EVIDENT INJURY ACCIDENT,ROLL OVER,45.25988968,-111.2546049
C000050N,047+0.866,,GALLATIN,April,2016,21:40,SAT,NON-JUNCTION,ROADSIDE RIGHT,CLOUDY,DRY,DARK-LIGHTED,NON-INJURY ACCIDENT (PROPERTY- DAMAGE-ONLY ACCIDENT),FIXED OBJECT,45.26372326,-111.2536884
C000050N,047+0.935,,GALLATIN,August,2015,18:28,WED,INTERSECTION,ON ROADWAY,RAIN,WET,DAYLIGHT,NON-INCAPACITATING EVIDENT INJURY ACCIDENT,RIGHT ANGLE,45.26464032,-111.2532699
C000050N,048+0.002,,GALLATIN,July,2015,8:06,MON,INTERSECTION,ON ROADWAY,CLOUDY,DRY,DAYLIGHT,NON-INJURY ACCIDENT (PROPERTY- DAMAGE-ONLY ACCIDENT),RIGHT ANGLE,45.26568,-111.25291
C000050N,048+0.058,,GALLATIN,December,2016,17:45,TUE,NON-JUNCTION,ON ROADWAY,CLEAR,DRY,DUSK,NON-INJURY ACCIDENT (PROPERTY- DAMAGE-ONLY ACCIDENT),WILD ANIMAL,45.26649809,-111.2525117
C000050N,048+0.170,,GALLATIN,July,2015,12:25,SUN,NON-JUNCTION,ON ROADWAY,CLOUDY,DRY,DAYLIGHT,NON-INCAPACITATING EVIDENT INJURY ACCIDENT,WILD ANIMAL,45.26790859,-111.2514325
C000050N,048+0.200,,GALLATIN,January,2013,20:45,THU,NON-JUNCTION,ROADSIDE RIGHT,SNOW,SNOW,DARK-NOT LIGHTED,NON-INJURY ACCIDENT (PROPERTY- DAMAGE-ONLY ACCIDENT),FIXED OBJECT,45.26823641,-111.2508383
C000050N,048+0.325,,GALLATIN,November,2014,8:40,MON,NON-JUNCTION,SHOULDER,CLOUDY,ICE/FROST,DAYLIGHT,NON-INCAPACITATING EVIDENT INJURY ACCIDENT,FIXED OBJECT,45.2693429,-111.2490147
C000050N,048+0.412,,GALLATIN,April,2016,12:05,FRI,NON-JUNCTION,ON ROADWAY,CLEAR,DRY,DAYLIGHT,NON-INJURY ACCIDENT (PROPERTY- DAMAGE-ONLY ACCIDENT),WILD ANIMAL,45.26997755,-111.2473658
C000050N,048+0.449,,GALLATIN,March,2014,2:00,MON,NON-JUNCTION,ON ROADWAY,SNOW,SNOW,DARK-NOT LIGHTED,NON-INJURY ACCIDENT (PROPERTY- DAMAGE-ONLY ACCIDENT),WILD ANIMAL,45.27009417,-111.2467197
C000050N,048+0.460,,GALLATIN,September,2013,18:16,SUN,INTERSECTION-RELATED,ON ROADWAY,RAIN,WET,DAYLIGHT,POSSIBLE INJURY ACCIDENT,REAR-END,45.27017958,-111.2463099
C000050N,048+0.480,,GALLATIN,November,2013,22:55,WED,NON-JUNCTION,ROADSIDE RIGHT,CLEAR,DRY,DARK-NOT LIGHTED,NON-INJURY ACCIDENT (PROPERTY- DAMAGE-ONLY ACCIDENT),FIXED OBJECT,45.27018569,-111.2460621
C000050N,048+0.505,,GALLATIN,October,2016,13:10,WED,NON-JUNCTION,ON ROADWAY,CLEAR,DRY,DAYLIGHT,NON-INJURY ACCIDENT (PROPERTY- DAMAGE-ONLY ACCIDENT),FIXED OBJECT,45.27039915,-111.2455976
C000050N,048+0.585,,GALLATIN,May,2016,21:30,SAT,NON-JUNCTION,ROADSIDE RIGHT,CLOUDY,DRY,DARK-NOT LIGHTED,NON-INJURY ACCIDENT (PROPERTY- DAMAGE-ONLY ACCIDENT),FIXED OBJECT,45.27093429,-111.2441174
C000050N,048+0.591,,GALLATIN,September,2015,8:20,FRI,NON-JUNCTION,ROADSIDE RIGHT,CLOUDY,DRY,DAYLIGHT,NON-INJURY ACCIDENT (PROPERTY- DAMAGE-ONLY ACCIDENT),NOT FIXED OBJECT OR DEBRIS,45.27098667,-111.2440567