MDT_CORRIDOR_ID,SMS_REFPOST_OFFSET,CITY,COUNTY,Month,Year,SMS_TIME,SMT_CRASH_OCC_DAY_OF_WEEK,JUNCTION_RELATED,ROADWAY_RELATED,WEATHER_COND,ROAD_COND,LIGHT_COND,CRASH_SEVERITY,COLLISION_TYPE,LATITUDE,LONGITUDE
C000050N,048+0.740,,GALLATIN,October,2015,10:18,THU,DRIVEWAY/ALLEY ACCESS RELATED,ON ROADWAY,CLOUDY,DRY,DAYLIGHT,NON-INJURY ACCIDENT (PROPERTY- DAMAGE-ONLY ACCIDENT),REAR-END,45.27240967,-111.2418771
C000050N,048+0.883,,GALLATIN,April,2016,9:46,SAT,NON-JUNCTION,ON ROADWAY,CLEAR,DRY,DAYLIGHT,NON-INJURY ACCIDENT (PROPERTY- DAMAGE-ONLY ACCIDENT),REAR-END,45.27418546,-111.2402515
C000050N,048+0.895,,GALLATIN,July,2015,15:42,WED,NON-JUNCTION,ON ROADWAY,CLEAR,DRY,DAYLIGHT,NON-INJURY ACCIDENT (PROPERTY- DAMAGE-ONLY ACCIDENT),REAR-END,45.27423062,-111.2400235
C000050N,048+0.907,,GALLATIN,March,2016,0:30,MON,NON-JUNCTION,ROADSIDE LEFT,SNOW,SNOW,DARK-NOT LIGHTED,NON-INCAPACITATING EVIDENT INJURY ACCIDENT,ROLL OVER,45.27435222,-111.2399054
C000050N,049+0.002,,GALLATIN,April,2014,2:05,SAT,NON-JUNCTION,ON ROADWAY,CLOUDY,DRY,DARK-NOT LIGHTED,POSSIBLE INJURY ACCIDENT,WILD ANIMAL,45.27514833,-111.239295
C000050N,049+0.002,,GALLATIN,September,2014,19:40,SAT,NON-JUNCTION,ON ROADWAY,CLOUDY,DRY,DARK-NOT LIGHTED,NON-INJURY ACCIDENT (PROPERTY- DAMAGE-ONLY ACCIDENT),WILD ANIMAL,45.27511,-111.23923
C000050N,049+0.002,,GALLATIN,September,2015,13:20,MON,NON-JUNCTION,SHOULDER,CLOUDY,DRY,DAYLIGHT,INCAPACITATING INJURY ACCIDENT,FIXED OBJECT,45.27511,-111.23923
C000050N,049+0.002,,GALLATIN,August,2016,0:50,TUE,NON-JUNCTION,ROADSIDE LEFT,CLEAR,DRY,DARK-NOT LIGHTED,NON-INCAPACITATING EVIDENT INJURY ACCIDENT,ROLL OVER,45.27511,-111.23923
C000050N,049+0.163,,GALLATIN,May,2014,1:10,SUN,NON-JUNCTION,ON ROADWAY,CLOUDY,WET,DARK-NOT LIGHTED,NON-INJURY ACCIDENT (PROPERTY- DAMAGE-ONLY ACCIDENT),WILD ANIMAL,45.27683901,-111.236973
C000050N,049+0.176,,GALLATIN,September,2014,0:05,FRI,NON-JUNCTION,ON ROADWAY,CLEAR,DRY,DARK-NOT LIGHTED,NON-INJURY ACCIDENT (PROPERTY- DAMAGE-ONLY ACCIDENT),ROLL OVER,45.27689366,-111.2366111
C000050N,049+0.195,,GALLATIN,October,2014,7:15,THU,NON-JUNCTION,ON ROADWAY,CLOUDY,DRY,DARK-NOT LIGHTED,NON-INJURY ACCIDENT (PROPERTY- DAMAGE-ONLY ACCIDENT),WILD ANIMAL,45.27705,-111.2364
C000050N,049+0.210,,GALLATIN,March,2013,1:36,THU,NON-JUNCTION,ON ROADWAY,SNOW,SNOW,DARK-NOT LIGHTED,NON-INJURY ACCIDENT (PROPERTY- DAMAGE-ONLY ACCIDENT),WILD ANIMAL,45.277135,-111.2358667
C000050N,049+0.281,,GALLATIN,February,2016,5:35,TUE,NON-JUNCTION,ON ROADWAY,UNKNOWN,DRY,DARK-NOT LIGHTED,NON-INJURY ACCIDENT (PROPERTY- DAMAGE-ONLY ACCIDENT),WILD ANIMAL,45.27745717,-111.2346712
C000050N,049+0.343,NOT IN CITY LIMITS,GALLATIN,JANUARY,2017,1:40,TUE,NON-JUNCTION,ON ROADWAY,SNOW,SNOW,DARK-NOT LIGHTED,NON-INJURY ACCIDENT (PROPERTY- DAMAGE-ONLY ACCIDENT),WILD ANIMAL,45.27755549,-111.2333712
C000050N,049+0.399,NOT IN CITY LIMITS,GALLATIN,SEPTEMBER,2017,10:30,FRI,DRIVEWAY/ALLEY ACCESS RELATED,ON ROADWAY,RAIN,WET,DAYLIGHT,NON-INJURY ACCIDENT (PROPERTY- DAMAGE-ONLY ACCIDENT),RIGHT ANGLE,45.27776761,-111.2323128
C000050N,049+0.505,,GALLATIN,January,2014,16:45,SUN,NON-JUNCTION,ROADSIDE RIGHT,CLEAR,ICE/FROST,DAYLIGHT,NON-INJURY ACCIDENT (PROPERTY- DAMAGE-ONLY ACCIDENT),FIXED OBJECT,45.27854667,-111.2304167
C000050N,049+0.560,NOT IN CITY LIMITS,GALLATIN,JUNE,2017,12:38,WED,NON-JUNCTION,ROADSIDE RIGHT,CLOUDY,DRY,DAYLIGHT,NON-INJURY ACCIDENT (PROPERTY- DAMAGE-ONLY ACCIDENT),FIXED OBJECT,45.27898368,-111.2294871
C000050N,049+0.654,NOT IN CITY LIMITS,GALLATIN,NOVEMBER,2017,8:18,THU,NON-JUNCTION,ON ROADWAY,CLOUDY,DRY,DAYLIGHT,NON-INJURY ACCIDENT (PROPERTY- DAMAGE-ONLY ACCIDENT),REAR-END,45.27978995,-111.2279855
C000050N,049+0.858,,GALLATIN,May,2016,0:00,TUE,NON-JUNCTION,ROADSIDE LEFT,UNKNOWN,MUD DIRT GRAVEL,UNKNOWN,NON-INJURY ACCIDENT (PROPERTY- DAMAGE-ONLY ACCIDENT),FIXED OBJECT,45.28210261,-111.2253022
C000050N,049+0.883,,GALLATIN,November,2015,11:15,WED,NON-JUNCTION,ON ROADWAY,CLOUDY,ICE/FROST,DAYLIGHT,NON-INJURY ACCIDENT (PROPERTY- DAMAGE-ONLY ACCIDENT),REAR-END,45.28241926,-111.2250886
C000050N,050+0.026,,GALLATIN,October,2016,12:00,SUN,DRIVEWAY/ALLEY ACCESS RELATED,ON ROADWAY,CLEAR,DRY,DAYLIGHT,NON-INJURY ACCIDENT (PROPERTY- DAMAGE-ONLY ACCIDENT),REAR-END,45.28435472,-111.2229377
C000050N,050+0.026,NOT IN CITY LIMITS,GALLATIN,APRIL,2017,18:20,TUE,NON-JUNCTION,ROADSIDE RIGHT,RAIN,WET,DAYLIGHT,NON-INCAPACITATING EVIDENT INJURY ACCIDENT,FIXED OBJECT,45.28438204,-111.2229538
C000050N,050+0.099,,GALLATIN,December,2016,11:09,WED,NON-JUNCTION,ON ROADWAY,CLEAR,ICE/FROST,DAYLIGHT,NON-INJURY ACCIDENT (PROPERTY- DAMAGE-ONLY ACCIDENT),REAR-END,45.28533877,-111.2221767
C000050N,050+0.136,,GALLATIN,January,2015,10:30,SUN,NON-JUNCTION,ON ROADWAY,CLOUDY,SLUSH,DAYLIGHT,NON-INJURY ACCIDENT (PROPERTY- DAMAGE-ONLY ACCIDENT),FIXED OBJECT,45.28589171,-111.2220619
C000050N,050+0.136,,GALLATIN,December,2016,11:34,WED,NON-JUNCTION,ROADSIDE LEFT,CLEAR,ICE/FROST,DAYLIGHT,NON-INJURY ACCIDENT (PROPERTY- DAMAGE-ONLY ACCIDENT),FIXED OBJECT,45.28590485,-111.2224455
C000050N,050+0.167,,GALLATIN,December,2016,11:07,SAT,NON-JUNCTION,ROADSIDE RIGHT,CLEAR,SNOW,DAYLIGHT,NON-INJURY ACCIDENT (PROPERTY- DAMAGE-ONLY ACCIDENT),ROLL OVER,45.28629029,-111.2218264
C000050N,050+0.174,,GALLATIN,November,2014,15:11,SUN,NON-JUNCTION,ROADSIDE RIGHT,CLOUDY,ICE/FROST,DAYLIGHT,NON-INJURY ACCIDENT (PROPERTY- DAMAGE-ONLY ACCIDENT),FIXED OBJECT,45.28635,-111.2217133
C000050N,050+0.180,,GALLATIN,December,2015,12:20,FRI,NON-JUNCTION,ROADSIDE LEFT,CLOUDY,SLUSH,DAYLIGHT,NON-INCAPACITATING EVIDENT INJURY ACCIDENT,RIGHT ANGLE,45.28651267,-111.2220605
C000050N,050+0.274,,GALLATIN,August,2016,17:50,SUN,NON-JUNCTION,ROADSIDE RIGHT,CLEAR,DRY,DAYLIGHT,NON-INJURY ACCIDENT (PROPERTY- DAMAGE-ONLY ACCIDENT),FIXED OBJECT,45.28767556,-111.2208757
C000050N,050+0.280,,GALLATIN,October,2016,7:00,SAT,NON-JUNCTION,ON ROADWAY,CLOUDY,DRY,DAWN,NON-INJURY ACCIDENT (PROPERTY- DAMAGE-ONLY ACCIDENT),WILD ANIMAL,45.28774428,-111.2207693
C000050N,050+0.392,,GALLATIN,December,2014,15:25,TUE,NON-JUNCTION,ROADSIDE LEFT,CLEAR,ICE/FROST,DAYLIGHT,NON-INJURY ACCIDENT (PROPERTY- DAMAGE-ONLY ACCIDENT),FIXED OBJECT,45.28860398,-111.2189322
C000050N,050+0.459,NOT IN CITY LIMITS,GALLATIN,AUGUST,2017,0:00,THU,NON-JUNCTION,ROADSIDE RIGHT,CLEAR,DRY,DARK-NOT LIGHTED,UNKNOWN,ROLL OVER,45.28931719,-111.2178486
C000050N,050+0.459,NOT IN CITY LIMITS,GALLATIN,JUNE,2017,17:03,WED,NON-JUNCTION,ON ROADWAY,CLOUDY,DRY,DAYLIGHT,NON-INCAPACITATING EVIDENT INJURY ACCIDENT,ROLL OVER,45.28924095,-111.2178624
C000050N,086+0.169,BOZEMAN,GALLATIN,August,2016,16:56,MON,NON-JUNCTION,ON ROADWAY,CLEAR,DRY,DAYLIGHT,POSSIBLE INJURY ACCIDENT,REAR-END,45.67128867,-111.0979148
C000050N,050+0.478,NOT IN CITY LIMITS,GALLATIN,OCTOBER,2017,10:25,FRI,NON-JUNCTION,ROADSIDE RIGHT,SNOW,SLUSH,DAYLIGHT,NON-INJURY ACCIDENT (PROPERTY- DAMAGE-ONLY ACCIDENT),FIXED OBJECT,45.28956722,-111.2176785
C000050N,050+0.490,,GALLATIN,October,2015,5:00,FRI,NON-JUNCTION,SHOULDER,CLOUDY,DRY,DARK-NOT LIGHTED,NON-INJURY ACCIDENT (PROPERTY- DAMAGE-ONLY ACCIDENT),ROLL OVER,45.28967477,-111.2175338
C000050N,050+0.584,,GALLATIN,August,2016,11:00,SAT,DRIVEWAY/ALLEY ACCESS RELATED,ON ROADWAY,CLOUDY,DRY,DAYLIGHT,NON-INJURY ACCIDENT (PROPERTY- DAMAGE-ONLY ACCIDENT),"SIDESWIPE, SAME DIRECTION",45.29097408,-111.2170767
C000050N,050+0.590,,GALLATIN,October,2013,21:04,THU,NON-JUNCTION,ON ROADWAY,CLOUDY,DRY,DARK-NOT LIGHTED,NON-INJURY ACCIDENT (PROPERTY- DAMAGE-ONLY ACCIDENT),WILD ANIMAL,45.29109319,-111.21705
C000050N,050+0.627,NOT IN CITY LIMITS,GALLATIN,FEBRUARY,2017,5:45,FRI,NON-JUNCTION,ON ROADWAY,RAIN,WET,DARK-NOT LIGHTED,NON-INJURY ACCIDENT (PROPERTY- DAMAGE-ONLY ACCIDENT),OTHER,45.29167169,-111.2170951
C000050N,051+0.002,,GALLATIN,June,2014,19:05,SUN,NON-JUNCTION,ON ROADWAY,CLEAR,DRY,DAYLIGHT,NON-INCAPACITATING EVIDENT INJURY ACCIDENT,WILD ANIMAL,45.29586,-111.2142
C000050N,051+0.002,NOT IN CITY LIMITS,GALLATIN,OCTOBER,2017,6:30,THU,NON-JUNCTION,ROADSIDE LEFT,SNOW,ICE/FROST,DARK-NOT LIGHTED,NON-INJURY ACCIDENT (PROPERTY- DAMAGE-ONLY ACCIDENT),FIXED OBJECT,45.29586,-111.2142
C000050N,051+0.082,,GALLATIN,December,2016,0:00,FRI,NON-JUNCTION,ROADSIDE RIGHT,CLOUDY,ICE/FROST,DAYLIGHT,NON-INJURY ACCIDENT (PROPERTY- DAMAGE-ONLY ACCIDENT),ROLL OVER,45.29659876,-111.2128283
C000050N,051+0.181,,GALLATIN,June,2015,12:15,MON,NON-JUNCTION,ON ROADWAY,CLEAR,DRY,DAYLIGHT,NON-INCAPACITATING EVIDENT INJURY ACCIDENT,OTHER,45.29664667,-111.210705
C000050N,051+0.219,,GALLATIN,December,2014,15:34,MON,NON-JUNCTION,ROADSIDE LEFT,CLEAR,ICE/FROST,DAWN,NON-INJURY ACCIDENT (PROPERTY- DAMAGE-ONLY ACCIDENT),ROLL OVER,45.29682669,-111.209984
C000050N,051+0.342,,GALLATIN,June,2016,14:50,THU,NON-JUNCTION,ON ROADWAY,CLEAR,DRY,DAYLIGHT,NON-INJURY ACCIDENT (PROPERTY- DAMAGE-ONLY ACCIDENT),NOT FIXED OBJECT OR DEBRIS,45.29741439,-111.2075783
C000050N,051+0.461,NOT IN CITY LIMITS,GALLATIN,NOVEMBER,2017,11:30,TUE,NON-JUNCTION,ON ROADWAY,CLOUDY,ICE/FROST,DAYLIGHT,NON-INJURY ACCIDENT (PROPERTY- DAMAGE-ONLY ACCIDENT),"SIDESWIPE, SAME DIRECTION",45.29812527,-111.2052536
C000050N,051+0.590,,GALLATIN,June,2016,8:12,WED,NON-JUNCTION,ON ROADWAY,CLEAR,DRY,DAYLIGHT,NON-INJURY ACCIDENT (PROPERTY- DAMAGE-ONLY ACCIDENT),REAR-END,45.29857948,-111.2027811
C000050N,051+0.671,,GALLATIN,November,2016,10:02,FRI,NON-JUNCTION,ROADSIDE RIGHT,CLEAR,ICE/FROST,DAYLIGHT,POSSIBLE INJURY ACCIDENT,RIGHT ANGLE,45.29909179,-111.201217
C000050N,051+0.696,,GALLATIN,July,2015,17:04,WED,NON-JUNCTION,ROADSIDE RIGHT,CLEAR,DRY,DAYLIGHT,NON-INJURY ACCIDENT (PROPERTY- DAMAGE-ONLY ACCIDENT),FIXED OBJECT,45.29932807,-111.2008268
C000050N,051+0.758,,GALLATIN,March,2014,22:30,FRI,NON-JUNCTION,ON ROADWAY,CLOUDY,SNOW,DARK-NOT LIGHTED,NON-INJURY ACCIDENT (PROPERTY- DAMAGE-ONLY ACCIDENT),"SIDESWIPE, OPPOSITE DIRECTION",45.29989092,-111.1999534
C000050N,051+0.863,NOT IN CITY LIMITS,GALLATIN,NOVEMBER,2017,6:00,FRI,NON-JUNCTION,ROADSIDE RIGHT,CLEAR,ICE/FROST,DARK-NOT LIGHTED,NON-INJURY ACCIDENT (PROPERTY- DAMAGE-ONLY ACCIDENT),FIXED OBJECT,45.30113397,-111.1986779
C000050N,051+0.960,,GALLATIN,June,2013,17:00,SAT,NON-JUNCTION,ON ROADWAY,RAIN,WET,DAYLIGHT,NON-INJURY ACCIDENT (PROPERTY- DAMAGE-ONLY ACCIDENT),NOT FIXED OBJECT OR DEBRIS,45.30233273,-111.1973033
C000050N,052+0.002,,GALLATIN,June,2015,14:35,MON,NON-JUNCTION,ON ROADWAY,CLEAR,DRY,DAYLIGHT,NON-INJURY ACCIDENT (PROPERTY- DAMAGE-ONLY ACCIDENT),REAR-END,45.30307,-111.19672
C000050N,052+0.026,,GALLATIN,December,2014,20:09,SUN,NON-JUNCTION,ROADSIDE RIGHT,CLEAR,SNOW,DARK-NOT LIGHTED,NON-INJURY ACCIDENT (PROPERTY- DAMAGE-ONLY ACCIDENT),NOT FIXED OBJECT OR DEBRIS,45.30342731,-111.1964974
C000050N,052+0.026,NOT IN CITY LIMITS,GALLATIN,APRIL,2017,22:00,MON,NON-JUNCTION,ROADSIDE RIGHT,CLOUDY,DRY,DARK-NOT LIGHTED,NON-INCAPACITATING EVIDENT INJURY ACCIDENT,FIXED OBJECT,45.30339824,-111.1964701
C000050N,052+0.032,,GALLATIN,April,2015,0:08,SUN,NON-JUNCTION,ROADSIDE RIGHT,CLOUDY,DRY,DARK-NOT LIGHTED,NON-INJURY ACCIDENT (PROPERTY- DAMAGE-ONLY ACCIDENT),ROLL OVER,45.30355667,-111.1965133
C000050N,052+0.032,,GALLATIN,October,2016,3:00,SUN,NON-JUNCTION,ROADSIDE RIGHT,CLOUDY,DRY,DARK-NOT LIGHTED,NON-INJURY ACCIDENT (PROPERTY- DAMAGE-ONLY ACCIDENT),FIXED OBJECT,45.3034843,-111.1965746
C000050N,052+0.045,NOT IN CITY LIMITS,GALLATIN,FEBRUARY,2017,16:55,MON,NON-JUNCTION,ON ROADWAY,CLOUDY,DRY,DAYLIGHT,NON-INJURY ACCIDENT (PROPERTY- DAMAGE-ONLY ACCIDENT),WILD ANIMAL,45.30375682,-111.1966681
C000050N,052+0.076,,GALLATIN,December,2014,12:00,MON,NON-JUNCTION,ROADSIDE RIGHT,CLEAR,ICE/FROST,DAYLIGHT,NON-INJURY ACCIDENT (PROPERTY- DAMAGE-ONLY ACCIDENT),ROLL OVER,45.30414036,-111.1965171
C000050N,052+0.080,,GALLATIN,December,2013,12:55,SAT,NON-JUNCTION,ROADSIDE RIGHT,SNOW,SNOW,DAYLIGHT,NON-INJURY ACCIDENT (PROPERTY- DAMAGE-ONLY ACCIDENT),FIXED OBJECT,45.30435833,-111.1965133
C000050N,052+0.239,NOT IN CITY LIMITS,GALLATIN,OCTOBER,2017,15:00,SAT,NON-JUNCTION,ROADSIDE RIGHT,CLOUDY,DRY,DAYLIGHT,NON-INJURY ACCIDENT (PROPERTY- DAMAGE-ONLY ACCIDENT),FIXED OBJECT,45.30656433,-111.19664
C000050N,052+0.444,,GALLATIN,December,2015,0:10,MON,NON-JUNCTION,ROADSIDE LEFT,CLEAR,ICE/FROST,DARK-NOT LIGHTED,NON-INJURY ACCIDENT (PROPERTY- DAMAGE-ONLY ACCIDENT),ROLL OVER,45.30851061,-111.1935194
C000050N,052+0.950,,GALLATIN,May,2013,3:30,MON,NON-JUNCTION,ON ROADWAY,RAIN,WET,DARK-NOT LIGHTED,NON-INCAPACITATING EVIDENT INJURY ACCIDENT,NOT FIXED OBJECT OR DEBRIS,45.31456553,-111.1877957
C000050N,052+0.975,,GALLATIN,June,2015,19:45,SUN,NON-JUNCTION,SHOULDER,CLOUDY,DRY,DAYLIGHT,NON-INCAPACITATING EVIDENT INJURY ACCIDENT,FIRE/ EXPLOSION,45.31484015,-111.1876905
C000050N,053+0.000,,GALLATIN,October,2016,9:12,TUE,NON-JUNCTION,ON ROADWAY,SNOW,ICE/FROST,DAYLIGHT,NON-INJURY ACCIDENT (PROPERTY- DAMAGE-ONLY ACCIDENT),REAR-END,45.31502,-111.18755
C000050N,053+0.000,NOT IN CITY LIMITS,GALLATIN,APRIL,2017,13:05,FRI,NON-JUNCTION,ROADSIDE LEFT,CLOUDY,DRY,DAYLIGHT,POSSIBLE INJURY ACCIDENT,ROLL OVER,45.31502,-111.18755
C000050N,053+0.025,,GALLATIN,January,2015,13:15,SAT,NON-JUNCTION,ON ROADWAY,CLOUDY,ICE/FROST,DAYLIGHT,NON-INCAPACITATING EVIDENT INJURY ACCIDENT,REAR-END,45.31532711,-111.1873654
C000050N,053+0.031,,GALLATIN,September,2014,17:20,SAT,NON-JUNCTION,ON ROADWAY,CLEAR,DRY,DAYLIGHT,INCAPACITATING INJURY ACCIDENT,REAR-END,45.31542443,-111.1874248
C000050N,053+0.080,,GALLATIN,August,2013,2:40,FRI,NON-JUNCTION,ROADSIDE LEFT,CLEAR,DRY,DARK-NOT LIGHTED,NON-INJURY ACCIDENT (PROPERTY- DAMAGE-ONLY ACCIDENT),ROLL OVER,45.31610855,-111.1870808
C000050N,053+0.398,,GALLATIN,December,2015,11:30,THU,NON-JUNCTION,ROADSIDE LEFT,CLEAR,ICE/FROST,DAYLIGHT,INCAPACITATING INJURY ACCIDENT,ROLL OVER,45.31933722,-111.1823905
C000050N,053+0.578,,GALLATIN,August,2016,11:00,SAT,NON-JUNCTION,ON ROADWAY,CLEAR,DRY,DAYLIGHT,NON-INJURY ACCIDENT (PROPERTY- DAMAGE-ONLY ACCIDENT),REAR-END,45.32095944,-111.179496
C000050N,053+0.584,,GALLATIN,March,2014,8:05,SAT,NON-JUNCTION,ON ROADWAY,CLOUDY,ICE/FROST,DAYLIGHT,NON-INJURY ACCIDENT (PROPERTY- DAMAGE-ONLY ACCIDENT),FIXED OBJECT,45.32099965,-111.1794765
C000050N,053+0.584,NOT IN CITY LIMITS,GALLATIN,JANUARY,2017,9:25,MON,NON-JUNCTION,ROADSIDE LEFT,SLEET/HAIL/FREEZING RAIN/DRIZZLE,ICE/FROST,DAYLIGHT,NON-INJURY ACCIDENT (PROPERTY- DAMAGE-ONLY ACCIDENT),ROLL OVER,45.32097122,-111.1794778
C000050N,053+0.608,,GALLATIN,February,2016,21:30,SAT,NON-JUNCTION,ROADSIDE LEFT,"FOG, SMOG, SMOKE",ICE/FROST,DARK-NOT LIGHTED,NON-INJURY ACCIDENT (PROPERTY- DAMAGE-ONLY ACCIDENT),ROLL OVER,45.32126,-111.1791
C000050N,053+0.608,NOT IN CITY LIMITS,GALLATIN,NOVEMBER,2017,8:05,FRI,NON-JUNCTION,ROADSIDE LEFT,CLOUDY,ICE/FROST,DAYLIGHT,NON-INJURY ACCIDENT (PROPERTY- DAMAGE-ONLY ACCIDENT),FIXED OBJECT,45.32118683,-111.1790599
C000050N,053+0.720,,GALLATIN,December,2015,7:00,TUE,NON-JUNCTION,ROADSIDE LEFT,CLOUDY,ICE/FROST,DAWN,NON-INJURY ACCIDENT (PROPERTY- DAMAGE-ONLY ACCIDENT),FIXED OBJECT,45.32231075,-111.1774405
C000050N,053+0.720,,GALLATIN,October,2016,8:47,TUE,NON-JUNCTION,ROADSIDE RIGHT,SNOW,ICE/FROST,DAYLIGHT,NON-INCAPACITATING EVIDENT INJURY ACCIDENT,ROLL OVER,45.32245441,-111.1775709
C000050N,053+0.870,,GALLATIN,July,2013,2:15,SAT,NON-JUNCTION,SHOULDER,CLEAR,DRY,DARK-NOT LIGHTED,NON-INJURY ACCIDENT (PROPERTY- DAMAGE-ONLY ACCIDENT),FIXED OBJECT,45.3238034,-111.1750301
C000050N,053+0.887,,GALLATIN,April,2014,1:30,SUN,NON-JUNCTION,ON ROADWAY,CLEAR,DRY,DARK-NOT LIGHTED,NON-INCAPACITATING EVIDENT INJURY ACCIDENT,FIXED OBJECT,45.32394346,-111.1748183
C000050N,053+0.893,,GALLATIN,April,2015,11:06,WED,NON-JUNCTION,ON ROADWAY,SNOW,SLUSH,DAYLIGHT,NON-INJURY ACCIDENT (PROPERTY- DAMAGE-ONLY ACCIDENT),FIXED OBJECT,45.32400833,-111.1747841
C000050N,053+1.041,NOT IN CITY LIMITS,GALLATIN,JANUARY,2017,9:45,MON,NON-JUNCTION,ON ROADWAY,SNOW,ICE/FROST,DAYLIGHT,NON-INJURY ACCIDENT (PROPERTY- DAMAGE-ONLY ACCIDENT),JACKKNIFE,45.32604,-111.17367
C000050N,053+1.041,NOT IN CITY LIMITS,GALLATIN,NOVEMBER,2017,16:30,MON,NON-JUNCTION,ROADSIDE RIGHT,CLOUDY,DRY,DAYLIGHT,POSSIBLE INJURY ACCIDENT,ROLL OVER,45.32604,-111.17367
C000050N,054+0.133,,GALLATIN,March,2016,7:52,MON,NON-JUNCTION,ON ROADWAY,CLOUDY,SLUSH,DAYLIGHT,NON-INCAPACITATING EVIDENT INJURY ACCIDENT,"SIDESWIPE, OPPOSITE DIRECTION",45.3278708,-111.1728991
C000050N,054+0.133,NOT IN CITY LIMITS,GALLATIN,JANUARY,2017,16:15,TUE,NON-JUNCTION,ROADSIDE LEFT,SNOW,SNOW,DAYLIGHT,NON-INJURY ACCIDENT (PROPERTY- DAMAGE-ONLY ACCIDENT),ROLL OVER,45.32783787,-111.1728094
C000050N,054+0.146,,GALLATIN,December,2015,21:35,SUN,NON-JUNCTION,ON ROADWAY,SNOW,SNOW,DARK-NOT LIGHTED,NON-INJURY ACCIDENT (PROPERTY- DAMAGE-ONLY ACCIDENT),HEAD ON,45.32808253,-111.1727556
C000050N,054+0.301,,GALLATIN,July,2016,22:30,TUE,NON-JUNCTION,ON ROADWAY,CLEAR,DRY,DARK-NOT LIGHTED,NON-INJURY ACCIDENT (PROPERTY- DAMAGE-ONLY ACCIDENT),WILD ANIMAL,45.33031262,-111.1722707
C000050N,054+0.524,,GALLATIN,February,2016,12:52,FRI,NON-JUNCTION,ROADSIDE LEFT,CLEAR,DRY,DAYLIGHT,NON-INCAPACITATING EVIDENT INJURY ACCIDENT,ROLL OVER,45.3335228,-111.171854
C000050N,054+0.803,,GALLATIN,December,2015,11:24,FRI,NON-JUNCTION,ROADSIDE LEFT,CLOUDY,ICE/FROST,DAYLIGHT,NON-INJURY ACCIDENT (PROPERTY- DAMAGE-ONLY ACCIDENT),FIXED OBJECT,45.33750814,-111.1710481
C000050N,054+0.840,,GALLATIN,December,2015,8:50,SAT,NON-JUNCTION,ON ROADWAY,SNOW,SNOW,DAYLIGHT,NON-INJURY ACCIDENT (PROPERTY- DAMAGE-ONLY ACCIDENT),REAR-END,45.337975,-111.1709483
C000050N,054+0.896,,GALLATIN,January,2015,11:50,SUN,NON-JUNCTION,ROADSIDE LEFT,SNOW,ICE/FROST,DAYLIGHT,NON-INJURY ACCIDENT (PROPERTY- DAMAGE-ONLY ACCIDENT),FIXED OBJECT,45.33882782,-111.1707017
C000050N,054+0.908,,GALLATIN,July,2015,15:55,MON,NON-JUNCTION,ON ROADWAY,CLOUDY,WET,DAYLIGHT,POSSIBLE INJURY ACCIDENT,REAR-END,45.338995,-111.170725
C000050N,055+0.000,,GALLATIN,October,2016,8:28,WED,NON-JUNCTION,ON ROADWAY,CLOUDY,WET,DAYLIGHT,NON-INJURY ACCIDENT (PROPERTY- DAMAGE-ONLY ACCIDENT),WILD ANIMAL,45.34049,-111.17061
C000050N,055+0.088,,GALLATIN,March,2014,18:45,MON,NON-JUNCTION,ROADSIDE RIGHT,SNOW,SLUSH,DAYLIGHT,NON-INJURY ACCIDENT (PROPERTY- DAMAGE-ONLY ACCIDENT),ROLL OVER,45.34170265,-111.1710917
C000050N,055+0.140,,GALLATIN,December,2013,13:10,THU,NON-JUNCTION,ROADSIDE RIGHT,CLEAR,ICE/FROST,DAYLIGHT,NON-INJURY ACCIDENT (PROPERTY- DAMAGE-ONLY ACCIDENT),ROLL OVER,45.3425297,-111.1712791
C000050N,055+0.441,,GALLATIN,December,2016,22:50,THU,NON-JUNCTION,ROADSIDE RIGHT,CLEAR,DRY,DARK-NOT LIGHTED,NON-INJURY ACCIDENT (PROPERTY- DAMAGE-ONLY ACCIDENT),RIGHT ANGLE,45.34659455,-111.1732682
C000050N,055+0.600,,GALLATIN,July,2013,14:15,FRI,NON-JUNCTION,ROADSIDE RIGHT,CLEAR,DRY,DAYLIGHT,NON-INCAPACITATING EVIDENT INJURY ACCIDENT,ROLL OVER,45.34896667,-111.1729333
C000050N,055+0.743,NOT IN CITY LIMITS,GALLATIN,NOVEMBER,2017,15:10,WED,NON-JUNCTION,ROADSIDE LEFT,SNOW,SNOW,DAYLIGHT,NON-INCAPACITATING EVIDENT INJURY ACCIDENT,FIXED OBJECT,45.35095791,-111.1727546
C000050N,055+0.795,NOT IN CITY LIMITS,GALLATIN,FEBRUARY,2017,8:30,TUE,NON-JUNCTION,ROADSIDE RIGHT,CLOUDY,ICE/FROST,DAYLIGHT,NON-INCAPACITATING EVIDENT INJURY ACCIDENT,NOT FIXED OBJECT OR DEBRIS,45.35162333,-111.1721783
C000050N,055+0.844,NOT IN CITY LIMITS,GALLATIN,DECEMBER,2017,10:29,FRI,NON-JUNCTION,ROADSIDE LEFT,CLEAR,SLUSH,DAYLIGHT,NON-INJURY ACCIDENT (PROPERTY- DAMAGE-ONLY ACCIDENT),FIXED OBJECT,45.35228553,-111.1719113
C000050N,055+0.850,,GALLATIN,December,2013,17:05,FRI,NON-JUNCTION,ROADSIDE RIGHT,CLEAR,ICE/FROST,DUSK,NON-INJURY ACCIDENT (PROPERTY- DAMAGE-ONLY ACCIDENT),ROLL OVER,45.35237645,-111.1718852