MDT_CORRIDOR_ID,SMS_REFPOST_OFFSET,CITY,COUNTY,Month,Year,SMS_TIME,SMT_CRASH_OCC_DAY_OF_WEEK,JUNCTION_RELATED,ROADWAY_RELATED,WEATHER_COND,ROAD_COND,LIGHT_COND,CRASH_SEVERITY,COLLISION_TYPE,LATITUDE,LONGITUDE
C000050N,055+0.910,,GALLATIN,December,2013,13:30,WED,NON-JUNCTION,ROADSIDE RIGHT,CLEAR,ICE/FROST,DAYLIGHT,NON-INJURY ACCIDENT (PROPERTY- DAMAGE-ONLY ACCIDENT),FIXED OBJECT,45.35335422,-111.171936
C000050N,056+0.000,,GALLATIN,August,2013,21:40,SUN,NON-JUNCTION,ON ROADWAY,CLEAR,MUD DIRT GRAVEL,DARK-NOT LIGHTED,NON-INJURY ACCIDENT (PROPERTY- DAMAGE-ONLY ACCIDENT),RIGHT ANGLE,45.35414,-111.17192
C000050N,056+0.002,NOT IN CITY LIMITS,GALLATIN,JULY,2017,12:05,SUN,NON-JUNCTION,ON ROADWAY,CLOUDY,DRY,DAYLIGHT,NON-INJURY ACCIDENT (PROPERTY- DAMAGE-ONLY ACCIDENT),WILD ANIMAL,45.35414,-111.17192
C000050N,056+0.288,NOT IN CITY LIMITS,GALLATIN,AUGUST,2017,7:15,MON,NON-JUNCTION,ON ROADWAY,"FOG, SMOG, SMOKE",DRY,DAYLIGHT,NON-INJURY ACCIDENT (PROPERTY- DAMAGE-ONLY ACCIDENT),WILD ANIMAL,45.3581515,-111.1704944
C000050N,056+0.360,,GALLATIN,July,2013,3:50,THU,NON-JUNCTION,ON ROADWAY,CLEAR,DRY,DARK-NOT LIGHTED,NON-INJURY ACCIDENT (PROPERTY- DAMAGE-ONLY ACCIDENT),WILD ANIMAL,45.35934667,-111.17048
C000050N,056+0.827,,GALLATIN,November,2014,19:05,SAT,NON-JUNCTION,ON ROADWAY,CLEAR,DRY,DARK-NOT LIGHTED,NON-INJURY ACCIDENT (PROPERTY- DAMAGE-ONLY ACCIDENT),WILD ANIMAL,45.36523164,-111.17458
C000050N,056+0.850,,GALLATIN,December,2013,12:43,MON,NON-JUNCTION,ROADSIDE RIGHT,SNOW,SNOW,DAYLIGHT,NON-INJURY ACCIDENT (PROPERTY- DAMAGE-ONLY ACCIDENT),ROLL OVER,45.36565986,-111.1747395
C000050N,056+0.957,,GALLATIN,December,2016,17:00,SAT,NON-JUNCTION,ROADSIDE RIGHT,CLEAR,ICE/FROST,DARK-NOT LIGHTED,NON-INJURY ACCIDENT (PROPERTY- DAMAGE-ONLY ACCIDENT),FIXED OBJECT,45.36706817,-111.1752875
C000050N,057+0.502,,GALLATIN,June,2015,16:18,MON,NON-JUNCTION,ON ROADWAY,RAIN,WET,DAYLIGHT,NON-INCAPACITATING EVIDENT INJURY ACCIDENT,"SIDESWIPE, OPPOSITE DIRECTION",45.37468833,-111.17579
C000050N,057+0.520,NOT IN CITY LIMITS,GALLATIN,DECEMBER,2017,12:34,SUN,NON-JUNCTION,ROADSIDE LEFT,SNOW,ICE/FROST,DAYLIGHT,NON-INJURY ACCIDENT (PROPERTY- DAMAGE-ONLY ACCIDENT),FIXED OBJECT,45.37498089,-111.1756657
C000050N,057+0.582,,GALLATIN,June,2014,19:50,THU,NON-JUNCTION,ON ROADWAY,RAIN,WET,DAYLIGHT,NON-INJURY ACCIDENT (PROPERTY- DAMAGE-ONLY ACCIDENT),REAR-END,45.37568897,-111.1749822
C000050N,057+0.651,,GALLATIN,October,2016,6:15,THU,NON-JUNCTION,ROADSIDE LEFT,CLOUDY,DRY,DARK-NOT LIGHTED,NON-INCAPACITATING EVIDENT INJURY ACCIDENT,NOT FIXED OBJECT OR DEBRIS,45.37659665,-111.1744272
C000050N,057+0.670,NOT IN CITY LIMITS,GALLATIN,MARCH,2017,19:05,WED,NON-JUNCTION,ROADSIDE LEFT,CLOUDY,WET,DAYLIGHT,NON-INCAPACITATING EVIDENT INJURY ACCIDENT,FIXED OBJECT,45.37684196,-111.1741375
C000050N,057+0.808,,GALLATIN,December,2015,21:30,SAT,NON-JUNCTION,ON ROADWAY,SNOW,ICE/FROST,DARK-NOT LIGHTED,NON-INJURY ACCIDENT (PROPERTY- DAMAGE-ONLY ACCIDENT),FIXED OBJECT,45.37862247,-111.1739987
C000050N,057+0.830,,GALLATIN,April,2013,10:30,MON,NON-JUNCTION,ON ROADWAY,CLOUDY,SNOW,DAYLIGHT,NON-INJURY ACCIDENT (PROPERTY- DAMAGE-ONLY ACCIDENT),"SIDESWIPE, OPPOSITE DIRECTION",45.37899815,-111.1744358
C000050N,058+0.000,,GALLATIN,December,2016,14:40,MON,NON-JUNCTION,ON ROADWAY,CLOUDY,ICE/FROST,DAYLIGHT,NON-INJURY ACCIDENT (PROPERTY- DAMAGE-ONLY ACCIDENT),REAR-END,45.37963,-111.17761
C000050N,058+0.040,,GALLATIN,July,2013,22:00,THU,NON-JUNCTION,ON ROADWAY,CLEAR,DRY,DARK-NOT LIGHTED,NON-INJURY ACCIDENT (PROPERTY- DAMAGE-ONLY ACCIDENT),WILD ANIMAL,45.37955143,-111.1785271
C000050N,058+0.077,,GALLATIN,June,2015,23:35,THU,NON-JUNCTION,ON ROADWAY,CLOUDY,DRY,DARK-NOT LIGHTED,NON-INJURY ACCIDENT (PROPERTY- DAMAGE-ONLY ACCIDENT),WILD ANIMAL,45.37990658,-111.179135
C000050N,058+0.333,NOT IN CITY LIMITS,GALLATIN,MARCH,2017,9:45,FRI,NON-JUNCTION,ON ROADWAY,CLOUDY,WET,DAYLIGHT,NON-INJURY ACCIDENT (PROPERTY- DAMAGE-ONLY ACCIDENT),WILD ANIMAL,45.38056908,-111.1842576
C000050N,058+0.491,,GALLATIN,March,2014,4:30,MON,NON-JUNCTION,ON ROADWAY,RAIN,WET,DARK-NOT LIGHTED,NON-INJURY ACCIDENT (PROPERTY- DAMAGE-ONLY ACCIDENT),NOT FIXED OBJECT OR DEBRIS,45.38076379,-111.1875088
C000050N,058+0.540,NOT IN CITY LIMITS,GALLATIN,DECEMBER,2017,15:37,THU,NON-JUNCTION,ON ROADWAY,CLEAR,ICE/FROST,DAYLIGHT,NON-INJURY ACCIDENT (PROPERTY- DAMAGE-ONLY ACCIDENT),HEAD ON,45.38100963,-111.1885129
C000050N,058+0.653,,GALLATIN,February,2015,8:00,WED,NON-JUNCTION,ROADSIDE LEFT,SNOW,ICE/FROST,DAYLIGHT,NON-INCAPACITATING EVIDENT INJURY ACCIDENT,OTHER,45.38166484,-111.1905444
C000050N,058+0.740,,GALLATIN,December,2013,7:20,FRI,NON-JUNCTION,ON ROADWAY,CLOUDY,ICE/FROST,DAWN,NON-INJURY ACCIDENT (PROPERTY- DAMAGE-ONLY ACCIDENT),HEAD ON,45.38200004,-111.1924675
C000050N,058+0.770,,GALLATIN,November,2013,22:10,SAT,NON-JUNCTION,ROADSIDE RIGHT,CLOUDY,ICE/FROST,DARK-NOT LIGHTED,NON-INJURY ACCIDENT (PROPERTY- DAMAGE-ONLY ACCIDENT),ROLL OVER,45.38237907,-111.1928569
C000050N,058+0.790,,GALLATIN,December,2013,15:50,WED,NON-JUNCTION,ROADSIDE RIGHT,CLOUDY,ICE/FROST,DAYLIGHT,NON-INJURY ACCIDENT (PROPERTY- DAMAGE-ONLY ACCIDENT),NOT FIXED OBJECT OR DEBRIS,45.38257722,-111.1930549
C000050N,058+0.801,,GALLATIN,December,2016,0:00,TUE,NON-JUNCTION,ROADSIDE RIGHT,CLOUDY,ICE/FROST,DARK-NOT LIGHTED,NON-INJURY ACCIDENT (PROPERTY- DAMAGE-ONLY ACCIDENT),FIXED OBJECT,45.38267007,-111.1931412
C000050N,058+0.820,,GALLATIN,December,2013,21:00,TUE,NON-JUNCTION,ON ROADWAY,CLOUDY,ICE/FROST,DARK-NOT LIGHTED,NON-INJURY ACCIDENT (PROPERTY- DAMAGE-ONLY ACCIDENT),FIXED OBJECT,45.38287771,-111.1934306
C000050N,059+0.085,,GALLATIN,December,2014,16:00,FRI,NON-JUNCTION,ON ROADWAY,CLOUDY,DRY,DAYLIGHT,INCAPACITATING INJURY ACCIDENT,RIGHT ANGLE,45.38584996,-111.1945556
C000050N,059+0.091,,GALLATIN,February,2015,0:40,FRI,NON-JUNCTION,IN PARKING LANE OR ZONE,CLEAR,DRY,DARK-NOT LIGHTED,POSSIBLE INJURY ACCIDENT,REAR-END,45.38594988,-111.1944911
C000050N,059+0.457,,GALLATIN,December,2016,11:30,TUE,NON-JUNCTION,ROADSIDE LEFT,CLOUDY,WET,DAYLIGHT,NON-INJURY ACCIDENT (PROPERTY- DAMAGE-ONLY ACCIDENT),ROLL OVER,45.39019299,-111.1988976
C000050N,059+0.469,,GALLATIN,August,2014,18:30,MON,NON-JUNCTION,ON ROADWAY,CLOUDY,DRY,DAYLIGHT,UNKNOWN,"SIDESWIPE, OPPOSITE DIRECTION",45.39023384,-111.1991885
C000050N,059+0.480,,GALLATIN,July,2013,0:00,TUE,NON-JUNCTION,ROADSIDE RIGHT,CLEAR,DRY,DARK-NOT LIGHTED,NON-INJURY ACCIDENT (PROPERTY- DAMAGE-ONLY ACCIDENT),FIXED OBJECT,45.39034314,-111.1994412
C000050N,059+0.481,,GALLATIN,August,2015,15:15,WED,NON-JUNCTION,ON ROADWAY,RAIN,WET,DAYLIGHT,POSSIBLE INJURY ACCIDENT,OTHER,45.39028834,-111.19939
C000050N,059+0.531,,GALLATIN,November,2016,6:00,FRI,NON-JUNCTION,ON ROADWAY,CLEAR,ICE/FROST,DAWN,NON-INJURY ACCIDENT (PROPERTY- DAMAGE-ONLY ACCIDENT),RIGHT ANGLE,45.39044487,-111.2004047
C000050N,059+0.810,,GALLATIN,July,2016,5:15,WED,NON-JUNCTION,ON ROADWAY,CLOUDY,DRY,DAWN,NON-INCAPACITATING EVIDENT INJURY ACCIDENT,WILD ANIMAL,45.39212801,-111.2048628
C000050N,059+1.027,,GALLATIN,May,2016,6:15,TUE,NON-JUNCTION,ON ROADWAY,SNOW,SNOW,DAWN,NON-INJURY ACCIDENT (PROPERTY- DAMAGE-ONLY ACCIDENT),"SIDESWIPE, SAME DIRECTION",45.39513792,-111.2065992
C000050N,060+0.080,,GALLATIN,March,2013,15:05,SUN,NON-JUNCTION,SHOULDER,CLOUDY,DRY,DAYLIGHT,NON-INJURY ACCIDENT (PROPERTY- DAMAGE-ONLY ACCIDENT),FIXED OBJECT,45.39570822,-111.2087097
C000050N,060+0.081,,GALLATIN,July,2016,17:00,FRI,NON-JUNCTION,ON ROADWAY,CLEAR,DRY,DAYLIGHT,POSSIBLE INJURY ACCIDENT,REAR-END,45.39573555,-111.2086483
C000050N,060+0.292,NOT IN CITY LIMITS,GALLATIN,FEBRUARY,2017,20:30,FRI,NON-JUNCTION,ROADSIDE RIGHT,SNOW,SNOW,DARK-NOT LIGHTED,NON-INJURY ACCIDENT (PROPERTY- DAMAGE-ONLY ACCIDENT),FIXED OBJECT,45.39719375,-111.2124937
C000050N,086+0.213,BOZEMAN,GALLATIN,July,2015,18:05,THU,INTERSECTION-RELATED,ON ROADWAY,CLEAR,DRY,DAYLIGHT,POSSIBLE INJURY ACCIDENT,REAR-END,45.67123257,-111.0970061
C000050N,060+0.484,,GALLATIN,June,2014,21:30,SAT,NON-JUNCTION,ON ROADWAY,CLOUDY,WET,DARK-NOT LIGHTED,NON-INJURY ACCIDENT (PROPERTY- DAMAGE-ONLY ACCIDENT),WILD ANIMAL,45.398885,-111.215605
C000050N,060+0.521,NOT IN CITY LIMITS,GALLATIN,DECEMBER,2017,22:00,THU,NON-JUNCTION,ROADSIDE LEFT,CLEAR,ICE/FROST,DARK-NOT LIGHTED,NON-INJURY ACCIDENT (PROPERTY- DAMAGE-ONLY ACCIDENT),FIXED OBJECT,45.39923256,-111.216141
C000050N,060+0.521,NOT IN CITY LIMITS,GALLATIN,JULY,2017,22:30,SAT,NON-JUNCTION,ON ROADWAY,CLEAR,DRY,DARK-NOT LIGHTED,NON-INJURY ACCIDENT (PROPERTY- DAMAGE-ONLY ACCIDENT),WILD ANIMAL,45.3992702,-111.2161888
C000050N,060+0.621,,GALLATIN,August,2016,21:10,TUE,NON-JUNCTION,ON ROADWAY,CLEAR,DRY,DUSK,NON-INJURY ACCIDENT (PROPERTY- DAMAGE-ONLY ACCIDENT),WILD ANIMAL,45.40046902,-111.2174356
C000050N,060+0.658,,GALLATIN,November,2015,7:20,WED,NON-JUNCTION,SHOULDER,CLOUDY,ICE/FROST,DAYLIGHT,NON-INJURY ACCIDENT (PROPERTY- DAMAGE-ONLY ACCIDENT),ROLL OVER,45.40100489,-111.2175451
C000050N,060+0.820,,GALLATIN,August,2013,21:40,SAT,NON-JUNCTION,ON ROADWAY,CLOUDY,WET,DARK-NOT LIGHTED,NON-INJURY ACCIDENT (PROPERTY- DAMAGE-ONLY ACCIDENT),NOT FIXED OBJECT OR DEBRIS,45.40323165,-111.2184974
C000050N,060+0.880,,GALLATIN,March,2013,15:30,FRI,NON-JUNCTION,ON ROADWAY,CLOUDY,DRY,DAYLIGHT,NON-INJURY ACCIDENT (PROPERTY- DAMAGE-ONLY ACCIDENT),NOT FIXED OBJECT OR DEBRIS,45.40413167,-111.2188017
C000050N,060+1.006,,GALLATIN,October,2015,16:30,THU,NON-JUNCTION,ON ROADWAY,CLEAR,DRY,DAYLIGHT,NON-INJURY ACCIDENT (PROPERTY- DAMAGE-ONLY ACCIDENT),FIXED OBJECT,45.40567,-111.22013
C000050N,061+0.098,,GALLATIN,January,2014,16:40,SUN,NON-JUNCTION,ON ROADWAY,SNOW,SNOW,DAYLIGHT,NON-INJURY ACCIDENT (PROPERTY- DAMAGE-ONLY ACCIDENT),FIXED OBJECT,45.40693704,-111.2210383
C000050N,061+0.098,,GALLATIN,December,2014,2:50,SUN,NON-JUNCTION,ON ROADWAY,SNOW,ICE/FROST,DARK-NOT LIGHTED,NON-INJURY ACCIDENT (PROPERTY- DAMAGE-ONLY ACCIDENT),"SIDESWIPE, OPPOSITE DIRECTION",45.40688112,-111.2211184
C000050N,061+0.098,NOT IN CITY LIMITS,GALLATIN,AUGUST,2017,1:00,MON,NON-JUNCTION,ROADSIDE RIGHT,CLEAR,DRY,DARK-NOT LIGHTED,NON-INCAPACITATING EVIDENT INJURY ACCIDENT,FIXED OBJECT,45.40694113,-111.2210776
C000050N,061+0.109,,GALLATIN,May,2016,11:52,THU,NON-JUNCTION,ON ROADWAY,CLEAR,DRY,DAYLIGHT,FATAL ACCIDENT,HEAD ON,45.40703886,-111.2211651
C000050N,061+0.115,,GALLATIN,November,2014,4:30,WED,NON-JUNCTION,ON ROADWAY,CLOUDY,DRY,DARK-NOT LIGHTED,NON-INJURY ACCIDENT (PROPERTY- DAMAGE-ONLY ACCIDENT),FIXED OBJECT,45.40715888,-111.221216
C000050N,061+0.121,,GALLATIN,February,2014,6:15,WED,NON-JUNCTION,ROADSIDE RIGHT,SNOW,SNOW,DARK-NOT LIGHTED,NON-INJURY ACCIDENT (PROPERTY- DAMAGE-ONLY ACCIDENT),FIXED OBJECT,45.40717609,-111.2213046
C000050N,061+0.140,,GALLATIN,March,2013,5:05,SAT,NON-JUNCTION,SHOULDER,CLEAR,DRY,DARK-NOT LIGHTED,INCAPACITATING INJURY ACCIDENT,FIXED OBJECT,45.40738103,-111.2217349
C000050N,061+0.170,,GALLATIN,February,2013,0:00,SUN,NON-JUNCTION,SHOULDER,BLOWING SNOW,SNOW,DARK-NOT LIGHTED,NON-INJURY ACCIDENT (PROPERTY- DAMAGE-ONLY ACCIDENT),FIXED OBJECT,45.40750167,-111.2224417
C000050N,061+0.270,,GALLATIN,August,2016,8:50,WED,NON-JUNCTION,ON ROADWAY,CLOUDY,DRY,DAYLIGHT,INCAPACITATING INJURY ACCIDENT,HEAD ON,45.40724093,-111.2243385
C000050N,061+0.276,,GALLATIN,March,2016,16:00,TUE,NON-JUNCTION,ROADSIDE RIGHT,SNOW,SLUSH,DAYLIGHT,POSSIBLE INJURY ACCIDENT,RIGHT ANGLE,45.40722362,-111.2244809
C000050N,061+0.283,,GALLATIN,December,2014,7:00,SUN,NON-JUNCTION,ROADSIDE LEFT,CLOUDY,ICE/FROST,DAYLIGHT,NON-INJURY ACCIDENT (PROPERTY- DAMAGE-ONLY ACCIDENT),FIXED OBJECT,45.40712258,-111.224809
C000050N,061+0.307,NOT IN CITY LIMITS,GALLATIN,MAY,2017,7:58,SUN,NON-JUNCTION,ON ROADWAY,CLOUDY,ICE/FROST,DAYLIGHT,NON-INJURY ACCIDENT (PROPERTY- DAMAGE-ONLY ACCIDENT),FIXED OBJECT,45.40723332,-111.2250928
C000050N,061+0.320,,GALLATIN,August,2014,7:10,WED,NON-JUNCTION,OUTSIDE RIGHT-OF-WAY (TRAFFICWAY),CLEAR,DRY,DAYLIGHT,NON-INJURY ACCIDENT (PROPERTY- DAMAGE-ONLY ACCIDENT),NOT FIXED OBJECT OR DEBRIS,45.40723347,-111.2253978
C000050N,061+0.365,NOT IN CITY LIMITS,GALLATIN,MAY,2017,5:50,SUN,NON-JUNCTION,ON ROADWAY,CLOUDY,ICE/FROST,DAYLIGHT,NON-INJURY ACCIDENT (PROPERTY- DAMAGE-ONLY ACCIDENT),FIXED OBJECT,45.407745,-111.226132
C000050N,061+0.399,NOT IN CITY LIMITS,GALLATIN,MAY,2017,7:40,SUN,NON-JUNCTION,ROADSIDE RIGHT,CLOUDY,ICE/FROST,DAYLIGHT,NON-INJURY ACCIDENT (PROPERTY- DAMAGE-ONLY ACCIDENT),FIXED OBJECT,45.40819843,-111.2263777
C000050N,061+0.413,,GALLATIN,February,2014,23:00,SAT,NON-JUNCTION,ROADSIDE LEFT,CLEAR,ICE/FROST,DARK-NOT LIGHTED,NON-INJURY ACCIDENT (PROPERTY- DAMAGE-ONLY ACCIDENT),ROLL OVER,45.40826549,-111.2266185
C000050N,061+0.420,,GALLATIN,June,2016,8:00,FRI,NON-JUNCTION,ROADSIDE RIGHT,CLEAR,DRY,DAYLIGHT,NON-INJURY ACCIDENT (PROPERTY- DAMAGE-ONLY ACCIDENT),FIXED OBJECT,45.4084602,-111.2265365
C000050N,061+0.513,,GALLATIN,September,2014,14:50,TUE,NON-JUNCTION,ON ROADWAY,CLEAR,DRY,DAYLIGHT,NON-INJURY ACCIDENT (PROPERTY- DAMAGE-ONLY ACCIDENT),OTHER,45.40969876,-111.2274185
C000050N,061+0.660,,GALLATIN,September,2013,12:30,WED,NON-JUNCTION,ON ROADWAY,RAIN,WET,DAYLIGHT,NON-INJURY ACCIDENT (PROPERTY- DAMAGE-ONLY ACCIDENT),REAR-END,45.41173526,-111.2281689
C000050N,061+0.705,NOT IN CITY LIMITS,GALLATIN,DECEMBER,2017,17:50,FRI,NON-JUNCTION,ON ROADWAY,SNOW,ICE/FROST,DARK-NOT LIGHTED,NON-INCAPACITATING EVIDENT INJURY ACCIDENT,HEAD ON,45.4123261,-111.2285788
C000050N,061+0.712,NOT IN CITY LIMITS,GALLATIN,DECEMBER,2017,8:00,SAT,NON-JUNCTION,ROADSIDE RIGHT,SNOW,ICE/FROST,DAYLIGHT,NON-INJURY ACCIDENT (PROPERTY- DAMAGE-ONLY ACCIDENT),FIXED OBJECT,45.41237204,-111.2287503
C000050N,061+0.712,NOT IN CITY LIMITS,GALLATIN,DECEMBER,2017,9:30,SAT,NON-JUNCTION,ROADSIDE RIGHT,SNOW,ICE/FROST,DAYLIGHT,NON-INJURY ACCIDENT (PROPERTY- DAMAGE-ONLY ACCIDENT),OTHER,45.41237204,-111.2287503
C000050N,061+0.724,,GALLATIN,December,2016,16:00,MON,NON-JUNCTION,ROADSIDE RIGHT,CLEAR,SNOW,DUSK,NON-INJURY ACCIDENT (PROPERTY- DAMAGE-ONLY ACCIDENT),FIXED OBJECT,45.41243649,-111.2288696
C000050N,061+0.786,NOT IN CITY LIMITS,GALLATIN,NOVEMBER,2017,15:20,TUE,NON-JUNCTION,ROADSIDE RIGHT,CLOUDY,ICE/FROST,DAYLIGHT,NON-INCAPACITATING EVIDENT INJURY ACCIDENT,FIXED OBJECT,45.41322323,-111.2295256
C000050N,061+0.799,,GALLATIN,June,2015,18:15,TUE,NON-JUNCTION,ON ROADWAY,RAIN,WET,DAYLIGHT,NON-INJURY ACCIDENT (PROPERTY- DAMAGE-ONLY ACCIDENT),REAR-END,45.41331307,-111.229815
C000050N,061+0.922,NOT IN CITY LIMITS,GALLATIN,NOVEMBER,2017,14:50,TUE,NON-JUNCTION,ROADSIDE LEFT,CLOUDY,ICE/FROST,DAYLIGHT,NON-INJURY ACCIDENT (PROPERTY- DAMAGE-ONLY ACCIDENT),FIXED OBJECT,45.41474837,-111.2313062
C000050N,061+0.934,,GALLATIN,February,2015,8:00,SUN,NON-JUNCTION,ROADSIDE RIGHT,CLEAR,ICE/FROST,DAYLIGHT,NON-INCAPACITATING EVIDENT INJURY ACCIDENT,ROLL OVER,45.41488057,-111.2314884
C000050N,061+0.964,NOT IN CITY LIMITS,GALLATIN,DECEMBER,2017,12:30,SUN,NON-JUNCTION,ROADSIDE RIGHT,CLEAR,ICE/FROST,DAYLIGHT,NON-INJURY ACCIDENT (PROPERTY- DAMAGE-ONLY ACCIDENT),ROLL OVER,45.41520374,-111.2319888
C000050N,062+0.000,,GALLATIN,March,2013,14:10,SUN,NON-JUNCTION,ROADSIDE RIGHT,SNOW,SNOW,DAYLIGHT,NON-INJURY ACCIDENT (PROPERTY- DAMAGE-ONLY ACCIDENT),ROLL OVER,45.4154,-111.23214
C000050N,062+0.057,NOT IN CITY LIMITS,GALLATIN,JANUARY,2017,13:00,MON,NON-JUNCTION,ROADSIDE RIGHT,CLEAR,WET,DAYLIGHT,NON-INJURY ACCIDENT (PROPERTY- DAMAGE-ONLY ACCIDENT),ROLL OVER,45.41611338,-111.2327315
C000050N,062+0.199,,GALLATIN,December,2014,18:30,TUE,NON-JUNCTION,ON ROADWAY,CLEAR,DRY,DARK-NOT LIGHTED,NON-INJURY ACCIDENT (PROPERTY- DAMAGE-ONLY ACCIDENT),WILD ANIMAL,45.41817952,-111.2332437
C000050N,062+0.223,,GALLATIN,December,2014,7:45,SUN,NON-JUNCTION,ROADSIDE RIGHT,CLEAR,ICE/FROST,DAYLIGHT,NON-INJURY ACCIDENT (PROPERTY- DAMAGE-ONLY ACCIDENT),FIXED OBJECT,45.41841857,-111.2334623
C000050N,062+0.241,NOT IN CITY LIMITS,GALLATIN,FEBRUARY,2017,4:00,THU,NON-JUNCTION,ROADSIDE LEFT,UNKNOWN,ICE/FROST,DARK-NOT LIGHTED,NON-INJURY ACCIDENT (PROPERTY- DAMAGE-ONLY ACCIDENT),NOT FIXED OBJECT OR DEBRIS,45.41873254,-111.2332988
C000050N,062+0.271,,GALLATIN,January,2015,1:40,THU,NON-JUNCTION,ROADSIDE RIGHT,CLOUDY,ICE/FROST,DARK-NOT LIGHTED,NON-INJURY ACCIDENT (PROPERTY- DAMAGE-ONLY ACCIDENT),FIXED OBJECT,45.41917666,-111.2334733
C000050N,062+0.280,,GALLATIN,March,2013,11:15,MON,NON-JUNCTION,ROADSIDE RIGHT,CLOUDY,ICE/FROST,DAYLIGHT,NON-INJURY ACCIDENT (PROPERTY- DAMAGE-ONLY ACCIDENT),ROLL OVER,45.41937667,-111.233555
C000050N,062+0.290,,GALLATIN,December,2016,10:18,SAT,NON-JUNCTION,ROADSIDE LEFT,CLOUDY,SNOW,DAYLIGHT,NON-INJURY ACCIDENT (PROPERTY- DAMAGE-ONLY ACCIDENT),RIGHT ANGLE,45.41943966,-111.2335779
C000050N,062+0.333,,GALLATIN,March,2015,21:35,MON,NON-JUNCTION,SHOULDER,CLEAR,DRY,DARK-NOT LIGHTED,POSSIBLE INJURY ACCIDENT,FIXED OBJECT,45.42004416,-111.2337287
C000050N,062+0.352,BOZEMAN,GALLATIN,November,2014,8:30,SAT,NON-JUNCTION,ON ROADWAY,SLEET/HAIL/FREEZING RAIN/DRIZZLE,SLUSH,DAYLIGHT,NON-INCAPACITATING EVIDENT INJURY ACCIDENT,"SIDESWIPE, OPPOSITE DIRECTION",45.42031053,-111.2337424
C000050N,062+0.395,,GALLATIN,November,2014,5:00,SAT,NON-JUNCTION,ROADSIDE RIGHT,SLEET/HAIL/FREEZING RAIN/DRIZZLE,ICE/FROST,DARK-NOT LIGHTED,NON-INJURY ACCIDENT (PROPERTY- DAMAGE-ONLY ACCIDENT),ROLL OVER,45.42092167,-111.2336883
C000050N,062+0.420,,GALLATIN,March,2016,19:10,THU,NON-JUNCTION,SHOULDER,SNOW,SLUSH,DAYLIGHT,NON-INJURY ACCIDENT (PROPERTY- DAMAGE-ONLY ACCIDENT),FIXED OBJECT,45.42132966,-111.2338641
C000050N,062+0.445,NOT IN CITY LIMITS,GALLATIN,NOVEMBER,2017,14:31,WED,NON-JUNCTION,ROADSIDE RIGHT,SNOW,SNOW,DAYLIGHT,NON-INJURY ACCIDENT (PROPERTY- DAMAGE-ONLY ACCIDENT),FIXED OBJECT,45.42161256,-111.2339919
C000050N,062+0.847,,GALLATIN,September,2014,14:45,MON,NON-JUNCTION,ON ROADWAY,CLEAR,DRY,DAYLIGHT,NON-INCAPACITATING EVIDENT INJURY ACCIDENT,NOT FIXED OBJECT OR DEBRIS,45.42743167,-111.23325
C000050N,062+0.915,,GALLATIN,March,2014,14:00,MON,NON-JUNCTION,ROADSIDE RIGHT,SNOW,SLUSH,DAYLIGHT,NON-INJURY ACCIDENT (PROPERTY- DAMAGE-ONLY ACCIDENT),ROLL OVER,45.42837015,-111.233073
C000050N,062+0.995,,GALLATIN,November,2015,6:45,FRI,NON-JUNCTION,ROADSIDE RIGHT,CLOUDY,ICE/FROST,DAYLIGHT,POSSIBLE INJURY ACCIDENT,FIXED OBJECT,45.42953,-111.23304
C000050N,063+0.110,NOT IN CITY LIMITS,GALLATIN,JANUARY,2017,7:10,MON,NON-JUNCTION,ROADSIDE LEFT,CLEAR,ICE/FROST,DARK-NOT LIGHTED,NON-INJURY ACCIDENT (PROPERTY- DAMAGE-ONLY ACCIDENT),FIXED OBJECT,45.43109974,-111.2330821
C000050N,063+0.197,,GALLATIN,December,2015,6:00,TUE,NON-JUNCTION,SHOULDER,CLOUDY,ICE/FROST,DARK-NOT LIGHTED,NON-INJURY ACCIDENT (PROPERTY- DAMAGE-ONLY ACCIDENT),FIXED OBJECT,45.4323538,-111.2334488
C000050N,063+0.396,,GALLATIN,October,2014,6:30,FRI,NON-JUNCTION,SHOULDER,CLOUDY,DRY,DARK-NOT LIGHTED,NON-INCAPACITATING EVIDENT INJURY ACCIDENT,FIXED OBJECT,45.4352584,-111.2332301
C000050N,063+0.538,,GALLATIN,November,2015,7:10,MON,NON-JUNCTION,ROADSIDE RIGHT,SNOW,SNOW,DAWN,POSSIBLE INJURY ACCIDENT,ROLL OVER,45.4371869,-111.2335451
C000050N,063+0.550,,GALLATIN,November,2015,6:45,MON,NON-JUNCTION,ROADSIDE LEFT,SNOW,SNOW,DAWN,NON-INJURY ACCIDENT (PROPERTY- DAMAGE-ONLY ACCIDENT),ROLL OVER,45.43743384,-111.2332916
C000050N,063+0.550,,GALLATIN,December,2015,21:15,TUE,NON-JUNCTION,ROADSIDE RIGHT,CLOUDY,ICE/FROST,DARK-NOT LIGHTED,NON-INJURY ACCIDENT (PROPERTY- DAMAGE-ONLY ACCIDENT),FIXED OBJECT,45.43744407,-111.233353
C000050N,063+0.656,,GALLATIN,March,2014,9:40,MON,NON-JUNCTION,ROADSIDE RIGHT,CLOUDY,SLUSH,DAYLIGHT,NON-INJURY ACCIDENT (PROPERTY- DAMAGE-ONLY ACCIDENT),ROLL OVER,45.438957,-111.2336467