MDT_CORRIDOR_ID,SMS_REFPOST_OFFSET,CITY,COUNTY,Month,Year,SMS_TIME,SMT_CRASH_OCC_DAY_OF_WEEK,JUNCTION_RELATED,ROADWAY_RELATED,WEATHER_COND,ROAD_COND,LIGHT_COND,CRASH_SEVERITY,COLLISION_TYPE,LATITUDE,LONGITUDE
C000050N,063+0.762,,GALLATIN,March,2016,6:45,WED,NON-JUNCTION,SHOULDER,CLOUDY,SNOW,DARK-NOT LIGHTED,NON-INJURY ACCIDENT (PROPERTY- DAMAGE-ONLY ACCIDENT),FIXED OBJECT,45.44042886,-111.2341931
C000050N,063+0.836,,GALLATIN,July,2016,22:30,WED,NON-JUNCTION,ON ROADWAY,CLEAR,DRY,DARK-NOT LIGHTED,NON-INJURY ACCIDENT (PROPERTY- DAMAGE-ONLY ACCIDENT),WILD ANIMAL,45.44146486,-111.2346062
C000050N,063+0.930,,GALLATIN,January,2013,19:18,FRI,NON-JUNCTION,ON ROADWAY,CLEAR,DRY,DAYLIGHT,NON-INJURY ACCIDENT (PROPERTY- DAMAGE-ONLY ACCIDENT),"SIDESWIPE, SAME DIRECTION",45.44292189,-111.2349923
C000050N,064+0.100,,GALLATIN,February,2013,8:30,SUN,NON-JUNCTION,SHOULDER,CLOUDY,SNOW,DAYLIGHT,NON-INJURY ACCIDENT (PROPERTY- DAMAGE-ONLY ACCIDENT),FIXED OBJECT,45.44523731,-111.2358187
C000050N,064+0.168,NOT IN CITY LIMITS,GALLATIN,OCTOBER,2017,3:25,TUE,NON-JUNCTION,ROADSIDE LEFT,CLEAR,ICE/FROST,DARK-NOT LIGHTED,NON-INJURY ACCIDENT (PROPERTY- DAMAGE-ONLY ACCIDENT),ROLL OVER,45.44609946,-111.2362483
C000050N,064+0.237,,GALLATIN,March,2016,8:00,WED,NON-JUNCTION,SHOULDER,CLOUDY,SLUSH,DAYLIGHT,NON-INJURY ACCIDENT (PROPERTY- DAMAGE-ONLY ACCIDENT),FIXED OBJECT,45.44714637,-111.2365974
C000050N,064+0.550,,GALLATIN,December,2013,11:00,SAT,NON-JUNCTION,ON ROADWAY,SNOW,SNOW,DAYLIGHT,NON-INJURY ACCIDENT (PROPERTY- DAMAGE-ONLY ACCIDENT),FIXED OBJECT,45.45146426,-111.2386553
C000050N,064+0.590,,GALLATIN,July,2013,1:25,MON,NON-JUNCTION,ROADSIDE LEFT,CLOUDY,WET,DARK-NOT LIGHTED,NON-INJURY ACCIDENT (PROPERTY- DAMAGE-ONLY ACCIDENT),ROLL OVER,45.45182,-111.2391433
C000050N,064+0.700,,GALLATIN,January,2013,14:10,SUN,DRIVEWAY/ALLEY ACCESS RELATED,ON ROADWAY,CLEAR,DRY,DAYLIGHT,NON-INCAPACITATING EVIDENT INJURY ACCIDENT,"SIDESWIPE, SAME DIRECTION",45.4528086,-111.2409482
C000050N,064+0.710,,GALLATIN,December,2013,14:58,SAT,NON-JUNCTION,ROADSIDE LEFT,CLOUDY,ICE/FROST,DAYLIGHT,NON-INJURY ACCIDENT (PROPERTY- DAMAGE-ONLY ACCIDENT),FIXED OBJECT,45.45284138,-111.2410626
C000050N,064+0.710,,GALLATIN,December,2013,12:00,SAT,NON-JUNCTION,ROADSIDE LEFT,CLOUDY,SNOW,DAYLIGHT,NON-INJURY ACCIDENT (PROPERTY- DAMAGE-ONLY ACCIDENT),FIXED OBJECT,45.45284138,-111.2410626
C000050N,064+0.822,NOT IN CITY LIMITS,GALLATIN,FEBRUARY,2017,0:30,FRI,NON-JUNCTION,ROADSIDE LEFT,CLEAR,ICE/FROST,DARK-NOT LIGHTED,NON-INJURY ACCIDENT (PROPERTY- DAMAGE-ONLY ACCIDENT),ROLL OVER,45.45375802,-111.2428744
C000050N,064+0.851,,GALLATIN,December,2015,18:38,THU,NON-JUNCTION,ROADSIDE RIGHT,CLOUDY,ICE/FROST,DARK-NOT LIGHTED,NON-INJURY ACCIDENT (PROPERTY- DAMAGE-ONLY ACCIDENT),ROLL OVER,45.45402439,-111.2432909
C000050N,064+0.887,NOT IN CITY LIMITS,GALLATIN,DECEMBER,2017,14:45,FRI,NON-JUNCTION,ROADSIDE RIGHT,CLEAR,ICE/FROST,DAYLIGHT,NON-INCAPACITATING EVIDENT INJURY ACCIDENT,ROLL OVER,45.45440003,-111.2439876
C000050N,064+0.894,NOT IN CITY LIMITS,GALLATIN,DECEMBER,2017,12:00,SAT,NON-JUNCTION,ROADSIDE LEFT,CLEAR,ICE/FROST,DAYLIGHT,NON-INJURY ACCIDENT (PROPERTY- DAMAGE-ONLY ACCIDENT),FIXED OBJECT,45.4544811,-111.2440514
C000050N,064+0.900,,GALLATIN,December,2013,17:20,MON,NON-JUNCTION,ON ROADWAY,SNOW,ICE/FROST,DARK-LIGHTED,UNKNOWN,REAR-END,45.45464247,-111.2440218
C000050N,064+0.990,,GALLATIN,May,2016,18:00,MON,NON-JUNCTION,ROADSIDE LEFT,SNOW,SNOW,DAYLIGHT,NON-INJURY ACCIDENT (PROPERTY- DAMAGE-ONLY ACCIDENT),NOT FIXED OBJECT OR DEBRIS,45.4556388,-111.2451867
C000050N,064+0.995,,GALLATIN,August,2015,16:50,MON,NON-JUNCTION,ON ROADWAY,CLOUDY,DRY,DAYLIGHT,NON-INJURY ACCIDENT (PROPERTY- DAMAGE-ONLY ACCIDENT),ROLL OVER,45.4558,-111.24505
C000050N,065+0.050,,GALLATIN,December,2013,16:30,MON,NON-JUNCTION,ROADSIDE RIGHT,SNOW,SNOW,DAYLIGHT,NON-INJURY ACCIDENT (PROPERTY- DAMAGE-ONLY ACCIDENT),FIXED OBJECT,45.45643545,-111.2455449
C000050N,065+0.139,,GALLATIN,January,2014,11:00,TUE,NON-JUNCTION,SHOULDER,SNOW,SNOW,DAYLIGHT,NON-INCAPACITATING EVIDENT INJURY ACCIDENT,FIXED OBJECT,45.4575389,-111.2465007
C000050N,065+0.164,,GALLATIN,December,2016,15:50,SUN,NON-JUNCTION,ROADSIDE RIGHT,CLOUDY,ICE/FROST,DAYLIGHT,NON-INJURY ACCIDENT (PROPERTY- DAMAGE-ONLY ACCIDENT),ROLL OVER,45.45807292,-111.2470694
C000050N,065+0.170,,GALLATIN,October,2013,20:20,THU,NON-JUNCTION,SHOULDER,SNOW,SNOW,DARK-NOT LIGHTED,NON-INJURY ACCIDENT (PROPERTY- DAMAGE-ONLY ACCIDENT),FIXED OBJECT,45.45787738,-111.2469624
C000050N,065+0.170,,GALLATIN,October,2013,16:07,TUE,NON-JUNCTION,ROADSIDE RIGHT,CLEAR,DRY,DAYLIGHT,INCAPACITATING INJURY ACCIDENT,FIXED OBJECT,45.45792887,-111.2469846
C000050N,065+0.214,,GALLATIN,May,2014,0:46,SAT,NON-JUNCTION,ON ROADWAY,CLOUDY,DRY,DARK-NOT LIGHTED,NON-INJURY ACCIDENT (PROPERTY- DAMAGE-ONLY ACCIDENT),WILD ANIMAL,45.45837982,-111.2474936
C000050N,065+0.233,,GALLATIN,March,2014,23:20,THU,NON-JUNCTION,ROADSIDE RIGHT,CLEAR,ICE/FROST,DARK-NOT LIGHTED,NON-INJURY ACCIDENT (PROPERTY- DAMAGE-ONLY ACCIDENT),FIXED OBJECT,45.4585699,-111.2477033
C000050N,065+0.250,,GALLATIN,September,2013,19:15,THU,NON-JUNCTION,ON ROADWAY,CLOUDY,WET,DARK-NOT LIGHTED,NON-INJURY ACCIDENT (PROPERTY- DAMAGE-ONLY ACCIDENT),"SIDESWIPE, OPPOSITE DIRECTION",45.45880551,-111.2479082
C000050N,065+0.320,,GALLATIN,December,2013,9:50,SAT,NON-JUNCTION,ON ROADWAY,CLEAR,ICE/FROST,DAYLIGHT,NON-INCAPACITATING EVIDENT INJURY ACCIDENT,"SIDESWIPE, SAME DIRECTION",45.4597173,-111.2487893
C000050N,065+0.330,,GALLATIN,July,2013,13:30,THU,NON-JUNCTION,ON ROADWAY,CLEAR,DRY,DAYLIGHT,NON-INJURY ACCIDENT (PROPERTY- DAMAGE-ONLY ACCIDENT),"SIDESWIPE, SAME DIRECTION",45.45976311,-111.248791
C000050N,065+0.360,,GALLATIN,November,2013,14:45,FRI,NON-JUNCTION,ROADSIDE RIGHT,CLEAR,ICE/FROST,DAYLIGHT,NON-INJURY ACCIDENT (PROPERTY- DAMAGE-ONLY ACCIDENT),ROLL OVER,45.46010794,-111.2491766
C000050N,065+0.360,,GALLATIN,November,2013,7:40,SAT,NON-JUNCTION,ROADSIDE RIGHT,CLOUDY,SNOW,DAYLIGHT,NON-INJURY ACCIDENT (PROPERTY- DAMAGE-ONLY ACCIDENT),ROLL OVER,45.46010983,-111.2491827
C000050N,065+0.381,,GALLATIN,March,2014,3:00,SAT,NON-JUNCTION,ROADSIDE RIGHT,SNOW,DRY,DARK-NOT LIGHTED,NON-INJURY ACCIDENT (PROPERTY- DAMAGE-ONLY ACCIDENT),FIXED OBJECT,45.46032867,-111.2493903
C000050N,065+0.530,,GALLATIN,March,2014,20:35,TUE,NON-JUNCTION,ROADSIDE RIGHT,CLEAR,ICE/FROST,DARK-NOT LIGHTED,NON-INJURY ACCIDENT (PROPERTY- DAMAGE-ONLY ACCIDENT),ROLL OVER,45.4616844,-111.2517901
C000050N,065+0.690,,GALLATIN,September,2013,11:15,MON,INTERSECTION,ON ROADWAY,CLEAR,DRY,DAYLIGHT,INCAPACITATING INJURY ACCIDENT,RIGHT ANGLE,45.46300267,-111.2544515
C000050N,065+0.690,,GALLATIN,February,2013,9:17,SUN,NON-JUNCTION,SHOULDER,CLOUDY,SNOW,DAYLIGHT,NON-INCAPACITATING EVIDENT INJURY ACCIDENT,ROLL OVER,45.46307098,-111.2543969
C000050N,065+0.722,,GALLATIN,September,2016,19:05,SAT,NON-JUNCTION,ROADSIDE LEFT,CLOUDY,DRY,DAYLIGHT,NON-INCAPACITATING EVIDENT INJURY ACCIDENT,OTHER,45.46331548,-111.2549235
C000050N,065+0.773,,GALLATIN,August,2016,12:16,THU,DRIVEWAY/ALLEY ACCESS RELATED,ROADSIDE RIGHT,CLEAR,DRY,DAYLIGHT,NON-INCAPACITATING EVIDENT INJURY ACCIDENT,ROLL OVER,45.4641305,-111.2551097
C000050N,065+0.930,,GALLATIN,April,2013,8:30,MON,NON-JUNCTION,ROADSIDE LEFT,SNOW,SNOW,DAYLIGHT,NON-INJURY ACCIDENT (PROPERTY- DAMAGE-ONLY ACCIDENT),ROLL OVER,45.46568667,-111.25767
C000050N,065+0.964,NOT IN CITY LIMITS,GALLATIN,JUNE,2017,6:24,SUN,NON-JUNCTION,SHOULDER,CLEAR,DRY,DAYLIGHT,NON-INJURY ACCIDENT (PROPERTY- DAMAGE-ONLY ACCIDENT),REAR-END,45.4656801,-111.2582969
C000050N,065+0.995,NOT IN CITY LIMITS,GALLATIN,JULY,2017,11:17,WED,NON-JUNCTION,ON ROADWAY,CLEAR,DRY,DAYLIGHT,NON-INJURY ACCIDENT (PROPERTY- DAMAGE-ONLY ACCIDENT),FIXED OBJECT,45.46587,-111.25889
C000050N,066+0.250,NOT IN CITY LIMITS,GALLATIN,AUGUST,2017,15:05,THU,NON-JUNCTION,ON ROADWAY,CLEAR,DRY,DAYLIGHT,NON-INJURY ACCIDENT (PROPERTY- DAMAGE-ONLY ACCIDENT),NOT FIXED OBJECT OR DEBRIS,45.4680365,-111.2629551
C000050N,066+0.250,NOT IN CITY LIMITS,GALLATIN,AUGUST,2017,15:05,THU,NON-JUNCTION,ON ROADWAY,CLEAR,DRY,DAYLIGHT,NON-INJURY ACCIDENT (PROPERTY- DAMAGE-ONLY ACCIDENT),NOT FIXED OBJECT OR DEBRIS,45.4680365,-111.2629551
C000050N,066+0.262,NOT IN CITY LIMITS,GALLATIN,JULY,2017,11:40,FRI,DRIVEWAY/ALLEY ACCESS RELATED,ON ROADWAY,CLEAR,DRY,DAYLIGHT,NON-INCAPACITATING EVIDENT INJURY ACCIDENT,RIGHT ANGLE,45.46827349,-111.2630458
C000050N,066+0.381,NOT IN CITY LIMITS,GALLATIN,FEBRUARY,2017,12:24,THU,NON-JUNCTION,ON ROADWAY,CLEAR,ICE/FROST,DAYLIGHT,NON-INJURY ACCIDENT (PROPERTY- DAMAGE-ONLY ACCIDENT),"SIDESWIPE, OPPOSITE DIRECTION",45.4692105,-111.2650323
C000050N,066+0.468,,GALLATIN,December,2014,11:35,SUN,NON-JUNCTION,ROADSIDE LEFT,SNOW,ICE/FROST,DAYLIGHT,NON-INJURY ACCIDENT (PROPERTY- DAMAGE-ONLY ACCIDENT),ROLL OVER,45.47007517,-111.2663952
C000050N,066+0.517,,GALLATIN,July,2016,22:15,SAT,NON-JUNCTION,ROADSIDE LEFT,CLEAR,DRY,DARK-NOT LIGHTED,NON-INJURY ACCIDENT (PROPERTY- DAMAGE-ONLY ACCIDENT),FIXED OBJECT,45.47051761,-111.2672141
C000050N,066+0.556,,GALLATIN,March,2014,19:20,SAT,NON-JUNCTION,SHOULDER,CLEAR,DRY,DAYLIGHT,NON-INJURY ACCIDENT (PROPERTY- DAMAGE-ONLY ACCIDENT),FIXED OBJECT,45.47089155,-111.267825
C000050N,066+0.561,,GALLATIN,August,2016,10:45,FRI,NON-JUNCTION,ROADSIDE RIGHT,CLEAR,DRY,DAYLIGHT,NON-INJURY ACCIDENT (PROPERTY- DAMAGE-ONLY ACCIDENT),ROLL OVER,45.47092996,-111.2679037
C000050N,066+0.561,,GALLATIN,March,2016,23:00,THU,NON-JUNCTION,ROADSIDE RIGHT,SNOW,SNOW,DARK-NOT LIGHTED,NON-INJURY ACCIDENT (PROPERTY- DAMAGE-ONLY ACCIDENT),ROLL OVER,45.47084667,-111.26795
C000050N,066+0.561,NOT IN CITY LIMITS,GALLATIN,JUNE,2017,20:56,TUE,NON-JUNCTION,ROADSIDE RIGHT,CLOUDY,WET,DARK-LIGHTED,UNKNOWN,FIXED OBJECT,45.47081321,-111.2679326
C000050N,066+0.603,,GALLATIN,January,2015,20:00,FRI,NON-JUNCTION,SHOULDER,SNOW,ICE/FROST,DARK-NOT LIGHTED,NON-INJURY ACCIDENT (PROPERTY- DAMAGE-ONLY ACCIDENT),FIXED OBJECT,45.47133165,-111.2685974
C000050N,066+0.690,,GALLATIN,February,2013,13:50,TUE,NON-JUNCTION,SHOULDER,CLOUDY,DRY,DAYLIGHT,NON-INCAPACITATING EVIDENT INJURY ACCIDENT,NOT FIXED OBJECT OR DEBRIS,45.47246248,-111.2696623
C000050N,066+0.858,NOT IN CITY LIMITS,GALLATIN,NOVEMBER,2017,6:25,SAT,NON-JUNCTION,ON ROADWAY,CLOUDY,ICE/FROST,DARK-NOT LIGHTED,NON-INJURY ACCIDENT (PROPERTY- DAMAGE-ONLY ACCIDENT),WILD ANIMAL,45.474795,-111.2700517
C000050N,066+0.900,,GALLATIN,June,2013,17:25,WED,NON-JUNCTION,ON ROADWAY,CLEAR,DRY,DAYLIGHT,NON-INJURY ACCIDENT (PROPERTY- DAMAGE-ONLY ACCIDENT),REAR-END,45.47545751,-111.2699355
C000050N,066+0.995,,GALLATIN,March,2016,16:00,TUE,NON-JUNCTION,ROADSIDE LEFT,SNOW,WET,DAYLIGHT,NON-INJURY ACCIDENT (PROPERTY- DAMAGE-ONLY ACCIDENT),FIXED OBJECT,45.47682,-111.26991
C000050N,066+0.995,,GALLATIN,March,2016,9:00,SAT,NON-JUNCTION,ON ROADWAY,CLEAR,DRY,DAYLIGHT,INCAPACITATING INJURY ACCIDENT,"SIDESWIPE, SAME DIRECTION",45.47682,-111.26991
C000050N,067+0.120,,GALLATIN,August,2013,15:50,TUE,DRIVEWAY/ALLEY ACCESS RELATED,ON ROADWAY,CLOUDY,DRY,DAYLIGHT,NON-INJURY ACCIDENT (PROPERTY- DAMAGE-ONLY ACCIDENT),REAR-END,45.47866333,-111.2701133
C000050N,067+0.247,,GALLATIN,March,2016,7:00,WED,NON-JUNCTION,ROADSIDE RIGHT,CLOUDY,ICE/FROST,DAYLIGHT,NON-INJURY ACCIDENT (PROPERTY- DAMAGE-ONLY ACCIDENT),ROLL OVER,45.48033387,-111.2707252
C000050N,067+0.330,,GALLATIN,August,2013,14:25,THU,NON-JUNCTION,ON ROADWAY,CLEAR,DRY,DAYLIGHT,NON-INJURY ACCIDENT (PROPERTY- DAMAGE-ONLY ACCIDENT),RIGHT ANGLE,45.48154721,-111.2708677
C000050N,067+0.395,,GALLATIN,February,2014,16:45,SUN,NON-JUNCTION,ROADSIDE RIGHT,CLOUDY,SNOW,DAYLIGHT,NON-INJURY ACCIDENT (PROPERTY- DAMAGE-ONLY ACCIDENT),OTHER,45.48250283,-111.2709464
C000050N,067+0.760,,GALLATIN,October,2013,16:00,THU,NON-JUNCTION,ON ROADWAY,CLOUDY,DRY,DAYLIGHT,NON-INJURY ACCIDENT (PROPERTY- DAMAGE-ONLY ACCIDENT),REAR-END,45.48774839,-111.2709396
C000050N,067+0.803,NOT IN CITY LIMITS,GALLATIN,JUNE,2017,16:00,MON,NON-JUNCTION,ON ROADWAY,CLEAR,DRY,DAYLIGHT,NON-INJURY ACCIDENT (PROPERTY- DAMAGE-ONLY ACCIDENT),WILD ANIMAL,45.48839227,-111.2710167
C000050N,067+1.014,NOT IN CITY LIMITS,GALLATIN,JUNE,2017,17:30,TUE,NON-JUNCTION,ON ROADWAY,CLOUDY,DRY,DAYLIGHT,NON-INJURY ACCIDENT (PROPERTY- DAMAGE-ONLY ACCIDENT),WILD ANIMAL,45.49128,-111.27237
C000050N,068+0.000,,GALLATIN,February,2013,15:22,MON,NON-JUNCTION,ROADSIDE LEFT,CLEAR,DRY,DAYLIGHT,INCAPACITATING INJURY ACCIDENT,ROLL OVER,45.4913138,-111.2724491
C000050N,068+0.023,,GALLATIN,December,2016,16:50,FRI,NON-JUNCTION,ROADSIDE RIGHT,SNOW,SNOW,DUSK,NON-INJURY ACCIDENT (PROPERTY- DAMAGE-ONLY ACCIDENT),FIXED OBJECT,45.49156003,-111.2725759
C000050N,068+0.098,,GALLATIN,June,2016,16:50,FRI,NON-JUNCTION,ON ROADWAY,CLEAR,DRY,DAYLIGHT,NON-INJURY ACCIDENT (PROPERTY- DAMAGE-ONLY ACCIDENT),OTHER,45.49276178,-111.2724832
C000050N,068+0.242,,GALLATIN,September,2014,23:05,SAT,NON-JUNCTION,ON ROADWAY,CLOUDY,DRY,DARK-NOT LIGHTED,NON-INJURY ACCIDENT (PROPERTY- DAMAGE-ONLY ACCIDENT),DOMESTIC ANIMAL,45.4947767,-111.2718821
C000050N,068+0.248,,GALLATIN,November,2015,7:45,MON,NON-JUNCTION,ON ROADWAY,CLEAR,DRY,DAWN,NON-INJURY ACCIDENT (PROPERTY- DAMAGE-ONLY ACCIDENT),WILD ANIMAL,45.49489623,-111.2719163
C000050N,068+0.248,,GALLATIN,May,2016,15:45,MON,NON-JUNCTION,ON ROADWAY,CLOUDY,DRY,DAYLIGHT,NON-INJURY ACCIDENT (PROPERTY- DAMAGE-ONLY ACCIDENT),REAR-END,45.49490823,-111.2718097
C000050N,068+0.377,NOT IN CITY LIMITS,GALLATIN,FEBRUARY,2017,3:05,FRI,NON-JUNCTION,ON ROADWAY,CLOUDY,ICE/FROST,DARK-NOT LIGHTED,NON-INJURY ACCIDENT (PROPERTY- DAMAGE-ONLY ACCIDENT),REAR-END,45.49670717,-111.2715308
C000050N,068+0.510,,GALLATIN,June,2013,23:20,SUN,ENTRANCE/EXIT RAMP,ROADSIDE RIGHT,RAIN,WET,DARK-NOT LIGHTED,NON-INJURY ACCIDENT (PROPERTY- DAMAGE-ONLY ACCIDENT),ROLL OVER,45.49862207,-111.2710625
C000050N,068+0.564,,GALLATIN,January,2016,17:00,FRI,NON-JUNCTION,SHOULDER,CLEAR,DRY,DUSK,NON-INJURY ACCIDENT (PROPERTY- DAMAGE-ONLY ACCIDENT),FIXED OBJECT,45.4993632,-111.2708849
C000050N,068+0.620,,GALLATIN,August,2014,20:20,MON,NON-JUNCTION,SHOULDER,RAIN,WET,DAYLIGHT,NON-INJURY ACCIDENT (PROPERTY- DAMAGE-ONLY ACCIDENT),ROLL OVER,45.50019644,-111.2706322
C000050N,068+0.620,,GALLATIN,June,2016,13:10,SUN,INTERSECTION,ON ROADWAY,CLEAR,DRY,DAYLIGHT,POSSIBLE INJURY ACCIDENT,REAR-END,45.50014884,-111.2706542
C000050N,068+0.850,,GALLATIN,January,2013,9:20,WED,NON-JUNCTION,ROADSIDE RIGHT,CLOUDY,ICE/FROST,DAYLIGHT,NON-INJURY ACCIDENT (PROPERTY- DAMAGE-ONLY ACCIDENT),FIXED OBJECT,45.50294167,-111.2678917
C000050N,068+0.860,,GALLATIN,March,2013,14:35,SUN,NON-JUNCTION,SHOULDER,SNOW,SNOW,DAYLIGHT,NON-INCAPACITATING EVIDENT INJURY ACCIDENT,"SIDESWIPE, OPPOSITE DIRECTION",45.50303782,-111.267907
C000050N,068+0.890,,GALLATIN,March,2013,8:15,SAT,NON-JUNCTION,ROADSIDE RIGHT,CLOUDY,ICE/FROST,DAYLIGHT,NON-INJURY ACCIDENT (PROPERTY- DAMAGE-ONLY ACCIDENT),FIXED OBJECT,45.50354325,-111.2677089
C000050N,068+0.890,,GALLATIN,March,2013,9:00,SAT,NON-JUNCTION,ROADSIDE LEFT,CLOUDY,ICE/FROST,DAYLIGHT,NON-INJURY ACCIDENT (PROPERTY- DAMAGE-ONLY ACCIDENT),FIXED OBJECT,45.50354325,-111.2677089
C000050N,068+0.892,,GALLATIN,August,2015,15:45,WED,NON-JUNCTION,SHOULDER,CLEAR,DRY,DAYLIGHT,NON-INCAPACITATING EVIDENT INJURY ACCIDENT,ROLL OVER,45.50345105,-111.267668
C000050N,069+0.000,,GALLATIN,November,2014,12:50,WED,NON-JUNCTION,SHOULDER,CLOUDY,ICE/FROST,DAYLIGHT,NON-INJURY ACCIDENT (PROPERTY- DAMAGE-ONLY ACCIDENT),FIXED OBJECT,45.50443168,-111.267008
C000050N,069+0.000,NOT IN CITY LIMITS,GALLATIN,OCTOBER,2017,6:15,TUE,NON-JUNCTION,SHOULDER,SNOW,ICE/FROST,DARK-NOT LIGHTED,NON-INJURY ACCIDENT (PROPERTY- DAMAGE-ONLY ACCIDENT),ROLL OVER,45.50443,-111.26701
C000050N,069+0.007,,GALLATIN,July,2016,18:35,WED,NON-JUNCTION,ROADSIDE RIGHT,CLEAR,DRY,DAYLIGHT,NON-INCAPACITATING EVIDENT INJURY ACCIDENT,FIXED OBJECT,45.50456446,-111.2670032
C000050N,069+0.007,NOT IN CITY LIMITS,GALLATIN,NOVEMBER,2017,12:10,MON,NON-JUNCTION,ON ROADWAY,CLEAR,DRY,DAYLIGHT,NON-INJURY ACCIDENT (PROPERTY- DAMAGE-ONLY ACCIDENT),RIGHT ANGLE,45.50453518,-111.2670093
C000050N,069+0.012,,GALLATIN,November,2016,1:30,MON,NON-JUNCTION,ROADSIDE RIGHT,CLEAR,DRY,DARK-NOT LIGHTED,NON-INJURY ACCIDENT (PROPERTY- DAMAGE-ONLY ACCIDENT),NOT FIXED OBJECT OR DEBRIS,45.50464983,-111.2671104
C000050N,069+0.080,,GALLATIN,February,2013,17:55,WED,NON-JUNCTION,ROADSIDE LEFT,SNOW,ICE/FROST,DUSK,NON-INJURY ACCIDENT (PROPERTY- DAMAGE-ONLY ACCIDENT),FIXED OBJECT,45.505495,-111.26604
C000050N,069+0.140,,GALLATIN,January,2013,3:43,SUN,NON-JUNCTION,SHOULDER,CLEAR,ICE/FROST,DARK-NOT LIGHTED,NON-INCAPACITATING EVIDENT INJURY ACCIDENT,ROLL OVER,45.50609667,-111.2650133
C000050N,069+0.143,,GALLATIN,September,2016,17:10,MON,DRIVEWAY/ALLEY ACCESS RELATED,ON ROADWAY,CLOUDY,WET,DAYLIGHT,NON-INJURY ACCIDENT (PROPERTY- DAMAGE-ONLY ACCIDENT),REAR-END,45.50610646,-111.2652797
C000050N,069+0.170,,GALLATIN,June,2013,18:00,WED,NON-JUNCTION,ROADSIDE RIGHT,CLEAR,DRY,DAYLIGHT,NON-INJURY ACCIDENT (PROPERTY- DAMAGE-ONLY ACCIDENT),ROLL OVER,45.50632333,-111.264695
C000050N,069+0.210,,GALLATIN,September,2013,18:51,FRI,NON-JUNCTION,ON ROADWAY,CLEAR,DRY,DUSK,POSSIBLE INJURY ACCIDENT,"SIDESWIPE, OPPOSITE DIRECTION",45.50678755,-111.2641094
C000050N,069+0.217,NOT IN CITY LIMITS,GALLATIN,JANUARY,2017,3:00,SUN,NON-JUNCTION,ROADSIDE LEFT,CLOUDY,DRY,DARK-NOT LIGHTED,NON-INCAPACITATING EVIDENT INJURY ACCIDENT,FIXED OBJECT,45.50678493,-111.2641567
C000050N,069+0.366,NOT IN CITY LIMITS,GALLATIN,JANUARY,2017,8:47,TUE,NON-JUNCTION,ROADSIDE RIGHT,SNOW,ICE/FROST,DAYLIGHT,NON-INJURY ACCIDENT (PROPERTY- DAMAGE-ONLY ACCIDENT),ROLL OVER,45.50824927,-111.2618145
C000050N,069+0.390,NOT IN CITY LIMITS,GALLATIN,OCTOBER,2017,17:07,TUE,NON-JUNCTION,ON ROADWAY,CLOUDY,DRY,DAYLIGHT,NON-INJURY ACCIDENT (PROPERTY- DAMAGE-ONLY ACCIDENT),"SIDESWIPE, OPPOSITE DIRECTION",45.50865924,-111.2616872
C000050N,069+0.403,,GALLATIN,October,2015,7:50,MON,NON-JUNCTION,ON ROADWAY,CLEAR,DRY,DAYLIGHT,NON-INJURY ACCIDENT (PROPERTY- DAMAGE-ONLY ACCIDENT),FIXED OBJECT,45.50867333,-111.2614383
C000050N,069+0.454,,GALLATIN,November,2016,23:00,THU,NON-JUNCTION,ROADSIDE RIGHT,CLEAR,DRY,DARK-NOT LIGHTED,NON-INCAPACITATING EVIDENT INJURY ACCIDENT,ROLL OVER,45.50927167,-111.2608417
C000050N,069+0.521,,GALLATIN,August,2014,21:44,SAT,NON-JUNCTION,ON ROADWAY,CLOUDY,DRY,DARK-NOT LIGHTED,NON-INJURY ACCIDENT (PROPERTY- DAMAGE-ONLY ACCIDENT),WILD ANIMAL,45.51018901,-111.2601206
C000050N,069+0.677,NOT IN CITY LIMITS,GALLATIN,OCTOBER,2017,6:38,TUE,NON-JUNCTION,ROADSIDE RIGHT,CLOUDY,ICE/FROST,DARK-NOT LIGHTED,NON-INJURY ACCIDENT (PROPERTY- DAMAGE-ONLY ACCIDENT),ROLL OVER,45.51211517,-111.2586302
C000050N,069+0.688,,GALLATIN,December,2016,1:50,SUN,NON-JUNCTION,ROADSIDE RIGHT,CLOUDY,ICE/FROST,DAYLIGHT,NON-INCAPACITATING EVIDENT INJURY ACCIDENT,FIXED OBJECT,45.51227155,-111.2584431
C000050N,069+0.713,NOT IN CITY LIMITS,GALLATIN,SEPTEMBER,2017,1:20,FRI,NON-JUNCTION,ON ROADWAY,CLEAR,DRY,DARK-NOT LIGHTED,NON-INJURY ACCIDENT (PROPERTY- DAMAGE-ONLY ACCIDENT),WILD ANIMAL,45.51261719,-111.2582468
C000050N,069+0.769,,GALLATIN,November,2016,19:00,THU,NON-JUNCTION,ON ROADWAY,CLOUDY,DRY,DARK-NOT LIGHTED,INCAPACITATING INJURY ACCIDENT,PEDESTRIAN,45.51327967,-111.2575182
C000050N,069+0.807,NOT IN CITY LIMITS,GALLATIN,DECEMBER,2017,2:15,WED,NON-JUNCTION,ROADSIDE RIGHT,CLOUDY,ICE/FROST,DARK-NOT LIGHTED,NON-INJURY ACCIDENT (PROPERTY- DAMAGE-ONLY ACCIDENT),ROLL OVER,45.51381725,-111.2573135
C000050N,069+0.875,,GALLATIN,July,2015,13:00,TUE,NON-JUNCTION,ON ROADWAY,CLEAR,DRY,DAYLIGHT,NON-INJURY ACCIDENT (PROPERTY- DAMAGE-ONLY ACCIDENT),"SIDESWIPE, SAME DIRECTION",45.51461499,-111.2565893