MDT_CORRIDOR_ID,SMS_REFPOST_OFFSET,CITY,COUNTY,Month,Year,SMS_TIME,SMT_CRASH_OCC_DAY_OF_WEEK,JUNCTION_RELATED,ROADWAY_RELATED,WEATHER_COND,ROAD_COND,LIGHT_COND,CRASH_SEVERITY,COLLISION_TYPE,LATITUDE,LONGITUDE
C000050N,069+0.887,NOT IN CITY LIMITS,GALLATIN,OCTOBER,2017,12:10,WED,NON-JUNCTION,ON ROADWAY,CLEAR,DRY,DAYLIGHT,NON-INJURY ACCIDENT (PROPERTY- DAMAGE-ONLY ACCIDENT),WILD ANIMAL,45.51485996,-111.2565785
C000050N,069+0.893,,GALLATIN,May,2014,20:45,FRI,NON-JUNCTION,ON ROADWAY,CLOUDY,DRY,DUSK,NON-INJURY ACCIDENT (PROPERTY- DAMAGE-ONLY ACCIDENT),WILD ANIMAL,45.51489333,-111.2565583
C000050N,069+0.893,NOT IN CITY LIMITS,GALLATIN,DECEMBER,2017,17:45,WED,NON-JUNCTION,ROADSIDE RIGHT,CLOUDY,ICE/FROST,DARK-NOT LIGHTED,NON-INJURY ACCIDENT (PROPERTY- DAMAGE-ONLY ACCIDENT),ROLL OVER,45.51484038,-111.2564391
C000050N,069+0.990,,GALLATIN,July,2013,4:00,THU,NON-JUNCTION,OUTSIDE RIGHT-OF-WAY (TRAFFICWAY),CLEAR,DRY,DARK-NOT LIGHTED,NON-INCAPACITATING EVIDENT INJURY ACCIDENT,FIXED OBJECT,45.51621669,-111.2553804
C000050N,070+0.004,,GALLATIN,December,2016,15:20,MON,NON-JUNCTION,ROADSIDE RIGHT,CLOUDY,WET,DAYLIGHT,NON-INJURY ACCIDENT (PROPERTY- DAMAGE-ONLY ACCIDENT),FIXED OBJECT,45.51634644,-111.255196
C000050N,070+0.078,,GALLATIN,June,2014,10:05,THU,NON-JUNCTION,ON ROADWAY,CLEAR,DRY,DAYLIGHT,NON-INJURY ACCIDENT (PROPERTY- DAMAGE-ONLY ACCIDENT),OTHER,45.51731975,-111.2546086
C000050N,070+0.091,,GALLATIN,October,2015,20:20,MON,NON-JUNCTION,ON ROADWAY,RAIN,WET,DARK-NOT LIGHTED,NON-INJURY ACCIDENT (PROPERTY- DAMAGE-ONLY ACCIDENT),WILD ANIMAL,45.51749049,-111.2544515
C000050N,070+0.096,,GALLATIN,November,2014,20:00,WED,NON-JUNCTION,ROADSIDE RIGHT,CLEAR,ICE/FROST,UNKNOWN,NON-INJURY ACCIDENT (PROPERTY- DAMAGE-ONLY ACCIDENT),FIXED OBJECT,45.51755833,-111.254335
C000050N,070+0.165,,GALLATIN,April,2016,13:30,THU,NON-JUNCTION,ON ROADWAY,CLEAR,DRY,DAYLIGHT,NON-INJURY ACCIDENT (PROPERTY- DAMAGE-ONLY ACCIDENT),OTHER,45.51840571,-111.253707
C000050N,070+0.233,,GALLATIN,November,2014,13:45,WED,NON-JUNCTION,ON ROADWAY,CLOUDY,WET,DAYLIGHT,NON-INJURY ACCIDENT (PROPERTY- DAMAGE-ONLY ACCIDENT),"SIDESWIPE, OPPOSITE DIRECTION",45.51922346,-111.2529102
C000050N,070+0.282,NOT IN CITY LIMITS,GALLATIN,MAY,2017,5:15,WED,NON-JUNCTION,ON ROADWAY,CLEAR,DRY,DAYLIGHT,NON-INJURY ACCIDENT (PROPERTY- DAMAGE-ONLY ACCIDENT),WILD ANIMAL,45.51991177,-111.2526073
C000050N,070+0.338,NOT IN CITY LIMITS,GALLATIN,JUNE,2017,10:03,FRI,NON-JUNCTION,ROADSIDE RIGHT,CLEAR,DRY,DAYLIGHT,NON-INJURY ACCIDENT (PROPERTY- DAMAGE-ONLY ACCIDENT),REAR-END,45.52063876,-111.2520708
C000050N,070+0.370,,GALLATIN,June,2013,1:50,THU,NON-JUNCTION,ON ROADWAY,CLEAR,DRY,DARK-NOT LIGHTED,NON-INJURY ACCIDENT (PROPERTY- DAMAGE-ONLY ACCIDENT),"SIDESWIPE, OPPOSITE DIRECTION",45.52113333,-111.2515967
C000050N,070+0.394,NOT IN CITY LIMITS,GALLATIN,JUNE,2017,11:31,WED,NON-JUNCTION,ON ROADWAY,CLOUDY,DRY,DAYLIGHT,NON-INJURY ACCIDENT (PROPERTY- DAMAGE-ONLY ACCIDENT),WILD ANIMAL,45.52129763,-111.2513556
C000050N,070+0.401,NOT IN CITY LIMITS,GALLATIN,MAY,2017,5:45,SUN,NON-JUNCTION,ROADSIDE LEFT,CLOUDY,ICE/FROST,DAYLIGHT,NON-INJURY ACCIDENT (PROPERTY- DAMAGE-ONLY ACCIDENT),FIXED OBJECT,45.52135639,-111.2512208
C000050N,070+0.407,NOT IN CITY LIMITS,GALLATIN,OCTOBER,2017,7:55,THU,NON-JUNCTION,ROADSIDE RIGHT,CLOUDY,ICE/FROST,DAYLIGHT,NON-INJURY ACCIDENT (PROPERTY- DAMAGE-ONLY ACCIDENT),FIXED OBJECT,45.5214076,-111.2511321
C000050N,087+0.895,BOZEMAN,GALLATIN,March,2015,13:42,SUN,INTERSECTION,ON ROADWAY,CLEAR,DRY,DAYLIGHT,POSSIBLE INJURY ACCIDENT,REAR-END,45.67933772,-111.0626283
C000050N,070+0.505,NOT IN CITY LIMITS,GALLATIN,OCTOBER,2017,7:48,THU,NON-JUNCTION,ROADSIDE RIGHT,CLOUDY,ICE/FROST,DAYLIGHT,NON-INCAPACITATING EVIDENT INJURY ACCIDENT,HEAD ON,45.52247998,-111.2498002
C000050N,070+0.525,,GALLATIN,March,2015,2:15,TUE,NON-JUNCTION,SHOULDER,SNOW,ICE/FROST,DARK-NOT LIGHTED,NON-INCAPACITATING EVIDENT INJURY ACCIDENT,FIXED OBJECT,45.52267117,-111.2494382
C000050N,070+0.530,,GALLATIN,January,2014,6:35,WED,NON-JUNCTION,ROADSIDE RIGHT,CLOUDY,DRY,DARK-NOT LIGHTED,NON-INJURY ACCIDENT (PROPERTY- DAMAGE-ONLY ACCIDENT),FIXED OBJECT,45.52270194,-111.2494108
C000050N,070+0.530,NOT IN CITY LIMITS,GALLATIN,MARCH,2017,3:30,WED,NON-JUNCTION,ROADSIDE RIGHT,CLOUDY,DRY,DARK-NOT LIGHTED,NON-INJURY ACCIDENT (PROPERTY- DAMAGE-ONLY ACCIDENT),FIXED OBJECT,45.52274291,-111.249452
C000050N,070+0.540,,GALLATIN,November,2013,6:35,THU,NON-JUNCTION,ROADSIDE LEFT,CLEAR,ICE/FROST,DARK-NOT LIGHTED,POSSIBLE INJURY ACCIDENT,FIXED OBJECT,45.52288485,-111.2493129
C000050N,070+0.549,,GALLATIN,October,2014,18:08,WED,NON-JUNCTION,ON ROADWAY,CLEAR,DRY,DAYLIGHT,NON-INCAPACITATING EVIDENT INJURY ACCIDENT,REAR-END,45.52285935,-111.2491339
C000050N,070+0.600,,GALLATIN,November,2013,23:45,MON,NON-JUNCTION,SHOULDER,SNOW,ICE/FROST,DARK-NOT LIGHTED,NON-INJURY ACCIDENT (PROPERTY- DAMAGE-ONLY ACCIDENT),FIXED OBJECT,45.52346333,-111.248255
C000050N,070+0.747,,GALLATIN,February,2014,23:46,WED,NON-JUNCTION,ON ROADWAY,CLEAR,DRY,DARK-NOT LIGHTED,NON-INJURY ACCIDENT (PROPERTY- DAMAGE-ONLY ACCIDENT),WILD ANIMAL,45.52496458,-111.2462529
C000050N,070+0.822,,GALLATIN,November,2014,0:10,THU,NON-JUNCTION,ON ROADWAY,CLOUDY,DRY,DARK-NOT LIGHTED,NON-INJURY ACCIDENT (PROPERTY- DAMAGE-ONLY ACCIDENT),WILD ANIMAL,45.52581648,-111.2452649
C000050N,070+1.002,,GALLATIN,August,2014,20:50,MON,NON-JUNCTION,SHOULDER,CLOUDY,DRY,DUSK,NON-INJURY ACCIDENT (PROPERTY- DAMAGE-ONLY ACCIDENT),FIXED OBJECT,45.5276,-111.24258
C000050N,070+1.002,NOT IN CITY LIMITS,GALLATIN,OCTOBER,2017,11:25,FRI,NON-JUNCTION,ON ROADWAY,CLOUDY,DRY,DAYLIGHT,NON-INJURY ACCIDENT (PROPERTY- DAMAGE-ONLY ACCIDENT),WILD ANIMAL,45.5276,-111.24258
C000050N,071+0.011,,GALLATIN,October,2014,17:25,WED,NON-JUNCTION,ROADSIDE RIGHT,CLOUDY,DRY,DAYLIGHT,INCAPACITATING INJURY ACCIDENT,ROLL OVER,45.52779667,-111.2424917
C000050N,071+0.122,,GALLATIN,December,2016,6:19,FRI,NON-JUNCTION,ON ROADWAY,CLOUDY,ICE/FROST,DARK-NOT LIGHTED,NON-INCAPACITATING EVIDENT INJURY ACCIDENT,WILD ANIMAL,45.52887078,-111.2407987
C000050N,071+0.129,,GALLATIN,January,2016,21:22,THU,NON-JUNCTION,ON ROADWAY,CLOUDY,DRY,DARK-NOT LIGHTED,NON-INJURY ACCIDENT (PROPERTY- DAMAGE-ONLY ACCIDENT),WILD ANIMAL,45.52891973,-111.240758
C000050N,071+0.170,,GALLATIN,October,2013,13:00,SUN,NON-JUNCTION,ON ROADWAY,SNOW,SLUSH,DAYLIGHT,NON-INCAPACITATING EVIDENT INJURY ACCIDENT,ROLL OVER,45.52951005,-111.2402636
C000050N,071+0.365,,GALLATIN,October,2015,18:15,THU,NON-JUNCTION,ON ROADWAY,CLOUDY,DRY,DAYLIGHT,NON-INJURY ACCIDENT (PROPERTY- DAMAGE-ONLY ACCIDENT),"SIDESWIPE, SAME DIRECTION",45.53145583,-111.2373789
C000050N,071+0.519,,GALLATIN,September,2016,10:10,TUE,NON-JUNCTION,ON ROADWAY,CLOUDY,DRY,DAYLIGHT,NON-INJURY ACCIDENT (PROPERTY- DAMAGE-ONLY ACCIDENT),REAR-END,45.53308099,-111.2353131
C000050N,071+0.544,,GALLATIN,February,2016,18:50,THU,NON-JUNCTION,ON ROADWAY,CLOUDY,DRY,DARK-NOT LIGHTED,NON-INJURY ACCIDENT (PROPERTY- DAMAGE-ONLY ACCIDENT),WILD ANIMAL,45.53333312,-111.2348079
C000050N,071+0.593,,GALLATIN,October,2015,0:12,SAT,NON-JUNCTION,ON ROADWAY,CLOUDY,DRY,DARK-NOT LIGHTED,NON-INJURY ACCIDENT (PROPERTY- DAMAGE-ONLY ACCIDENT),WILD ANIMAL,45.53384878,-111.2342478
C000050N,072+0.150,,GALLATIN,September,2013,20:55,MON,NON-JUNCTION,ON ROADWAY,CLOUDY,DRY,DARK-LIGHTED,NON-INJURY ACCIDENT (PROPERTY- DAMAGE-ONLY ACCIDENT),WILD ANIMAL,45.53955,-111.2264583
C000050N,072+0.200,,GALLATIN,October,2013,11:40,WED,INTERSECTION-RELATED,ON ROADWAY,CLEAR,DRY,DAYLIGHT,NON-INJURY ACCIDENT (PROPERTY- DAMAGE-ONLY ACCIDENT),"LEFT TURN, SAME DIRECTION",45.53998911,-111.2255871
C000050N,072+0.229,,GALLATIN,June,2016,9:50,TUE,INTERSECTION,ON ROADWAY,CLOUDY,DRY,DAYLIGHT,NON-INJURY ACCIDENT (PROPERTY- DAMAGE-ONLY ACCIDENT),"SIDESWIPE, SAME DIRECTION",45.540358,-111.2251431
C000050N,072+0.299,,GALLATIN,January,2015,17:40,MON,NON-JUNCTION,ON ROADWAY,CLOUDY,DRY,DARK-NOT LIGHTED,NON-INJURY ACCIDENT (PROPERTY- DAMAGE-ONLY ACCIDENT),WILD ANIMAL,45.54108538,-111.2243303
C000050N,072+0.404,,GALLATIN,September,2016,5:00,THU,NON-JUNCTION,ON ROADWAY,RAIN,WET,DARK-NOT LIGHTED,NON-INJURY ACCIDENT (PROPERTY- DAMAGE-ONLY ACCIDENT),WILD ANIMAL,45.54222729,-111.2228933
C000050N,072+0.478,NOT IN CITY LIMITS,GALLATIN,JANUARY,2017,19:00,SAT,NON-JUNCTION,ON ROADWAY,CLEAR,DRY,DARK-NOT LIGHTED,NON-INJURY ACCIDENT (PROPERTY- DAMAGE-ONLY ACCIDENT),WILD ANIMAL,45.54293816,-111.2216198
C000050N,072+0.650,,GALLATIN,April,2013,7:45,FRI,NON-JUNCTION,ON ROADWAY,CLOUDY,DRY,DAYLIGHT,NON-INCAPACITATING EVIDENT INJURY ACCIDENT,LOST CONTROL,45.544765,-111.2190283
C000050N,072+0.670,,GALLATIN,August,2013,21:40,WED,NON-JUNCTION,ON ROADWAY,CLEAR,DRY,DARK-NOT LIGHTED,NON-INJURY ACCIDENT (PROPERTY- DAMAGE-ONLY ACCIDENT),WILD ANIMAL,45.54505027,-111.2189345
C000050N,072+0.670,,GALLATIN,November,2014,6:40,FRI,NON-JUNCTION,ON ROADWAY,CLOUDY,DRY,DARK-NOT LIGHTED,NON-INJURY ACCIDENT (PROPERTY- DAMAGE-ONLY ACCIDENT),WILD ANIMAL,45.54499577,-111.2189908
C000050N,072+0.676,,GALLATIN,December,2014,6:30,TUE,NON-JUNCTION,ON ROADWAY,CLEAR,DRY,DAWN,NON-INJURY ACCIDENT (PROPERTY- DAMAGE-ONLY ACCIDENT),WILD ANIMAL,45.54503667,-111.2189367
C000050N,072+0.739,,GALLATIN,November,2015,6:33,SUN,NON-JUNCTION,ON ROADWAY,CLEAR,DRY,DAWN,NON-INJURY ACCIDENT (PROPERTY- DAMAGE-ONLY ACCIDENT),WILD ANIMAL,45.54574007,-111.2179784
C000050N,072+0.780,,GALLATIN,October,2013,21:22,THU,NON-JUNCTION,ON ROADWAY,CLOUDY,WET,DARK-NOT LIGHTED,NON-INJURY ACCIDENT (PROPERTY- DAMAGE-ONLY ACCIDENT),WILD ANIMAL,45.54616,-111.217405
C000050N,072+0.875,,GALLATIN,March,2014,15:30,MON,NON-JUNCTION,ON ROADWAY,CLOUDY,DRY,DAYLIGHT,NON-INJURY ACCIDENT (PROPERTY- DAMAGE-ONLY ACCIDENT),WILD ANIMAL,45.54715006,-111.2161066
C000050N,072+0.880,,GALLATIN,July,2013,11:00,FRI,NON-JUNCTION,ON ROADWAY,CLEAR,DRY,DAYLIGHT,NON-INJURY ACCIDENT (PROPERTY- DAMAGE-ONLY ACCIDENT),WILD ANIMAL,45.54717268,-111.2160244
C000050N,072+0.906,,GALLATIN,November,2015,22:01,WED,NON-JUNCTION,ON ROADWAY,CLEAR,DRY,DARK-NOT LIGHTED,NON-INJURY ACCIDENT (PROPERTY- DAMAGE-ONLY ACCIDENT),WILD ANIMAL,45.54735211,-111.2155604
C000050N,072+0.918,,GALLATIN,December,2014,18:02,FRI,NON-JUNCTION,ON ROADWAY,CLEAR,ICE/FROST,DARK-NOT LIGHTED,NON-INJURY ACCIDENT (PROPERTY- DAMAGE-ONLY ACCIDENT),WILD ANIMAL,45.5475308,-111.2154141
C000050N,087+0.895,BOZEMAN,GALLATIN,April,2016,23:27,MON,INTERSECTION,ON ROADWAY,CLEAR,DRY,DARK-LIGHTED,POSSIBLE INJURY ACCIDENT,RIGHT ANGLE,45.67935479,-111.0626033
C000050N,072+0.925,,GALLATIN,January,2016,18:50,SAT,NON-JUNCTION,ON ROADWAY,CLEAR,DRY,DARK-NOT LIGHTED,NON-INJURY ACCIDENT (PROPERTY- DAMAGE-ONLY ACCIDENT),WILD ANIMAL,45.54759451,-111.2152804
C000050N,072+0.930,,GALLATIN,January,2016,22:30,WED,NON-JUNCTION,ON ROADWAY,CLEAR,DRY,DARK-NOT LIGHTED,NON-INJURY ACCIDENT (PROPERTY- DAMAGE-ONLY ACCIDENT),WILD ANIMAL,45.54765259,-111.215276
C000050N,072+1.011,,GALLATIN,December,2014,7:40,TUE,NON-JUNCTION,ON ROADWAY,CLEAR,DRY,DAWN,NON-INJURY ACCIDENT (PROPERTY- DAMAGE-ONLY ACCIDENT),WILD ANIMAL,45.54853833,-111.2141033
C000050N,073+0.050,,GALLATIN,October,2013,7:30,WED,NON-JUNCTION,ON ROADWAY,CLEAR,DRY,DAWN,NON-INJURY ACCIDENT (PROPERTY- DAMAGE-ONLY ACCIDENT),WILD ANIMAL,45.54908691,-111.2133406
C000050N,073+0.220,,GALLATIN,August,2013,6:18,SUN,NON-JUNCTION,ON ROADWAY,CLEAR,DRY,DAWN,POSSIBLE INJURY ACCIDENT,DOMESTIC ANIMAL,45.55088438,-111.2109855
C000050N,073+0.394,,GALLATIN,September,2014,20:30,TUE,NON-JUNCTION,ON ROADWAY,CLEAR,DRY,DARK-NOT LIGHTED,NON-INJURY ACCIDENT (PROPERTY- DAMAGE-ONLY ACCIDENT),WILD ANIMAL,45.55259423,-111.2083819
C000050N,073+0.654,,GALLATIN,December,2015,0:00,MON,NON-JUNCTION,ON ROADWAY,CLOUDY,ICE/FROST,DARK-NOT LIGHTED,NON-INJURY ACCIDENT (PROPERTY- DAMAGE-ONLY ACCIDENT),RIGHT ANGLE,45.55541852,-111.2047619
C000050N,073+0.700,,GALLATIN,January,2013,6:23,TUE,NON-JUNCTION,ON ROADWAY,CLOUDY,DRY,DARK-NOT LIGHTED,NON-INJURY ACCIDENT (PROPERTY- DAMAGE-ONLY ACCIDENT),DOMESTIC ANIMAL,45.555935,-111.2040683
C000050N,073+0.747,,GALLATIN,August,2014,15:55,TUE,DRIVEWAY/ALLEY ACCESS RELATED,ON ROADWAY,RAIN,WET,DAYLIGHT,NON-INCAPACITATING EVIDENT INJURY ACCIDENT,REAR-END,45.55630275,-111.203375
C000050N,074+0.044,,GALLATIN,December,2014,17:45,SAT,NON-JUNCTION,ON ROADWAY,CLOUDY,DRY,DARK-NOT LIGHTED,NON-INJURY ACCIDENT (PROPERTY- DAMAGE-ONLY ACCIDENT),WILD ANIMAL,45.55931853,-111.1993319
C000050N,074+0.130,,GALLATIN,January,2015,19:30,MON,NON-JUNCTION,ON ROADWAY,CLEAR,ICE/FROST,DARK-NOT LIGHTED,NON-INJURY ACCIDENT (PROPERTY- DAMAGE-ONLY ACCIDENT),REAR-END,45.56022017,-111.1980888
C000050N,074+0.292,,GALLATIN,October,2016,19:00,MON,NON-JUNCTION,ON ROADWAY,CLOUDY,DRY,DARK-NOT LIGHTED,NON-INJURY ACCIDENT (PROPERTY- DAMAGE-ONLY ACCIDENT),WILD ANIMAL,45.56239457,-111.1969112
C000050N,074+0.409,NOT IN CITY LIMITS,GALLATIN,NOVEMBER,2017,1:50,SUN,NON-JUNCTION,ON ROADWAY,CLEAR,DRY,DARK-LIGHTED,NON-INJURY ACCIDENT (PROPERTY- DAMAGE-ONLY ACCIDENT),WILD ANIMAL,45.5640476,-111.1969082
C000050N,074+0.415,,GALLATIN,December,2014,8:20,MON,NON-JUNCTION,ROADSIDE LEFT,BLOWING SNOW,ICE/FROST,DAYLIGHT,NON-INCAPACITATING EVIDENT INJURY ACCIDENT,FIXED OBJECT,45.5642056,-111.1969072
C000050N,074+0.530,,GALLATIN,February,2013,18:50,THU,NON-JUNCTION,ON ROADWAY,CLEAR,DRY,DARK-NOT LIGHTED,NON-INJURY ACCIDENT (PROPERTY- DAMAGE-ONLY ACCIDENT),WILD ANIMAL,45.56599833,-111.1967867
C000050N,074+0.660,,GALLATIN,February,2013,17:25,SUN,NON-JUNCTION,ON ROADWAY,CLEAR,DRY,DAYLIGHT,NON-INJURY ACCIDENT (PROPERTY- DAMAGE-ONLY ACCIDENT),REAR-END,45.56785667,-111.1968217
C000050N,074+0.768,NOT IN CITY LIMITS,GALLATIN,NOVEMBER,2017,23:55,SAT,NON-JUNCTION,ON ROADWAY,CLOUDY,DRY,DARK-NOT LIGHTED,NON-INJURY ACCIDENT (PROPERTY- DAMAGE-ONLY ACCIDENT),WILD ANIMAL,45.56930687,-111.1969299
C000050N,074+0.810,,GALLATIN,September,2013,20:00,SAT,NON-JUNCTION,ON ROADWAY,CLOUDY,DRY,DARK-NOT LIGHTED,NON-INJURY ACCIDENT (PROPERTY- DAMAGE-ONLY ACCIDENT),WILD ANIMAL,45.5700249,-111.1968935
C000050N,074+0.998,,GALLATIN,August,2014,5:50,THU,NON-JUNCTION,ON ROADWAY,CLOUDY,DRY,DAYLIGHT,NON-INJURY ACCIDENT (PROPERTY- DAMAGE-ONLY ACCIDENT),WILD ANIMAL,45.57265,-111.19687
C000050N,074+0.998,,GALLATIN,November,2015,5:20,THU,NON-JUNCTION,ON ROADWAY,CLEAR,DRY,DARK-NOT LIGHTED,NON-INJURY ACCIDENT (PROPERTY- DAMAGE-ONLY ACCIDENT),WILD ANIMAL,45.57265,-111.19687
C000050N,075+0.009,,GALLATIN,December,2016,19:30,MON,NON-JUNCTION,ON ROADWAY,CLEAR,SNOW,DARK-NOT LIGHTED,NON-INJURY ACCIDENT (PROPERTY- DAMAGE-ONLY ACCIDENT),WILD ANIMAL,45.57274918,-111.1970189
C000050N,075+0.130,,GALLATIN,February,2013,19:45,SUN,NON-JUNCTION,ON ROADWAY,CLEAR,DRY,DARK-NOT LIGHTED,NON-INJURY ACCIDENT (PROPERTY- DAMAGE-ONLY ACCIDENT),WILD ANIMAL,45.57464833,-111.196975
C000050N,075+0.280,,GALLATIN,February,2013,18:45,FRI,NON-JUNCTION,ON ROADWAY,CLEAR,DRY,DARK-NOT LIGHTED,NON-INJURY ACCIDENT (PROPERTY- DAMAGE-ONLY ACCIDENT),WILD ANIMAL,45.57684833,-111.1969067
C000050N,075+0.413,,GALLATIN,December,2014,19:15,FRI,NON-JUNCTION,ON ROADWAY,CLEAR,DRY,DARK-NOT LIGHTED,NON-INJURY ACCIDENT (PROPERTY- DAMAGE-ONLY ACCIDENT),WILD ANIMAL,45.57866833,-111.19704
C000050N,075+0.456,,GALLATIN,October,2016,6:45,MON,NON-JUNCTION,ON ROADWAY,RAIN,WET,DARK-NOT LIGHTED,NON-INJURY ACCIDENT (PROPERTY- DAMAGE-ONLY ACCIDENT),WILD ANIMAL,45.57927472,-111.1970932
C000050N,075+0.710,,GALLATIN,August,2013,8:20,THU,NON-JUNCTION,ON ROADWAY,CLEAR,DRY,DAYLIGHT,NON-INJURY ACCIDENT (PROPERTY- DAMAGE-ONLY ACCIDENT),WILD ANIMAL,45.58303982,-111.1970096
C000050N,075+0.767,,GALLATIN,June,2014,15:35,FRI,INTERSECTION-RELATED,ON ROADWAY,RAIN,WET,DAYLIGHT,NON-INJURY ACCIDENT (PROPERTY- DAMAGE-ONLY ACCIDENT),RIGHT ANGLE,45.58380484,-111.1967979
C000050N,075+0.767,,GALLATIN,December,2014,1:10,MON,INTERSECTION,ROADSIDE LEFT,CLOUDY,SNOW,DARK-LIGHTED,NON-INJURY ACCIDENT (PROPERTY- DAMAGE-ONLY ACCIDENT),FIXED OBJECT,45.58379117,-111.1968935
C000050N,075+0.767,,GALLATIN,July,2016,15:20,SAT,INTERSECTION-RELATED,ON ROADWAY,CLOUDY,DRY,DAYLIGHT,NON-INJURY ACCIDENT (PROPERTY- DAMAGE-ONLY ACCIDENT),REAR TO FRONT,45.58379453,-111.1969003
C000050N,075+0.780,,GALLATIN,August,2015,11:53,MON,INTERSECTION,ON ROADWAY,CLOUDY,DRY,DAYLIGHT,NON-INJURY ACCIDENT (PROPERTY- DAMAGE-ONLY ACCIDENT),REAR-END,45.58392,-111.1969
C000050N,075+0.810,,GALLATIN,September,2013,16:50,MON,INTERSECTION-RELATED,ON ROADWAY,CLOUDY,DRY,DAYLIGHT,NON-INJURY ACCIDENT (PROPERTY- DAMAGE-ONLY ACCIDENT),REAR-END,45.58439937,-111.1965915
C000050N,075+0.985,NOT IN CITY LIMITS,GALLATIN,FEBRUARY,2017,18:25,FRI,NON-JUNCTION,ON ROADWAY,CLEAR,DRY,DARK-NOT LIGHTED,NON-INJURY ACCIDENT (PROPERTY- DAMAGE-ONLY ACCIDENT),WILD ANIMAL,45.58686667,-111.1971367
C000050N,076+0.012,,GALLATIN,August,2015,15:54,FRI,NON-JUNCTION,SHOULDER,CLOUDY,DRY,DAYLIGHT,INCAPACITATING INJURY ACCIDENT,ROLL OVER,45.58745667,-111.1971433
C000050N,076+0.017,,GALLATIN,July,2014,14:30,MON,NON-JUNCTION,ON ROADWAY,CLOUDY,DRY,DAYLIGHT,NON-INJURY ACCIDENT (PROPERTY- DAMAGE-ONLY ACCIDENT),FIXED OBJECT,45.58756823,-111.1971599
C000050N,076+0.110,,GALLATIN,March,2013,22:30,FRI,NON-JUNCTION,ROADSIDE LEFT,CLOUDY,DRY,DARK-NOT LIGHTED,NON-INJURY ACCIDENT (PROPERTY- DAMAGE-ONLY ACCIDENT),FIXED OBJECT,45.58896667,-111.1970233
C000050N,076+0.270,,GALLATIN,November,2013,8:30,TUE,INTERSECTION,ON ROADWAY,CLEAR,ICE/FROST,DAYLIGHT,NON-INJURY ACCIDENT (PROPERTY- DAMAGE-ONLY ACCIDENT),RIGHT ANGLE,45.59132827,-111.197112
C000050N,076+0.270,,GALLATIN,December,2013,17:05,MON,INTERSECTION,ON ROADWAY,CLOUDY,DRY,DUSK,POSSIBLE INJURY ACCIDENT,RIGHT ANGLE,45.59127018,-111.197112
C000050N,076+0.272,NOT IN CITY LIMITS,GALLATIN,JULY,2017,12:10,TUE,INTERSECTION-RELATED,ON ROADWAY,CLOUDY,DRY,DAYLIGHT,NON-INCAPACITATING EVIDENT INJURY ACCIDENT,HEAD ON,45.59122,-111.1971
C000050N,076+0.334,,GALLATIN,September,2016,7:35,THU,INTERSECTION,ON ROADWAY,CLOUDY,DRY,DAYLIGHT,NON-INJURY ACCIDENT (PROPERTY- DAMAGE-ONLY ACCIDENT),RIGHT ANGLE,45.59210007,-111.1970096
C000050N,076+0.346,,GALLATIN,January,2016,6:46,SAT,NON-JUNCTION,ON ROADWAY,CLOUDY,DRY,DARK-LIGHTED,NON-INJURY ACCIDENT (PROPERTY- DAMAGE-ONLY ACCIDENT),WILD ANIMAL,45.59232546,-111.1970233
C000050N,076+0.359,NOT IN CITY LIMITS,GALLATIN,JUNE,2017,0:01,WED,NON-JUNCTION,IN PARKING LANE OR ZONE,CLEAR,DRY,DARK-NOT LIGHTED,NON-INJURY ACCIDENT (PROPERTY- DAMAGE-ONLY ACCIDENT),REAR-END,45.59244,-111.19701
C000050N,076+0.365,,GALLATIN,November,2014,5:05,SAT,NON-JUNCTION,ON ROADWAY,CLOUDY,DRY,DARK-NOT LIGHTED,NON-INJURY ACCIDENT (PROPERTY- DAMAGE-ONLY ACCIDENT),WILD ANIMAL,45.59255085,-111.1970028
C000050N,076+0.538,,GALLATIN,December,2015,13:05,FRI,DRIVEWAY/ALLEY ACCESS RELATED,SHOULDER,CLEAR,DRY,DAYLIGHT,NON-INJURY ACCIDENT (PROPERTY- DAMAGE-ONLY ACCIDENT),REAR-END,45.59506892,-111.1967106
C000050N,076+0.651,,GALLATIN,June,2015,10:25,MON,NON-JUNCTION,ON ROADWAY,CLEAR,DRY,DAYLIGHT,NON-INJURY ACCIDENT (PROPERTY- DAMAGE-ONLY ACCIDENT),REAR-END,45.59667879,-111.1966575
C000050N,076+0.651,,GALLATIN,October,2016,17:20,MON,NON-JUNCTION,ON ROADWAY,CLEAR,DRY,DAYLIGHT,NON-INJURY ACCIDENT (PROPERTY- DAMAGE-ONLY ACCIDENT),REAR-END,45.5966729,-111.1966886
C000050N,076+0.707,,GALLATIN,January,2015,13:52,WED,NON-JUNCTION,ON ROADWAY,CLEAR,DRY,DAYLIGHT,NON-INJURY ACCIDENT (PROPERTY- DAMAGE-ONLY ACCIDENT),REAR-END,45.59747882,-111.1965725
C000050N,076+0.756,NOT IN CITY LIMITS,GALLATIN,OCTOBER,2017,12:45,THU,NON-JUNCTION,ON ROADWAY,CLEAR,DRY,DAYLIGHT,NON-INJURY ACCIDENT (PROPERTY- DAMAGE-ONLY ACCIDENT),NOT FIXED OBJECT OR DEBRIS,45.59826224,-111.196362