MDT_CORRIDOR_ID,SMS_REFPOST_OFFSET,CITY,COUNTY,Month,Year,SMS_TIME,SMT_CRASH_OCC_DAY_OF_WEEK,JUNCTION_RELATED,ROADWAY_RELATED,WEATHER_COND,ROAD_COND,LIGHT_COND,CRASH_SEVERITY,COLLISION_TYPE,LATITUDE,LONGITUDE
C000050N,076+0.910,,GALLATIN,December,2013,1:35,MON,DRIVEWAY/ALLEY ACCESS RELATED,SHOULDER,CLOUDY,DRY,DARK-NOT LIGHTED,NON-INJURY ACCIDENT (PROPERTY- DAMAGE-ONLY ACCIDENT),FIXED OBJECT,45.60052514,-111.1962515
C000050N,076+0.930,,GALLATIN,April,2013,20:57,SUN,DRIVEWAY/ALLEY ACCESS RELATED,ROADSIDE LEFT,CLOUDY,DRY,DARK-NOT LIGHTED,POSSIBLE INJURY ACCIDENT,ROLL OVER,45.60085631,-111.196481
C000050N,076+1.006,NOT IN CITY LIMITS,GALLATIN,MAY,2017,10:45,WED,DRIVEWAY/ALLEY ACCESS RELATED,ON ROADWAY,CLEAR,DRY,DAYLIGHT,NON-INJURY ACCIDENT (PROPERTY- DAMAGE-ONLY ACCIDENT),REAR-END,45.60186,-111.19618
C000050N,077+0.028,,GALLATIN,September,2014,5:55,FRI,INTERSECTION-RELATED,ON ROADWAY,CLOUDY,DRY,DARK-NOT LIGHTED,POSSIBLE INJURY ACCIDENT,"SIDESWIPE, SAME DIRECTION",45.60227316,-111.1961487
C000050N,077+0.084,NOT IN CITY LIMITS,GALLATIN,JULY,2017,10:00,MON,INTERSECTION-RELATED,ON ROADWAY,CLOUDY,DRY,DAYLIGHT,NON-INJURY ACCIDENT (PROPERTY- DAMAGE-ONLY ACCIDENT),REAR-END,45.60306938,-111.1960397
C000050N,077+0.122,,GALLATIN,July,2014,9:35,THU,INTERSECTION,ON ROADWAY,CLEAR,DRY,DAYLIGHT,FATAL ACCIDENT,RIGHT ANGLE,45.60363833,-111.19607
C000050N,077+0.128,NOT IN CITY LIMITS,GALLATIN,JULY,2017,11:10,SUN,DRIVEWAY/ALLEY ACCESS RELATED,ON ROADWAY,CLEAR,DRY,DAYLIGHT,POSSIBLE INJURY ACCIDENT,REAR-END,45.6036738,-111.1959987
C000050N,077+0.134,,GALLATIN,December,2015,15:00,MON,DRIVEWAY/ALLEY ACCESS RELATED,SHOULDER,CLOUDY,MUD DIRT GRAVEL,DAYLIGHT,NON-INJURY ACCIDENT (PROPERTY- DAMAGE-ONLY ACCIDENT),FIXED OBJECT,45.6038002,-111.1961695
C000050N,077+0.184,,GALLATIN,November,2016,17:25,TUE,NON-JUNCTION,ON ROADWAY,CLEAR,DRY,DARK-NOT LIGHTED,NON-INJURY ACCIDENT (PROPERTY- DAMAGE-ONLY ACCIDENT),WILD ANIMAL,45.60449976,-111.1960477
C000050N,077+0.221,NOT IN CITY LIMITS,GALLATIN,SEPTEMBER,2017,22:47,WED,NON-JUNCTION,ON ROADWAY,CLEAR,DRY,DARK-NOT LIGHTED,INCAPACITATING INJURY ACCIDENT,ROLL OVER,45.60503244,-111.1958476
C000050N,077+0.271,,GALLATIN,June,2016,8:45,WED,NON-JUNCTION,ON ROADWAY,CLEAR,DRY,DAYLIGHT,NON-INJURY ACCIDENT (PROPERTY- DAMAGE-ONLY ACCIDENT),WILD ANIMAL,45.60574,-111.19595
C000050N,077+0.327,,GALLATIN,November,2016,19:00,SAT,NON-JUNCTION,ON ROADWAY,CLEAR,DRY,DARK-NOT LIGHTED,NON-INJURY ACCIDENT (PROPERTY- DAMAGE-ONLY ACCIDENT),WILD ANIMAL,45.60662507,-111.1958593
C000050N,077+0.370,,GALLATIN,April,2016,23:50,SAT,NON-JUNCTION,ROADSIDE RIGHT,CLOUDY,DRY,DARK-NOT LIGHTED,POSSIBLE INJURY ACCIDENT,FIXED OBJECT,45.6072802,-111.1953294
C000050N,077+0.383,,GALLATIN,August,2015,15:55,MON,INTERSECTION-RELATED,ON ROADWAY,CLEAR,DRY,DAYLIGHT,NON-INCAPACITATING EVIDENT INJURY ACCIDENT,REAR-END,45.60738501,-111.195835
C000050N,077+0.383,,GALLATIN,December,2015,10:54,SAT,DRIVEWAY/ALLEY ACCESS RELATED,ON ROADWAY,CLEAR,DRY,DAYLIGHT,NON-INJURY ACCIDENT (PROPERTY- DAMAGE-ONLY ACCIDENT),REAR-END,45.60741,-111.1958483
C000050N,077+0.389,,GALLATIN,June,2014,17:05,WED,INTERSECTION-RELATED,ON ROADWAY,CLOUDY,DRY,DAYLIGHT,NON-INCAPACITATING EVIDENT INJURY ACCIDENT,REAR-END,45.6074646,-111.1958007
C000050N,077+0.545,NOT IN CITY LIMITS,GALLATIN,JANUARY,2017,17:45,SUN,NON-JUNCTION,ON ROADWAY,SNOW,SNOW,DARK-NOT LIGHTED,NON-INJURY ACCIDENT (PROPERTY- DAMAGE-ONLY ACCIDENT),WILD ANIMAL,45.60971527,-111.1958107
C000050N,077+0.580,,GALLATIN,July,2013,21:40,SAT,NON-JUNCTION,ON ROADWAY,CLEAR,DRY,DARK-NOT LIGHTED,NON-INJURY ACCIDENT (PROPERTY- DAMAGE-ONLY ACCIDENT),WILD ANIMAL,45.61029587,-111.1959123
C000050N,077+0.582,,GALLATIN,December,2015,19:05,WED,NON-JUNCTION,ON ROADWAY,CLEAR,DRY,DARK-NOT LIGHTED,NON-INJURY ACCIDENT (PROPERTY- DAMAGE-ONLY ACCIDENT),WILD ANIMAL,45.61030494,-111.1959596
C000050N,077+0.610,,GALLATIN,August,2013,1:25,THU,NON-JUNCTION,ON ROADWAY,CLEAR,DRY,DARK-NOT LIGHTED,NON-INCAPACITATING EVIDENT INJURY ACCIDENT,PEDESTRIAN,45.61080167,-111.1961417
C000050N,077+0.710,,GALLATIN,December,2013,0:00,SUN,NON-JUNCTION,SHOULDER,CLEAR,ICE/FROST,DARK-NOT LIGHTED,NON-INJURY ACCIDENT (PROPERTY- DAMAGE-ONLY ACCIDENT),FIXED OBJECT,45.612135,-111.1962983
C000050N,077+0.719,,GALLATIN,September,2016,20:30,MON,NON-JUNCTION,ON ROADWAY,CLOUDY,DRY,DARK-NOT LIGHTED,NON-INJURY ACCIDENT (PROPERTY- DAMAGE-ONLY ACCIDENT),WILD ANIMAL,45.6122764,-111.1961968
C000050N,077+0.781,,GALLATIN,November,2014,18:20,FRI,NON-JUNCTION,ON ROADWAY,CLEAR,DRY,DARK-NOT LIGHTED,NON-INJURY ACCIDENT (PROPERTY- DAMAGE-ONLY ACCIDENT),WILD ANIMAL,45.61308584,-111.1964768
C000050N,088+0.802,BOZEMAN,GALLATIN,January,2013,13:01,THU,INTERSECTION,ON ROADWAY,CLEAR,WET,DAYLIGHT,POSSIBLE INJURY ACCIDENT,REAR-END,45.67931671,-111.0438278
C000050N,077+0.806,,GALLATIN,July,2015,22:00,WED,NON-JUNCTION,ON ROADWAY,CLEAR,DRY,DARK-NOT LIGHTED,NON-INJURY ACCIDENT (PROPERTY- DAMAGE-ONLY ACCIDENT),WILD ANIMAL,45.61352639,-111.1963608
C000050N,078+0.000,NOT IN CITY LIMITS,GALLATIN,OCTOBER,2017,5:45,MON,NON-JUNCTION,ON ROADWAY,CLEAR,DRY,DARK-NOT LIGHTED,NON-INJURY ACCIDENT (PROPERTY- DAMAGE-ONLY ACCIDENT),WILD ANIMAL,45.61617,-111.19682
C000050N,078+0.193,,GALLATIN,December,2015,19:54,SAT,NON-JUNCTION,ON ROADWAY,CLEAR,DRY,DARK-NOT LIGHTED,NON-INJURY ACCIDENT (PROPERTY- DAMAGE-ONLY ACCIDENT),DOMESTIC ANIMAL,45.61898474,-111.1969174
C000050N,078+0.290,,GALLATIN,July,2013,21:40,WED,NON-JUNCTION,ON ROADWAY,CLEAR,DRY,DARK-NOT LIGHTED,NON-INJURY ACCIDENT (PROPERTY- DAMAGE-ONLY ACCIDENT),WILD ANIMAL,45.62048296,-111.1969618
C000050N,078+0.311,,GALLATIN,March,2015,12:32,SUN,NON-JUNCTION,ON ROADWAY,CLOUDY,DRY,DAYLIGHT,INCAPACITATING INJURY ACCIDENT,WILD ANIMAL,45.62064,-111.196875
C000050N,078+0.367,,GALLATIN,December,2016,8:40,MON,NON-JUNCTION,ON ROADWAY,CLOUDY,ICE/FROST,DAYLIGHT,NON-INJURY ACCIDENT (PROPERTY- DAMAGE-ONLY ACCIDENT),RIGHT ANGLE,45.62149717,-111.1969276
C000050N,078+0.380,NOT IN CITY LIMITS,GALLATIN,NOVEMBER,2017,18:43,MON,NON-JUNCTION,ON ROADWAY,CLOUDY,DRY,DARK-NOT LIGHTED,NON-INJURY ACCIDENT (PROPERTY- DAMAGE-ONLY ACCIDENT),WILD ANIMAL,45.62165768,-111.1968662
C000050N,078+0.439,,GALLATIN,February,2014,7:55,THU,NON-JUNCTION,ON ROADWAY,CLEAR,DRY,DAYLIGHT,NON-INJURY ACCIDENT (PROPERTY- DAMAGE-ONLY ACCIDENT),REAR-END,45.62251797,-111.1970187
C000050N,078+0.528,,GALLATIN,December,2015,7:25,MON,DRIVEWAY/ALLEY ACCESS RELATED,ON ROADWAY,SNOW,SNOW,DAWN,NON-INJURY ACCIDENT (PROPERTY- DAMAGE-ONLY ACCIDENT),REAR-END,45.6238,-111.19691
C000050N,078+0.623,,GALLATIN,December,2015,20:44,TUE,NON-JUNCTION,ON ROADWAY,CLOUDY,SLUSH,DARK-NOT LIGHTED,NON-INJURY ACCIDENT (PROPERTY- DAMAGE-ONLY ACCIDENT),WILD ANIMAL,45.62519576,-111.1970096
C000050N,078+0.655,,GALLATIN,December,2016,0:00,SAT,NON-JUNCTION,ON ROADWAY,CLEAR,ICE/FROST,DARK-NOT LIGHTED,NON-INJURY ACCIDENT (PROPERTY- DAMAGE-ONLY ACCIDENT),FIRE/ EXPLOSION,45.62563833,-111.196965
C000050N,078+0.661,NOT IN CITY LIMITS,GALLATIN,JANUARY,2017,13:30,FRI,NON-JUNCTION,ON ROADWAY,CLEAR,DRY,DAYLIGHT,NON-INJURY ACCIDENT (PROPERTY- DAMAGE-ONLY ACCIDENT),"SIDESWIPE, SAME DIRECTION",45.62568919,-111.1968745
C000050N,078+0.770,,GALLATIN,June,2013,19:45,SAT,NON-JUNCTION,ON ROADWAY,CLEAR,DRY,DAYLIGHT,POSSIBLE INJURY ACCIDENT,ROLL OVER,45.62741554,-111.1967638
C000050N,078+0.779,,GALLATIN,April,2016,6:30,FRI,NON-JUNCTION,ON ROADWAY,CLOUDY,DRY,DAWN,NON-INJURY ACCIDENT (PROPERTY- DAMAGE-ONLY ACCIDENT),WILD ANIMAL,45.62745255,-111.1965231
C000050N,078+0.779,NOT IN CITY LIMITS,GALLATIN,OCTOBER,2017,8:40,WED,NON-JUNCTION,ON ROADWAY,CLEAR,MUD DIRT GRAVEL,DAYLIGHT,NON-INJURY ACCIDENT (PROPERTY- DAMAGE-ONLY ACCIDENT),FIXED OBJECT,45.62740532,-111.1964085
C000050N,078+0.786,NOT IN CITY LIMITS,GALLATIN,DECEMBER,2017,13:18,SUN,NON-JUNCTION,ROADSIDE RIGHT,SNOW,SNOW,DAYLIGHT,NON-INJURY ACCIDENT (PROPERTY- DAMAGE-ONLY ACCIDENT),FIXED OBJECT,45.62755217,-111.1966271
C000050N,078+0.928,,GALLATIN,January,2016,19:15,MON,NON-JUNCTION,ON ROADWAY,CLOUDY,DRY,DARK-NOT LIGHTED,NON-INJURY ACCIDENT (PROPERTY- DAMAGE-ONLY ACCIDENT),WILD ANIMAL,45.62958076,-111.196914
C000050N,078+0.996,,GALLATIN,November,2015,20:32,FRI,NON-JUNCTION,ON ROADWAY,CLEAR,DRY,DARK-NOT LIGHTED,NON-INJURY ACCIDENT (PROPERTY- DAMAGE-ONLY ACCIDENT),WILD ANIMAL,45.63052958,-111.1969018
C000050N,079+0.001,,GALLATIN,December,2015,7:05,THU,NON-JUNCTION,ON ROADWAY,CLOUDY,DRY,DARK-NOT LIGHTED,NON-INJURY ACCIDENT (PROPERTY- DAMAGE-ONLY ACCIDENT),WILD ANIMAL,45.63064,-111.19685
C000050N,079+0.019,,GALLATIN,November,2014,21:20,WED,NON-JUNCTION,ON ROADWAY,CLOUDY,WET,DARK-NOT LIGHTED,NON-INCAPACITATING EVIDENT INJURY ACCIDENT,REAR-END,45.63096042,-111.1968866
C000050N,079+0.069,NOT IN CITY LIMITS,GALLATIN,JULY,2017,22:00,MON,NON-JUNCTION,ON ROADWAY,CLOUDY,DRY,DARK-NOT LIGHTED,NON-INJURY ACCIDENT (PROPERTY- DAMAGE-ONLY ACCIDENT),WILD ANIMAL,45.63162833,-111.1968
C000050N,079+0.324,,GALLATIN,September,2015,20:20,TUE,NON-JUNCTION,ON ROADWAY,CLEAR,DRY,DARK-NOT LIGHTED,NON-INJURY ACCIDENT (PROPERTY- DAMAGE-ONLY ACCIDENT),WILD ANIMAL,45.63532067,-111.196903
C000050N,079+0.337,NOT IN CITY LIMITS,GALLATIN,NOVEMBER,2017,7:40,WED,NON-JUNCTION,ROADSIDE LEFT,CLEAR,ICE/FROST,DAYLIGHT,NON-INCAPACITATING EVIDENT INJURY ACCIDENT,ROLL OVER,45.63547516,-111.1967638
C000050N,079+0.499,NOT IN CITY LIMITS,GALLATIN,NOVEMBER,2017,12:40,THU,NON-JUNCTION,ON ROADWAY,CLOUDY,DRY,DAYLIGHT,NON-INJURY ACCIDENT (PROPERTY- DAMAGE-ONLY ACCIDENT),WILD ANIMAL,45.63783844,-111.1968389
C000050N,079+0.567,NOT IN CITY LIMITS,GALLATIN,JANUARY,2017,6:00,WED,NON-JUNCTION,ON ROADWAY,CLOUDY,DRY,DARK-NOT LIGHTED,NON-INJURY ACCIDENT (PROPERTY- DAMAGE-ONLY ACCIDENT),WILD ANIMAL,45.63887979,-111.1967811
C000050N,079+0.586,,GALLATIN,May,2015,21:00,SAT,NON-JUNCTION,ON ROADWAY,CLEAR,DRY,DARK-NOT LIGHTED,NON-INJURY ACCIDENT (PROPERTY- DAMAGE-ONLY ACCIDENT),WILD ANIMAL,45.63912333,-111.1966133
C000050N,079+0.641,,GALLATIN,February,2014,18:45,TUE,NON-JUNCTION,ON ROADWAY,CLOUDY,WET,DARK-NOT LIGHTED,NON-INJURY ACCIDENT (PROPERTY- DAMAGE-ONLY ACCIDENT),WILD ANIMAL,45.63990793,-111.1967091
C000050N,079+0.825,,GALLATIN,November,2016,18:23,THU,NON-JUNCTION,ON ROADWAY,CLEAR,DRY,DUSK,NON-INJURY ACCIDENT (PROPERTY- DAMAGE-ONLY ACCIDENT),WILD ANIMAL,45.64253821,-111.1959755
C000050N,079+0.948,NOT IN CITY LIMITS,GALLATIN,APRIL,2017,13:40,SUN,NON-JUNCTION,ON ROADWAY,CLEAR,DRY,DAYLIGHT,NON-INJURY ACCIDENT (PROPERTY- DAMAGE-ONLY ACCIDENT),WILD ANIMAL,45.64424985,-111.1951942
C000050N,080+0.087,,GALLATIN,November,2015,7:18,SUN,NON-JUNCTION,ON ROADWAY,CLEAR,DRY,DAWN,NON-INJURY ACCIDENT (PROPERTY- DAMAGE-ONLY ACCIDENT),WILD ANIMAL,45.64583318,-111.1939838
C000050N,080+0.192,,GALLATIN,November,2016,7:25,MON,NON-JUNCTION,ON ROADWAY,SNOW,ICE/FROST,DAYLIGHT,NON-INJURY ACCIDENT (PROPERTY- DAMAGE-ONLY ACCIDENT),WILD ANIMAL,45.64725794,-111.1932388
C000050N,080+0.347,,GALLATIN,November,2015,21:40,WED,INTERSECTION-RELATED,ON ROADWAY,CLEAR,DRY,DARK-NOT LIGHTED,NON-INJURY ACCIDENT (PROPERTY- DAMAGE-ONLY ACCIDENT),REAR-END,45.64929952,-111.1919348
C000050N,080+0.372,,GALLATIN,January,2015,7:20,FRI,NON-JUNCTION,ON ROADWAY,CLOUDY,DRY,DARK-NOT LIGHTED,NON-INJURY ACCIDENT (PROPERTY- DAMAGE-ONLY ACCIDENT),WILD ANIMAL,45.64961711,-111.1916616
C000050N,080+0.540,,GALLATIN,July,2013,9:25,FRI,NON-JUNCTION,ROADSIDE LEFT,CLOUDY,DRY,DAYLIGHT,NON-INJURY ACCIDENT (PROPERTY- DAMAGE-ONLY ACCIDENT),FIXED OBJECT,45.65187167,-111.1902833
C000050N,080+0.553,,GALLATIN,January,2015,7:05,FRI,NON-JUNCTION,ON ROADWAY,CLOUDY,DRY,DARK-NOT LIGHTED,NON-INJURY ACCIDENT (PROPERTY- DAMAGE-ONLY ACCIDENT),WILD ANIMAL,45.65200428,-111.1900155
C000050N,080+0.671,,GALLATIN,August,2014,19:00,THU,NON-JUNCTION,ON ROADWAY,CLEAR,DRY,DAYLIGHT,NON-INJURY ACCIDENT (PROPERTY- DAMAGE-ONLY ACCIDENT),REAR-END,45.65354445,-111.1891003
C000050N,080+0.715,,GALLATIN,November,2016,7:40,TUE,NON-JUNCTION,ON ROADWAY,CLEAR,WET,DAYLIGHT,NON-INJURY ACCIDENT (PROPERTY- DAMAGE-ONLY ACCIDENT),REAR-END,45.65411097,-111.1886581
C000050N,080+0.789,NOT IN CITY LIMITS,GALLATIN,NOVEMBER,2017,13:00,FRI,NON-JUNCTION,ON ROADWAY,CLEAR,MUD DIRT GRAVEL,DAYLIGHT,NON-INJURY ACCIDENT (PROPERTY- DAMAGE-ONLY ACCIDENT),RIGHT ANGLE,45.65451037,-111.1861432
C000050N,080+0.795,NOT IN CITY LIMITS,GALLATIN,JANUARY,2017,23:00,SAT,NON-JUNCTION,ROADSIDE LEFT,CLOUDY,ICE/FROST,DARK-NOT LIGHTED,NON-INCAPACITATING EVIDENT INJURY ACCIDENT,FIXED OBJECT,45.65515137,-111.1879501
C000050N,080+0.826,,GALLATIN,November,2014,11:30,FRI,DRIVEWAY/ALLEY ACCESS RELATED,ON ROADWAY,SNOW,SNOW,DAYLIGHT,NON-INJURY ACCIDENT (PROPERTY- DAMAGE-ONLY ACCIDENT),REAR-END,45.65556617,-111.187782
C000050N,080+0.864,NOT IN CITY LIMITS,GALLATIN,SEPTEMBER,2017,16:56,WED,NON-JUNCTION,OFF ROADWAY LOCATION UNKNOWN,CLOUDY,DRY,DAYLIGHT,NON-INJURY ACCIDENT (PROPERTY- DAMAGE-ONLY ACCIDENT),FIXED OBJECT,45.65607503,-111.1874474
C000050N,080+1.012,,GALLATIN,October,2016,14:35,MON,INTERSECTION,ON ROADWAY,CLOUDY,DRY,DAYLIGHT,NON-INJURY ACCIDENT (PROPERTY- DAMAGE-ONLY ACCIDENT),REAR-END,45.65809,-111.18627
C000050N,081+0.035,,GALLATIN,January,2015,20:40,FRI,NON-JUNCTION,SHOULDER,SNOW,SNOW,DARK-LIGHTED,INCAPACITATING INJURY ACCIDENT,REAR-END,45.65861927,-111.1859925
C000050N,081+0.035,,GALLATIN,June,2016,15:30,WED,NON-JUNCTION,ON ROADWAY,CLEAR,DRY,DAYLIGHT,NON-INJURY ACCIDENT (PROPERTY- DAMAGE-ONLY ACCIDENT),FIRE/ EXPLOSION,45.6585441,-111.1859967
C000050N,081+0.044,,GALLATIN,June,2016,0:03,FRI,NON-JUNCTION,ROADSIDE RIGHT,CLOUDY,DRY,DARK-NOT LIGHTED,NON-INCAPACITATING EVIDENT INJURY ACCIDENT,ROLL OVER,45.65872677,-111.1859477
C000050N,081+0.090,,GALLATIN,June,2013,7:10,TUE,NON-JUNCTION,ON ROADWAY,CLEAR,DRY,DAYLIGHT,NON-INCAPACITATING EVIDENT INJURY ACCIDENT,HEAD ON,45.659415,-111.1857883
C000050N,081+0.131,,GALLATIN,December,2014,17:28,TUE,INTERSECTION-RELATED,ON ROADWAY,CLEAR,DRY,DARK-LIGHTED,POSSIBLE INJURY ACCIDENT,RIGHT ANGLE,45.6599204,-111.1858012
C000050N,081+0.140,,GALLATIN,March,2013,20:15,TUE,DRIVEWAY/ALLEY ACCESS RELATED,ON ROADWAY,CLOUDY,DRY,DARK-NOT LIGHTED,INCAPACITATING INJURY ACCIDENT,"LEFT TURN, OPPOSITE DIRECTION",45.66022776,-111.1858695
C000050N,081+0.149,NOT IN CITY LIMITS,GALLATIN,NOVEMBER,2017,10:10,THU,NON-JUNCTION,OUTSIDE RIGHT-OF-WAY (TRAFFICWAY),CLOUDY,DRY,DAYLIGHT,NON-INJURY ACCIDENT (PROPERTY- DAMAGE-ONLY ACCIDENT),"SIDESWIPE, SAME DIRECTION",45.66028268,-111.1873762
C000050N,081+0.156,NOT IN CITY LIMITS,GALLATIN,JANUARY,2017,17:15,SUN,DRIVEWAY/ALLEY ACCESS RELATED,OFF ROADWAY LOCATION UNKNOWN,CLEAR,ICE/FROST,DUSK,NON-INJURY ACCIDENT (PROPERTY- DAMAGE-ONLY ACCIDENT),REAR-END,45.66029607,-111.1856988
C000050N,081+0.175,,GALLATIN,January,2015,19:38,WED,NON-JUNCTION,IN PARKING LANE OR ZONE,CLOUDY,DRY,DARK-LIGHTED,NON-INJURY ACCIDENT (PROPERTY- DAMAGE-ONLY ACCIDENT),"SIDESWIPE, SAME DIRECTION",45.66056333,-111.187175
C000050N,081+0.230,NOT IN CITY LIMITS,GALLATIN,JANUARY,2017,4:55,MON,NON-JUNCTION,ON ROADWAY,CLEAR,DRY,DARK-NOT LIGHTED,NON-INJURY ACCIDENT (PROPERTY- DAMAGE-ONLY ACCIDENT),WILD ANIMAL,45.66136105,-111.1857453
C000050N,081+0.292,,GALLATIN,May,2016,20:40,SUN,NON-JUNCTION,ON ROADWAY,CLOUDY,DRY,DUSK,NON-INJURY ACCIDENT (PROPERTY- DAMAGE-ONLY ACCIDENT),WILD ANIMAL,45.66231155,-111.1857986
C000050N,081+0.292,NOT IN CITY LIMITS,GALLATIN,OCTOBER,2017,14:45,WED,NON-JUNCTION,ON ROADWAY,CLOUDY,DRY,DAYLIGHT,NON-INJURY ACCIDENT (PROPERTY- DAMAGE-ONLY ACCIDENT),JACKKNIFE,45.66228573,-111.1857767
C000050N,081+0.304,NOT IN CITY LIMITS,GALLATIN,DECEMBER,2017,10:00,SAT,DRIVEWAY/ALLEY ACCESS RELATED,ON ROADWAY,CLOUDY,SNOW,DAYLIGHT,NON-INJURY ACCIDENT (PROPERTY- DAMAGE-ONLY ACCIDENT),RIGHT ANGLE,45.66247735,-111.1857454
C000050N,081+0.385,,GALLATIN,February,2016,13:07,WED,DRIVEWAY/ALLEY ACCESS RELATED,ON ROADWAY,CLEAR,DRY,DAYLIGHT,NON-INJURY ACCIDENT (PROPERTY- DAMAGE-ONLY ACCIDENT),"SIDESWIPE, SAME DIRECTION",45.66361609,-111.1858932
C000050N,081+0.397,,GALLATIN,October,2014,17:45,SUN,NON-JUNCTION,SHOULDER,CLEAR,DRY,DAYLIGHT,NON-INCAPACITATING EVIDENT INJURY ACCIDENT,FIXED OBJECT,45.66377951,-111.1858012
C000050N,081+0.400,,GALLATIN,December,2013,17:55,THU,NON-JUNCTION,ON ROADWAY,CLEAR,ICE/FROST,DARK-NOT LIGHTED,NON-INJURY ACCIDENT (PROPERTY- DAMAGE-ONLY ACCIDENT),WILD ANIMAL,45.66393215,-111.1858893
C000050N,081+0.410,,GALLATIN,December,2013,0:10,MON,NON-JUNCTION,SHOULDER,CLOUDY,DRY,DARK-NOT LIGHTED,NON-INJURY ACCIDENT (PROPERTY- DAMAGE-ONLY ACCIDENT),FIXED OBJECT,45.66401856,-111.1857535
C000050N,081+0.410,,GALLATIN,December,2013,7:50,TUE,NON-JUNCTION,SHOULDER,CLOUDY,DRY,DAYLIGHT,UNKNOWN,FIXED OBJECT,45.66395333,-111.1857244
C000050N,081+0.410,NOT IN CITY LIMITS,GALLATIN,FEBRUARY,2017,23:15,SAT,NON-JUNCTION,ROADSIDE RIGHT,CLOUDY,DRY,DARK-NOT LIGHTED,POSSIBLE INJURY ACCIDENT,FIXED OBJECT,45.66410045,-111.1857568
C000050N,081+0.417,,GALLATIN,May,2014,21:05,SAT,INTERSECTION,ON ROADWAY,RAIN,WET,DARK-NOT LIGHTED,NON-INJURY ACCIDENT (PROPERTY- DAMAGE-ONLY ACCIDENT),WILD ANIMAL,45.66410732,-111.1858081
C000050N,081+0.417,,GALLATIN,July,2016,17:04,WED,INTERSECTION-RELATED,ON ROADWAY,CLOUDY,DRY,DAYLIGHT,POSSIBLE INJURY ACCIDENT,REAR-END,45.66408344,-111.1857671
C000050N,081+0.429,,GALLATIN,December,2015,7:57,TUE,NON-JUNCTION,ON ROADWAY,CLEAR,ICE/FROST,DAYLIGHT,NON-INCAPACITATING EVIDENT INJURY ACCIDENT,REAR-END,45.66429164,-111.1857067
C000050N,081+0.465,NOT IN CITY LIMITS,GALLATIN,JULY,2017,14:25,THU,NON-JUNCTION,ON ROADWAY,CLEAR,DRY,DAYLIGHT,NON-INJURY ACCIDENT (PROPERTY- DAMAGE-ONLY ACCIDENT),"SIDESWIPE, OPPOSITE DIRECTION",45.66476648,-111.1857876
C000050N,081+0.471,,GALLATIN,August,2015,16:50,TUE,NON-JUNCTION,ON ROADWAY,CLEAR,DRY,DAYLIGHT,NON-INJURY ACCIDENT (PROPERTY- DAMAGE-ONLY ACCIDENT),REAR-END,45.66486839,-111.1856633
C000050N,081+0.484,,GALLATIN,November,2016,19:40,SAT,NON-JUNCTION,ROADSIDE RIGHT,CLEAR,DRY,DARK-NOT LIGHTED,NON-INCAPACITATING EVIDENT INJURY ACCIDENT,FIXED OBJECT,45.66509833,-111.1856117
C000050N,081+0.484,BOZEMAN,GALLATIN,November,2016,15:35,TUE,INTERSECTION-RELATED,ON ROADWAY,SNOW,ICE/FROST,DAYLIGHT,NON-INJURY ACCIDENT (PROPERTY- DAMAGE-ONLY ACCIDENT),REAR-END,45.66510452,-111.1857467
C000050N,081+0.490,,GALLATIN,November,2016,18:05,TUE,INTERSECTION,ON ROADWAY,CLEAR,DRY,DARK-NOT LIGHTED,NON-INCAPACITATING EVIDENT INJURY ACCIDENT,REAR-END,45.66520359,-111.1857739
C000050N,081+0.498,,GALLATIN,February,2016,6:37,SUN,NON-JUNCTION,ON ROADWAY,CLOUDY,DRY,DAYLIGHT,NON-INJURY ACCIDENT (PROPERTY- DAMAGE-ONLY ACCIDENT),FIXED OBJECT,45.66525106,-111.1857599
C000050N,081+0.498,NOT IN CITY LIMITS,GALLATIN,DECEMBER,2017,9:45,THU,INTERSECTION,ON ROADWAY,CLEAR,SNOW,DAYLIGHT,NON-INJURY ACCIDENT (PROPERTY- DAMAGE-ONLY ACCIDENT),REAR-END,45.66522748,-111.1857535
C000050N,081+0.516,,GALLATIN,January,2014,5:45,WED,NON-JUNCTION,ROADSIDE RIGHT,CLOUDY,DRY,DARK-NOT LIGHTED,NON-INJURY ACCIDENT (PROPERTY- DAMAGE-ONLY ACCIDENT),FIXED OBJECT,45.66556896,-111.1856988
C000050N,081+0.553,,GALLATIN,August,2014,13:10,SUN,NON-JUNCTION,ON ROADWAY,CLEAR,DRY,DAYLIGHT,NON-INJURY ACCIDENT (PROPERTY- DAMAGE-ONLY ACCIDENT),"SIDESWIPE, SAME DIRECTION",45.66607021,-111.1858033
C000050N,081+0.560,,GALLATIN,January,2013,12:00,FRI,DRIVEWAY/ALLEY ACCESS RELATED,ON ROADWAY,SNOW,SNOW,DAYLIGHT,NON-INJURY ACCIDENT (PROPERTY- DAMAGE-ONLY ACCIDENT),"LEFT TURN, OPPOSITE DIRECTION",45.66614958,-111.1857398
C000050N,081+0.590,,GALLATIN,March,2013,20:50,THU,NON-JUNCTION,ON ROADWAY,CLEAR,DRY,DARK-NOT LIGHTED,NON-INJURY ACCIDENT (PROPERTY- DAMAGE-ONLY ACCIDENT),WILD ANIMAL,45.66659,-111.185645