MDT_CORRIDOR_ID,SMS_REFPOST_OFFSET,CITY,COUNTY,Month,Year,SMS_TIME,SMT_CRASH_OCC_DAY_OF_WEEK,JUNCTION_RELATED,ROADWAY_RELATED,WEATHER_COND,ROAD_COND,LIGHT_COND,CRASH_SEVERITY,COLLISION_TYPE,LATITUDE,LONGITUDE
C000050N,081+0.617,,GALLATIN,July,2016,19:25,TUE,NON-JUNCTION,ON ROADWAY,CLEAR,DRY,DAYLIGHT,NON-INCAPACITATING EVIDENT INJURY ACCIDENT,FIXED OBJECT,45.6669658,-111.1857261
C000050N,081+0.640,,GALLATIN,April,2014,17:25,THU,NON-JUNCTION,ON ROADWAY,CLEAR,DRY,DAYLIGHT,NON-INJURY ACCIDENT (PROPERTY- DAMAGE-ONLY ACCIDENT),WILD ANIMAL,45.66732774,-111.1856784
C000050N,081+0.653,NOT IN CITY LIMITS,GALLATIN,SEPTEMBER,2017,6:15,MON,NON-JUNCTION,ON ROADWAY,CLOUDY,DRY,DARK-NOT LIGHTED,NON-INJURY ACCIDENT (PROPERTY- DAMAGE-ONLY ACCIDENT),"SIDESWIPE, SAME DIRECTION",45.66752275,-111.1858187
C000050N,081+0.690,,GALLATIN,March,2014,21:15,THU,NON-JUNCTION,SHOULDER,RAIN,WET,DARK-NOT LIGHTED,NON-INJURY ACCIDENT (PROPERTY- DAMAGE-ONLY ACCIDENT),FIXED OBJECT,45.66799313,-111.1854074
C000050N,081+0.734,,GALLATIN,August,2015,13:10,SUN,NON-JUNCTION,OUTSIDE RIGHT-OF-WAY (TRAFFICWAY),CLEAR,DRY,DAYLIGHT,NON-INJURY ACCIDENT (PROPERTY- DAMAGE-ONLY ACCIDENT),FIXED OBJECT,45.66863565,-111.1852385
C000050N,081+0.760,,GALLATIN,November,2013,15:50,TUE,DRIVEWAY/ALLEY ACCESS RELATED,ON ROADWAY,CLEAR,DRY,DAYLIGHT,NON-INCAPACITATING EVIDENT INJURY ACCIDENT,RIGHT ANGLE,45.66915147,-111.1856988
C000050N,081+0.782,,GALLATIN,June,2016,17:15,THU,INTERSECTION-RELATED,ON ROADWAY,CLOUDY,DRY,DAYLIGHT,NON-INJURY ACCIDENT (PROPERTY- DAMAGE-ONLY ACCIDENT),REAR-END,45.66937587,-111.1861387
C000050N,081+0.824,,GALLATIN,June,2014,11:00,SAT,NON-JUNCTION,OUTSIDE RIGHT-OF-WAY (TRAFFICWAY),CLOUDY,DRY,DAYLIGHT,NON-INJURY ACCIDENT (PROPERTY- DAMAGE-ONLY ACCIDENT),OTHER,45.67000667,-111.185185
C000050N,081+0.850,,GALLATIN,August,2013,5:40,SAT,INTERSECTION-RELATED,ON ROADWAY,CLEAR,DRY,DAWN,NON-INJURY ACCIDENT (PROPERTY- DAMAGE-ONLY ACCIDENT),"SIDESWIPE, SAME DIRECTION",45.67038167,-111.1859117
C000050N,081+0.857,NOT IN CITY LIMITS,GALLATIN,MARCH,2017,10:50,MON,DRIVEWAY/ALLEY ACCESS RELATED,ON ROADWAY,CLOUDY,WET,DAYLIGHT,NON-INJURY ACCIDENT (PROPERTY- DAMAGE-ONLY ACCIDENT),REAR-END,45.67041839,-111.18561
C000050N,081+0.860,,GALLATIN,May,2013,18:05,THU,INTERSECTION,ON ROADWAY,RAIN,WET,DAYLIGHT,NON-INJURY ACCIDENT (PROPERTY- DAMAGE-ONLY ACCIDENT),"LEFT TURN, OPPOSITE DIRECTION",45.670565,-111.1859867
C000050N,081+0.863,,GALLATIN,July,2016,11:20,TUE,NON-JUNCTION,IN PARKING LANE OR ZONE,CLEAR,DRY,DAYLIGHT,NON-INJURY ACCIDENT (PROPERTY- DAMAGE-ONLY ACCIDENT),REAR TO REAR,45.67055482,-111.1852194
C000050N,081+0.863,NOT IN CITY LIMITS,GALLATIN,AUGUST,2017,9:30,SUN,DRIVEWAY/ALLEY ACCESS RELATED,ON ROADWAY,CLEAR,DRY,DAYLIGHT,NON-INJURY ACCIDENT (PROPERTY- DAMAGE-ONLY ACCIDENT),RIGHT ANGLE,45.67053792,-111.1856988
C000050N,081+0.875,,GALLATIN,June,2016,16:35,TUE,DRIVEWAY/ALLEY ACCESS RELATED,ON ROADWAY,CLOUDY,DRY,DAYLIGHT,POSSIBLE INJURY ACCIDENT,RIGHT ANGLE,45.67075996,-111.1856988
C000050N,081+0.875,,GALLATIN,March,2016,20:50,THU,DRIVEWAY/ALLEY ACCESS RELATED,ON ROADWAY,CLEAR,DRY,DARK-LIGHTED,NON-INJURY ACCIDENT (PROPERTY- DAMAGE-ONLY ACCIDENT),RIGHT ANGLE,45.67073942,-111.1856647
C000050N,081+0.875,NOT IN CITY LIMITS,GALLATIN,FEBRUARY,2017,10:28,FRI,NON-JUNCTION,OUTSIDE RIGHT-OF-WAY (TRAFFICWAY),CLEAR,DRY,DAYLIGHT,NON-INJURY ACCIDENT (PROPERTY- DAMAGE-ONLY ACCIDENT),FIXED OBJECT,45.6710883,-111.1856104
C000050N,081+0.875,NOT IN CITY LIMITS,GALLATIN,JANUARY,2017,14:45,THU,INTERSECTION-RELATED,ON ROADWAY,CLEAR,ICE/FROST,DAYLIGHT,NON-INJURY ACCIDENT (PROPERTY- DAMAGE-ONLY ACCIDENT),REAR-END,45.67068,-111.18559
C000050N,081+0.881,,GALLATIN,August,2015,23:24,FRI,DRIVEWAY/ALLEY ACCESS RELATED,ON ROADWAY,CLEAR,DRY,DARK-LIGHTED,NON-INJURY ACCIDENT (PROPERTY- DAMAGE-ONLY ACCIDENT),"RIGHT TURN, SAME DIRECTION",45.67081117,-111.1855622
C000050N,081+0.881,,GALLATIN,January,2015,10:20,FRI,DRIVEWAY/ALLEY ACCESS RELATED,ON ROADWAY,CLEAR,DRY,DAYLIGHT,NON-INJURY ACCIDENT (PROPERTY- DAMAGE-ONLY ACCIDENT),RIGHT ANGLE,45.67078728,-111.1856168
C000050N,081+0.889,,GALLATIN,July,2014,8:10,THU,DRIVEWAY/ALLEY ACCESS RELATED,OFF ROADWAY LOCATION UNKNOWN,CLOUDY,DRY,DAYLIGHT,NON-INJURY ACCIDENT (PROPERTY- DAMAGE-ONLY ACCIDENT),"LEFT TURN, SAME DIRECTION",45.67092047,-111.1854461
C000050N,081+0.890,,GALLATIN,May,2013,16:00,FRI,INTERSECTION-RELATED,ON ROADWAY,RAIN,WET,DAYLIGHT,NON-INJURY ACCIDENT (PROPERTY- DAMAGE-ONLY ACCIDENT),REAR-END,45.67101946,-111.1855691
C000050N,081+0.895,,GALLATIN,July,2014,19:15,SAT,DRIVEWAY/ALLEY ACCESS RELATED,ON ROADWAY,CLEAR,DRY,DAYLIGHT,NON-INJURY ACCIDENT (PROPERTY- DAMAGE-ONLY ACCIDENT),RIGHT ANGLE,45.67103312,-111.185651
C000050N,081+0.895,,GALLATIN,March,2015,12:10,MON,INTERSECTION-RELATED,ON ROADWAY,CLOUDY,DRY,DAYLIGHT,NON-INJURY ACCIDENT (PROPERTY- DAMAGE-ONLY ACCIDENT),REAR-END,45.67102633,-111.1855964
C000050N,081+0.900,,GALLATIN,January,2013,14:02,TUE,INTERSECTION,ON ROADWAY,CLOUDY,SNOW,DAYLIGHT,POSSIBLE INJURY ACCIDENT,"LEFT TURN, SAME DIRECTION",45.67110144,-111.18561
C000050N,081+0.900,,GALLATIN,September,2015,12:15,MON,NON-JUNCTION,ON ROADWAY,CLOUDY,DRY,DAYLIGHT,NON-INJURY ACCIDENT (PROPERTY- DAMAGE-ONLY ACCIDENT),"SIDESWIPE, SAME DIRECTION",45.67112,-111.1856
C000050N,081+0.900,,GALLATIN,February,2016,15:45,SUN,INTERSECTION-RELATED,ON ROADWAY,CLOUDY,DRY,DAYLIGHT,POSSIBLE INJURY ACCIDENT,REAR-END,45.67123462,-111.1856442
C000050N,081+0.900,,GALLATIN,April,2016,14:30,MON,INTERSECTION-RELATED,ON ROADWAY,RAIN,WET,DAYLIGHT,NON-INJURY ACCIDENT (PROPERTY- DAMAGE-ONLY ACCIDENT),REAR-END,45.67117319,-111.1856237
C000050N,081+0.900,NOT IN CITY LIMITS,GALLATIN,APRIL,2017,2:00,SUN,INTERSECTION-RELATED,ON ROADWAY,CLEAR,DRY,DARK-LIGHTED,NON-INJURY ACCIDENT (PROPERTY- DAMAGE-ONLY ACCIDENT),REAR-END,45.67108777,-111.18561
C000050N,081+0.900,NOT IN CITY LIMITS,GALLATIN,DECEMBER,2017,9:45,WED,INTERSECTION,ON ROADWAY,SNOW,SNOW,DAYLIGHT,NON-INJURY ACCIDENT (PROPERTY- DAMAGE-ONLY ACCIDENT),RIGHT ANGLE,45.67112,-111.1856
C000050N,081+0.900,NOT IN CITY LIMITS,GALLATIN,JANUARY,2017,18:00,FRI,INTERSECTION-RELATED,ON ROADWAY,CLEAR,DRY,DARK-LIGHTED,NON-INJURY ACCIDENT (PROPERTY- DAMAGE-ONLY ACCIDENT),"SIDESWIPE, SAME DIRECTION",45.6710883,-111.1856104
C000050N,081+0.900,NOT IN CITY LIMITS,GALLATIN,JULY,2017,16:20,FRI,INTERSECTION,ON ROADWAY,CLEAR,DRY,DAYLIGHT,NON-INJURY ACCIDENT (PROPERTY- DAMAGE-ONLY ACCIDENT),RIGHT ANGLE,45.67113899,-111.1855895
C000050N,081+0.900,NOT IN CITY LIMITS,GALLATIN,MARCH,2017,11:10,THU,INTERSECTION,ON ROADWAY,CLOUDY,WET,DAYLIGHT,NON-INJURY ACCIDENT (PROPERTY- DAMAGE-ONLY ACCIDENT),"SIDESWIPE, SAME DIRECTION",45.67112,-111.1856
C000050N,081+0.900,NOT IN CITY LIMITS,GALLATIN,OCTOBER,2017,9:05,FRI,INTERSECTION,ON ROADWAY,CLEAR,DRY,DAYLIGHT,NON-INJURY ACCIDENT (PROPERTY- DAMAGE-ONLY ACCIDENT),"LEFT TURN, SAME DIRECTION",45.67112532,-111.1855895
C000050N,081+0.906,,GALLATIN,February,2014,8:07,MON,INTERSECTION,ON ROADWAY,CLOUDY,DRY,DAYLIGHT,NON-INJURY ACCIDENT (PROPERTY- DAMAGE-ONLY ACCIDENT),REAR-END,45.67115609,-111.1854393
C000050N,081+0.906,,GALLATIN,July,2015,17:15,FRI,INTERSECTION-RELATED,ON ROADWAY,CLOUDY,DRY,DAYLIGHT,NON-INJURY ACCIDENT (PROPERTY- DAMAGE-ONLY ACCIDENT),REAR-END,45.67114586,-111.1854188
C000050N,081+0.906,,GALLATIN,May,2015,10:25,THU,INTERSECTION-RELATED,ON ROADWAY,CLOUDY,DRY,DAYLIGHT,NON-INJURY ACCIDENT (PROPERTY- DAMAGE-ONLY ACCIDENT),REAR-END,45.67113899,-111.1854598
C000050N,081+0.906,NOT IN CITY LIMITS,GALLATIN,APRIL,2017,13:38,THU,INTERSECTION,ON ROADWAY,CLOUDY,DRY,DAYLIGHT,NON-INJURY ACCIDENT (PROPERTY- DAMAGE-ONLY ACCIDENT),"SIDESWIPE, SAME DIRECTION",45.67113899,-111.1855281
C000050N,081+0.906,NOT IN CITY LIMITS,GALLATIN,JULY,2017,11:53,TUE,INTERSECTION-RELATED,ON ROADWAY,CLOUDY,DRY,DAYLIGHT,NON-INJURY ACCIDENT (PROPERTY- DAMAGE-ONLY ACCIDENT),REAR-END,45.67114586,-111.1854188
C000050N,081+0.906,NOT IN CITY LIMITS,GALLATIN,JUNE,2017,20:30,MON,INTERSECTION-RELATED,ON ROADWAY,CLEAR,DRY,DAYLIGHT,NON-INJURY ACCIDENT (PROPERTY- DAMAGE-ONLY ACCIDENT),"SIDESWIPE, SAME DIRECTION",45.67115952,-111.1854802
C000050N,081+0.906,NOT IN CITY LIMITS,GALLATIN,SEPTEMBER,2017,14:30,THU,INTERSECTION,ON ROADWAY,CLEAR,DRY,DAYLIGHT,POSSIBLE INJURY ACCIDENT,REAR-END,45.67113563,-111.1855212
C000050N,081+0.910,,GALLATIN,July,2013,17:29,THU,INTERSECTION,ON ROADWAY,CLEAR,DRY,DAYLIGHT,INCAPACITATING INJURY ACCIDENT,RIGHT ANGLE,45.67105487,-111.1854059
C000050N,081+0.913,,GALLATIN,September,2014,10:55,THU,INTERSECTION-RELATED,ON ROADWAY,RAIN,WET,DAYLIGHT,NON-INJURY ACCIDENT (PROPERTY- DAMAGE-ONLY ACCIDENT),REAR-END,45.67117319,-111.185371
C000050N,081+0.913,,GALLATIN,September,2015,14:40,SAT,INTERSECTION,ON ROADWAY,CLEAR,DRY,DAYLIGHT,POSSIBLE INJURY ACCIDENT,RIGHT ANGLE,45.67113333,-111.185315
C000050N,081+0.913,,GALLATIN,October,2015,16:55,TUE,INTERSECTION-RELATED,ON ROADWAY,CLOUDY,DRY,DAYLIGHT,NON-INJURY ACCIDENT (PROPERTY- DAMAGE-ONLY ACCIDENT),REAR-END,45.67113563,-111.1852958
C000050N,081+0.913,NOT IN CITY LIMITS,GALLATIN,JANUARY,2017,14:22,THU,INTERSECTION,ON ROADWAY,CLEAR,ICE/FROST,DAYLIGHT,NON-INJURY ACCIDENT (PROPERTY- DAMAGE-ONLY ACCIDENT),REAR-END,45.6710883,-111.1856104
C000050N,081+0.919,,GALLATIN,October,2014,13:15,SAT,DRIVEWAY/ALLEY ACCESS RELATED,ON ROADWAY,CLEAR,DRY,DAYLIGHT,POSSIBLE INJURY ACCIDENT,"SIDESWIPE, SAME DIRECTION",45.67114586,-111.1852003
C000050N,081+0.919,,GALLATIN,December,2016,11:50,THU,INTERSECTION-RELATED,ON ROADWAY,CLEAR,DRY,DAYLIGHT,NON-INJURY ACCIDENT (PROPERTY- DAMAGE-ONLY ACCIDENT),REAR-END,45.67133626,-111.1851596
C000050N,081+0.920,,GALLATIN,December,2013,8:40,FRI,INTERSECTION-RELATED,ON ROADWAY,CLOUDY,ICE/FROST,DAYLIGHT,NON-INJURY ACCIDENT (PROPERTY- DAMAGE-ONLY ACCIDENT),REAR-END,45.67115952,-111.1850841
C000050N,081+0.925,,GALLATIN,January,2014,17:10,FRI,INTERSECTION-RELATED,ON ROADWAY,CLOUDY,SNOW,DAYLIGHT,NON-INJURY ACCIDENT (PROPERTY- DAMAGE-ONLY ACCIDENT),REAR-END,45.67112532,-111.1851387
C000050N,081+0.925,NOT IN CITY LIMITS,GALLATIN,AUGUST,2017,22:24,SAT,INTERSECTION,ON ROADWAY,CLEAR,DRY,DARK-LIGHTED,NON-INCAPACITATING EVIDENT INJURY ACCIDENT,RIGHT ANGLE,45.67103001,-111.1851084
C000050N,081+0.931,,GALLATIN,January,2016,11:00,WED,NON-JUNCTION,ON ROADWAY,CLEAR,DRY,DAYLIGHT,NON-INJURY ACCIDENT (PROPERTY- DAMAGE-ONLY ACCIDENT),OTHER,45.67110144,-111.185009
C000050N,081+0.931,NOT IN CITY LIMITS,GALLATIN,MAY,2017,6:05,SAT,DRIVEWAY/ALLEY ACCESS RELATED,ON ROADWAY,CLEAR,DRY,DAYLIGHT,NON-INJURY ACCIDENT (PROPERTY- DAMAGE-ONLY ACCIDENT),RIGHT ANGLE,45.67112197,-111.184927
C000050N,081+0.937,,GALLATIN,January,2015,17:50,TUE,DRIVEWAY/ALLEY ACCESS RELATED,ON ROADWAY,CLOUDY,DRY,DARK-LIGHTED,NON-INCAPACITATING EVIDENT INJURY ACCIDENT,HEAD ON,45.67111,-111.1848
C000050N,081+0.937,,GALLATIN,February,2016,7:10,WED,DRIVEWAY/ALLEY ACCESS RELATED,ON ROADWAY,CLEAR,DRY,DAWN,NON-INCAPACITATING EVIDENT INJURY ACCIDENT,RIGHT ANGLE,45.67093,-111.1849
C000050N,081+0.940,,GALLATIN,August,2013,11:14,SAT,INTERSECTION-RELATED,ON ROADWAY,CLEAR,DRY,DAYLIGHT,POSSIBLE INJURY ACCIDENT,REAR-END,45.67116,-111.1847333
C000050N,081+0.944,,GALLATIN,May,2015,20:40,FRI,INTERSECTION-RELATED,ON ROADWAY,CLOUDY,DRY,DAYLIGHT,NON-INJURY ACCIDENT (PROPERTY- DAMAGE-ONLY ACCIDENT),REAR-END,45.67116167,-111.184735
C000050N,081+0.944,NOT IN CITY LIMITS,GALLATIN,APRIL,2017,18:30,FRI,INTERSECTION-RELATED,ON ROADWAY,CLOUDY,WET,DAYLIGHT,POSSIBLE INJURY ACCIDENT,REAR-END,45.67122784,-111.1846675
C000050N,081+0.944,NOT IN CITY LIMITS,GALLATIN,MARCH,2017,8:20,MON,INTERSECTION-RELATED,ON ROADWAY,CLOUDY,SNOW,DAYLIGHT,NON-INJURY ACCIDENT (PROPERTY- DAMAGE-ONLY ACCIDENT),REAR-END,45.67083152,-111.1846909
C000050N,081+0.950,,GALLATIN,May,2013,8:27,TUE,NON-JUNCTION,ON ROADWAY,RAIN,WET,DAYLIGHT,POSSIBLE INJURY ACCIDENT,REAR-END,45.67108777,-111.1844489
C000050N,081+0.950,,GALLATIN,October,2015,10:12,SAT,NON-JUNCTION,ON ROADWAY,RAIN,WET,DAYLIGHT,NON-INJURY ACCIDENT (PROPERTY- DAMAGE-ONLY ACCIDENT),RIGHT ANGLE,45.67110144,-111.1845719
C000050N,081+0.956,,GALLATIN,June,2015,18:22,FRI,NON-JUNCTION,IN PARKING LANE OR ZONE,CLOUDY,DRY,DAYLIGHT,NON-INJURY ACCIDENT (PROPERTY- DAMAGE-ONLY ACCIDENT),"SIDESWIPE, SAME DIRECTION",45.67047648,-111.1844967
C000050N,081+0.956,NOT IN CITY LIMITS,GALLATIN,APRIL,2017,15:58,FRI,DRIVEWAY/ALLEY ACCESS RELATED,ON ROADWAY,RAIN,WET,DAYLIGHT,NON-INJURY ACCIDENT (PROPERTY- DAMAGE-ONLY ACCIDENT),"SIDESWIPE, SAME DIRECTION",45.67109465,-111.1843942
C000050N,081+0.968,,GALLATIN,August,2014,11:25,SAT,DRIVEWAY/ALLEY ACCESS RELATED,ON ROADWAY,CLOUDY,DRY,DAYLIGHT,POSSIBLE INJURY ACCIDENT,RIGHT ANGLE,45.671015,-111.1842583
C000050N,081+0.968,NOT IN CITY LIMITS,GALLATIN,JUNE,2017,17:20,THU,INTERSECTION-RELATED,ON ROADWAY,CLOUDY,DRY,DAYLIGHT,NON-INJURY ACCIDENT (PROPERTY- DAMAGE-ONLY ACCIDENT),REAR-END,45.67116975,-111.1842303
C000050N,081+0.981,NOT IN CITY LIMITS,GALLATIN,JANUARY,2017,14:40,THU,INTERSECTION,ON ROADWAY,CLOUDY,WET,DAYLIGHT,NON-INCAPACITATING EVIDENT INJURY ACCIDENT,RIGHT ANGLE,45.6710738,-111.1833654
C000050N,081+0.987,NOT IN CITY LIMITS,GALLATIN,JUNE,2017,20:15,FRI,DRIVEWAY/ALLEY ACCESS RELATED,ON ROADWAY,CLOUDY,DRY,DAYLIGHT,NON-INJURY ACCIDENT (PROPERTY- DAMAGE-ONLY ACCIDENT),RIGHT ANGLE,45.67099454,-111.1837624
C000050N,082+0.002,,GALLATIN,April,2015,6:42,THU,NON-JUNCTION,ON ROADWAY,CLEAR,DRY,DAYLIGHT,POSSIBLE INJURY ACCIDENT,RIGHT ANGLE,45.67108,-111.18373
C000050N,082+0.008,,GALLATIN,August,2015,9:45,SUN,INTERSECTION-RELATED,ON ROADWAY,CLEAR,DRY,DAYLIGHT,NON-INCAPACITATING EVIDENT INJURY ACCIDENT,REAR-END,45.67109121,-111.1836156
C000050N,082+0.010,,GALLATIN,September,2013,7:52,FRI,INTERSECTION,ON ROADWAY,CLOUDY,DRY,DAYLIGHT,FATAL ACCIDENT,PEDESTRIAN,45.67105701,-111.183479
C000050N,082+0.010,,GALLATIN,October,2013,13:25,WED,INTERSECTION-RELATED,ON ROADWAY,CLEAR,DRY,DAYLIGHT,POSSIBLE INJURY ACCIDENT,REAR-END,45.67105366,-111.1834244
C000050N,082+0.015,NOT IN CITY LIMITS,GALLATIN,AUGUST,2017,18:50,THU,INTERSECTION-RELATED,ON ROADWAY,CLEAR,DRY,DAYLIGHT,NON-INJURY ACCIDENT (PROPERTY- DAMAGE-ONLY ACCIDENT),REAR-END,45.67108098,-111.1834722
C000050N,082+0.034,,GALLATIN,July,2015,16:55,WED,NON-JUNCTION,ON ROADWAY,CLOUDY,DRY,DAYLIGHT,NON-INJURY ACCIDENT (PROPERTY- DAMAGE-ONLY ACCIDENT),REAR-END,45.67107067,-111.1830828
C000050N,082+0.040,NOT IN CITY LIMITS,GALLATIN,JULY,2017,11:50,FRI,INTERSECTION,ON ROADWAY,CLEAR,DRY,DAYLIGHT,POSSIBLE INJURY ACCIDENT,RIGHT ANGLE,45.67118381,-111.182863
C000050N,082+0.052,NOT IN CITY LIMITS,GALLATIN,DECEMBER,2017,12:40,SUN,NON-JUNCTION,ROADSIDE LEFT,SNOW,SNOW,DAYLIGHT,NON-INJURY ACCIDENT (PROPERTY- DAMAGE-ONLY ACCIDENT),FIXED OBJECT,45.67124548,-111.1826449
C000050N,082+0.065,,GALLATIN,July,2016,8:48,WED,NON-JUNCTION,ON ROADWAY,CLOUDY,DRY,DAYLIGHT,NON-INJURY ACCIDENT (PROPERTY- DAMAGE-ONLY ACCIDENT),REAR-END,45.67110294,-111.1824618
C000050N,082+0.126,,GALLATIN,May,2016,14:20,TUE,NON-JUNCTION,ON ROADWAY,CLOUDY,DRY,DAYLIGHT,NON-INCAPACITATING EVIDENT INJURY ACCIDENT,RIGHT ANGLE,45.67105169,-111.1811558
C000050N,082+0.145,,GALLATIN,October,2015,17:30,SAT,NON-JUNCTION,ON ROADWAY,CLEAR,DRY,DAYLIGHT,NON-INJURY ACCIDENT (PROPERTY- DAMAGE-ONLY ACCIDENT),REAR-END,45.67098878,-111.1807674
C000050N,082+0.176,NOT IN CITY LIMITS,GALLATIN,MARCH,2017,9:13,MON,NON-JUNCTION,ON ROADWAY,CLOUDY,ICE/FROST,DAYLIGHT,NON-INJURY ACCIDENT (PROPERTY- DAMAGE-ONLY ACCIDENT),"SIDESWIPE, OPPOSITE DIRECTION",45.67114774,-111.180047
C000050N,082+0.220,,GALLATIN,February,2014,12:52,THU,NON-JUNCTION,ON ROADWAY,CLOUDY,DRY,DAYLIGHT,NON-INJURY ACCIDENT (PROPERTY- DAMAGE-ONLY ACCIDENT),"SIDESWIPE, SAME DIRECTION",45.67097236,-111.1791532
C000050N,082+0.263,,GALLATIN,November,2016,8:25,MON,NON-JUNCTION,ROADSIDE RIGHT,CLOUDY,ICE/FROST,DAYLIGHT,NON-INJURY ACCIDENT (PROPERTY- DAMAGE-ONLY ACCIDENT),ROLL OVER,45.6710062,-111.1782825
C000050N,082+0.294,,GALLATIN,January,2015,0:00,MON,NON-JUNCTION,ROADSIDE LEFT,CLEAR,ICE/FROST,DAYLIGHT,NON-INJURY ACCIDENT (PROPERTY- DAMAGE-ONLY ACCIDENT),FIXED OBJECT,45.67117,-111.1776733
C000050N,082+0.307,NOT IN CITY LIMITS,GALLATIN,MARCH,2017,7:50,WED,INTERSECTION,ON ROADWAY,CLEAR,WET,DAYLIGHT,NON-INJURY ACCIDENT (PROPERTY- DAMAGE-ONLY ACCIDENT),RIGHT ANGLE,45.67111738,-111.1774201
C000050N,082+0.325,NOT IN CITY LIMITS,GALLATIN,NOVEMBER,2017,7:40,MON,INTERSECTION,ON ROADWAY,CLEAR,DRY,DAYLIGHT,POSSIBLE INJURY ACCIDENT,REAR-END,45.67096138,-111.177005
C000050N,082+0.331,,GALLATIN,January,2015,5:00,THU,NON-JUNCTION,SHOULDER,CLEAR,DRY,DARK-NOT LIGHTED,NON-INJURY ACCIDENT (PROPERTY- DAMAGE-ONLY ACCIDENT),FIXED OBJECT,45.67119058,-111.1768957
C000050N,082+0.387,,GALLATIN,November,2014,11:50,SUN,NON-JUNCTION,ON ROADWAY,CLEAR,SNOW,DAYLIGHT,NON-INJURY ACCIDENT (PROPERTY- DAMAGE-ONLY ACCIDENT),DOMESTIC ANIMAL,45.67104335,-111.175795
C000050N,082+0.387,NOT IN CITY LIMITS,GALLATIN,DECEMBER,2017,9:15,MON,NON-JUNCTION,ON ROADWAY,SNOW,SNOW,DAYLIGHT,NON-INJURY ACCIDENT (PROPERTY- DAMAGE-ONLY ACCIDENT),REAR-END,45.67100888,-111.1757489
C000050N,082+0.436,,GALLATIN,July,2015,6:55,WED,DRIVEWAY/ALLEY ACCESS RELATED,ON ROADWAY,CLEAR,DRY,DAYLIGHT,NON-INCAPACITATING EVIDENT INJURY ACCIDENT,RIGHT ANGLE,45.67112333,-111.1746767
C000050N,082+0.440,,GALLATIN,January,2013,22:35,SUN,NON-JUNCTION,ON ROADWAY,CLEAR,DRY,DARK-NOT LIGHTED,NON-INJURY ACCIDENT (PROPERTY- DAMAGE-ONLY ACCIDENT),WILD ANIMAL,45.67092333,-111.1745883
C000050N,082+0.469,,GALLATIN,February,2015,1:40,THU,NON-JUNCTION,ON ROADWAY,CLOUDY,DRY,DARK-NOT LIGHTED,NON-INJURY ACCIDENT (PROPERTY- DAMAGE-ONLY ACCIDENT),WILD ANIMAL,45.67091812,-111.1741029
C000050N,082+0.526,,GALLATIN,November,2016,8:35,MON,NON-JUNCTION,ON ROADWAY,CLOUDY,ICE/FROST,DAYLIGHT,NON-INJURY ACCIDENT (PROPERTY- DAMAGE-ONLY ACCIDENT),RIGHT ANGLE,45.67099,-111.17291
C000050N,082+0.666,NOT IN CITY LIMITS,GALLATIN,JANUARY,2017,18:50,THU,NON-JUNCTION,ON ROADWAY,CLOUDY,WET,DARK-NOT LIGHTED,NON-INJURY ACCIDENT (PROPERTY- DAMAGE-ONLY ACCIDENT),WILD ANIMAL,45.67096988,-111.1699756
C000050N,082+0.690,,GALLATIN,November,2013,18:40,TUE,NON-JUNCTION,ON ROADWAY,CLEAR,DRY,DARK-NOT LIGHTED,NON-INJURY ACCIDENT (PROPERTY- DAMAGE-ONLY ACCIDENT),WILD ANIMAL,45.67098878,-111.1694635
C000050N,082+0.697,,GALLATIN,March,2016,21:45,SUN,NON-JUNCTION,ON ROADWAY,SNOW,WET,DARK-NOT LIGHTED,NON-INJURY ACCIDENT (PROPERTY- DAMAGE-ONLY ACCIDENT),FIXED OBJECT,45.67090633,-111.1693523
C000050N,082+0.716,,GALLATIN,November,2014,21:00,THU,NON-JUNCTION,SHOULDER,CLEAR,DRY,DARK-NOT LIGHTED,NON-INJURY ACCIDENT (PROPERTY- DAMAGE-ONLY ACCIDENT),FIXED OBJECT,45.67094092,-111.1690195
C000050N,082+0.759,,GALLATIN,December,2014,7:30,MON,NON-JUNCTION,ON ROADWAY,CLEAR,DRY,DAWN,NON-INJURY ACCIDENT (PROPERTY- DAMAGE-ONLY ACCIDENT),WILD ANIMAL,45.67110833,-111.1680383
C000050N,082+0.827,,GALLATIN,April,2015,6:00,THU,NON-JUNCTION,ROADSIDE RIGHT,CLOUDY,DRY,DAWN,NON-INCAPACITATING EVIDENT INJURY ACCIDENT,FIXED OBJECT,45.67100924,-111.1666562
C000050N,082+0.833,NOT IN CITY LIMITS,GALLATIN,DECEMBER,2017,16:25,MON,NON-JUNCTION,ROADSIDE RIGHT,CLEAR,ICE/FROST,DAYLIGHT,NON-INJURY ACCIDENT (PROPERTY- DAMAGE-ONLY ACCIDENT),FIXED OBJECT,45.67086102,-111.1664922
C000050N,082+0.852,BOZEMAN,GALLATIN,NOVEMBER,2017,18:00,SUN,NON-JUNCTION,ON ROADWAY,CLOUDY,DRY,DARK-NOT LIGHTED,NON-INJURY ACCIDENT (PROPERTY- DAMAGE-ONLY ACCIDENT),WILD ANIMAL,45.67090977,-111.1661369
C000050N,082+0.852,NOT IN CITY LIMITS,GALLATIN,MARCH,2017,5:45,SAT,NON-JUNCTION,ON ROADWAY,CLEAR,DRY,DARK-NOT LIGHTED,NON-INJURY ACCIDENT (PROPERTY- DAMAGE-ONLY ACCIDENT),WILD ANIMAL,45.67099214,-111.166103