MDT_CORRIDOR_ID,SMS_REFPOST_OFFSET,CITY,COUNTY,Month,Year,SMS_TIME,SMT_CRASH_OCC_DAY_OF_WEEK,JUNCTION_RELATED,ROADWAY_RELATED,WEATHER_COND,ROAD_COND,LIGHT_COND,CRASH_SEVERITY,COLLISION_TYPE,LATITUDE,LONGITUDE
C000050N,082+0.864,NOT IN CITY LIMITS,GALLATIN,JULY,2017,18:00,MON,NON-JUNCTION,ON ROADWAY,CLEAR,DRY,DAYLIGHT,NON-INJURY ACCIDENT (PROPERTY- DAMAGE-ONLY ACCIDENT),REAR-END,45.67088667,-111.1659367
C000050N,082+0.877,BOZEMAN,GALLATIN,November,2016,10:00,FRI,INTERSECTION-RELATED,ON ROADWAY,CLOUDY,DRY,DAYLIGHT,NON-INJURY ACCIDENT (PROPERTY- DAMAGE-ONLY ACCIDENT),REAR-END,45.6709179,-111.1657026
C000050N,082+0.877,NOT IN CITY LIMITS,GALLATIN,NOVEMBER,2017,17:27,SUN,INTERSECTION,ON ROADWAY,CLOUDY,DRY,DARK-LIGHTED,NON-INJURY ACCIDENT (PROPERTY- DAMAGE-ONLY ACCIDENT),WILD ANIMAL,45.67110336,-111.1656059
C000050N,082+0.889,,GALLATIN,March,2015,7:38,THU,NON-JUNCTION,ON ROADWAY,CLEAR,DRY,DAYLIGHT,NON-INJURY ACCIDENT (PROPERTY- DAMAGE-ONLY ACCIDENT),WILD ANIMAL,45.67099901,-111.1654473
C000050N,082+0.889,,GALLATIN,December,2015,11:05,FRI,INTERSECTION-RELATED,ON ROADWAY,CLEAR,DRY,DAYLIGHT,NON-INJURY ACCIDENT (PROPERTY- DAMAGE-ONLY ACCIDENT),"SIDESWIPE, SAME DIRECTION",45.67114109,-111.1654128
C000050N,082+0.901,NOT IN CITY LIMITS,GALLATIN,DECEMBER,2017,20:35,WED,INTERSECTION-RELATED,ON ROADWAY,SNOW,ICE/FROST,DARK-LIGHTED,NON-INJURY ACCIDENT (PROPERTY- DAMAGE-ONLY ACCIDENT),REAR-END,45.67098878,-111.1651741
C000050N,082+0.908,,GALLATIN,March,2015,18:30,WED,INTERSECTION-RELATED,ON ROADWAY,CLEAR,DRY,DARK-NOT LIGHTED,NON-INJURY ACCIDENT (PROPERTY- DAMAGE-ONLY ACCIDENT),"SIDESWIPE, SAME DIRECTION",45.67100924,-111.1650512
C000050N,082+0.914,,GALLATIN,August,2016,11:55,SAT,INTERSECTION,ON ROADWAY,CLEAR,DRY,DAYLIGHT,NON-INCAPACITATING EVIDENT INJURY ACCIDENT,REAR-END,45.67097847,-111.1648599
C000050N,082+0.926,NOT IN CITY LIMITS,GALLATIN,DECEMBER,2017,9:45,THU,INTERSECTION-RELATED,ROADSIDE RIGHT,CLOUDY,ICE/FROST,DAYLIGHT,NON-INJURY ACCIDENT (PROPERTY- DAMAGE-ONLY ACCIDENT),FIXED OBJECT,45.67086831,-111.1645805
C000050N,082+0.938,,GALLATIN,November,2016,9:05,SAT,INTERSECTION,ON ROADWAY,CLEAR,DRY,DAYLIGHT,NON-INCAPACITATING EVIDENT INJURY ACCIDENT,RIGHT ANGLE,45.67113952,-111.164365
C000050N,082+0.950,,GALLATIN,February,2013,18:50,MON,NON-JUNCTION,ON ROADWAY,CLEAR,DRY,DARK-NOT LIGHTED,NON-INJURY ACCIDENT (PROPERTY- DAMAGE-ONLY ACCIDENT),WILD ANIMAL,45.67092047,-111.1640813
C000050N,082+0.957,,GALLATIN,December,2014,8:30,WED,NON-JUNCTION,ON ROADWAY,CLOUDY,ICE/FROST,DAYLIGHT,NON-INJURY ACCIDENT (PROPERTY- DAMAGE-ONLY ACCIDENT),HEAD ON,45.67111954,-111.1639388
C000050N,082+0.957,,GALLATIN,November,2016,20:10,SUN,NON-JUNCTION,ON ROADWAY,CLEAR,DRY,DARK-NOT LIGHTED,NON-INJURY ACCIDENT (PROPERTY- DAMAGE-ONLY ACCIDENT),WILD ANIMAL,45.67095459,-111.1639583
C000050N,082+0.982,,GALLATIN,December,2015,21:15,TUE,NON-JUNCTION,ON ROADWAY,CLOUDY,WET,DARK-NOT LIGHTED,NON-INJURY ACCIDENT (PROPERTY- DAMAGE-ONLY ACCIDENT),WILD ANIMAL,45.67099214,-111.1634392
C000050N,083+0.000,,GALLATIN,June,2016,0:00,WED,INTERSECTION-RELATED,ON ROADWAY,CLEAR,DRY,DAYLIGHT,NON-INCAPACITATING EVIDENT INJURY ACCIDENT,REAR-END,45.67103771,-111.1633491
C000050N,083+0.006,,GALLATIN,December,2016,17:43,THU,NON-JUNCTION,ON ROADWAY,SNOW,ICE/FROST,DARK-NOT LIGHTED,NON-INJURY ACCIDENT (PROPERTY- DAMAGE-ONLY ACCIDENT),RIGHT ANGLE,45.67112523,-111.1632659
C000050N,083+0.010,,GALLATIN,December,2013,15:40,MON,NON-JUNCTION,SHOULDER,CLOUDY,SNOW,DAYLIGHT,NON-INJURY ACCIDENT (PROPERTY- DAMAGE-ONLY ACCIDENT),FIXED OBJECT,45.67101946,-111.1630568
C000050N,083+0.019,,GALLATIN,April,2014,7:00,FRI,NON-JUNCTION,ROADSIDE LEFT,CLOUDY,DRY,DAYLIGHT,NON-INJURY ACCIDENT (PROPERTY- DAMAGE-ONLY ACCIDENT),FIXED OBJECT,45.67098878,-111.1629952
C000050N,083+0.037,,GALLATIN,December,2016,4:50,FRI,NON-JUNCTION,ON ROADWAY,SNOW,SNOW,DARK-LIGHTED,NON-INJURY ACCIDENT (PROPERTY- DAMAGE-ONLY ACCIDENT),WILD ANIMAL,45.67088204,-111.16264
C000050N,083+0.070,,GALLATIN,October,2013,16:45,FRI,NON-JUNCTION,ON ROADWAY,CLEAR,DRY,DAYLIGHT,POSSIBLE INJURY ACCIDENT,"LEFT TURN, SAME DIRECTION",45.6709973,-111.1617777
C000050N,083+0.179,,GALLATIN,April,2015,5:55,WED,NON-JUNCTION,ON ROADWAY,CLEAR,DRY,DARK-NOT LIGHTED,NON-INJURY ACCIDENT (PROPERTY- DAMAGE-ONLY ACCIDENT),WILD ANIMAL,45.67091362,-111.1596241
C000050N,083+0.248,,GALLATIN,May,2016,8:02,FRI,NON-JUNCTION,ON ROADWAY,CLOUDY,DRY,DAYLIGHT,POSSIBLE INJURY ACCIDENT,REAR-END,45.67117319,-111.1583029
C000050N,083+0.260,,GALLATIN,January,2013,15:15,FRI,NON-JUNCTION,ROADSIDE RIGHT,SNOW,ICE/FROST,DAYLIGHT,NON-INJURY ACCIDENT (PROPERTY- DAMAGE-ONLY ACCIDENT),FIXED OBJECT,45.67092382,-111.1580092
C000050N,083+0.266,,GALLATIN,February,2015,17:00,THU,INTERSECTION,ON ROADWAY,CLEAR,DRY,DAYLIGHT,NON-INJURY ACCIDENT (PROPERTY- DAMAGE-ONLY ACCIDENT),REAR-END,45.67093583,-111.1578368
C000050N,083+0.346,,GALLATIN,December,2016,17:20,THU,NON-JUNCTION,ROADSIDE RIGHT,SNOW,ICE/FROST,DARK-NOT LIGHTED,NON-INJURY ACCIDENT (PROPERTY- DAMAGE-ONLY ACCIDENT),FIXED OBJECT,45.67117792,-111.1562161
C000050N,083+0.383,,GALLATIN,September,2016,8:55,FRI,NON-JUNCTION,ON ROADWAY,RAIN,WET,DAYLIGHT,NON-INJURY ACCIDENT (PROPERTY- DAMAGE-ONLY ACCIDENT),"SIDESWIPE, SAME DIRECTION",45.67119364,-111.1554069
C000050N,083+0.446,NOT IN CITY LIMITS,GALLATIN,JUNE,2017,11:25,MON,INTERSECTION,ON ROADWAY,CLOUDY,DRY,DAYLIGHT,NON-INCAPACITATING EVIDENT INJURY ACCIDENT,RIGHT ANGLE,45.67108098,-111.1541638
C000050N,083+0.460,,GALLATIN,November,2013,15:20,FRI,NON-JUNCTION,ON ROADWAY,CLEAR,DRY,DAYLIGHT,NON-INJURY ACCIDENT (PROPERTY- DAMAGE-ONLY ACCIDENT),REAR-END,45.67108098,-111.1537472
C000050N,083+0.489,,GALLATIN,May,2015,21:35,THU,NON-JUNCTION,ON ROADWAY,CLOUDY,DRY,DARK-NOT LIGHTED,NON-INJURY ACCIDENT (PROPERTY- DAMAGE-ONLY ACCIDENT),NOT FIXED OBJECT OR DEBRIS,45.67096172,-111.1532981
C000050N,083+0.632,BOZEMAN,GALLATIN,NOVEMBER,2017,18:15,MON,INTERSECTION,ON ROADWAY,CLOUDY,DRY,DARK-NOT LIGHTED,NON-INJURY ACCIDENT (PROPERTY- DAMAGE-ONLY ACCIDENT),HEAD ON,45.67103312,-111.1503048
C000050N,083+0.694,,GALLATIN,March,2016,21:30,SUN,NON-JUNCTION,ON ROADWAY,CLEAR,DRY,DARK-NOT LIGHTED,NON-INJURY ACCIDENT (PROPERTY- DAMAGE-ONLY ACCIDENT),WILD ANIMAL,45.67096396,-111.1490196
C000050N,083+0.725,NOT IN CITY LIMITS,GALLATIN,JULY,2017,19:30,SAT,NON-JUNCTION,ON ROADWAY,CLEAR,DRY,DAYLIGHT,NON-INJURY ACCIDENT (PROPERTY- DAMAGE-ONLY ACCIDENT),NOT FIXED OBJECT OR DEBRIS,45.67096225,-111.1483866
C000050N,083+0.824,,GALLATIN,January,2016,23:40,SAT,INTERSECTION,ON ROADWAY,CLOUDY,ICE/FROST,DARK-NOT LIGHTED,POSSIBLE INJURY ACCIDENT,RIGHT ANGLE,45.67095582,-111.1463195
C000050N,083+0.873,NOT IN CITY LIMITS,GALLATIN,OCTOBER,2017,17:30,MON,INTERSECTION,ON ROADWAY,CLEAR,DRY,DAYLIGHT,POSSIBLE INJURY ACCIDENT,RIGHT ANGLE,45.67114994,-111.1453056
C000050N,083+0.880,,GALLATIN,September,2013,16:00,MON,INTERSECTION-RELATED,ROADSIDE RIGHT,CLOUDY,DRY,DAYLIGHT,NON-INJURY ACCIDENT (PROPERTY- DAMAGE-ONLY ACCIDENT),FIXED OBJECT,45.67116975,-111.1452368
C000050N,083+0.880,,GALLATIN,January,2014,12:08,TUE,INTERSECTION,ON ROADWAY,CLEAR,DRY,DAYLIGHT,NON-INJURY ACCIDENT (PROPERTY- DAMAGE-ONLY ACCIDENT),REAR-END,45.67112532,-111.1451684
C000050N,083+0.885,,GALLATIN,September,2016,17:05,TUE,INTERSECTION-RELATED,ON ROADWAY,CLOUDY,DRY,DAYLIGHT,NON-INJURY ACCIDENT (PROPERTY- DAMAGE-ONLY ACCIDENT),RIGHT ANGLE,45.67115609,-111.1451138
C000050N,083+0.885,NOT IN CITY LIMITS,GALLATIN,APRIL,2017,8:00,TUE,INTERSECTION-RELATED,ON ROADWAY,CLOUDY,SLUSH,DAYLIGHT,POSSIBLE INJURY ACCIDENT,REAR-END,45.67103,-111.14508
C000050N,083+0.885,NOT IN CITY LIMITS,GALLATIN,DECEMBER,2017,14:30,MON,INTERSECTION,ROADSIDE RIGHT,SNOW,SNOW,DAYLIGHT,NON-INJURY ACCIDENT (PROPERTY- DAMAGE-ONLY ACCIDENT),FIXED OBJECT,45.67103,-111.14508
C000050N,083+0.892,,GALLATIN,May,2016,7:19,TUE,INTERSECTION,ON ROADWAY,CLEAR,DRY,DAYLIGHT,NON-INCAPACITATING EVIDENT INJURY ACCIDENT,BICYCLE,45.6711683,-111.1449635
C000050N,083+0.892,NOT IN CITY LIMITS,GALLATIN,MARCH,2017,14:30,WED,INTERSECTION,ON ROADWAY,CLOUDY,DRY,DAYLIGHT,NON-INCAPACITATING EVIDENT INJURY ACCIDENT,RIGHT ANGLE,45.671135,-111.1449667
C000050N,083+0.892,NOT IN CITY LIMITS,GALLATIN,NOVEMBER,2017,11:27,WED,INTERSECTION-RELATED,ON ROADWAY,CLOUDY,ICE/FROST,DAYLIGHT,NON-INJURY ACCIDENT (PROPERTY- DAMAGE-ONLY ACCIDENT),RIGHT ANGLE,45.67112532,-111.1448747
C000050N,083+0.966,NOT IN CITY LIMITS,GALLATIN,DECEMBER,2017,18:40,THU,NON-JUNCTION,ROADSIDE RIGHT,CLEAR,ICE/FROST,DARK-LIGHTED,NON-INJURY ACCIDENT (PROPERTY- DAMAGE-ONLY ACCIDENT),ROLL OVER,45.67118988,-111.1433562
C000050N,084+0.044,NOT IN CITY LIMITS,GALLATIN,NOVEMBER,2017,17:00,SAT,DRIVEWAY/ALLEY ACCESS RELATED,ROADSIDE RIGHT,CLOUDY,SLUSH,DAYLIGHT,NON-INJURY ACCIDENT (PROPERTY- DAMAGE-ONLY ACCIDENT),FIXED OBJECT,45.67094487,-111.1415623
C000050N,084+0.171,,GALLATIN,October,2016,6:45,TUE,NON-JUNCTION,ON ROADWAY,SNOW,SNOW,DARK-NOT LIGHTED,NON-INJURY ACCIDENT (PROPERTY- DAMAGE-ONLY ACCIDENT),HEAD ON,45.67117799,-111.1389669
C000050N,084+0.171,,GALLATIN,October,2016,0:00,TUE,NON-JUNCTION,ROADSIDE RIGHT,SLEET/HAIL/FREEZING RAIN/DRIZZLE,SNOW,DARK-NOT LIGHTED,NON-INJURY ACCIDENT (PROPERTY- DAMAGE-ONLY ACCIDENT),FIXED OBJECT,45.6711784,-111.1389514
C000050N,084+0.221,BOZEMAN,GALLATIN,December,2016,8:45,FRI,NON-JUNCTION,ON ROADWAY,CLOUDY,SNOW,DAYLIGHT,NON-INCAPACITATING EVIDENT INJURY ACCIDENT,REAR-END,45.67118835,-111.1378937
C000050N,084+0.277,,GALLATIN,June,2016,17:45,MON,NON-JUNCTION,ON ROADWAY,CLEAR,DRY,DAYLIGHT,NON-INJURY ACCIDENT (PROPERTY- DAMAGE-ONLY ACCIDENT),WILD ANIMAL,45.6712614,-111.1367694
C000050N,084+0.301,,GALLATIN,July,2015,12:25,MON,INTERSECTION,ON ROADWAY,RAIN,WET,DAYLIGHT,NON-INJURY ACCIDENT (PROPERTY- DAMAGE-ONLY ACCIDENT),"LEFT TURN, OPPOSITE DIRECTION",45.67103515,-111.1362288
C000050N,084+0.314,NOT IN CITY LIMITS,GALLATIN,DECEMBER,2017,10:15,SAT,INTERSECTION,ON ROADWAY,CLOUDY,SNOW,DAYLIGHT,NON-INJURY ACCIDENT (PROPERTY- DAMAGE-ONLY ACCIDENT),RIGHT ANGLE,45.67109465,-111.1359682
C000050N,084+0.320,NOT IN CITY LIMITS,GALLATIN,MAY,2017,18:00,THU,INTERSECTION-RELATED,ROADSIDE RIGHT,CLEAR,DRY,DAYLIGHT,NON-INJURY ACCIDENT (PROPERTY- DAMAGE-ONLY ACCIDENT),FIXED OBJECT,45.67117319,-111.1358726
C000050N,084+0.345,,GALLATIN,December,2016,15:30,THU,NON-JUNCTION,ROADSIDE RIGHT,CLEAR,DRY,DAYLIGHT,NON-INJURY ACCIDENT (PROPERTY- DAMAGE-ONLY ACCIDENT),FIXED OBJECT,45.67110125,-111.1358451
C000050N,084+0.370,,GALLATIN,June,2013,12:20,THU,DRIVEWAY/ALLEY ACCESS RELATED,ON ROADWAY,CLOUDY,DRY,DAYLIGHT,NON-INJURY ACCIDENT (PROPERTY- DAMAGE-ONLY ACCIDENT),RIGHT ANGLE,45.6710097,-111.1347607
C000050N,084+0.432,NOT IN CITY LIMITS,GALLATIN,DECEMBER,2017,13:00,MON,INTERSECTION,ON ROADWAY,CLOUDY,ICE/FROST,DAYLIGHT,POSSIBLE INJURY ACCIDENT,RIGHT ANGLE,45.671138,-111.1335208
C000050N,084+0.438,,GALLATIN,September,2015,15:05,FRI,INTERSECTION-RELATED,ON ROADWAY,CLEAR,DRY,DAYLIGHT,NON-INJURY ACCIDENT (PROPERTY- DAMAGE-ONLY ACCIDENT),RIGHT ANGLE,45.67101267,-111.1334001
C000050N,084+0.438,NOT IN CITY LIMITS,GALLATIN,JULY,2017,10:40,WED,INTERSECTION,ON ROADWAY,CLOUDY,DRY,DAYLIGHT,NON-INJURY ACCIDENT (PROPERTY- DAMAGE-ONLY ACCIDENT),REAR-END,45.67098535,-111.1334547
C000050N,084+0.450,BOZEMAN,GALLATIN,December,2014,2:15,MON,DRIVEWAY/ALLEY ACCESS RELATED,SHOULDER,SNOW,SNOW,DARK-NOT LIGHTED,NON-INJURY ACCIDENT (PROPERTY- DAMAGE-ONLY ACCIDENT),FIXED OBJECT,45.67104335,-111.1332156
C000050N,084+0.692,,GALLATIN,December,2016,15:06,SAT,NON-JUNCTION,ON ROADWAY,CLOUDY,ICE/FROST,DAYLIGHT,NON-INJURY ACCIDENT (PROPERTY- DAMAGE-ONLY ACCIDENT),REAR-END,45.6709621,-111.1281385
C000050N,084+0.723,,GALLATIN,December,2016,19:32,FRI,NON-JUNCTION,ON ROADWAY,CLEAR,ICE/FROST,DARK-NOT LIGHTED,NON-INJURY ACCIDENT (PROPERTY- DAMAGE-ONLY ACCIDENT),RIGHT ANGLE,45.67100245,-111.1275944
C000050N,084+0.736,,GALLATIN,December,2016,19:35,FRI,NON-JUNCTION,ON ROADWAY,CLOUDY,ICE/FROST,DARK-NOT LIGHTED,NON-INJURY ACCIDENT (PROPERTY- DAMAGE-ONLY ACCIDENT),RIGHT ANGLE,45.67112794,-111.1272128
C000050N,084+0.736,NOT IN CITY LIMITS,GALLATIN,DECEMBER,2017,15:15,MON,NON-JUNCTION,ON ROADWAY,CLOUDY,ICE/FROST,DAYLIGHT,NON-INJURY ACCIDENT (PROPERTY- DAMAGE-ONLY ACCIDENT),RIGHT ANGLE,45.67111536,-111.1273381
C000050N,084+0.742,,GALLATIN,May,2014,8:27,THU,NON-JUNCTION,ON ROADWAY,CLEAR,DRY,DAYLIGHT,POSSIBLE INJURY ACCIDENT,REAR-END,45.6710229,-111.1271572
C000050N,084+0.742,,GALLATIN,December,2016,8:43,SUN,NON-JUNCTION,ON ROADWAY,CLOUDY,ICE/FROST,DAYLIGHT,NON-INCAPACITATING EVIDENT INJURY ACCIDENT,REAR-END,45.67117942,-111.1271249
C000050N,084+0.760,NOT IN CITY LIMITS,GALLATIN,NOVEMBER,2017,15:40,FRI,NON-JUNCTION,ON ROADWAY,CLEAR,DRY,DAYLIGHT,NON-INJURY ACCIDENT (PROPERTY- DAMAGE-ONLY ACCIDENT),NOT FIXED OBJECT OR DEBRIS,45.67059546,-111.1268104
C000050N,084+0.791,,GALLATIN,December,2016,17:15,FRI,INTERSECTION,ON ROADWAY,CLOUDY,ICE/FROST,DAYLIGHT,NON-INJURY ACCIDENT (PROPERTY- DAMAGE-ONLY ACCIDENT),RIGHT ANGLE,45.67118176,-111.1261701
C000050N,084+0.804,,GALLATIN,September,2014,7:25,WED,INTERSECTION-RELATED,ON ROADWAY,CLOUDY,DRY,DAYLIGHT,NON-INJURY ACCIDENT (PROPERTY- DAMAGE-ONLY ACCIDENT),REAR-END,45.67098535,-111.1258869
C000050N,084+0.804,NOT IN CITY LIMITS,GALLATIN,AUGUST,2017,20:10,TUE,INTERSECTION-RELATED,ON ROADWAY,CLOUDY,DRY,DAYLIGHT,NON-INJURY ACCIDENT (PROPERTY- DAMAGE-ONLY ACCIDENT),REAR-END,45.67097476,-111.1258088
C000050N,084+0.804,NOT IN CITY LIMITS,GALLATIN,DECEMBER,2017,12:36,WED,INTERSECTION-RELATED,ROADSIDE RIGHT,SNOW,SLUSH,DAYLIGHT,NON-INJURY ACCIDENT (PROPERTY- DAMAGE-ONLY ACCIDENT),FIXED OBJECT,45.67090925,-111.1258174
C000050N,084+0.804,NOT IN CITY LIMITS,GALLATIN,NOVEMBER,2017,14:50,THU,INTERSECTION-RELATED,ON ROADWAY,CLOUDY,DRY,DAYLIGHT,NON-INCAPACITATING EVIDENT INJURY ACCIDENT,REAR-END,45.67096825,-111.1258322
C000050N,084+0.810,,GALLATIN,November,2013,17:47,MON,NON-JUNCTION,ON ROADWAY,CLEAR,DRY,DARK-NOT LIGHTED,POSSIBLE INJURY ACCIDENT,"SIDESWIPE, SAME DIRECTION",45.67095,-111.1255717
C000050N,084+0.810,,GALLATIN,November,2013,17:45,MON,INTERSECTION-RELATED,ON ROADWAY,CLEAR,DRY,DARK-NOT LIGHTED,POSSIBLE INJURY ACCIDENT,REAR-END,45.67095,-111.1255717
C000050N,084+0.810,,GALLATIN,December,2015,10:00,MON,INTERSECTION-RELATED,ON ROADWAY,CLOUDY,ICE/FROST,DAYLIGHT,NON-INJURY ACCIDENT (PROPERTY- DAMAGE-ONLY ACCIDENT),"SIDESWIPE, SAME DIRECTION",45.67090325,-111.1257814
C000050N,084+0.816,NOT IN CITY LIMITS,GALLATIN,JULY,2017,20:10,SAT,INTERSECTION,ON ROADWAY,CLOUDY,DRY,DAYLIGHT,NON-INCAPACITATING EVIDENT INJURY ACCIDENT,RIGHT ANGLE,45.67113167,-111.1255667
C000050N,084+0.816,NOT IN CITY LIMITS,GALLATIN,OCTOBER,2017,15:48,SAT,NON-JUNCTION,ON ROADWAY,CLOUDY,DRY,DAYLIGHT,NON-INJURY ACCIDENT (PROPERTY- DAMAGE-ONLY ACCIDENT),REAR-END,45.67107796,-111.1256415
C000050N,084+0.822,NOT IN CITY LIMITS,GALLATIN,AUGUST,2017,15:20,TUE,INTERSECTION-RELATED,ON ROADWAY,CLOUDY,DRY,DAYLIGHT,NON-INJURY ACCIDENT (PROPERTY- DAMAGE-ONLY ACCIDENT),REAR-END,45.67097847,-111.1254292
C000050N,084+0.828,,GALLATIN,July,2015,12:10,MON,INTERSECTION,ON ROADWAY,RAIN,WET,DAYLIGHT,INCAPACITATING INJURY ACCIDENT,RIGHT ANGLE,45.67092047,-111.1254156
C000050N,084+0.828,,GALLATIN,April,2016,14:13,THU,INTERSECTION,ON ROADWAY,RAIN,WET,DAYLIGHT,NON-INJURY ACCIDENT (PROPERTY- DAMAGE-ONLY ACCIDENT),RIGHT ANGLE,45.67111833,-111.1253533
C000050N,084+0.830,,GALLATIN,July,2013,11:22,TUE,INTERSECTION-RELATED,ROADSIDE RIGHT,CLEAR,DRY,DAYLIGHT,UNKNOWN,FIXED OBJECT,45.67101267,-111.1252448
C000050N,084+0.830,,GALLATIN,May,2013,11:19,THU,INTERSECTION-RELATED,ON ROADWAY,CLOUDY,DRY,DAYLIGHT,NON-INJURY ACCIDENT (PROPERTY- DAMAGE-ONLY ACCIDENT),REAR-END,45.67099214,-111.1252038
C000050N,084+0.834,,GALLATIN,November,2014,18:20,THU,INTERSECTION,ON ROADWAY,CLEAR,WET,DARK-LIGHTED,NON-INJURY ACCIDENT (PROPERTY- DAMAGE-ONLY ACCIDENT),REAR-END,45.67098535,-111.1252106
C000050N,084+0.834,,GALLATIN,December,2014,18:15,WED,INTERSECTION-RELATED,ON ROADWAY,CLEAR,WET,DARK-LIGHTED,NON-INCAPACITATING EVIDENT INJURY ACCIDENT,RIGHT ANGLE,45.671125,-111.1252667
C000050N,084+0.834,,GALLATIN,January,2016,16:25,FRI,INTERSECTION-RELATED,ON ROADWAY,CLOUDY,ICE/FROST,DAYLIGHT,NON-INJURY ACCIDENT (PROPERTY- DAMAGE-ONLY ACCIDENT),REAR-END,45.67096825,-111.1252789
C000050N,084+0.834,BOZEMAN,GALLATIN,APRIL,2017,6:45,TUE,INTERSECTION-RELATED,ON ROADWAY,SNOW,ICE/FROST,DAWN,NON-INJURY ACCIDENT (PROPERTY- DAMAGE-ONLY ACCIDENT),"LEFT TURN, OPPOSITE DIRECTION",45.67097847,-111.1251696
C000050N,084+0.840,,GALLATIN,December,2013,16:27,SUN,INTERSECTION,ON ROADWAY,CLEAR,ICE/FROST,DAYLIGHT,NON-INJURY ACCIDENT (PROPERTY- DAMAGE-ONLY ACCIDENT),RIGHT ANGLE,45.67100245,-111.1251013
C000050N,084+0.842,,GALLATIN,July,2014,13:55,FRI,INTERSECTION-RELATED,ON ROADWAY,CLEAR,DRY,DAYLIGHT,NON-INJURY ACCIDENT (PROPERTY- DAMAGE-ONLY ACCIDENT),REAR-END,45.67098878,-111.125115
C000050N,084+0.842,,GALLATIN,September,2014,19:35,SAT,INTERSECTION,ON ROADWAY,CLEAR,DRY,DUSK,NON-INJURY ACCIDENT (PROPERTY- DAMAGE-ONLY ACCIDENT),RIGHT ANGLE,45.67100245,-111.1250741
C000050N,084+0.842,,GALLATIN,September,2014,11:30,SAT,INTERSECTION-RELATED,ON ROADWAY,CLOUDY,WET,DAYLIGHT,NON-INJURY ACCIDENT (PROPERTY- DAMAGE-ONLY ACCIDENT),REAR-END,45.67101267,-111.1251355
C000050N,084+0.842,,GALLATIN,October,2014,13:15,MON,INTERSECTION-RELATED,ON ROADWAY,CLOUDY,DRY,DAYLIGHT,NON-INJURY ACCIDENT (PROPERTY- DAMAGE-ONLY ACCIDENT),"SIDESWIPE, SAME DIRECTION",45.67101,-111.12507
C000050N,084+0.842,,GALLATIN,November,2015,8:15,MON,INTERSECTION,ON ROADWAY,SNOW,ICE/FROST,DAYLIGHT,NON-INJURY ACCIDENT (PROPERTY- DAMAGE-ONLY ACCIDENT),REAR-END,45.67100924,-111.1251219
C000050N,084+0.842,,GALLATIN,March,2016,6:50,TUE,INTERSECTION,ON ROADWAY,CLOUDY,DRY,DARK-LIGHTED,NON-INCAPACITATING EVIDENT INJURY ACCIDENT,REAR-END,45.67100924,-111.1250672
C000050N,084+0.842,,GALLATIN,December,2016,15:40,TUE,INTERSECTION,ON ROADWAY,CLOUDY,ICE/FROST,DAYLIGHT,NON-INJURY ACCIDENT (PROPERTY- DAMAGE-ONLY ACCIDENT),OTHER,45.67100245,-111.1251082
C000050N,084+0.842,NOT IN CITY LIMITS,GALLATIN,DECEMBER,2017,8:50,SUN,INTERSECTION,ON ROADWAY,CLOUDY,ICE/FROST,DAYLIGHT,NON-INCAPACITATING EVIDENT INJURY ACCIDENT,RIGHT ANGLE,45.67099901,-111.1251082
C000050N,084+0.842,NOT IN CITY LIMITS,GALLATIN,JANUARY,2017,10:45,FRI,INTERSECTION-RELATED,ON ROADWAY,CLEAR,ICE/FROST,DAYLIGHT,NON-INJURY ACCIDENT (PROPERTY- DAMAGE-ONLY ACCIDENT),REAR-END,45.67102096,-111.1250715
C000050N,084+0.842,NOT IN CITY LIMITS,GALLATIN,JULY,2017,10:25,FRI,INTERSECTION,ON ROADWAY,CLOUDY,DRY,DAYLIGHT,NON-INJURY ACCIDENT (PROPERTY- DAMAGE-ONLY ACCIDENT),REAR-END,45.67101,-111.12507
C000050N,084+0.842,NOT IN CITY LIMITS,GALLATIN,JUNE,2017,9:48,FRI,INTERSECTION-RELATED,ON ROADWAY,CLEAR,DRY,DAYLIGHT,NON-INJURY ACCIDENT (PROPERTY- DAMAGE-ONLY ACCIDENT),REAR-END,45.67101,-111.12507
C000050N,084+0.847,,GALLATIN,September,2015,21:05,TUE,INTERSECTION,ON ROADWAY,CLOUDY,DRY,DARK-LIGHTED,NON-INCAPACITATING EVIDENT INJURY ACCIDENT,RIGHT ANGLE,45.67099901,-111.1250194
C000050N,084+0.847,,GALLATIN,June,2015,14:15,SAT,INTERSECTION,ON ROADWAY,CLEAR,DRY,DAYLIGHT,NON-INJURY ACCIDENT (PROPERTY- DAMAGE-ONLY ACCIDENT),FIXED OBJECT,45.67103656,-111.1249375
C000050N,084+0.847,,GALLATIN,March,2016,13:10,THU,INTERSECTION-RELATED,ON ROADWAY,CLOUDY,DRY,DAYLIGHT,NON-INJURY ACCIDENT (PROPERTY- DAMAGE-ONLY ACCIDENT),REAR-END,45.6710229,-111.1249989
C000050N,084+0.847,,GALLATIN,May,2016,14:00,SAT,INTERSECTION,ON ROADWAY,CLOUDY,DRY,DAYLIGHT,NON-INCAPACITATING EVIDENT INJURY ACCIDENT,RIGHT ANGLE,45.67103656,-111.1249648