MDT_CORRIDOR_ID,SMS_REFPOST_OFFSET,CITY,COUNTY,Month,Year,SMS_TIME,SMT_CRASH_OCC_DAY_OF_WEEK,JUNCTION_RELATED,ROADWAY_RELATED,WEATHER_COND,ROAD_COND,LIGHT_COND,CRASH_SEVERITY,COLLISION_TYPE,LATITUDE,LONGITUDE
C000050N,084+0.853,,GALLATIN,August,2014,11:00,SAT,INTERSECTION,ON ROADWAY,CLOUDY,DRY,DAYLIGHT,NON-INJURY ACCIDENT (PROPERTY- DAMAGE-ONLY ACCIDENT),RIGHT ANGLE,45.67098535,-111.1248623
C000050N,084+0.853,,GALLATIN,December,2015,17:45,WED,INTERSECTION-RELATED,ON ROADWAY,CLOUDY,ICE/FROST,DARK-NOT LIGHTED,NON-INJURY ACCIDENT (PROPERTY- DAMAGE-ONLY ACCIDENT),REAR-END,45.67098535,-111.1248896
C000050N,084+0.853,,GALLATIN,November,2016,8:14,MON,INTERSECTION,ON ROADWAY,CLOUDY,ICE/FROST,DAYLIGHT,NON-INJURY ACCIDENT (PROPERTY- DAMAGE-ONLY ACCIDENT),"SIDESWIPE, SAME DIRECTION",45.67090064,-111.1248451
C000050N,084+0.853,,GALLATIN,April,2016,15:33,SAT,INTERSECTION-RELATED,ON ROADWAY,RAIN,WET,DAYLIGHT,POSSIBLE INJURY ACCIDENT,REAR-END,45.67099214,-111.1248965
C000050N,084+0.859,,GALLATIN,December,2015,5:58,WED,INTERSECTION-RELATED,ON ROADWAY,CLOUDY,ICE/FROST,DARK-LIGHTED,NON-INJURY ACCIDENT (PROPERTY- DAMAGE-ONLY ACCIDENT),"SIDESWIPE, SAME DIRECTION",45.67099901,-111.1247257
C000050N,084+0.865,,GALLATIN,December,2016,18:00,FRI,INTERSECTION-RELATED,ON ROADWAY,CLOUDY,DRY,DARK-LIGHTED,NON-INJURY ACCIDENT (PROPERTY- DAMAGE-ONLY ACCIDENT),REAR-END,45.6710229,-111.1245481
C000050N,084+0.872,NOT IN CITY LIMITS,GALLATIN,APRIL,2017,8:05,SAT,INTERSECTION-RELATED,ON ROADWAY,CLEAR,ICE/FROST,DAYLIGHT,NON-INCAPACITATING EVIDENT INJURY ACCIDENT,REAR-END,45.67092683,-111.1245005
C001784N,000+0.496,BOZEMAN,GALLATIN,APRIL,2017,11:33,FRI,INTERSECTION,ON ROADWAY,RAIN,WET,DAYLIGHT,POSSIBLE INJURY ACCIDENT,RIGHT ANGLE,45.69305254,-111.0727558
C000050N,084+0.896,,GALLATIN,March,2016,16:46,WED,INTERSECTION-RELATED,ON ROADWAY,CLEAR,DRY,DAYLIGHT,NON-INJURY ACCIDENT (PROPERTY- DAMAGE-ONLY ACCIDENT),REAR-END,45.67098878,-111.1239334
C000050N,084+0.903,,GALLATIN,May,2016,17:05,FRI,NON-JUNCTION,ON ROADWAY,CLOUDY,DRY,DAYLIGHT,NON-INJURY ACCIDENT (PROPERTY- DAMAGE-ONLY ACCIDENT),REAR-END,45.67113887,-111.1238156
C000050N,084+0.915,,GALLATIN,November,2016,1:19,SAT,NON-JUNCTION,ON ROADWAY,CLEAR,DRY,DARK-NOT LIGHTED,NON-INJURY ACCIDENT (PROPERTY- DAMAGE-ONLY ACCIDENT),WILD ANIMAL,45.671125,-111.1235533
C000050N,084+0.915,,GALLATIN,October,2016,14:17,FRI,INTERSECTION-RELATED,ON ROADWAY,RAIN,WET,DAYLIGHT,NON-INJURY ACCIDENT (PROPERTY- DAMAGE-ONLY ACCIDENT),REAR-END,45.67100924,-111.1235441
C000050N,084+0.946,,GALLATIN,April,2016,17:30,TUE,NON-JUNCTION,ON ROADWAY,CLEAR,DRY,DAYLIGHT,POSSIBLE INJURY ACCIDENT,REAR-END,45.67099901,-111.1229362
C000050N,084+0.959,,GALLATIN,August,2016,17:30,WED,INTERSECTION-RELATED,ON ROADWAY,CLEAR,DRY,DAYLIGHT,NON-INJURY ACCIDENT (PROPERTY- DAMAGE-ONLY ACCIDENT),REAR-END,45.67115398,-111.1226371
C000050N,084+0.971,NOT IN CITY LIMITS,GALLATIN,JULY,2017,18:40,TUE,NON-JUNCTION,UNKNOWN,CLOUDY,DRY,DAYLIGHT,NON-INJURY ACCIDENT (PROPERTY- DAMAGE-ONLY ACCIDENT),REAR TO SIDE,45.67060089,-111.1224594
C000050N,085+0.101,NOT IN CITY LIMITS,GALLATIN,NOVEMBER,2017,6:20,SAT,NON-JUNCTION,ROADSIDE LEFT,CLOUDY,DRY,DARK-NOT LIGHTED,NON-INCAPACITATING EVIDENT INJURY ACCIDENT,FIXED OBJECT,45.67119858,-111.1196787
C000050N,085+0.160,BOZEMAN,GALLATIN,December,2013,18:00,TUE,CROSSOVER-RELATED,ON ROADWAY,SNOW,ICE/FROST,DARK-NOT LIGHTED,POSSIBLE INJURY ACCIDENT,REAR-END,45.67118428,-111.1182994
C000050N,085+0.200,BOZEMAN,GALLATIN,December,2016,10:30,SAT,NON-JUNCTION,ON ROADWAY,CLEAR,ICE/FROST,DAYLIGHT,NON-INCAPACITATING EVIDENT INJURY ACCIDENT,HEAD ON,45.67115777,-111.1177328
C000050N,085+0.237,,GALLATIN,May,2014,20:45,THU,NON-JUNCTION,ON ROADWAY,CLEAR,DRY,DARK-NOT LIGHTED,NON-INJURY ACCIDENT (PROPERTY- DAMAGE-ONLY ACCIDENT),REAR-END,45.67130167,-111.1169267
C000050N,085+0.304,BOZEMAN,GALLATIN,November,2014,7:51,FRI,THROUGH ROADWAY,ON ROADWAY,CLEAR,WET,DAWN,NON-INJURY ACCIDENT (PROPERTY- DAMAGE-ONLY ACCIDENT),WILD ANIMAL,45.67133765,-111.1155312
C000050N,085+0.317,BOZEMAN,GALLATIN,August,2016,8:02,THU,NON-JUNCTION,ON ROADWAY,CLEAR,DRY,DAYLIGHT,NON-INJURY ACCIDENT (PROPERTY- DAMAGE-ONLY ACCIDENT),FIXED OBJECT,45.67164218,-111.1152278
C000050N,085+0.340,,GALLATIN,May,2014,20:45,THU,NON-JUNCTION,ON ROADWAY,CLEAR,DRY,DUSK,NON-INJURY ACCIDENT (PROPERTY- DAMAGE-ONLY ACCIDENT),WILD ANIMAL,45.67115609,-111.1145351
C000050N,085+0.410,BOZEMAN,GALLATIN,NOVEMBER,2017,8:38,SAT,NON-JUNCTION,ON ROADWAY,CLEAR,SLUSH,DAYLIGHT,NON-INJURY ACCIDENT (PROPERTY- DAMAGE-ONLY ACCIDENT),RIGHT ANGLE,45.67126906,-111.1132971
C000050N,085+0.466,BOZEMAN,GALLATIN,December,2014,9:06,TUE,INTERSECTION-RELATED,ON ROADWAY,CLEAR,ICE/FROST,DAYLIGHT,NON-INJURY ACCIDENT (PROPERTY- DAMAGE-ONLY ACCIDENT),REAR-END,45.67117009,-111.1121697
C000050N,085+0.677,NOT IN CITY LIMITS,GALLATIN,JANUARY,2017,17:20,TUE,INTERSECTION-RELATED,ON ROADWAY,SNOW,ICE/FROST,DAYLIGHT,NON-INJURY ACCIDENT (PROPERTY- DAMAGE-ONLY ACCIDENT),REAR-END,45.67113809,-111.1077973
C000050N,085+0.801,BOZEMAN,GALLATIN,August,2014,8:35,MON,INTERSECTION-RELATED,ON ROADWAY,CLEAR,DRY,DAYLIGHT,NON-INJURY ACCIDENT (PROPERTY- DAMAGE-ONLY ACCIDENT),REAR-END,45.671155,-111.1052767
C000050N,085+0.813,BOZEMAN,GALLATIN,July,2016,17:04,WED,INTERSECTION-RELATED,ON ROADWAY,CLOUDY,DRY,DAYLIGHT,NON-INCAPACITATING EVIDENT INJURY ACCIDENT,REAR-END,45.67121855,-111.1050674
C000050N,085+0.832,BOZEMAN,GALLATIN,March,2016,8:43,FRI,INTERSECTION,ON ROADWAY,CLEAR,DRY,DAYLIGHT,NON-INJURY ACCIDENT (PROPERTY- DAMAGE-ONLY ACCIDENT),RIGHT ANGLE,45.67137167,-111.1046183
C000050N,085+0.838,BOZEMAN,GALLATIN,SEPTEMBER,2017,18:05,MON,INTERSECTION,ON ROADWAY,CLOUDY,DRY,DAYLIGHT,NON-INJURY ACCIDENT (PROPERTY- DAMAGE-ONLY ACCIDENT),RIGHT ANGLE,45.67127482,-111.1045106
C000050N,085+0.844,BOZEMAN,GALLATIN,December,2015,11:34,SUN,INTERSECTION-RELATED,ON ROADWAY,CLEAR,SLUSH,DAYLIGHT,NON-INJURY ACCIDENT (PROPERTY- DAMAGE-ONLY ACCIDENT),REAR-END,45.671259,-111.104355
C000050N,085+0.844,BOZEMAN,GALLATIN,February,2016,19:08,TUE,INTERSECTION,ON ROADWAY,CLEAR,DRY,DARK-LIGHTED,POSSIBLE INJURY ACCIDENT,HEAD ON,45.67128573,-111.1043326
C000050N,085+0.844,BOZEMAN,GALLATIN,March,2016,4:40,FRI,INTERSECTION,ON ROADWAY,CLOUDY,ICE/FROST,DARK-LIGHTED,NON-INCAPACITATING EVIDENT INJURY ACCIDENT,RIGHT ANGLE,45.671259,-111.104355
C000050N,085+0.849,BOZEMAN,GALLATIN,November,2013,16:53,WED,INTERSECTION,ON ROADWAY,CLEAR,DRY,DUSK,POSSIBLE INJURY ACCIDENT,"LEFT TURN, OPPOSITE DIRECTION",45.67126305,-111.1042639
C000050N,085+0.849,BOZEMAN,GALLATIN,December,2013,17:13,THU,INTERSECTION,ON ROADWAY,CLEAR,ICE/FROST,DARK-LIGHTED,POSSIBLE INJURY ACCIDENT,"LEFT TURN, SAME DIRECTION",45.67124839,-111.1042793
C000050N,085+0.849,BOZEMAN,GALLATIN,August,2013,9:12,MON,INTERSECTION,ON ROADWAY,CLEAR,DRY,DAYLIGHT,NON-INJURY ACCIDENT (PROPERTY- DAMAGE-ONLY ACCIDENT),"SIDESWIPE, SAME DIRECTION",45.67124835,-111.1042653
C000050N,085+0.849,BOZEMAN,GALLATIN,July,2013,17:26,FRI,INTERSECTION,ON ROADWAY,CLEAR,DRY,DAYLIGHT,POSSIBLE INJURY ACCIDENT,REAR-END,45.67124835,-111.1042653
C000050N,085+0.849,NOT IN CITY LIMITS,GALLATIN,JANUARY,2017,23:00,TUE,NON-JUNCTION,ROADSIDE RIGHT,BLOWING SNOW,SNOW,DARK-NOT LIGHTED,NON-INCAPACITATING EVIDENT INJURY ACCIDENT,ROLL OVER,45.67124835,-111.1042653
C000050N,085+0.863,BOZEMAN,GALLATIN,May,2016,8:30,THU,INTERSECTION-RELATED,ON ROADWAY,CLOUDY,DRY,DAYLIGHT,POSSIBLE INJURY ACCIDENT,REAR-END,45.67131734,-111.1039568
C000050N,085+0.887,BOZEMAN,GALLATIN,May,2014,16:30,WED,NON-JUNCTION,ON ROADWAY,CLEAR,DRY,DAYLIGHT,NON-INJURY ACCIDENT (PROPERTY- DAMAGE-ONLY ACCIDENT),REAR-END,45.67125172,-111.1034702
C000050N,085+0.912,BOZEMAN,GALLATIN,June,2015,11:19,TUE,NON-JUNCTION,ON ROADWAY,CLEAR,DRY,DAYLIGHT,INCAPACITATING INJURY ACCIDENT,RIGHT ANGLE,45.67121913,-111.1029521
C000050N,085+0.925,BOZEMAN,GALLATIN,July,2016,18:18,THU,NON-JUNCTION,ON ROADWAY,CLEAR,DRY,DAYLIGHT,NON-INJURY ACCIDENT (PROPERTY- DAMAGE-ONLY ACCIDENT),"LEFT TURN, SAME DIRECTION",45.67125476,-111.1027042
C000050N,085+0.949,BOZEMAN,GALLATIN,SEPTEMBER,2017,16:30,WED,INTERSECTION-RELATED,ON ROADWAY,RAIN,WET,DAYLIGHT,NON-INJURY ACCIDENT (PROPERTY- DAMAGE-ONLY ACCIDENT),REAR-END,45.67131791,-111.1021829
C000050N,086+0.039,BOZEMAN,GALLATIN,September,2015,17:32,FRI,INTERSECTION-RELATED,ON ROADWAY,CLEAR,DRY,DAYLIGHT,POSSIBLE INJURY ACCIDENT,REAR TO FRONT,45.67127712,-111.1005588
C000050N,086+0.119,BOZEMAN,GALLATIN,October,2014,16:02,TUE,NON-JUNCTION,ON ROADWAY,CLEAR,DRY,DAYLIGHT,NON-INJURY ACCIDENT (PROPERTY- DAMAGE-ONLY ACCIDENT),REAR-END,45.67139001,-111.0988407
C000050N,086+0.169,BOZEMAN,GALLATIN,January,2014,9:07,SUN,NON-JUNCTION,ON ROADWAY,CLEAR,ICE/FROST,DAYLIGHT,NON-INCAPACITATING EVIDENT INJURY ACCIDENT,RIGHT ANGLE,45.67131611,-111.0978509
C000050N,086+0.225,BOZEMAN,GALLATIN,November,2014,19:11,SUN,NON-JUNCTION,ON ROADWAY,CLEAR,DRY,DARK-NOT LIGHTED,INCAPACITATING INJURY ACCIDENT,PEDESTRIAN,45.67125326,-111.0967357
C000050N,086+0.311,BOZEMAN,GALLATIN,FEBRUARY,2017,16:06,WED,INTERSECTION,ON ROADWAY,CLOUDY,SNOW,DAYLIGHT,NON-INJURY ACCIDENT (PROPERTY- DAMAGE-ONLY ACCIDENT),RIGHT ANGLE,45.67123596,-111.0937808
C000050N,086+0.317,BOZEMAN,GALLATIN,April,2016,14:50,MON,INTERSECTION-RELATED,ON ROADWAY,CLOUDY,DRY,DAYLIGHT,NON-INCAPACITATING EVIDENT INJURY ACCIDENT,REAR-END,45.67116389,-111.0948454
C000050N,086+0.317,NOT IN CITY LIMITS,GALLATIN,DECEMBER,2017,17:00,WED,INTERSECTION-RELATED,ROADSIDE RIGHT,CLOUDY,SNOW,DAYLIGHT,NON-INJURY ACCIDENT (PROPERTY- DAMAGE-ONLY ACCIDENT),FIXED OBJECT,45.67112197,-111.0947958
C000050N,086+0.325,BOZEMAN,GALLATIN,April,2015,7:49,FRI,INTERSECTION-RELATED,ON ROADWAY,CLEAR,DRY,DAYLIGHT,NON-INJURY ACCIDENT (PROPERTY- DAMAGE-ONLY ACCIDENT),REAR-END,45.67134657,-111.0946694
C000050N,086+0.327,BOZEMAN,GALLATIN,May,2013,17:05,FRI,INTERSECTION,ON ROADWAY,RAIN,WET,DAYLIGHT,POSSIBLE INJURY ACCIDENT,"LEFT TURN, OPPOSITE DIRECTION",45.67123418,-111.0946989
C000050N,086+0.327,BOZEMAN,GALLATIN,May,2013,18:00,FRI,INTERSECTION,ON ROADWAY,CLEAR,DRY,DAYLIGHT,NON-INJURY ACCIDENT (PROPERTY- DAMAGE-ONLY ACCIDENT),RIGHT ANGLE,45.67123418,-111.0946989
C000050N,086+0.327,BOZEMAN,GALLATIN,August,2013,15:34,FRI,INTERSECTION,ON ROADWAY,CLOUDY,DRY,DAYLIGHT,POSSIBLE INJURY ACCIDENT,"LEFT TURN, OPPOSITE DIRECTION",45.67123418,-111.0946989
C000050N,086+0.336,BOZEMAN,GALLATIN,March,2015,13:45,SAT,INTERSECTION-RELATED,ON ROADWAY,CLEAR,DRY,DAYLIGHT,NON-INCAPACITATING EVIDENT INJURY ACCIDENT,REAR-END,45.6712448,-111.0944218
C000050N,086+0.349,BOZEMAN,GALLATIN,August,2014,7:25,FRI,INTERSECTION-RELATED,ON ROADWAY,CLOUDY,DRY,DAYLIGHT,NON-INJURY ACCIDENT (PROPERTY- DAMAGE-ONLY ACCIDENT),REAR-END,45.67116838,-111.0941891
C000050N,086+0.361,BOZEMAN,GALLATIN,DECEMBER,2017,12:49,SUN,INTERSECTION-RELATED,ON ROADWAY,BLOWING SNOW,SNOW,DAYLIGHT,NON-INJURY ACCIDENT (PROPERTY- DAMAGE-ONLY ACCIDENT),REAR-END,45.67123707,-111.0938482
C000050N,086+0.361,BOZEMAN,GALLATIN,MAY,2017,11:44,SAT,NON-JUNCTION,ON ROADWAY,RAIN,WET,DAYLIGHT,NON-INCAPACITATING EVIDENT INJURY ACCIDENT,WILD ANIMAL,45.67123933,-111.0938635
C000050N,086+0.423,BOZEMAN,GALLATIN,OCTOBER,2017,18:43,MON,NON-JUNCTION,ON ROADWAY,CLEAR,DRY,DARK-NOT LIGHTED,NON-INJURY ACCIDENT (PROPERTY- DAMAGE-ONLY ACCIDENT),REAR-END,45.67125382,-111.0925648
C000050N,086+0.441,BOZEMAN,GALLATIN,August,2016,12:12,FRI,INTERSECTION-RELATED,ON ROADWAY,CLEAR,DRY,DAYLIGHT,NON-INJURY ACCIDENT (PROPERTY- DAMAGE-ONLY ACCIDENT),REAR-END,45.67123658,-111.0922237
C000050N,086+0.461,BOZEMAN,GALLATIN,JULY,2017,12:57,MON,NON-JUNCTION,ON ROADWAY,CLOUDY,DRY,DAYLIGHT,POSSIBLE INJURY ACCIDENT,RIGHT ANGLE,45.671261,-111.0918626
C000050N,086+0.498,BOZEMAN,GALLATIN,AUGUST,2017,16:12,THU,NON-JUNCTION,ON ROADWAY,CLOUDY,DRY,DAYLIGHT,POSSIBLE INJURY ACCIDENT,REAR-END,45.67125572,-111.0910884
C000050N,086+0.522,BOZEMAN,GALLATIN,AUGUST,2017,17:34,TUE,NON-JUNCTION,ON ROADWAY,CLOUDY,DRY,DAYLIGHT,POSSIBLE INJURY ACCIDENT,REAR-END,45.67127856,-111.0905849
C000050N,086+0.683,BOZEMAN,GALLATIN,December,2015,11:59,TUE,NON-JUNCTION,SHOULDER,CLEAR,DRY,DAYLIGHT,POSSIBLE INJURY ACCIDENT,FIXED OBJECT,45.67122236,-111.0872959
C000050N,086+0.702,BOZEMAN,GALLATIN,August,2016,17:21,MON,NON-JUNCTION,ON ROADWAY,CLOUDY,DRY,DAYLIGHT,NON-INJURY ACCIDENT (PROPERTY- DAMAGE-ONLY ACCIDENT),REAR-END,45.67113434,-111.0868088
C000050N,086+0.780,BOZEMAN,GALLATIN,November,2013,7:58,MON,INTERSECTION-RELATED,OFF ROADWAY LOCATION UNKNOWN,SNOW,ICE/FROST,DAYLIGHT,NON-INCAPACITATING EVIDENT INJURY ACCIDENT,ROLL OVER,45.67116007,-111.0849959
C000050N,086+0.800,BOZEMAN,GALLATIN,June,2013,21:21,TUE,INTERSECTION,ON ROADWAY,CLOUDY,WET,DARK-LIGHTED,NON-INJURY ACCIDENT (PROPERTY- DAMAGE-ONLY ACCIDENT),"RIGHT TURN, OPPOSITE DIRECTION",45.67113409,-111.0834939
C000050N,086+0.800,BOZEMAN,GALLATIN,September,2013,16:32,MON,ENTRANCE/EXIT RAMP,ON ROADWAY,CLEAR,DRY,DAYLIGHT,NON-INCAPACITATING EVIDENT INJURY ACCIDENT,FIXED OBJECT,45.67129822,-111.0847663
C000050N,086+0.800,BOZEMAN,GALLATIN,September,2013,8:16,TUE,INTERSECTION-RELATED,ON ROADWAY,CLEAR,DRY,DAYLIGHT,NON-INJURY ACCIDENT (PROPERTY- DAMAGE-ONLY ACCIDENT),REAR-END,45.67129822,-111.0847663
C000050N,086+0.800,BOZEMAN,GALLATIN,March,2013,19:21,SAT,INTERSECTION,ON ROADWAY,CLEAR,DRY,DAYLIGHT,POSSIBLE INJURY ACCIDENT,RIGHT ANGLE,45.67113409,-111.0834939
C000050N,086+0.800,BOZEMAN,GALLATIN,January,2013,15:01,THU,INTERSECTION-RELATED,ON ROADWAY,SNOW,ICE/FROST,DAYLIGHT,NON-INJURY ACCIDENT (PROPERTY- DAMAGE-ONLY ACCIDENT),REAR-END,45.67113409,-111.0834939
C000050N,086+0.800,BOZEMAN,GALLATIN,July,2013,15:54,WED,INTERSECTION-RELATED,ON ROADWAY,CLOUDY,DRY,DAYLIGHT,NON-INJURY ACCIDENT (PROPERTY- DAMAGE-ONLY ACCIDENT),REAR-END,45.67113409,-111.0834939
C000050N,086+0.843,BOZEMAN,GALLATIN,OCTOBER,2017,17:41,MON,INTERSECTION-RELATED,ON ROADWAY,CLEAR,DRY,DAYLIGHT,POSSIBLE INJURY ACCIDENT,REAR-END,45.67113409,-111.0834939
C000050N,086+0.849,BOZEMAN,GALLATIN,July,2014,12:55,SUN,INTERSECTION-RELATED,ON ROADWAY,CLEAR,DRY,DAYLIGHT,NON-INJURY ACCIDENT (PROPERTY- DAMAGE-ONLY ACCIDENT),REAR-END,45.67110883,-111.0837677
C000050N,086+0.862,BOZEMAN,GALLATIN,JANUARY,2017,9:12,THU,INTERSECTION,ON ROADWAY,CLEAR,SNOW,DAYLIGHT,NON-INJURY ACCIDENT (PROPERTY- DAMAGE-ONLY ACCIDENT),REAR-END,45.6711827,-111.0835461
C000050N,086+0.865,BOZEMAN,GALLATIN,October,2013,22:20,FRI,INTERSECTION-RELATED,ON ROADWAY,CLEAR,DRY,DARK-LIGHTED,NON-INJURY ACCIDENT (PROPERTY- DAMAGE-ONLY ACCIDENT),"LEFT TURN, SAME DIRECTION",45.67114785,-111.0834343
C000050N,086+0.865,BOZEMAN,GALLATIN,October,2013,6:30,THU,INTERSECTION,ON ROADWAY,CLEAR,DRY,DARK-LIGHTED,NON-INJURY ACCIDENT (PROPERTY- DAMAGE-ONLY ACCIDENT),"LEFT TURN, SAME DIRECTION",45.67119723,-111.0834481
C000050N,086+0.870,BOZEMAN,GALLATIN,December,2013,17:28,MON,INTERSECTION,ON ROADWAY,SNOW,ICE/FROST,DARK-LIGHTED,POSSIBLE INJURY ACCIDENT,"LEFT TURN, OPPOSITE DIRECTION",45.67111699,-111.083421
C000050N,086+0.870,BOZEMAN,GALLATIN,September,2013,13:18,FRI,INTERSECTION,ON ROADWAY,CLOUDY,DRY,DAYLIGHT,NON-INJURY ACCIDENT (PROPERTY- DAMAGE-ONLY ACCIDENT),REAR-END,45.67113511,-111.0834287
C000050N,086+0.870,BOZEMAN,GALLATIN,October,2014,18:52,MON,INTERSECTION,ON ROADWAY,CLEAR,DRY,DUSK,NON-INJURY ACCIDENT (PROPERTY- DAMAGE-ONLY ACCIDENT),"LEFT TURN, OPPOSITE DIRECTION",45.67112725,-111.0834351
C000050N,086+0.870,BOZEMAN,GALLATIN,May,2015,10:03,SUN,INTERSECTION,ROADSIDE RIGHT,CLEAR,DRY,DAYLIGHT,POSSIBLE INJURY ACCIDENT,FIXED OBJECT,45.67110833,-111.0833813
C000050N,086+0.870,BOZEMAN,GALLATIN,August,2015,13:50,THU,INTERSECTION,ON ROADWAY,CLEAR,DRY,DAYLIGHT,POSSIBLE INJURY ACCIDENT,HEAD ON,45.67115553,-111.0833595
C000050N,086+0.870,BOZEMAN,GALLATIN,October,2016,20:49,THU,INTERSECTION,ON ROADWAY,CLOUDY,DRY,DARK-LIGHTED,NON-INJURY ACCIDENT (PROPERTY- DAMAGE-ONLY ACCIDENT),RIGHT ANGLE,45.67114504,-111.083414
C000050N,086+0.870,BOZEMAN,GALLATIN,October,2016,17:22,TUE,INTERSECTION,ON ROADWAY,CLOUDY,WET,DAYLIGHT,NON-INJURY ACCIDENT (PROPERTY- DAMAGE-ONLY ACCIDENT),RIGHT ANGLE,45.67112699,-111.0834249
C000050N,086+0.870,BOZEMAN,GALLATIN,February,2016,17:00,SAT,INTERSECTION,ON ROADWAY,CLEAR,DRY,DAYLIGHT,NON-INJURY ACCIDENT (PROPERTY- DAMAGE-ONLY ACCIDENT),OTHER,45.67112874,-111.0834087
C000050N,086+0.870,BOZEMAN,GALLATIN,JANUARY,2017,17:55,SUN,INTERSECTION-RELATED,ON ROADWAY,CLEAR,SNOW,DARK-LIGHTED,NON-INJURY ACCIDENT (PROPERTY- DAMAGE-ONLY ACCIDENT),REAR-END,45.67113409,-111.0834939
C000050N,086+0.870,BOZEMAN,GALLATIN,MAY,2017,18:15,MON,INTERSECTION,ON ROADWAY,CLEAR,DRY,DAYLIGHT,NON-INJURY ACCIDENT (PROPERTY- DAMAGE-ONLY ACCIDENT),"LEFT TURN, SAME DIRECTION",45.67113323,-111.0834181
C000050N,086+0.870,BOZEMAN,GALLATIN,MAY,2017,19:00,THU,INTERSECTION,ON ROADWAY,CLEAR,DRY,DAYLIGHT,NON-INJURY ACCIDENT (PROPERTY- DAMAGE-ONLY ACCIDENT),REAR TO FRONT,45.67114251,-111.0833824
C000050N,086+0.882,BOZEMAN,GALLATIN,March,2016,15:29,THU,INTERSECTION-RELATED,ON ROADWAY,CLOUDY,DRY,DAYLIGHT,POSSIBLE INJURY ACCIDENT,REAR-END,45.67120932,-111.0831055
C000050N,086+0.888,BOZEMAN,GALLATIN,August,2015,11:08,TUE,INTERSECTION-RELATED,ON ROADWAY,CLEAR,DRY,DAYLIGHT,NON-INJURY ACCIDENT (PROPERTY- DAMAGE-ONLY ACCIDENT),REAR-END,45.67115877,-111.0829623
C000050N,086+0.932,BOZEMAN,GALLATIN,JUNE,2017,15:50,MON,NON-JUNCTION,ROADSIDE RIGHT,CLEAR,DRY,DAYLIGHT,INCAPACITATING INJURY ACCIDENT,NOT FIXED OBJECT OR DEBRIS,45.67140105,-111.0820639
C000050N,086+0.963,BOZEMAN,GALLATIN,April,2015,16:20,SUN,NON-JUNCTION,IN PARKING LANE OR ZONE,CLEAR,DRY,DAYLIGHT,UNKNOWN,RIGHT ANGLE,45.6703991,-111.0814223
C000050N,086+0.987,BOZEMAN,GALLATIN,December,2016,12:24,FRI,NON-JUNCTION,ON ROADWAY,CLOUDY,SNOW,DAYLIGHT,NON-INJURY ACCIDENT (PROPERTY- DAMAGE-ONLY ACCIDENT),REAR-END,45.67120687,-111.0810104
C000050N,086+1.031,BOZEMAN,GALLATIN,DECEMBER,2017,17:46,THU,INTERSECTION-RELATED,ON ROADWAY,CLEAR,ICE/FROST,DARK-LIGHTED,NON-INJURY ACCIDENT (PROPERTY- DAMAGE-ONLY ACCIDENT),REAR-END,45.67116433,-111.0800633
C000050N,086+1.037,BOZEMAN,GALLATIN,June,2016,19:31,TUE,INTERSECTION,ON ROADWAY,CLEAR,DRY,DAYLIGHT,NON-INJURY ACCIDENT (PROPERTY- DAMAGE-ONLY ACCIDENT),"LEFT TURN, SAME DIRECTION",45.67113214,-111.0799047
C000050N,086+1.037,BOZEMAN,GALLATIN,JANUARY,2017,15:19,THU,INTERSECTION,ON ROADWAY,CLEAR,SNOW,DAYLIGHT,POSSIBLE INJURY ACCIDENT,RIGHT ANGLE,45.67105467,-111.0799307
C000050N,086+1.037,BOZEMAN,GALLATIN,JULY,2017,17:00,TUE,OTHER LOCATION,ON ROADWAY,CLOUDY,DRY,DAYLIGHT,NON-INJURY ACCIDENT (PROPERTY- DAMAGE-ONLY ACCIDENT),"RIGHT TURN, SAME DIRECTION",45.67123669,-111.0799283
C000050N,086+1.050,BOZEMAN,GALLATIN,December,2013,15:51,FRI,ENTRANCE/EXIT RAMP,ON ROADWAY,CLEAR,DRY,DAYLIGHT,NON-INJURY ACCIDENT (PROPERTY- DAMAGE-ONLY ACCIDENT),HEAD ON,45.6711288,-111.0796909
C000050N,086+1.056,BOZEMAN,GALLATIN,MAY,2017,18:19,WED,INTERSECTION,ON ROADWAY,CLEAR,DRY,DAYLIGHT,POSSIBLE INJURY ACCIDENT,REAR-END,45.67105295,-111.0795376
C000050N,086+1.148,BOZEMAN,GALLATIN,December,2016,17:29,THU,INTERSECTION-RELATED,ON ROADWAY,CLEAR,DRY,DARK-LIGHTED,NON-INJURY ACCIDENT (PROPERTY- DAMAGE-ONLY ACCIDENT),REAR-END,45.67135656,-111.0776332
C000050N,087+0.005,BOZEMAN,GALLATIN,JUNE,2017,14:02,TUE,INTERSECTION-RELATED,ON ROADWAY,CLEAR,WET,DAYLIGHT,NON-INJURY ACCIDENT (PROPERTY- DAMAGE-ONLY ACCIDENT),REAR-END,45.67159545,-111.0767185
C000050N,087+0.011,BOZEMAN,GALLATIN,January,2015,9:59,SAT,INTERSECTION-RELATED,ON ROADWAY,SNOW,SNOW,DAYLIGHT,NON-INJURY ACCIDENT (PROPERTY- DAMAGE-ONLY ACCIDENT),REAR-END,45.67162579,-111.0765779