MDT_CORRIDOR_ID,SMS_REFPOST_OFFSET,CITY,COUNTY,Month,Year,SMS_TIME,SMT_CRASH_OCC_DAY_OF_WEEK,JUNCTION_RELATED,ROADWAY_RELATED,WEATHER_COND,ROAD_COND,LIGHT_COND,CRASH_SEVERITY,COLLISION_TYPE,LATITUDE,LONGITUDE
C000050N,087+0.017,BOZEMAN,GALLATIN,February,2014,10:58,SUN,ACCELERATION/DECELERATION LANE,ON ROADWAY,SNOW,SNOW,DAYLIGHT,NON-INJURY ACCIDENT (PROPERTY- DAMAGE-ONLY ACCIDENT),HEAD ON,45.67167189,-111.0764874
C000050N,087+0.017,BOZEMAN,GALLATIN,January,2015,11:01,SUN,INTERSECTION,ON ROADWAY,CLOUDY,ICE/FROST,DAYLIGHT,NON-INJURY ACCIDENT (PROPERTY- DAMAGE-ONLY ACCIDENT),REAR-END,45.6716748,-111.0764844
C000050N,087+0.017,BOZEMAN,GALLATIN,April,2015,10:40,SAT,INTERSECTION,ON ROADWAY,CLOUDY,DRY,DAYLIGHT,NON-INJURY ACCIDENT (PROPERTY- DAMAGE-ONLY ACCIDENT),REAR-END,45.67168413,-111.0764862
C000050N,087+0.017,BOZEMAN,GALLATIN,October,2016,21:10,SAT,INTERSECTION,ON ROADWAY,CLEAR,DRY,DARK-LIGHTED,NON-INJURY ACCIDENT (PROPERTY- DAMAGE-ONLY ACCIDENT),REAR-END,45.67168271,-111.0764669
C000050N,087+0.017,BOZEMAN,GALLATIN,February,2016,18:30,FRI,INTERSECTION,ON ROADWAY,CLEAR,DRY,DARK-LIGHTED,NON-INJURY ACCIDENT (PROPERTY- DAMAGE-ONLY ACCIDENT),OTHER,45.6716687,-111.0764806
C000050N,087+0.017,BOZEMAN,GALLATIN,JANUARY,2017,21:56,MON,INTERSECTION-RELATED,ON ROADWAY,SNOW,SNOW,DARK-LIGHTED,NON-INJURY ACCIDENT (PROPERTY- DAMAGE-ONLY ACCIDENT),HEAD ON,45.67168171,-111.0764279
C000050N,087+0.017,BOZEMAN,GALLATIN,MAY,2017,14:02,FRI,INTERSECTION,ON ROADWAY,CLOUDY,DRY,DAYLIGHT,NON-INJURY ACCIDENT (PROPERTY- DAMAGE-ONLY ACCIDENT),HEAD ON,45.67165201,-111.0765009
C000050N,087+0.030,BOZEMAN,GALLATIN,FEBRUARY,2017,11:53,THU,INTERSECTION,ON ROADWAY,CLOUDY,WET,DAYLIGHT,NON-INJURY ACCIDENT (PROPERTY- DAMAGE-ONLY ACCIDENT),REAR-END,45.67168171,-111.0764279
C000050N,087+0.030,BOZEMAN,GALLATIN,NOVEMBER,2017,19:01,FRI,INTERSECTION-RELATED,ON ROADWAY,CLEAR,DRY,DARK-LIGHTED,POSSIBLE INJURY ACCIDENT,REAR-END,45.6717493,-111.0761782
C000050N,087+0.080,BOZEMAN,GALLATIN,February,2015,1:59,SAT,NON-JUNCTION,OUTSIDE RIGHT-OF-WAY (TRAFFICWAY),CLEAR,DRY,DARK-LIGHTED,NON-INJURY ACCIDENT (PROPERTY- DAMAGE-ONLY ACCIDENT),FIXED OBJECT,45.67213543,-111.075346
C000050N,087+0.158,BOZEMAN,GALLATIN,December,2016,12:19,THU,INTERSECTION,ON ROADWAY,CLOUDY,SNOW,DAYLIGHT,NON-INJURY ACCIDENT (PROPERTY- DAMAGE-ONLY ACCIDENT),HEAD ON,45.67277813,-111.0739826
C000050N,087+0.158,BOZEMAN,GALLATIN,DECEMBER,2017,18:11,TUE,NON-JUNCTION,ON ROADWAY,CLEAR,OTHER,DARK-NOT LIGHTED,INCAPACITATING INJURY ACCIDENT,"LEFT TURN, SAME DIRECTION",45.67279246,-111.0739836
C000050N,087+0.170,BOZEMAN,GALLATIN,March,2014,12:56,SAT,NON-JUNCTION,ON ROADWAY,BLOWING SNOW,SNOW,DAYLIGHT,POSSIBLE INJURY ACCIDENT,"LEFT TURN, SAME DIRECTION",45.67298546,-111.0739115
C000050N,087+0.205,BOZEMAN,GALLATIN,January,2013,0:00,SAT,INTERSECTION,ON ROADWAY,CLEAR,DRY,DARK-LIGHTED,POSSIBLE INJURY ACCIDENT,"LEFT TURN, OPPOSITE DIRECTION",45.67514239,-111.0734395
C000050N,087+0.205,BOZEMAN,GALLATIN,April,2013,16:24,WED,INTERSECTION,ON ROADWAY,CLOUDY,DRY,DAYLIGHT,NON-INJURY ACCIDENT (PROPERTY- DAMAGE-ONLY ACCIDENT),"LEFT TURN, OPPOSITE DIRECTION",45.67514239,-111.0734395
C000050N,087+0.205,BOZEMAN,GALLATIN,August,2013,12:13,SUN,INTERSECTION-RELATED,ON ROADWAY,CLEAR,DRY,DAYLIGHT,NON-INJURY ACCIDENT (PROPERTY- DAMAGE-ONLY ACCIDENT),REAR-END,45.67514239,-111.0734395
C000050N,087+0.251,BOZEMAN,GALLATIN,January,2016,10:33,SAT,NON-JUNCTION,OUTSIDE RIGHT-OF-WAY (TRAFFICWAY),CLEAR,ICE/FROST,DAYLIGHT,NON-INCAPACITATING EVIDENT INJURY ACCIDENT,FIXED OBJECT,45.67376392,-111.0727259
C000050N,087+0.266,BOZEMAN,GALLATIN,May,2014,14:20,THU,DRIVEWAY/ALLEY ACCESS RELATED,ON ROADWAY,CLOUDY,DRY,DAYLIGHT,NON-INJURY ACCIDENT (PROPERTY- DAMAGE-ONLY ACCIDENT),REAR-END,45.67392401,-111.072646
C000050N,087+0.278,BOZEMAN,GALLATIN,March,2014,15:57,FRI,DRIVEWAY/ALLEY ACCESS RELATED,ON ROADWAY,CLOUDY,DRY,DAYLIGHT,POSSIBLE INJURY ACCIDENT,RIGHT ANGLE,45.67405273,-111.0722714
C000050N,087+0.285,BOZEMAN,GALLATIN,MARCH,2017,16:25,MON,INTERSECTION,ON ROADWAY,CLOUDY,DRY,DAYLIGHT,NON-INJURY ACCIDENT (PROPERTY- DAMAGE-ONLY ACCIDENT),RIGHT ANGLE,45.67406264,-111.072242
C000050N,087+0.309,BOZEMAN,GALLATIN,June,2015,13:50,WED,DRIVEWAY/ALLEY ACCESS RELATED,MEDIAN,CLEAR,DRY,DAYLIGHT,POSSIBLE INJURY ACCIDENT,HEAD ON,45.67439564,-111.071942
C000050N,087+0.328,BOZEMAN,GALLATIN,June,2015,10:26,THU,INTERSECTION,ON ROADWAY,CLEAR,DRY,DAYLIGHT,NON-INJURY ACCIDENT (PROPERTY- DAMAGE-ONLY ACCIDENT),HEAD ON,45.67460299,-111.0716208
C000050N,087+0.359,BOZEMAN,GALLATIN,December,2014,14:51,WED,INTERSECTION,ON ROADWAY,CLEAR,DRY,DAYLIGHT,NON-INJURY ACCIDENT (PROPERTY- DAMAGE-ONLY ACCIDENT),"LEFT TURN, OPPOSITE DIRECTION",45.67489077,-111.0712386
C000050N,087+0.377,BOZEMAN,GALLATIN,November,2015,7:40,FRI,NON-JUNCTION,ON ROADWAY,CLOUDY,ICE/FROST,DAYLIGHT,NON-INJURY ACCIDENT (PROPERTY- DAMAGE-ONLY ACCIDENT),REAR-END,45.67510396,-111.0709311
C000050N,087+0.390,BOZEMAN,GALLATIN,January,2016,13:07,SAT,NON-JUNCTION,ON ROADWAY,CLEAR,SLUSH,DAYLIGHT,NON-INJURY ACCIDENT (PROPERTY- DAMAGE-ONLY ACCIDENT),REAR-END,45.67526557,-111.0708231
C000050N,087+0.477,BOZEMAN,GALLATIN,October,2014,17:19,THU,DRIVEWAY/ALLEY ACCESS RELATED,ON ROADWAY,CLEAR,DRY,DAYLIGHT,NON-INCAPACITATING EVIDENT INJURY ACCIDENT,"LEFT TURN, SAME DIRECTION",45.6760821,-111.0694187
C000050N,087+0.520,BOZEMAN,GALLATIN,September,2013,17:58,FRI,NON-JUNCTION,ON ROADWAY,CLEAR,DRY,DAYLIGHT,POSSIBLE INJURY ACCIDENT,REAR-END,45.67662504,-111.0689191
C000050N,087+0.521,BOZEMAN,GALLATIN,MARCH,2017,13:52,MON,NON-JUNCTION,ON ROADWAY,CLOUDY,DRY,DAYLIGHT,NON-INJURY ACCIDENT (PROPERTY- DAMAGE-ONLY ACCIDENT),REAR-END,45.67663438,-111.0688656
C000050N,087+0.546,BOZEMAN,GALLATIN,December,2015,0:00,MON,INTERSECTION-RELATED,ON ROADWAY,CLOUDY,ICE/FROST,DAYLIGHT,NON-INJURY ACCIDENT (PROPERTY- DAMAGE-ONLY ACCIDENT),REAR-END,45.67689141,-111.0685454
C000050N,087+0.573,BOZEMAN,GALLATIN,April,2015,17:23,TUE,NON-JUNCTION,ON ROADWAY,CLEAR,DRY,DAYLIGHT,NON-INJURY ACCIDENT (PROPERTY- DAMAGE-ONLY ACCIDENT),REAR-END,45.67719645,-111.068253
C000050N,087+0.582,BOZEMAN,GALLATIN,December,2016,9:50,MON,NON-JUNCTION,ON ROADWAY,CLOUDY,SNOW,DAYLIGHT,POSSIBLE INJURY ACCIDENT,RIGHT ANGLE,45.67736742,-111.0681202
C000050N,087+0.633,BOZEMAN,GALLATIN,January,2014,9:14,THU,INTERSECTION-RELATED,ON ROADWAY,CLEAR,ICE/FROST,DAYLIGHT,NON-INJURY ACCIDENT (PROPERTY- DAMAGE-ONLY ACCIDENT),REAR-END,45.67784616,-111.067293
C000050N,087+0.642,BOZEMAN,GALLATIN,March,2016,17:26,MON,NON-JUNCTION,ON ROADWAY,CLEAR,DRY,DAYLIGHT,NON-INJURY ACCIDENT (PROPERTY- DAMAGE-ONLY ACCIDENT),RIGHT ANGLE,45.67790006,-111.0672386
C000050N,087+0.642,BOZEMAN,GALLATIN,December,2016,18:49,FRI,INTERSECTION-RELATED,ROADSIDE RIGHT,CLEAR,SLUSH,DARK-LIGHTED,NON-INJURY ACCIDENT (PROPERTY- DAMAGE-ONLY ACCIDENT),REAR-END,45.67789548,-111.0672365
C000050N,087+0.671,BOZEMAN,GALLATIN,February,2015,15:49,THU,INTERSECTION-RELATED,ON ROADWAY,CLEAR,DRY,DAYLIGHT,NON-INJURY ACCIDENT (PROPERTY- DAMAGE-ONLY ACCIDENT),REAR-END,45.6782419,-111.06679
C000050N,087+0.671,BOZEMAN,GALLATIN,November,2016,12:10,MON,INTERSECTION-RELATED,ON ROADWAY,CLEAR,DRY,DAYLIGHT,NON-INJURY ACCIDENT (PROPERTY- DAMAGE-ONLY ACCIDENT),REAR-END,45.67822733,-111.0669104
C000050N,087+0.690,BOZEMAN,GALLATIN,September,2013,16:52,THU,NON-JUNCTION,ON ROADWAY,CLEAR,DRY,DAYLIGHT,POSSIBLE INJURY ACCIDENT,REAR-END,45.67843382,-111.0665254
C000050N,087+0.727,BOZEMAN,GALLATIN,October,2015,18:25,FRI,DRIVEWAY/ALLEY ACCESS RELATED,ON ROADWAY,CLOUDY,DRY,DARK-LIGHTED,POSSIBLE INJURY ACCIDENT,OTHER,45.67876289,-111.0659447
C000050N,087+0.727,BOZEMAN,GALLATIN,DECEMBER,2017,14:47,MON,INTERSECTION,ON ROADWAY,CLOUDY,SLUSH,DAYLIGHT,POSSIBLE INJURY ACCIDENT,RIGHT ANGLE,45.67880007,-111.0659274
C000050N,087+0.786,BOZEMAN,GALLATIN,July,2013,13:06,FRI,INTERSECTION,ON ROADWAY,CLOUDY,DRY,DAYLIGHT,POSSIBLE INJURY ACCIDENT,"LEFT TURN, OPPOSITE DIRECTION",45.67913606,-111.0647583
C000050N,087+0.786,BOZEMAN,GALLATIN,March,2013,10:45,SUN,INTERSECTION-RELATED,ON ROADWAY,CLEAR,DRY,DAYLIGHT,NON-INJURY ACCIDENT (PROPERTY- DAMAGE-ONLY ACCIDENT),REAR-END,45.67913606,-111.0647583
C000050N,087+0.789,BOZEMAN,GALLATIN,December,2015,1:52,SAT,NON-JUNCTION,ROADSIDE RIGHT,SNOW,SNOW,DARK-LIGHTED,NON-INJURY ACCIDENT (PROPERTY- DAMAGE-ONLY ACCIDENT),FIXED OBJECT,45.67900975,-111.0647143
C000050N,087+0.796,BOZEMAN,GALLATIN,September,2014,15:37,FRI,INTERSECTION-RELATED,ON ROADWAY,CLEAR,DRY,DAYLIGHT,NON-INJURY ACCIDENT (PROPERTY- DAMAGE-ONLY ACCIDENT),REAR-END,45.67908658,-111.0645608
C000050N,087+0.796,BOZEMAN,GALLATIN,October,2016,0:21,SAT,NON-JUNCTION,MEDIAN,CLOUDY,DRY,DARK-LIGHTED,NON-INJURY ACCIDENT (PROPERTY- DAMAGE-ONLY ACCIDENT),FIXED OBJECT,45.67914888,-111.0646265
C000050N,087+0.800,BOZEMAN,GALLATIN,October,2013,15:57,FRI,DRIVEWAY/ALLEY ACCESS RELATED,ON ROADWAY,CLEAR,DRY,DAYLIGHT,NON-INJURY ACCIDENT (PROPERTY- DAMAGE-ONLY ACCIDENT),HEAD ON,45.67908354,-111.0644626
C000050N,087+0.820,BOZEMAN,GALLATIN,January,2013,11:40,MON,INTERSECTION,SHOULDER,CLOUDY,ICE/FROST,DAYLIGHT,NON-INJURY ACCIDENT (PROPERTY- DAMAGE-ONLY ACCIDENT),FIXED OBJECT,45.67913606,-111.0647583
C000050N,087+0.820,BOZEMAN,GALLATIN,February,2013,7:51,THU,INTERSECTION-RELATED,ON ROADWAY,CLEAR,ICE/FROST,DAYLIGHT,NON-INJURY ACCIDENT (PROPERTY- DAMAGE-ONLY ACCIDENT),REAR-END,45.67913606,-111.0647583
C000050N,087+0.877,BOZEMAN,GALLATIN,July,2015,8:00,SUN,NON-JUNCTION,ON ROADWAY,CLOUDY,DRY,DAYLIGHT,NON-INCAPACITATING EVIDENT INJURY ACCIDENT,"RIGHT TURN, SAME DIRECTION",45.67940943,-111.0630294
C000050N,087+0.877,BOZEMAN,GALLATIN,April,2016,20:15,FRI,NON-JUNCTION,OUTSIDE RIGHT-OF-WAY (TRAFFICWAY),CLEAR,DRY,DARK-LIGHTED,NON-INJURY ACCIDENT (PROPERTY- DAMAGE-ONLY ACCIDENT),FIXED OBJECT,45.67945853,-111.063038
C000050N,087+0.880,BOZEMAN,GALLATIN,October,2013,13:07,FRI,INTERSECTION-RELATED,ON ROADWAY,CLOUDY,DRY,DAYLIGHT,NON-INJURY ACCIDENT (PROPERTY- DAMAGE-ONLY ACCIDENT),REAR-END,45.67931842,-111.0628263
C000050N,087+0.889,BOZEMAN,GALLATIN,January,2015,17:02,THU,INTERSECTION-RELATED,ON ROADWAY,CLEAR,DRY,DUSK,NON-INJURY ACCIDENT (PROPERTY- DAMAGE-ONLY ACCIDENT),"LEFT TURN, OPPOSITE DIRECTION",45.6793807,-111.0627698
C000050N,087+0.895,BOZEMAN,GALLATIN,March,2014,2:38,SAT,DRIVEWAY/ALLEY ACCESS RELATED,OUTSIDE RIGHT-OF-WAY (TRAFFICWAY),CLEAR,ICE/FROST,DARK-LIGHTED,NON-INCAPACITATING EVIDENT INJURY ACCIDENT,PEDESTRIAN,45.67934226,-111.0626807
C000050N,087+0.895,BOZEMAN,GALLATIN,August,2014,14:58,SAT,INTERSECTION,ON ROADWAY,CLEAR,DRY,DAYLIGHT,NON-INCAPACITATING EVIDENT INJURY ACCIDENT,BICYCLE,45.67932271,-111.0626497
C000050N,087+0.901,BOZEMAN,GALLATIN,March,2014,16:45,SAT,INTERSECTION,ON ROADWAY,CLEAR,DRY,DAYLIGHT,NON-INJURY ACCIDENT (PROPERTY- DAMAGE-ONLY ACCIDENT),"LEFT TURN, OPPOSITE DIRECTION",45.67933773,-111.0625473
C000050N,087+0.901,BOZEMAN,GALLATIN,January,2015,19:23,WED,INTERSECTION,ON ROADWAY,CLEAR,DRY,DARK-LIGHTED,NON-INCAPACITATING EVIDENT INJURY ACCIDENT,"LEFT TURN, SAME DIRECTION",45.67931534,-111.0625092
C000050N,087+0.908,BOZEMAN,GALLATIN,October,2014,11:05,SUN,OTHER LOCATION,ON ROADWAY,CLEAR,DRY,DAYLIGHT,NON-INJURY ACCIDENT (PROPERTY- DAMAGE-ONLY ACCIDENT),RIGHT ANGLE,45.67936092,-111.0624149
C000050N,087+0.908,BOZEMAN,GALLATIN,DECEMBER,2017,10:16,WED,INTERSECTION-RELATED,ON ROADWAY,CLEAR,ICE/FROST,DAYLIGHT,NON-INJURY ACCIDENT (PROPERTY- DAMAGE-ONLY ACCIDENT),REAR-END,45.6793332,-111.0623452
C000050N,087+0.908,BOZEMAN,GALLATIN,JUNE,2017,17:50,SAT,INTERSECTION,ON ROADWAY,CLEAR,DRY,DAYLIGHT,POSSIBLE INJURY ACCIDENT,RIGHT ANGLE,45.67941041,-111.0623977
C000050N,087+0.914,BOZEMAN,GALLATIN,August,2015,17:20,MON,OTHER LOCATION,OFF ROADWAY LOCATION UNKNOWN,CLEAR,DRY,DAYLIGHT,INCAPACITATING INJURY ACCIDENT,FIXED OBJECT,45.67945589,-111.062197
C000050N,087+0.914,BOZEMAN,GALLATIN,March,2016,20:06,WED,INTERSECTION-RELATED,ON ROADWAY,CLEAR,DRY,DARK-LIGHTED,NON-INJURY ACCIDENT (PROPERTY- DAMAGE-ONLY ACCIDENT),REAR-END,45.67937811,-111.062185
C000050N,087+0.920,BOZEMAN,GALLATIN,June,2013,23:10,THU,INTERSECTION-RELATED,ON ROADWAY,CLOUDY,DRY,DARK-LIGHTED,NON-INJURY ACCIDENT (PROPERTY- DAMAGE-ONLY ACCIDENT),REAR-END,45.67943766,-111.0619905
C000050N,087+0.932,BOZEMAN,GALLATIN,March,2015,13:41,SUN,INTERSECTION,ON ROADWAY,CLEAR,DRY,DAYLIGHT,POSSIBLE INJURY ACCIDENT,REAR-END,45.67933468,-111.0618728
C000050N,087+0.940,BOZEMAN,GALLATIN,October,2013,20:13,FRI,NON-JUNCTION,ON ROADWAY,CLEAR,DRY,DARK-LIGHTED,NON-INJURY ACCIDENT (PROPERTY- DAMAGE-ONLY ACCIDENT),REAR-END,45.67937288,-111.0616664
C000050N,087+0.976,BOZEMAN,GALLATIN,October,2014,15:13,TUE,INTERSECTION-RELATED,ON ROADWAY,CLEAR,DRY,DAYLIGHT,INCAPACITATING INJURY ACCIDENT,REAR-END,45.67933905,-111.0609524
C000050N,087+0.976,BOZEMAN,GALLATIN,JANUARY,2017,0:00,WED,NON-JUNCTION,ON ROADWAY,CLEAR,SNOW,DARK-LIGHTED,NON-INJURY ACCIDENT (PROPERTY- DAMAGE-ONLY ACCIDENT),U TURN,45.67946167,-111.0609233
C000050N,087+0.982,BOZEMAN,GALLATIN,MARCH,2017,14:54,WED,INTERSECTION,ON ROADWAY,CLOUDY,DRY,DAYLIGHT,NON-INJURY ACCIDENT (PROPERTY- DAMAGE-ONLY ACCIDENT),RIGHT ANGLE,45.67937575,-111.0608861
C000050N,087+1.001,BOZEMAN,GALLATIN,April,2015,15:48,MON,INTERSECTION-RELATED,ON ROADWAY,SNOW,WET,DAYLIGHT,NON-INCAPACITATING EVIDENT INJURY ACCIDENT,REAR-END,45.67933628,-111.0604208
C000050N,087+1.001,BOZEMAN,GALLATIN,December,2015,15:41,WED,CROSSOVER-RELATED,ON ROADWAY,CLEAR,WET,DAYLIGHT,NON-INJURY ACCIDENT (PROPERTY- DAMAGE-ONLY ACCIDENT),RIGHT ANGLE,45.67936064,-111.0604235
C000050N,087+1.007,BOZEMAN,GALLATIN,October,2016,15:36,FRI,DRIVEWAY/ALLEY ACCESS RELATED,ON ROADWAY,CLEAR,DRY,DAYLIGHT,POSSIBLE INJURY ACCIDENT,RIGHT ANGLE,45.67938745,-111.0602796
C000050N,087+1.007,BOZEMAN,GALLATIN,January,2016,11:46,FRI,DRIVEWAY/ALLEY ACCESS RELATED,ON ROADWAY,CLOUDY,DRY,DAYLIGHT,POSSIBLE INJURY ACCIDENT,RIGHT ANGLE,45.67943373,-111.0603027
C000050N,087+1.007,BOZEMAN,GALLATIN,APRIL,2017,16:22,FRI,DRIVEWAY/ALLEY ACCESS RELATED,ON ROADWAY,CLOUDY,DRY,DAYLIGHT,NON-INJURY ACCIDENT (PROPERTY- DAMAGE-ONLY ACCIDENT),RIGHT ANGLE,45.6793806,-111.0603301
C000050N,087+1.007,BOZEMAN,GALLATIN,JUNE,2017,12:54,TUE,INTERSECTION,ON ROADWAY,CLOUDY,DRY,DAYLIGHT,NON-INJURY ACCIDENT (PROPERTY- DAMAGE-ONLY ACCIDENT),RIGHT ANGLE,45.67942091,-111.0603207
C000050N,087+1.007,BOZEMAN,GALLATIN,JUNE,2017,14:53,MON,DRIVEWAY/ALLEY ACCESS RELATED,ON ROADWAY,CLOUDY,DRY,DAYLIGHT,NON-INJURY ACCIDENT (PROPERTY- DAMAGE-ONLY ACCIDENT),REAR-END,45.67945752,-111.0603388
C000050N,087+1.007,BOZEMAN,GALLATIN,MAY,2017,17:39,WED,INTERSECTION,ON ROADWAY,CLOUDY,DRY,DAYLIGHT,NON-INJURY ACCIDENT (PROPERTY- DAMAGE-ONLY ACCIDENT),RIGHT ANGLE,45.67936701,-111.0603271
C000050N,087+1.013,BOZEMAN,GALLATIN,January,2014,19:43,FRI,NON-JUNCTION,ON ROADWAY,CLEAR,ICE/FROST,DARK-LIGHTED,NON-INJURY ACCIDENT (PROPERTY- DAMAGE-ONLY ACCIDENT),REAR-END,45.67934018,-111.0601778
C000050N,087+1.013,BOZEMAN,GALLATIN,October,2016,8:08,TUE,NON-JUNCTION,ON ROADWAY,CLEAR,DRY,DAYLIGHT,NON-INJURY ACCIDENT (PROPERTY- DAMAGE-ONLY ACCIDENT),REAR-END,45.67926613,-111.0602099
C000050N,087+1.013,BOZEMAN,GALLATIN,March,2016,13:27,SUN,DRIVEWAY/ALLEY ACCESS RELATED,ON ROADWAY,CLEAR,DRY,DAYLIGHT,POSSIBLE INJURY ACCIDENT,HEAD ON,45.67936303,-111.0602452
C000050N,088+0.003,BOZEMAN,GALLATIN,May,2016,17:16,TUE,NON-JUNCTION,ON ROADWAY,CLEAR,DRY,DAYLIGHT,NON-INJURY ACCIDENT (PROPERTY- DAMAGE-ONLY ACCIDENT),REAR-END,45.67938126,-111.0596805
C000050N,088+0.009,BOZEMAN,GALLATIN,DECEMBER,2017,11:25,WED,NON-JUNCTION,IN PARKING LANE OR ZONE,SNOW,SNOW,DAYLIGHT,NON-INJURY ACCIDENT (PROPERTY- DAMAGE-ONLY ACCIDENT),OTHER,45.67959775,-111.0595342
C000050N,088+0.022,BOZEMAN,GALLATIN,August,2014,14:04,THU,NON-JUNCTION,ON ROADWAY,CLOUDY,DRY,DAYLIGHT,NON-INJURY ACCIDENT (PROPERTY- DAMAGE-ONLY ACCIDENT),RIGHT ANGLE,45.67965462,-111.0593074
C000050N,088+0.028,BOZEMAN,GALLATIN,November,2016,15:07,TUE,INTERSECTION-RELATED,ON ROADWAY,CLEAR,DRY,DAYLIGHT,NON-INJURY ACCIDENT (PROPERTY- DAMAGE-ONLY ACCIDENT),RIGHT ANGLE,45.67935223,-111.0591974
C000050N,088+0.046,BOZEMAN,GALLATIN,September,2013,18:16,FRI,INTERSECTION-RELATED,ON ROADWAY,CLOUDY,WET,DAYLIGHT,NON-INJURY ACCIDENT (PROPERTY- DAMAGE-ONLY ACCIDENT),REAR-END,45.67934261,-111.0570723
C000050N,088+0.046,BOZEMAN,GALLATIN,March,2013,13:20,TUE,INTERSECTION-RELATED,ON ROADWAY,CLOUDY,DRY,DAYLIGHT,NON-INJURY ACCIDENT (PROPERTY- DAMAGE-ONLY ACCIDENT),"SIDESWIPE, SAME DIRECTION",45.67934261,-111.0570723
C000050N,088+0.046,BOZEMAN,GALLATIN,January,2013,9:50,MON,INTERSECTION-RELATED,ON ROADWAY,CLOUDY,ICE/FROST,DAYLIGHT,POSSIBLE INJURY ACCIDENT,REAR-END,45.67934261,-111.0570723
C000050N,088+0.046,BOZEMAN,GALLATIN,May,2013,8:16,TUE,INTERSECTION-RELATED,ON ROADWAY,CLOUDY,DRY,DAYLIGHT,NON-INJURY ACCIDENT (PROPERTY- DAMAGE-ONLY ACCIDENT),REAR-END,45.67934261,-111.0570723
C000050N,088+0.046,BOZEMAN,GALLATIN,April,2013,14:11,SUN,INTERSECTION,ON ROADWAY,CLOUDY,DRY,DAYLIGHT,NON-INCAPACITATING EVIDENT INJURY ACCIDENT,RIGHT ANGLE,45.67934261,-111.0570723
C000050N,088+0.047,BOZEMAN,GALLATIN,June,2015,17:41,MON,NON-JUNCTION,ON ROADWAY,RAIN,WET,DAYLIGHT,NON-INJURY ACCIDENT (PROPERTY- DAMAGE-ONLY ACCIDENT),REAR-END,45.67931979,-111.0587203
C000050N,088+0.096,BOZEMAN,GALLATIN,July,2013,16:22,TUE,INTERSECTION-RELATED,ON ROADWAY,CLEAR,DRY,DAYLIGHT,POSSIBLE INJURY ACCIDENT,REAR-END,45.67934261,-111.0570723
C000050N,088+0.096,BOZEMAN,GALLATIN,March,2015,14:18,MON,INTERSECTION-RELATED,ON ROADWAY,CLEAR,DRY,DAYLIGHT,NON-INJURY ACCIDENT (PROPERTY- DAMAGE-ONLY ACCIDENT),"SIDESWIPE, SAME DIRECTION",45.67932878,-111.0577489
C001784N,000+0.496,BOZEMAN,GALLATIN,AUGUST,2017,0:30,SUN,INTERSECTION,ON ROADWAY,CLEAR,DRY,DARK-LIGHTED,POSSIBLE INJURY ACCIDENT,OTHER,45.69291316,-111.072765
C000050N,088+0.103,BOZEMAN,GALLATIN,July,2015,11:30,FRI,OTHER LOCATION,IN PARKING LANE OR ZONE,CLEAR,DRY,DAYLIGHT,INCAPACITATING INJURY ACCIDENT,BICYCLE,45.67968406,-111.0575951
C000050N,088+0.109,BOZEMAN,GALLATIN,April,2016,12:24,FRI,INTERSECTION-RELATED,ON ROADWAY,CLEAR,DRY,DAYLIGHT,POSSIBLE INJURY ACCIDENT,REAR-END,45.67938899,-111.0575505
C000050N,088+0.120,BOZEMAN,GALLATIN,October,2013,7:18,MON,INTERSECTION-RELATED,ON ROADWAY,CLEAR,DRY,DAYLIGHT,NON-INCAPACITATING EVIDENT INJURY ACCIDENT,PEDESTRIAN,45.67933949,-111.0570446
C000050N,088+0.120,BOZEMAN,GALLATIN,November,2013,16:45,SAT,INTERSECTION,ON ROADWAY,CLEAR,DRY,DAYLIGHT,NON-INJURY ACCIDENT (PROPERTY- DAMAGE-ONLY ACCIDENT),RIGHT ANGLE,45.67932572,-111.0570482
C000050N,088+0.129,BOZEMAN,GALLATIN,November,2015,8:58,SAT,INTERSECTION,ON ROADWAY,CLEAR,DRY,DAYLIGHT,NON-INJURY ACCIDENT (PROPERTY- DAMAGE-ONLY ACCIDENT),"LEFT TURN, OPPOSITE DIRECTION",45.67932001,-111.0570522
C000050N,088+0.129,BOZEMAN,GALLATIN,October,2016,1:13,SAT,THROUGH ROADWAY,ON ROADWAY,CLEAR,DRY,DARK-LIGHTED,NON-INJURY ACCIDENT (PROPERTY- DAMAGE-ONLY ACCIDENT),REAR-END,45.679363,-111.0570538
C000050N,088+0.129,BOZEMAN,GALLATIN,September,2016,17:40,TUE,INTERSECTION,ON ROADWAY,CLEAR,DRY,DAYLIGHT,NON-INJURY ACCIDENT (PROPERTY- DAMAGE-ONLY ACCIDENT),REAR-END,45.67932407,-111.0570453
C000050N,088+0.129,BOZEMAN,GALLATIN,December,2016,18:10,FRI,INTERSECTION,ON ROADWAY,CLOUDY,SNOW,DARK-LIGHTED,NON-INJURY ACCIDENT (PROPERTY- DAMAGE-ONLY ACCIDENT),HEAD ON,45.67932736,-111.0570499
C000050N,088+0.129,BOZEMAN,GALLATIN,DECEMBER,2017,19:39,THU,INTERSECTION,ON ROADWAY,CLOUDY,SNOW,DARK-LIGHTED,NON-INJURY ACCIDENT (PROPERTY- DAMAGE-ONLY ACCIDENT),"LEFT TURN, SAME DIRECTION",45.67931986,-111.0570399