MDT_CORRIDOR_ID,SMS_REFPOST_OFFSET,CITY,COUNTY,Month,Year,SMS_TIME,SMT_CRASH_OCC_DAY_OF_WEEK,JUNCTION_RELATED,ROADWAY_RELATED,WEATHER_COND,ROAD_COND,LIGHT_COND,CRASH_SEVERITY,COLLISION_TYPE,LATITUDE,LONGITUDE
C000050N,088+0.140,BOZEMAN,GALLATIN,December,2015,2:10,SAT,INTERSECTION-RELATED,ON ROADWAY,CLEAR,DRY,DARK-LIGHTED,POSSIBLE INJURY ACCIDENT,REAR-END,45.67935139,-111.0568763
C000050N,088+0.140,BOZEMAN,GALLATIN,OCTOBER,2017,17:35,WED,INTERSECTION-RELATED,ON ROADWAY,CLOUDY,DRY,DAYLIGHT,POSSIBLE INJURY ACCIDENT,REAR-END,45.67940869,-111.056912
C000050N,088+0.152,BOZEMAN,GALLATIN,SEPTEMBER,2017,15:48,FRI,DRIVEWAY/ALLEY ACCESS RELATED,OUTSIDE RIGHT-OF-WAY (TRAFFICWAY),CLOUDY,DRY,DAYLIGHT,NON-INJURY ACCIDENT (PROPERTY- DAMAGE-ONLY ACCIDENT),FIXED OBJECT,45.67947647,-111.056638
C000050N,088+0.190,BOZEMAN,GALLATIN,July,2016,17:50,FRI,NON-JUNCTION,ON ROADWAY,RAIN,WET,DAYLIGHT,NON-INJURY ACCIDENT (PROPERTY- DAMAGE-ONLY ACCIDENT),REAR-END,45.6793133,-111.0558449
C000050N,088+0.196,BOZEMAN,GALLATIN,July,2015,14:51,THU,NON-JUNCTION,ON ROADWAY,CLEAR,DRY,DAYLIGHT,NON-INJURY ACCIDENT (PROPERTY- DAMAGE-ONLY ACCIDENT),REAR TO FRONT,45.67938688,-111.0557389
C000050N,088+0.196,BOZEMAN,GALLATIN,January,2016,15:08,THU,DRIVEWAY/ALLEY ACCESS RELATED,ON ROADWAY,CLOUDY,DRY,DAYLIGHT,NON-INJURY ACCIDENT (PROPERTY- DAMAGE-ONLY ACCIDENT),RIGHT ANGLE,45.67932879,-111.0556464
C000050N,088+0.196,BOZEMAN,GALLATIN,NOVEMBER,2017,12:16,WED,OTHER LOCATION,OFF ROADWAY LOCATION UNKNOWN,CLOUDY,DRY,DAYLIGHT,NON-INCAPACITATING EVIDENT INJURY ACCIDENT,PEDESTRIAN,45.67978643,-111.0556782
C000050N,088+0.210,BOZEMAN,GALLATIN,September,2013,7:55,WED,NON-JUNCTION,ON ROADWAY,RAIN,WET,DAYLIGHT,NON-INJURY ACCIDENT (PROPERTY- DAMAGE-ONLY ACCIDENT),"SIDESWIPE, SAME DIRECTION",45.67940365,-111.0552843
C000050N,088+0.210,BOZEMAN,GALLATIN,October,2013,17:21,THU,INTERSECTION-RELATED,ON ROADWAY,CLEAR,DRY,DUSK,NON-INJURY ACCIDENT (PROPERTY- DAMAGE-ONLY ACCIDENT),REAR-END,45.67940416,-111.0552633
C000050N,088+0.227,BOZEMAN,GALLATIN,October,2015,12:33,MON,NON-JUNCTION,ON ROADWAY,CLOUDY,DRY,DAYLIGHT,POSSIBLE INJURY ACCIDENT,REAR-END,45.67933628,-111.0550027
C000050N,088+0.227,BOZEMAN,GALLATIN,NOVEMBER,2017,15:05,TUE,INTERSECTION-RELATED,ON ROADWAY,CLEAR,DRY,DAYLIGHT,POSSIBLE INJURY ACCIDENT,REAR-END,45.67944216,-111.0550615
C000050N,088+0.246,BOZEMAN,GALLATIN,July,2015,17:06,FRI,NON-JUNCTION,ON ROADWAY,CLEAR,DRY,DAYLIGHT,NON-INJURY ACCIDENT (PROPERTY- DAMAGE-ONLY ACCIDENT),REAR-END,45.67925118,-111.0547054
C000050N,088+0.252,BOZEMAN,GALLATIN,FEBRUARY,2017,10:59,FRI,NON-JUNCTION,ROADSIDE RIGHT,CLOUDY,WET,DAYLIGHT,NON-INJURY ACCIDENT (PROPERTY- DAMAGE-ONLY ACCIDENT),FIXED OBJECT,45.67925383,-111.0545789
C000050N,088+0.252,BOZEMAN,GALLATIN,SEPTEMBER,2017,20:15,FRI,NON-JUNCTION,ON ROADWAY,CLEAR,DRY,DARK-LIGHTED,NON-INJURY ACCIDENT (PROPERTY- DAMAGE-ONLY ACCIDENT),PEDESTRIAN,45.67928517,-111.0544789
C000050N,088+0.264,BOZEMAN,GALLATIN,February,2016,16:08,TUE,NON-JUNCTION,ON ROADWAY,CLEAR,DRY,DAYLIGHT,NON-INCAPACITATING EVIDENT INJURY ACCIDENT,REAR-END,45.67932262,-111.0542663
C000050N,088+0.264,BOZEMAN,GALLATIN,APRIL,2017,2:15,FRI,NON-JUNCTION,SHOULDER,CLOUDY,WET,DARK-LIGHTED,NON-INJURY ACCIDENT (PROPERTY- DAMAGE-ONLY ACCIDENT),"SIDESWIPE, SAME DIRECTION",45.67930791,-111.0543338
C000050N,088+0.308,BOZEMAN,GALLATIN,March,2015,14:27,FRI,NON-JUNCTION,ON ROADWAY,CLEAR,DRY,DAYLIGHT,NON-INJURY ACCIDENT (PROPERTY- DAMAGE-ONLY ACCIDENT),"LEFT TURN, SAME DIRECTION",45.67927279,-111.05336
C000050N,088+0.320,BOZEMAN,GALLATIN,May,2013,12:20,THU,INTERSECTION-RELATED,ON ROADWAY,CLOUDY,DRY,DAYLIGHT,NON-INJURY ACCIDENT (PROPERTY- DAMAGE-ONLY ACCIDENT),REAR-END,45.67844601,-111.0528688
C000050N,088+0.320,BOZEMAN,GALLATIN,May,2013,13:43,TUE,INTERSECTION-RELATED,ON ROADWAY,CLOUDY,DRY,DAYLIGHT,NON-INJURY ACCIDENT (PROPERTY- DAMAGE-ONLY ACCIDENT),REAR-END,45.67844601,-111.0528688
C000050N,088+0.320,BOZEMAN,GALLATIN,May,2013,15:57,TUE,INTERSECTION-RELATED,ON ROADWAY,CLEAR,DRY,DAYLIGHT,POSSIBLE INJURY ACCIDENT,REAR-END,45.67844601,-111.0528688
C000050N,088+0.320,BOZEMAN,GALLATIN,June,2013,14:01,THU,INTERSECTION-RELATED,ON ROADWAY,CLOUDY,DRY,DAYLIGHT,NON-INJURY ACCIDENT (PROPERTY- DAMAGE-ONLY ACCIDENT),REAR-END,45.67844601,-111.0528688
C000050N,088+0.327,BOZEMAN,GALLATIN,MARCH,2017,8:25,THU,INTERSECTION-RELATED,ON ROADWAY,SNOW,SNOW,DAYLIGHT,NON-INJURY ACCIDENT (PROPERTY- DAMAGE-ONLY ACCIDENT),REAR-END,45.6792482,-111.0529642
C000050N,088+0.376,BOZEMAN,GALLATIN,MAY,2017,15:53,MON,NON-JUNCTION,ON ROADWAY,CLOUDY,DRY,DAYLIGHT,NON-INJURY ACCIDENT (PROPERTY- DAMAGE-ONLY ACCIDENT),REAR-END,45.67938476,-111.0520262
C000050N,088+0.383,BOZEMAN,GALLATIN,July,2016,10:18,WED,INTERSECTION-RELATED,ON ROADWAY,CLOUDY,DRY,DAYLIGHT,POSSIBLE INJURY ACCIDENT,REAR-END,45.67928193,-111.0518205
C000050N,088+0.395,BOZEMAN,GALLATIN,April,2015,15:37,TUE,INTERSECTION-RELATED,ON ROADWAY,CLEAR,DRY,DAYLIGHT,POSSIBLE INJURY ACCIDENT,BICYCLE,45.67934411,-111.0515761
C000050N,088+0.395,BOZEMAN,GALLATIN,July,2016,10:45,SAT,INTERSECTION,ON ROADWAY,CLEAR,DRY,DAYLIGHT,POSSIBLE INJURY ACCIDENT,RIGHT ANGLE,45.67934275,-111.0516503
C000050N,088+0.395,BOZEMAN,GALLATIN,April,2016,21:23,SUN,INTERSECTION,ON ROADWAY,RAIN,WET,DARK-LIGHTED,NON-INCAPACITATING EVIDENT INJURY ACCIDENT,RIGHT ANGLE,45.67932076,-111.051579
C000050N,088+0.395,BOZEMAN,GALLATIN,November,2016,18:06,TUE,INTERSECTION,ON ROADWAY,CLEAR,DRY,DARK-LIGHTED,NON-INJURY ACCIDENT (PROPERTY- DAMAGE-ONLY ACCIDENT),REAR-END,45.67937573,-111.0515659
C000050N,088+0.395,BOZEMAN,GALLATIN,DECEMBER,2017,18:03,FRI,INTERSECTION,ON ROADWAY,SNOW,SNOW,DARK-LIGHTED,NON-INJURY ACCIDENT (PROPERTY- DAMAGE-ONLY ACCIDENT),RIGHT ANGLE,45.67931504,-111.0515754
C000050N,088+0.526,BOZEMAN,GALLATIN,SEPTEMBER,2017,16:05,TUE,INTERSECTION-RELATED,ON ROADWAY,CLOUDY,DRY,DAYLIGHT,NON-INJURY ACCIDENT (PROPERTY- DAMAGE-ONLY ACCIDENT),REAR TO FRONT,45.67942064,-111.0488628
C000050N,088+0.550,BOZEMAN,GALLATIN,September,2013,12:33,WED,NON-JUNCTION,OUTSIDE RIGHT-OF-WAY (TRAFFICWAY),CLEAR,DRY,DAYLIGHT,POSSIBLE INJURY ACCIDENT,"SIDESWIPE, SAME DIRECTION",45.67933821,-111.0482647
C000050N,088+0.560,BOZEMAN,GALLATIN,September,2013,16:19,WED,INTERSECTION,ON ROADWAY,CLEAR,DRY,DAYLIGHT,NON-INJURY ACCIDENT (PROPERTY- DAMAGE-ONLY ACCIDENT),REAR-END,45.67933063,-111.0480039
C000050N,088+0.563,BOZEMAN,GALLATIN,June,2014,11:03,WED,NON-JUNCTION,ON ROADWAY,CLOUDY,DRY,DAYLIGHT,POSSIBLE INJURY ACCIDENT,REAR-END,45.67937386,-111.0481771
C000050N,088+0.569,BOZEMAN,GALLATIN,April,2015,9:20,WED,INTERSECTION,ON ROADWAY,SNOW,SNOW,DAYLIGHT,NON-INJURY ACCIDENT (PROPERTY- DAMAGE-ONLY ACCIDENT),REAR-END,45.67933967,-111.0479988
C000050N,088+0.569,BOZEMAN,GALLATIN,January,2015,1:28,SUN,INTERSECTION,ON ROADWAY,SNOW,SNOW,DARK-LIGHTED,POSSIBLE INJURY ACCIDENT,RIGHT ANGLE,45.67931114,-111.0479997
C000050N,088+0.569,BOZEMAN,GALLATIN,May,2016,19:14,THU,INTERSECTION,ON ROADWAY,CLEAR,DRY,DAYLIGHT,INCAPACITATING INJURY ACCIDENT,"SIDESWIPE, OPPOSITE DIRECTION",45.679327,-111.0480002
C000050N,088+0.594,BOZEMAN,GALLATIN,August,2013,17:39,THU,INTERSECTION,ON ROADWAY,CLEAR,DRY,DAYLIGHT,NON-INCAPACITATING EVIDENT INJURY ACCIDENT,"LEFT TURN, OPPOSITE DIRECTION",45.67932888,-111.0475509
C000050N,088+0.594,BOZEMAN,GALLATIN,April,2013,15:05,MON,INTERSECTION-RELATED,ON ROADWAY,CLEAR,DRY,DAYLIGHT,POSSIBLE INJURY ACCIDENT,REAR-END,45.67932888,-111.0475509
C000050N,088+0.625,BOZEMAN,GALLATIN,June,2014,19:00,SUN,UNKNOWN,ON ROADWAY,CLEAR,DRY,DAYLIGHT,NON-INJURY ACCIDENT (PROPERTY- DAMAGE-ONLY ACCIDENT),REAR-END,45.67953877,-111.0468518
C000050N,088+0.625,BOZEMAN,GALLATIN,March,2014,21:49,MON,UNKNOWN,OFF ROADWAY LOCATION UNKNOWN,CLEAR,SNOW,DARK-LIGHTED,NON-INCAPACITATING EVIDENT INJURY ACCIDENT,PEDESTRIAN,45.67928653,-111.0468485
C000050N,088+0.644,BOZEMAN,GALLATIN,July,2016,13:46,WED,INTERSECTION,ON ROADWAY,CLOUDY,DRY,DAYLIGHT,POSSIBLE INJURY ACCIDENT,HEAD ON,45.67936112,-111.0464004
C000050N,088+0.644,BOZEMAN,GALLATIN,NOVEMBER,2017,8:03,WED,INTERSECTION,ON ROADWAY,CLOUDY,SNOW,DAYLIGHT,NON-INJURY ACCIDENT (PROPERTY- DAMAGE-ONLY ACCIDENT),RIGHT ANGLE,45.67936223,-111.0464889
C000050N,088+0.650,BOZEMAN,GALLATIN,October,2013,13:51,THU,INTERSECTION,ON ROADWAY,SNOW,WET,DAYLIGHT,NON-INJURY ACCIDENT (PROPERTY- DAMAGE-ONLY ACCIDENT),"SIDESWIPE, SAME DIRECTION",45.67934765,-111.0463504
C000050N,088+0.650,BOZEMAN,GALLATIN,January,2013,15:50,WED,INTERSECTION,ON ROADWAY,CLEAR,WET,DAYLIGHT,NON-INJURY ACCIDENT (PROPERTY- DAMAGE-ONLY ACCIDENT),RIGHT ANGLE,45.67932469,-111.0462277
C000050N,088+0.650,BOZEMAN,GALLATIN,January,2014,11:57,WED,INTERSECTION,ON ROADWAY,CLOUDY,WET,DAYLIGHT,NON-INCAPACITATING EVIDENT INJURY ACCIDENT,"LEFT TURN, OPPOSITE DIRECTION",45.67933701,-111.0462809
C000050N,088+0.650,BOZEMAN,GALLATIN,JULY,2017,11:49,MON,INTERSECTION,ON ROADWAY,CLOUDY,DRY,DAYLIGHT,NON-INJURY ACCIDENT (PROPERTY- DAMAGE-ONLY ACCIDENT),RIGHT ANGLE,45.67937784,-111.0462795
C000050N,088+0.650,BOZEMAN,GALLATIN,JUNE,2017,17:50,FRI,INTERSECTION,ON ROADWAY,CLEAR,DRY,DAYLIGHT,POSSIBLE INJURY ACCIDENT,HEAD ON,45.67934581,-111.0463066
C000050N,088+0.650,BOZEMAN,GALLATIN,JUNE,2017,22:45,FRI,INTERSECTION,ON ROADWAY,RAIN,WET,DARK-LIGHTED,POSSIBLE INJURY ACCIDENT,HEAD ON,45.67934066,-111.0462823
C000050N,088+0.650,BOZEMAN,GALLATIN,MAY,2017,16:01,MON,INTERSECTION-RELATED,ON ROADWAY,CLOUDY,DRY,DAYLIGHT,NON-INCAPACITATING EVIDENT INJURY ACCIDENT,REAR-END,45.67933355,-111.0463159
C000050N,088+0.650,BOZEMAN,GALLATIN,SEPTEMBER,2017,19:52,SUN,INTERSECTION,ON ROADWAY,CLEAR,DRY,DUSK,NON-INJURY ACCIDENT (PROPERTY- DAMAGE-ONLY ACCIDENT),HEAD ON,45.67933763,-111.0462809
C000050N,088+0.655,,GALLATIN,July,2015,21:37,SAT,INTERSECTION,ON ROADWAY,CLEAR,DRY,DUSK,POSSIBLE INJURY ACCIDENT,RIGHT ANGLE,45.679325,111.0462
C000050N,088+0.655,BOZEMAN,GALLATIN,October,2016,9:50,MON,INTERSECTION,ON ROADWAY,CLOUDY,DRY,DAYLIGHT,NON-INJURY ACCIDENT (PROPERTY- DAMAGE-ONLY ACCIDENT),RIGHT ANGLE,45.67935689,-111.0462587
C000050N,088+0.655,BOZEMAN,GALLATIN,December,2016,18:17,SAT,INTERSECTION,ON ROADWAY,CLEAR,SNOW,DAYLIGHT,POSSIBLE INJURY ACCIDENT,HEAD ON,45.67933711,-111.0462645
C000050N,088+0.655,BOZEMAN,GALLATIN,JANUARY,2017,0:40,WED,INTERSECTION-RELATED,ROADSIDE LEFT,CLEAR,ICE/FROST,DARK-LIGHTED,NON-INJURY ACCIDENT (PROPERTY- DAMAGE-ONLY ACCIDENT),FIXED OBJECT,45.67931671,-111.0438278
C000050N,088+0.655,BOZEMAN,GALLATIN,JANUARY,2017,1:12,WED,NON-JUNCTION,ON ROADWAY,CLEAR,DRY,DARK-LIGHTED,NON-INJURY ACCIDENT (PROPERTY- DAMAGE-ONLY ACCIDENT),HEAD ON,45.67931671,-111.0438278
C000050N,088+0.662,BOZEMAN,GALLATIN,August,2014,15:23,THU,INTERSECTION,ON ROADWAY,CLOUDY,DRY,DAYLIGHT,POSSIBLE INJURY ACCIDENT,BICYCLE,45.67929284,-111.0460723
C000050N,088+0.662,BOZEMAN,GALLATIN,November,2015,1:14,SUN,INTERSECTION-RELATED,ON ROADWAY,CLEAR,DRY,DARK-LIGHTED,NON-INJURY ACCIDENT (PROPERTY- DAMAGE-ONLY ACCIDENT),REAR-END,45.67935206,-111.0461343
C000050N,088+0.675,BOZEMAN,GALLATIN,February,2016,20:55,FRI,INTERSECTION-RELATED,ON ROADWAY,CLEAR,DRY,DARK-LIGHTED,NON-INJURY ACCIDENT (PROPERTY- DAMAGE-ONLY ACCIDENT),REAR-END,45.67935455,-111.0457827
C000050N,088+0.687,BOZEMAN,GALLATIN,JULY,2017,16:50,FRI,DRIVEWAY/ALLEY ACCESS RELATED,ON ROADWAY,CLOUDY,DRY,DAYLIGHT,NON-INJURY ACCIDENT (PROPERTY- DAMAGE-ONLY ACCIDENT),RIGHT ANGLE,45.67921808,-111.045524
C000050N,088+0.743,BOZEMAN,GALLATIN,March,2013,23:42,FRI,INTERSECTION-RELATED,ROADSIDE RIGHT,CLOUDY,ICE/FROST,DARK-LIGHTED,POSSIBLE INJURY ACCIDENT,FIXED OBJECT,45.67931671,-111.0438278
C000050N,088+0.743,BOZEMAN,GALLATIN,July,2013,14:42,TUE,INTERSECTION,ON ROADWAY,CLEAR,DRY,DAYLIGHT,POSSIBLE INJURY ACCIDENT,"LEFT TURN, OPPOSITE DIRECTION",45.67931671,-111.0438278
C000050N,088+0.787,BOZEMAN,GALLATIN,July,2014,16:04,FRI,INTERSECTION-RELATED,ON ROADWAY,CLOUDY,DRY,DAYLIGHT,NON-INJURY ACCIDENT (PROPERTY- DAMAGE-ONLY ACCIDENT),REAR-END,45.67935035,-111.0434808
C000050N,088+0.799,BOZEMAN,GALLATIN,October,2016,0:59,TUE,OTHER LOCATION,ROADSIDE RIGHT,CLEAR,WET,DARK-LIGHTED,NON-INJURY ACCIDENT (PROPERTY- DAMAGE-ONLY ACCIDENT),RIGHT ANGLE,45.67939956,-111.0432545
C000050N,088+0.802,BOZEMAN,GALLATIN,June,2013,12:18,MON,INTERSECTION,ON ROADWAY,CLOUDY,DRY,DAYLIGHT,POSSIBLE INJURY ACCIDENT,REAR-END,45.67931671,-111.0438278
C000050N,088+0.802,BOZEMAN,GALLATIN,January,2013,13:31,FRI,INTERSECTION-RELATED,ON ROADWAY,CLEAR,DRY,DAYLIGHT,NON-INJURY ACCIDENT (PROPERTY- DAMAGE-ONLY ACCIDENT),REAR-END,45.67931671,-111.0438278
C000050N,088+0.824,BOZEMAN,GALLATIN,July,2014,2:03,MON,NON-JUNCTION,IN PARKING LANE OR ZONE,CLEAR,DRY,DARK-LIGHTED,NON-INCAPACITATING EVIDENT INJURY ACCIDENT,REAR-END,45.67932404,-111.0427717
C000050N,088+0.833,BOZEMAN,GALLATIN,June,2013,17:17,MON,INTERSECTION,ON ROADWAY,CLEAR,DRY,DAYLIGHT,NON-INJURY ACCIDENT (PROPERTY- DAMAGE-ONLY ACCIDENT),"LEFT TURN, OPPOSITE DIRECTION",45.67929248,-111.0413602
C000050N,088+0.833,BOZEMAN,GALLATIN,August,2013,8:40,WED,INTERSECTION,ON ROADWAY,CLEAR,DRY,DAYLIGHT,NON-INJURY ACCIDENT (PROPERTY- DAMAGE-ONLY ACCIDENT),"LEFT TURN, SAME DIRECTION",45.67929248,-111.0413602
C000050N,088+0.833,BOZEMAN,GALLATIN,August,2013,15:50,THU,INTERSECTION-RELATED,ON ROADWAY,CLEAR,DRY,DAYLIGHT,NON-INJURY ACCIDENT (PROPERTY- DAMAGE-ONLY ACCIDENT),"SIDESWIPE, OPPOSITE DIRECTION",45.67929248,-111.0413602
C000050N,088+0.833,BOZEMAN,GALLATIN,January,2013,12:20,SUN,INTERSECTION,ON ROADWAY,CLEAR,SNOW,DAYLIGHT,NON-INJURY ACCIDENT (PROPERTY- DAMAGE-ONLY ACCIDENT),"LEFT TURN, OPPOSITE DIRECTION",45.67929248,-111.0413602
C000050N,088+0.833,BOZEMAN,GALLATIN,January,2013,13:40,FRI,INTERSECTION-RELATED,ON ROADWAY,CLOUDY,DRY,DAYLIGHT,NON-INJURY ACCIDENT (PROPERTY- DAMAGE-ONLY ACCIDENT),"SIDESWIPE, SAME DIRECTION",45.67929248,-111.0413602
C000050N,088+0.833,BOZEMAN,GALLATIN,February,2013,6:50,SAT,INTERSECTION,ON ROADWAY,CLEAR,DRY,DARK-LIGHTED,NON-INJURY ACCIDENT (PROPERTY- DAMAGE-ONLY ACCIDENT),"LEFT TURN, OPPOSITE DIRECTION",45.67929248,-111.0413602
C000050N,088+0.833,BOZEMAN,GALLATIN,February,2013,11:34,TUE,INTERSECTION,ON ROADWAY,CLOUDY,DRY,DAYLIGHT,POSSIBLE INJURY ACCIDENT,BICYCLE,45.67929248,-111.0413602
C000050N,088+0.861,BOZEMAN,GALLATIN,January,2015,18:37,FRI,NON-JUNCTION,SHOULDER,CLOUDY,SNOW,DARK-LIGHTED,NON-INJURY ACCIDENT (PROPERTY- DAMAGE-ONLY ACCIDENT),REAR-END,45.67940518,-111.0418909
C000050N,088+0.890,BOZEMAN,GALLATIN,August,2013,15:48,WED,INTERSECTION,ON ROADWAY,CLEAR,DRY,DAYLIGHT,NON-INJURY ACCIDENT (PROPERTY- DAMAGE-ONLY ACCIDENT),RIGHT ANGLE,45.67931537,-111.0413337
C000050N,088+0.891,BOZEMAN,GALLATIN,May,2015,17:35,TUE,INTERSECTION,ON ROADWAY,CLEAR,DRY,DAYLIGHT,NON-INJURY ACCIDENT (PROPERTY- DAMAGE-ONLY ACCIDENT),"LEFT TURN, SAME DIRECTION",45.67931942,-111.0413262
C000050N,088+0.891,BOZEMAN,GALLATIN,January,2016,13:42,TUE,INTERSECTION,ON ROADWAY,CLEAR,WET,DAYLIGHT,NON-INJURY ACCIDENT (PROPERTY- DAMAGE-ONLY ACCIDENT),RIGHT ANGLE,45.67934778,-111.0413417
C000050N,088+0.891,BOZEMAN,GALLATIN,December,2016,16:24,SUN,INTERSECTION,ON ROADWAY,CLOUDY,SNOW,DUSK,NON-INJURY ACCIDENT (PROPERTY- DAMAGE-ONLY ACCIDENT),REAR TO SIDE,45.6793251,-111.0413418
C000050N,088+0.910,BOZEMAN,GALLATIN,September,2013,15:14,WED,DRIVEWAY/ALLEY ACCESS RELATED,ON ROADWAY,CLOUDY,DRY,DAYLIGHT,NON-INJURY ACCIDENT (PROPERTY- DAMAGE-ONLY ACCIDENT),RIGHT ANGLE,45.67937563,-111.0408574
C000050N,088+0.917,BOZEMAN,GALLATIN,JULY,2017,17:13,SUN,INTERSECTION-RELATED,ON ROADWAY,CLEAR,DRY,DAYLIGHT,NON-INCAPACITATING EVIDENT INJURY ACCIDENT,REAR-END,45.67921171,-111.0408667
C000050N,088+0.955,BOZEMAN,GALLATIN,December,2015,21:01,SAT,INTERSECTION,ON ROADWAY,SNOW,SNOW,DARK-LIGHTED,POSSIBLE INJURY ACCIDENT,RIGHT ANGLE,45.67930163,-111.040021
C000050N,088+0.998,BOZEMAN,GALLATIN,OCTOBER,2017,4:59,FRI,NON-JUNCTION,IN PARKING LANE OR ZONE,CLEAR,DRY,DARK-LIGHTED,NON-INJURY ACCIDENT (PROPERTY- DAMAGE-ONLY ACCIDENT),"SIDESWIPE, SAME DIRECTION",45.67930556,-111.0391922
C000050N,089+0.010,BOZEMAN,GALLATIN,August,2016,0:44,FRI,NON-JUNCTION,IN PARKING LANE OR ZONE,RAIN,WET,DARK-LIGHTED,NON-INJURY ACCIDENT (PROPERTY- DAMAGE-ONLY ACCIDENT),"SIDESWIPE, SAME DIRECTION",45.67931454,-111.0388062
C000050N,089+0.010,BOZEMAN,GALLATIN,SEPTEMBER,2017,23:39,SAT,INTERSECTION-RELATED,ON ROADWAY,CLOUDY,DRY,DARK-LIGHTED,NON-INJURY ACCIDENT (PROPERTY- DAMAGE-ONLY ACCIDENT),REAR-END,45.67930732,-111.0389363
C000050N,089+0.018,BOZEMAN,GALLATIN,December,2013,12:47,SUN,INTERSECTION-RELATED,ON ROADWAY,SNOW,SLUSH,DAYLIGHT,NON-INCAPACITATING EVIDENT INJURY ACCIDENT,PEDESTRIAN,37.69,-97.34
C000050N,089+0.018,BOZEMAN,GALLATIN,January,2014,10:05,SUN,INTERSECTION,ON ROADWAY,CLOUDY,ICE/FROST,DAYLIGHT,NON-INJURY ACCIDENT (PROPERTY- DAMAGE-ONLY ACCIDENT),RIGHT ANGLE,45.67929591,-111.0387259
C000050N,089+0.018,BOZEMAN,GALLATIN,February,2014,18:03,MON,INTERSECTION,ON ROADWAY,CLEAR,SNOW,DARK-NOT LIGHTED,NON-INJURY ACCIDENT (PROPERTY- DAMAGE-ONLY ACCIDENT),"LEFT TURN, OPPOSITE DIRECTION",45.67930939,-111.0387132
C000050N,089+0.018,BOZEMAN,GALLATIN,May,2015,21:06,THU,INTERSECTION,ON ROADWAY,CLOUDY,DRY,DUSK,NON-INJURY ACCIDENT (PROPERTY- DAMAGE-ONLY ACCIDENT),RIGHT ANGLE,45.6793071,-111.0387066
C000050N,089+0.018,BOZEMAN,GALLATIN,September,2015,14:44,SAT,INTERSECTION,ON ROADWAY,CLEAR,DRY,DAYLIGHT,NON-INCAPACITATING EVIDENT INJURY ACCIDENT,BICYCLE,45.67927654,-111.0387001
C000050N,089+0.018,BOZEMAN,GALLATIN,NOVEMBER,2017,7:52,MON,INTERSECTION,ON ROADWAY,CLEAR,DRY,DAYLIGHT,POSSIBLE INJURY ACCIDENT,RIGHT ANGLE,45.67929609,-111.0387262
C000050N,089+0.035,BOZEMAN,GALLATIN,March,2014,22:34,FRI,NON-JUNCTION,ON ROADWAY,CLEAR,DRY,DARK-LIGHTED,NON-INJURY ACCIDENT (PROPERTY- DAMAGE-ONLY ACCIDENT),"SIDESWIPE, SAME DIRECTION",45.67923643,-111.0383377
C000050N,089+0.090,BOZEMAN,GALLATIN,October,2013,12:46,WED,INTERSECTION,ON ROADWAY,CLEAR,DRY,DAYLIGHT,INCAPACITATING INJURY ACCIDENT,PEDESTRIAN,45.67932129,-111.0372465
C000050N,089+0.091,BOZEMAN,GALLATIN,January,2014,21:35,FRI,INTERSECTION,ON ROADWAY,SNOW,SNOW,DARK-LIGHTED,NON-INJURY ACCIDENT (PROPERTY- DAMAGE-ONLY ACCIDENT),RIGHT ANGLE,45.67929599,-111.0372143
C000050N,089+0.104,BOZEMAN,GALLATIN,March,2014,14:11,WED,NON-JUNCTION,ON ROADWAY,CLOUDY,DRY,DAYLIGHT,NON-INJURY ACCIDENT (PROPERTY- DAMAGE-ONLY ACCIDENT),"SIDESWIPE, SAME DIRECTION",45.67934616,-111.0369177
C000050N,089+0.138,BOZEMAN,GALLATIN,May,2013,12:58,WED,INTERSECTION-RELATED,ON ROADWAY,CLOUDY,DRY,DAYLIGHT,NON-INJURY ACCIDENT (PROPERTY- DAMAGE-ONLY ACCIDENT),REAR-END,45.67931865,-111.0356927
C000050N,089+0.153,BOZEMAN,GALLATIN,July,2014,9:13,FRI,INTERSECTION,ON ROADWAY,CLOUDY,DRY,DAYLIGHT,POSSIBLE INJURY ACCIDENT,REAR-END,45.67935547,-111.0359658
C000050N,089+0.153,BOZEMAN,GALLATIN,May,2016,11:12,TUE,INTERSECTION,ON ROADWAY,CLOUDY,DRY,DAYLIGHT,NON-INJURY ACCIDENT (PROPERTY- DAMAGE-ONLY ACCIDENT),REAR-END,45.67924504,-111.0358993
C000050N,089+0.165,BOZEMAN,GALLATIN,September,2015,10:56,WED,INTERSECTION,ON ROADWAY,CLEAR,DRY,DAYLIGHT,NON-INCAPACITATING EVIDENT INJURY ACCIDENT,PEDESTRIAN,45.67932879,-111.0357337
C000050N,089+0.178,BOZEMAN,GALLATIN,May,2016,11:02,TUE,NON-JUNCTION,ON ROADWAY,CLEAR,DRY,DAYLIGHT,NON-INJURY ACCIDENT (PROPERTY- DAMAGE-ONLY ACCIDENT),"SIDESWIPE, SAME DIRECTION",45.67934563,-111.0354137
C000050N,089+0.196,BOZEMAN,GALLATIN,November,2014,13:20,THU,NON-JUNCTION,ON ROADWAY,CLOUDY,DRY,DAYLIGHT,POSSIBLE INJURY ACCIDENT,REAR-END,45.67927483,-111.0350352
C000050N,089+0.236,BOZEMAN,GALLATIN,October,2014,10:12,TUE,INTERSECTION,ON ROADWAY,CLOUDY,DRY,DAYLIGHT,NON-INJURY ACCIDENT (PROPERTY- DAMAGE-ONLY ACCIDENT),PEDESTRIAN,45.6793067,-111.0341922