MDT_CORRIDOR_ID,SMS_REFPOST_OFFSET,CITY,COUNTY,Month,Year,SMS_TIME,SMT_CRASH_OCC_DAY_OF_WEEK,JUNCTION_RELATED,ROADWAY_RELATED,WEATHER_COND,ROAD_COND,LIGHT_COND,CRASH_SEVERITY,COLLISION_TYPE,LATITUDE,LONGITUDE
C000050N,089+0.263,BOZEMAN,GALLATIN,July,2013,15:47,TUE,INTERSECTION-RELATED,ON ROADWAY,CLOUDY,DRY,DAYLIGHT,NON-INJURY ACCIDENT (PROPERTY- DAMAGE-ONLY ACCIDENT),"SIDESWIPE, SAME DIRECTION",45.67932752,-111.0343257
C000050N,089+0.263,BOZEMAN,GALLATIN,July,2013,15:38,SUN,INTERSECTION,ON ROADWAY,CLOUDY,DRY,DAYLIGHT,NON-INCAPACITATING EVIDENT INJURY ACCIDENT,PEDESTRIAN,45.67932752,-111.0343257
C000050N,089+0.289,BOZEMAN,GALLATIN,March,2014,16:26,SAT,INTERSECTION,ON ROADWAY,CLEAR,DRY,DAYLIGHT,NON-INJURY ACCIDENT (PROPERTY- DAMAGE-ONLY ACCIDENT),RIGHT ANGLE,45.67932129,-111.0331802
C000050N,089+0.289,BOZEMAN,GALLATIN,November,2014,8:06,MON,NON-JUNCTION,ON ROADWAY,CLEAR,DRY,DAYLIGHT,NON-INJURY ACCIDENT (PROPERTY- DAMAGE-ONLY ACCIDENT),REAR-END,45.67932129,-111.0331802
C000050N,089+0.289,BOZEMAN,GALLATIN,July,2015,17:23,FRI,INTERSECTION-RELATED,ON ROADWAY,CLEAR,DRY,DAYLIGHT,NON-INJURY ACCIDENT (PROPERTY- DAMAGE-ONLY ACCIDENT),REAR-END,45.67932129,-111.0331802
C000050N,089+0.289,BOZEMAN,GALLATIN,May,2015,23:55,WED,NON-JUNCTION,ROADSIDE RIGHT,CLEAR,DRY,DARK-LIGHTED,NON-INJURY ACCIDENT (PROPERTY- DAMAGE-ONLY ACCIDENT),FIXED OBJECT,45.67932129,-111.0331802
C000050N,089+0.289,BOZEMAN,GALLATIN,July,2015,0:00,MON,INTERSECTION,ON ROADWAY,CLEAR,DRY,DAYLIGHT,NON-INJURY ACCIDENT (PROPERTY- DAMAGE-ONLY ACCIDENT),OTHER,45.67932129,-111.0331802
C000050N,089+0.289,BOZEMAN,GALLATIN,February,2016,7:22,TUE,NON-JUNCTION,SHOULDER,CLEAR,DRY,DAYLIGHT,NON-INJURY ACCIDENT (PROPERTY- DAMAGE-ONLY ACCIDENT),REAR-END,45.67932129,-111.0331802
C000050N,089+0.315,BOZEMAN,GALLATIN,July,2016,1:01,TUE,NON-JUNCTION,IN PARKING LANE OR ZONE,CLEAR,DRY,DARK-LIGHTED,NON-INJURY ACCIDENT (PROPERTY- DAMAGE-ONLY ACCIDENT),RIGHT ANGLE,45.67953681,-111.0325439
C000050N,089+0.315,BOZEMAN,GALLATIN,JULY,2017,1:10,SUN,NON-JUNCTION,ON ROADWAY,CLEAR,DRY,DARK-LIGHTED,NON-INJURY ACCIDENT (PROPERTY- DAMAGE-ONLY ACCIDENT),PEDESTRIAN,45.67928793,-111.032558
C000050N,089+0.331,BOZEMAN,GALLATIN,August,2014,15:13,SUN,NON-JUNCTION,ON ROADWAY,CLEAR,DRY,DAYLIGHT,NON-INCAPACITATING EVIDENT INJURY ACCIDENT,PEDESTRIAN,45.67937467,-111.0323103
C000050N,089+0.337,BOZEMAN,GALLATIN,March,2015,1:00,SUN,NON-JUNCTION,IN PARKING LANE OR ZONE,CLEAR,DRY,DARK-LIGHTED,NON-INJURY ACCIDENT (PROPERTY- DAMAGE-ONLY ACCIDENT),REAR TO FRONT,45.67936819,-111.0321982
C000050N,089+0.337,BOZEMAN,GALLATIN,APRIL,2017,10:05,SAT,INTERSECTION,ON ROADWAY,CLEAR,DRY,DAYLIGHT,NON-INJURY ACCIDENT (PROPERTY- DAMAGE-ONLY ACCIDENT),REAR-END,45.67934703,-111.032172
C000050N,089+0.343,BOZEMAN,GALLATIN,January,2015,13:07,WED,INTERSECTION,ON ROADWAY,CLEAR,DRY,DAYLIGHT,NON-INJURY ACCIDENT (PROPERTY- DAMAGE-ONLY ACCIDENT),HEAD ON,45.67932315,-111.0320435
C000050N,089+0.343,BOZEMAN,GALLATIN,July,2015,13:09,THU,INTERSECTION-RELATED,ON ROADWAY,CLEAR,DRY,DAYLIGHT,NON-INJURY ACCIDENT (PROPERTY- DAMAGE-ONLY ACCIDENT),REAR-END,45.67935012,-111.0320261
C000050N,089+0.343,BOZEMAN,GALLATIN,December,2015,10:03,TUE,INTERSECTION,ON ROADWAY,CLEAR,SNOW,DAYLIGHT,NON-INJURY ACCIDENT (PROPERTY- DAMAGE-ONLY ACCIDENT),RIGHT ANGLE,45.67937659,-111.0320405
C000050N,089+0.343,BOZEMAN,GALLATIN,AUGUST,2017,15:06,TUE,INTERSECTION,ON ROADWAY,CLOUDY,DRY,DAYLIGHT,NON-INJURY ACCIDENT (PROPERTY- DAMAGE-ONLY ACCIDENT),RIGHT ANGLE,45.67933641,-111.0320652
C000050N,089+0.360,BOZEMAN,GALLATIN,October,2013,15:30,THU,NON-JUNCTION,ON ROADWAY,CLEAR,WET,DAYLIGHT,NON-INJURY ACCIDENT (PROPERTY- DAMAGE-ONLY ACCIDENT),"SIDESWIPE, SAME DIRECTION",45.6794862,-111.0315709
C000050N,089+0.363,BOZEMAN,GALLATIN,July,2016,17:34,SAT,NON-JUNCTION,IN PARKING LANE OR ZONE,CLEAR,DRY,DAYLIGHT,NON-INJURY ACCIDENT (PROPERTY- DAMAGE-ONLY ACCIDENT),BICYCLE,45.67936699,-111.0316205
C000050N,089+0.395,BOZEMAN,GALLATIN,June,2013,15:59,MON,INTERSECTION,ON ROADWAY,CLEAR,DRY,DAYLIGHT,POSSIBLE INJURY ACCIDENT,RIGHT ANGLE,45.67934581,-111.0302599
C000050N,089+0.395,BOZEMAN,GALLATIN,August,2013,13:07,TUE,INTERSECTION,ON ROADWAY,CLOUDY,DRY,DAYLIGHT,NON-INJURY ACCIDENT (PROPERTY- DAMAGE-ONLY ACCIDENT),REAR-END,45.67934581,-111.0302599
C000050N,089+0.395,BOZEMAN,GALLATIN,March,2013,16:31,MON,INTERSECTION,ON ROADWAY,CLOUDY,DRY,DAYLIGHT,NON-INJURY ACCIDENT (PROPERTY- DAMAGE-ONLY ACCIDENT),RIGHT ANGLE,45.67934581,-111.0302599
C000050N,089+0.395,BOZEMAN,GALLATIN,May,2013,10:51,FRI,INTERSECTION-RELATED,ON ROADWAY,CLOUDY,DRY,DAYLIGHT,POSSIBLE INJURY ACCIDENT,REAR-END,45.67934581,-111.0302599
C000050N,089+0.520,BOZEMAN,GALLATIN,January,2015,10:18,MON,NON-JUNCTION,ON ROADWAY,CLEAR,DRY,DAYLIGHT,NON-INCAPACITATING EVIDENT INJURY ACCIDENT,REAR-END,45.67938243,-111.0283995
C000050N,089+0.529,BOZEMAN,GALLATIN,August,2013,7:56,FRI,INTERSECTION-RELATED,ON ROADWAY,CLOUDY,DRY,DAYLIGHT,NON-INJURY ACCIDENT (PROPERTY- DAMAGE-ONLY ACCIDENT),REAR-END,45.67935574,-111.0285061
C000050N,089+0.529,BOZEMAN,GALLATIN,February,2013,10:50,SUN,INTERSECTION-RELATED,SHOULDER,CLEAR,WET,DAYLIGHT,NON-INJURY ACCIDENT (PROPERTY- DAMAGE-ONLY ACCIDENT),REAR-END,45.67935574,-111.0285061
C000050N,089+0.529,BOZEMAN,GALLATIN,June,2013,6:35,MON,INTERSECTION,ON ROADWAY,CLEAR,DRY,DAWN,NON-INJURY ACCIDENT (PROPERTY- DAMAGE-ONLY ACCIDENT),"LEFT TURN, OPPOSITE DIRECTION",45.67935574,-111.0285061
C000050N,089+0.557,BOZEMAN,GALLATIN,December,2016,23:00,THU,DRIVEWAY/ALLEY ACCESS RELATED,ON ROADWAY,SNOW,SNOW,DARK-LIGHTED,NON-INJURY ACCIDENT (PROPERTY- DAMAGE-ONLY ACCIDENT),RIGHT ANGLE,45.67935683,-111.0276295
C000050N,089+0.620,BOZEMAN,GALLATIN,August,2013,2:09,THU,INTERSECTION,SHOULDER,CLEAR,DRY,DARK-LIGHTED,INCAPACITATING INJURY ACCIDENT,FIXED OBJECT,45.67936087,-111.0259328
C000050N,089+0.632,BOZEMAN,GALLATIN,July,2014,20:31,SUN,INTERSECTION,ON ROADWAY,CLEAR,DRY,DAYLIGHT,NON-INJURY ACCIDENT (PROPERTY- DAMAGE-ONLY ACCIDENT),"SIDESWIPE, SAME DIRECTION",45.67937513,-111.0259978
C000050N,089+0.657,BOZEMAN,GALLATIN,February,2014,16:01,MON,NON-JUNCTION,ON ROADWAY,CLOUDY,WET,DAYLIGHT,NON-INJURY ACCIDENT (PROPERTY- DAMAGE-ONLY ACCIDENT),BICYCLE,45.67938139,-111.0255734
C000050N,089+0.686,BOZEMAN,GALLATIN,January,2013,14:59,FRI,INTERSECTION,ON ROADWAY,CLEAR,DRY,DAYLIGHT,POSSIBLE INJURY ACCIDENT,REAR-END,45.67936284,-111.0249058
C000050N,089+0.686,BOZEMAN,GALLATIN,April,2013,17:32,SAT,INTERSECTION,ON ROADWAY,CLOUDY,DRY,DAYLIGHT,POSSIBLE INJURY ACCIDENT,"LEFT TURN, OPPOSITE DIRECTION",45.67936284,-111.0249058
C000050N,089+0.700,BOZEMAN,GALLATIN,April,2015,8:28,TUE,NON-JUNCTION,ON ROADWAY,CLEAR,DRY,DAYLIGHT,NON-INCAPACITATING EVIDENT INJURY ACCIDENT,REAR-END,45.67938459,-111.0247025
C000050N,089+0.756,BOZEMAN,GALLATIN,August,2016,21:20,FRI,NON-JUNCTION,ON ROADWAY,CLEAR,DRY,DARK-LIGHTED,NON-INCAPACITATING EVIDENT INJURY ACCIDENT,REAR-END,45.67941548,-111.0235362
C000050N,089+0.770,BOZEMAN,GALLATIN,November,2013,17:43,SUN,NON-JUNCTION,IN PARKING LANE OR ZONE,CLEAR,DRY,DARK-LIGHTED,POSSIBLE INJURY ACCIDENT,REAR-END,45.67924583,-111.0231009
C000050N,089+0.787,BOZEMAN,GALLATIN,FEBRUARY,2017,17:53,WED,NON-JUNCTION,ON ROADWAY,CLEAR,DRY,DAYLIGHT,NON-INJURY ACCIDENT (PROPERTY- DAMAGE-ONLY ACCIDENT),REAR-END,45.6793594,-111.0228224
C000050N,089+0.798,BOZEMAN,GALLATIN,June,2013,9:06,WED,INTERSECTION-RELATED,ON ROADWAY,CLOUDY,DRY,DAYLIGHT,INCAPACITATING INJURY ACCIDENT,PEDESTRIAN,45.67936432,-111.0236581
C000050N,090+0.025,BOZEMAN,GALLATIN,JANUARY,2017,17:48,TUE,DRIVEWAY/ALLEY ACCESS RELATED,ON ROADWAY,CLEAR,WET,DAYLIGHT,NON-INJURY ACCIDENT (PROPERTY- DAMAGE-ONLY ACCIDENT),OTHER,45.67924876,-111.0215663
C000050N,090+0.093,BOZEMAN,GALLATIN,October,2016,22:35,FRI,OTHER LOCATION,OUTSIDE RIGHT-OF-WAY (TRAFFICWAY),CLEAR,DRY,DARK-LIGHTED,NON-INJURY ACCIDENT (PROPERTY- DAMAGE-ONLY ACCIDENT),FIXED OBJECT,45.67930002,-111.0201141
C000050N,090+0.112,BOZEMAN,GALLATIN,October,2014,19:44,SAT,NON-JUNCTION,ON ROADWAY,RAIN,WET,DARK-NOT LIGHTED,INCAPACITATING INJURY ACCIDENT,PEDESTRIAN,45.67881133,-111.0199881
C000050N,090+0.115,BOZEMAN,GALLATIN,June,2013,11:52,SAT,INTERSECTION-RELATED,ON ROADWAY,CLEAR,DRY,DAYLIGHT,NON-INJURY ACCIDENT (PROPERTY- DAMAGE-ONLY ACCIDENT),REAR-END,45.67821622,-111.0207401
C000050N,090+0.140,BOZEMAN,GALLATIN,December,2013,12:25,FRI,THROUGH ROADWAY,ON ROADWAY,CLEAR,SLUSH,DAYLIGHT,POSSIBLE INJURY ACCIDENT,"LEFT TURN, SAME DIRECTION",45.67874035,-111.0193328
C000050N,090+0.143,BOZEMAN,GALLATIN,April,2016,13:20,THU,INTERSECTION-RELATED,ON ROADWAY,CLEAR,DRY,DAYLIGHT,NON-INJURY ACCIDENT (PROPERTY- DAMAGE-ONLY ACCIDENT),REAR-END,45.67862465,-111.0193686
C000050N,090+0.161,BOZEMAN,GALLATIN,December,2015,7:05,FRI,DRIVEWAY/ALLEY ACCESS RELATED,ON ROADWAY,CLEAR,ICE/FROST,DAWN,NON-INJURY ACCIDENT (PROPERTY- DAMAGE-ONLY ACCIDENT),RIGHT ANGLE,45.67852244,-111.0189224
C000050N,090+0.174,BOZEMAN,GALLATIN,April,2016,14:31,MON,DRIVEWAY/ALLEY ACCESS RELATED,ON ROADWAY,CLOUDY,DRY,DAYLIGHT,POSSIBLE INJURY ACCIDENT,RIGHT ANGLE,45.67856232,-111.0186856
C000050N,090+0.187,BOZEMAN,GALLATIN,APRIL,2017,17:02,WED,INTERSECTION,ON ROADWAY,CLOUDY,DRY,DAYLIGHT,NON-INJURY ACCIDENT (PROPERTY- DAMAGE-ONLY ACCIDENT),RIGHT ANGLE,45.67845691,-111.0184252
C000050N,090+0.187,BOZEMAN,GALLATIN,AUGUST,2017,16:17,WED,INTERSECTION,ON ROADWAY,CLOUDY,DRY,DAYLIGHT,NON-INJURY ACCIDENT (PROPERTY- DAMAGE-ONLY ACCIDENT),RIGHT ANGLE,45.67842107,-111.0185484
C000050N,090+0.187,BOZEMAN,GALLATIN,MAY,2017,16:40,FRI,INTERSECTION,ON ROADWAY,CLEAR,DRY,DAYLIGHT,NON-INJURY ACCIDENT (PROPERTY- DAMAGE-ONLY ACCIDENT),BICYCLE,45.67841086,-111.0184512
C000050N,090+0.285,BOZEMAN,GALLATIN,JUNE,2017,11:05,TUE,INTERSECTION,ON ROADWAY,CLOUDY,DRY,DAYLIGHT,NON-INJURY ACCIDENT (PROPERTY- DAMAGE-ONLY ACCIDENT),RIGHT ANGLE,45.67784513,-111.0165539
C000050N,090+0.292,BOZEMAN,GALLATIN,November,2014,14:48,WED,INTERSECTION,ON ROADWAY,CLOUDY,DRY,DAYLIGHT,NON-INJURY ACCIDENT (PROPERTY- DAMAGE-ONLY ACCIDENT),REAR-END,45.67780109,-111.0165246
C000050N,090+0.351,BOZEMAN,GALLATIN,December,2015,8:00,TUE,NON-JUNCTION,ON ROADWAY,SNOW,SNOW,DAYLIGHT,POSSIBLE INJURY ACCIDENT,"SIDESWIPE, SAME DIRECTION",45.67737726,-111.0153638
C000050N,090+0.384,BOZEMAN,GALLATIN,October,2014,21:32,WED,NON-JUNCTION,ON ROADWAY,CLEAR,DRY,DARK-NOT LIGHTED,NON-INCAPACITATING EVIDENT INJURY ACCIDENT,PEDESTRIAN,45.67695831,-111.0150768
C000050N,090+0.421,BOZEMAN,GALLATIN,December,2014,18:05,FRI,NON-JUNCTION,ON ROADWAY,CLOUDY,DRY,DARK-LIGHTED,NON-INJURY ACCIDENT (PROPERTY- DAMAGE-ONLY ACCIDENT),WILD ANIMAL,45.67651782,-111.0147597
C000050N,090+0.452,BOZEMAN,GALLATIN,November,2016,17:32,TUE,ENTRANCE/EXIT RAMP,ROADSIDE RIGHT,CLOUDY,ICE/FROST,DARK-LIGHTED,NON-INJURY ACCIDENT (PROPERTY- DAMAGE-ONLY ACCIDENT),ROLL OVER,45.67609291,-111.0144091
C000050N,090+0.490,BOZEMAN,GALLATIN,FEBRUARY,2017,1:09,THU,ENTRANCE/EXIT RAMP,ROADSIDE RIGHT,CLEAR,SNOW,DARK-LIGHTED,NON-INJURY ACCIDENT (PROPERTY- DAMAGE-ONLY ACCIDENT),OTHER,45.67570834,-111.0138631
C000084E,005+0.445,NOT IN CITY LIMITS,GALLATIN,APRIL,2017,7:15,MON,NON-JUNCTION,ON ROADWAY,CLOUDY,DRY,DAYLIGHT,NON-INJURY ACCIDENT (PROPERTY- DAMAGE-ONLY ACCIDENT),WILD ANIMAL,45.6421662,-111.4644271
C000084E,011+0.600,,GALLATIN,February,2013,12:10,THU,NON-JUNCTION,SHOULDER,CLEAR,ICE/FROST,DAYLIGHT,NON-INJURY ACCIDENT (PROPERTY- DAMAGE-ONLY ACCIDENT),FIXED OBJECT,45.64448833,-111.524535
C000084E,011+0.640,,GALLATIN,September,2013,16:30,SUN,NON-JUNCTION,OFF ROADWAY LOCATION UNKNOWN,CLEAR,DRY,DAYLIGHT,INCAPACITATING INJURY ACCIDENT,PEDESTRIAN,45.64533111,-111.524647
C000084E,011+0.660,,GALLATIN,September,2015,20:15,FRI,NON-JUNCTION,ROADSIDE LEFT,CLEAR,DRY,DARK-NOT LIGHTED,NON-INJURY ACCIDENT (PROPERTY- DAMAGE-ONLY ACCIDENT),ROLL OVER,45.64507963,-111.5237593
C000084E,012+0.040,,GALLATIN,September,2013,20:20,WED,NON-JUNCTION,SHOULDER,CLEAR,DRY,DUSK,NON-INCAPACITATING EVIDENT INJURY ACCIDENT,ROLL OVER,45.64673336,-111.5161234
C000084E,012+0.110,,GALLATIN,November,2015,20:33,WED,NON-JUNCTION,ON ROADWAY,CLOUDY,DRY,DARK-NOT LIGHTED,NON-INJURY ACCIDENT (PROPERTY- DAMAGE-ONLY ACCIDENT),WILD ANIMAL,45.64650667,-111.514675
C000084E,012+0.408,,GALLATIN,June,2015,21:30,SUN,NON-JUNCTION,ON ROADWAY,CLEAR,DRY,DARK-NOT LIGHTED,NON-INJURY ACCIDENT (PROPERTY- DAMAGE-ONLY ACCIDENT),WILD ANIMAL,45.64494536,-111.5089649
C000084E,012+0.439,,GALLATIN,October,2014,4:55,SUN,NON-JUNCTION,ON ROADWAY,CLEAR,DRY,DARK-NOT LIGHTED,NON-INJURY ACCIDENT (PROPERTY- DAMAGE-ONLY ACCIDENT),WILD ANIMAL,45.64497597,-111.5082545
C000084E,012+0.458,MANHATTAN,GALLATIN,AUGUST,2017,20:45,WED,NON-JUNCTION,ON ROADWAY,CLEAR,DRY,DARK-NOT LIGHTED,NON-INJURY ACCIDENT (PROPERTY- DAMAGE-ONLY ACCIDENT),WILD ANIMAL,45.64481889,-111.5079813
C000084E,012+0.488,,GALLATIN,June,2016,23:20,FRI,NON-JUNCTION,ON ROADWAY,CLOUDY,DRY,DARK-NOT LIGHTED,NON-INJURY ACCIDENT (PROPERTY- DAMAGE-ONLY ACCIDENT),DOMESTIC ANIMAL,45.64452711,-111.5074739
C000084E,012+0.557,,GALLATIN,November,2014,20:32,WED,NON-JUNCTION,ON ROADWAY,CLEAR,DRY,DARK-NOT LIGHTED,NON-INJURY ACCIDENT (PROPERTY- DAMAGE-ONLY ACCIDENT),WILD ANIMAL,45.64427333,-111.50606
C000084E,012+0.576,NOT IN CITY LIMITS,GALLATIN,MARCH,2017,7:15,MON,NON-JUNCTION,ON ROADWAY,CLOUDY,DRY,DAYLIGHT,NON-INJURY ACCIDENT (PROPERTY- DAMAGE-ONLY ACCIDENT),WILD ANIMAL,45.64418781,-111.5057082
C000084E,012+0.600,,GALLATIN,November,2013,0:30,MON,NON-JUNCTION,ON ROADWAY,CLOUDY,DRY,DARK-NOT LIGHTED,NON-INJURY ACCIDENT (PROPERTY- DAMAGE-ONLY ACCIDENT),WILD ANIMAL,45.64406075,-111.5052833
C000084E,012+0.669,,GALLATIN,December,2015,17:30,SUN,NON-JUNCTION,ON ROADWAY,CLEAR,DRY,DARK-LIGHTED,NON-INJURY ACCIDENT (PROPERTY- DAMAGE-ONLY ACCIDENT),WILD ANIMAL,45.64366118,-111.503931
C000084E,013+0.041,,GALLATIN,October,2015,5:00,SAT,NON-JUNCTION,ON ROADWAY,RAIN,WET,DARK-NOT LIGHTED,NON-INCAPACITATING EVIDENT INJURY ACCIDENT,WILD ANIMAL,45.64244859,-111.498122
C000084E,013+0.554,NOT IN CITY LIMITS,GALLATIN,DECEMBER,2017,22:20,SAT,NON-JUNCTION,ON ROADWAY,CLOUDY,DRY,DARK-NOT LIGHTED,NON-INJURY ACCIDENT (PROPERTY- DAMAGE-ONLY ACCIDENT),WILD ANIMAL,45.64240645,-111.4875974
C000084E,013+0.604,NOT IN CITY LIMITS,GALLATIN,FEBRUARY,2017,11:20,SAT,NON-JUNCTION,ON ROADWAY,CLOUDY,SNOW,DAYLIGHT,NON-INJURY ACCIDENT (PROPERTY- DAMAGE-ONLY ACCIDENT),ROLL OVER,45.64234656,-111.4996334
C000084E,013+0.641,,GALLATIN,April,2016,7:06,WED,NON-JUNCTION,ON ROADWAY,CLEAR,DRY,DAWN,NON-INJURY ACCIDENT (PROPERTY- DAMAGE-ONLY ACCIDENT),WILD ANIMAL,45.64231907,-111.4858242
C000084E,013+0.765,,GALLATIN,April,2014,7:19,SUN,NON-JUNCTION,ROADSIDE RIGHT,SNOW,SNOW,DAYLIGHT,NON-INJURY ACCIDENT (PROPERTY- DAMAGE-ONLY ACCIDENT),ROLL OVER,45.64232151,-111.4832115
C000084E,014+0.397,,GALLATIN,October,2016,20:40,SAT,NON-JUNCTION,ROADSIDE LEFT,CLEAR,DRY,DARK-NOT LIGHTED,POSSIBLE INJURY ACCIDENT,ROLL OVER,45.64228667,-111.4704117
C000084E,015+0.260,,GALLATIN,August,2013,11:45,FRI,NON-JUNCTION,ON ROADWAY,CLOUDY,DRY,DAYLIGHT,NON-INJURY ACCIDENT (PROPERTY- DAMAGE-ONLY ACCIDENT),LOST CONTROL,45.64471981,-111.4535447
C000084E,015+0.641,,GALLATIN,April,2015,3:30,SAT,NON-JUNCTION,SHOULDER,CLEAR,DRY,DARK-NOT LIGHTED,NON-INJURY ACCIDENT (PROPERTY- DAMAGE-ONLY ACCIDENT),FIXED OBJECT,45.64738023,-111.4468853
C000084E,015+1.019,,GALLATIN,October,2014,18:30,THU,NON-JUNCTION,ROADSIDE LEFT,CLEAR,DRY,DAYLIGHT,POSSIBLE INJURY ACCIDENT,FIXED OBJECT,45.64864,-111.43931
C000084E,015+1.019,NOT IN CITY LIMITS,GALLATIN,NOVEMBER,2017,20:15,FRI,NON-JUNCTION,ON ROADWAY,CLOUDY,DRY,DARK-NOT LIGHTED,NON-INCAPACITATING EVIDENT INJURY ACCIDENT,WILD ANIMAL,45.64864,-111.43931
C000084E,016+0.078,NOT IN CITY LIMITS,GALLATIN,NOVEMBER,2017,21:00,FRI,NON-JUNCTION,ON ROADWAY,CLEAR,DRY,DARK-NOT LIGHTED,INCAPACITATING INJURY ACCIDENT,WILD ANIMAL,45.64918614,-111.4379252
C000084E,016+0.480,,GALLATIN,July,2013,6:20,SAT,NON-JUNCTION,ON ROADWAY,CLEAR,DRY,DAWN,NON-INJURY ACCIDENT (PROPERTY- DAMAGE-ONLY ACCIDENT),WILD ANIMAL,45.65204,-111.43068
C000084E,016+0.722,,GALLATIN,May,2015,5:15,FRI,NON-JUNCTION,ON ROADWAY,CLOUDY,DRY,DAWN,NON-INJURY ACCIDENT (PROPERTY- DAMAGE-ONLY ACCIDENT),WILD ANIMAL,45.65286499,-111.425805
C000084E,016+0.722,NOT IN CITY LIMITS,GALLATIN,JULY,2017,0:00,MON,NON-JUNCTION,ON ROADWAY,CLEAR,DRY,DAYLIGHT,NON-INJURY ACCIDENT (PROPERTY- DAMAGE-ONLY ACCIDENT),WILD ANIMAL,45.65295689,-111.4259375
C000084E,017+0.160,,GALLATIN,December,2013,1:00,FRI,NON-JUNCTION,ROADSIDE RIGHT,CLEAR,SNOW,DARK-NOT LIGHTED,NON-INJURY ACCIDENT (PROPERTY- DAMAGE-ONLY ACCIDENT),FIXED OBJECT,45.65148303,-111.4173797
C000084E,017+0.446,,GALLATIN,August,2014,21:33,SAT,NON-JUNCTION,ON ROADWAY,CLEAR,DRY,DARK-NOT LIGHTED,NON-INJURY ACCIDENT (PROPERTY- DAMAGE-ONLY ACCIDENT),WILD ANIMAL,45.64940195,-111.4123996
C000084E,017+0.511,NOT IN CITY LIMITS,GALLATIN,DECEMBER,2017,15:30,FRI,NON-JUNCTION,ROADSIDE LEFT,CLEAR,ICE/FROST,DAYLIGHT,NON-INJURY ACCIDENT (PROPERTY- DAMAGE-ONLY ACCIDENT),ROLL OVER,45.64894873,-111.4111864
C000084E,017+0.735,,GALLATIN,April,2016,0:25,THU,NON-JUNCTION,ON ROADWAY,CLOUDY,DRY,DARK-NOT LIGHTED,NON-INCAPACITATING EVIDENT INJURY ACCIDENT,ROLL OVER,45.64917656,-111.4067579
C000084E,017+0.808,,GALLATIN,November,2015,23:40,SUN,NON-JUNCTION,ON ROADWAY,CLOUDY,DRY,DARK-LIGHTED,NON-INJURY ACCIDENT (PROPERTY- DAMAGE-ONLY ACCIDENT),WILD ANIMAL,45.6492551,-111.4051732
C000084E,018+0.270,NOT IN CITY LIMITS,GALLATIN,JULY,2017,17:00,WED,NON-JUNCTION,ON ROADWAY,CLEAR,DRY,DAYLIGHT,NON-INJURY ACCIDENT (PROPERTY- DAMAGE-ONLY ACCIDENT),WILD ANIMAL,45.64920644,-111.3960873
C000084E,018+0.586,,GALLATIN,December,2015,6:35,THU,NON-JUNCTION,ON ROADWAY,CLOUDY,DRY,DARK-LIGHTED,NON-INJURY ACCIDENT (PROPERTY- DAMAGE-ONLY ACCIDENT),WILD ANIMAL,45.6492434,-111.3895728
C000084E,018+0.827,,GALLATIN,September,2016,6:50,SAT,NON-JUNCTION,ON ROADWAY,CLEAR,DRY,DAWN,NON-INJURY ACCIDENT (PROPERTY- DAMAGE-ONLY ACCIDENT),WILD ANIMAL,45.64930287,-111.3845325
C000084E,018+0.902,NOT IN CITY LIMITS,GALLATIN,OCTOBER,2017,1:45,SAT,NON-JUNCTION,ON ROADWAY,CLOUDY,DRY,DARK-NOT LIGHTED,NON-INJURY ACCIDENT (PROPERTY- DAMAGE-ONLY ACCIDENT),WILD ANIMAL,45.64923868,-111.3830857
C000084E,019+0.153,,GALLATIN,September,2015,5:45,WED,NON-JUNCTION,ON ROADWAY,CLEAR,DRY,DARK-NOT LIGHTED,NON-INJURY ACCIDENT (PROPERTY- DAMAGE-ONLY ACCIDENT),WILD ANIMAL,45.64916958,-111.376879
C000084E,019+0.246,,GALLATIN,January,2015,7:25,SAT,NON-JUNCTION,ON ROADWAY,CLEAR,DRY,DAWN,NON-INJURY ACCIDENT (PROPERTY- DAMAGE-ONLY ACCIDENT),WILD ANIMAL,45.64914236,-111.3750317
C000084E,019+0.510,,GALLATIN,December,2013,4:00,THU,NON-JUNCTION,ROADSIDE LEFT,CLOUDY,ICE/FROST,DARK-NOT LIGHTED,NON-INJURY ACCIDENT (PROPERTY- DAMAGE-ONLY ACCIDENT),FIXED OBJECT,45.64916705,-111.3694346
C000084E,019+0.723,,GALLATIN,May,2014,12:27,WED,ACCELERATION/DECELERATION LANE,ON ROADWAY,CLOUDY,WET,DAYLIGHT,NON-INCAPACITATING EVIDENT INJURY ACCIDENT,"SIDESWIPE, OPPOSITE DIRECTION",45.64920045,-111.3650937
C000084E,020+0.260,,GALLATIN,May,2013,17:45,TUE,INTERSECTION,ON ROADWAY,CLOUDY,DRY,DAYLIGHT,NON-INCAPACITATING EVIDENT INJURY ACCIDENT,REAR-END,45.64865403,-111.3546777
C000084E,020+0.360,,GALLATIN,January,2013,20:00,THU,NON-JUNCTION,ON ROADWAY,CLEAR,DRY,DARK-NOT LIGHTED,NON-INJURY ACCIDENT (PROPERTY- DAMAGE-ONLY ACCIDENT),WILD ANIMAL,45.64859833,-111.35268
C000084E,020+0.485,NOT IN CITY LIMITS,GALLATIN,APRIL,2017,5:10,SAT,NON-JUNCTION,ROADSIDE LEFT,SNOW,ICE/FROST,DARK-NOT LIGHTED,NON-INCAPACITATING EVIDENT INJURY ACCIDENT,ROLL OVER,45.6484926,-111.3501214