MDT_CORRIDOR_ID,SMS_REFPOST_OFFSET,CITY,COUNTY,Month,Year,SMS_TIME,SMT_CRASH_OCC_DAY_OF_WEEK,JUNCTION_RELATED,ROADWAY_RELATED,WEATHER_COND,ROAD_COND,LIGHT_COND,CRASH_SEVERITY,COLLISION_TYPE,LATITUDE,LONGITUDE
C000084E,020+0.500,,GALLATIN,May,2013,20:20,TUE,NON-JUNCTION,ON ROADWAY,CLOUDY,WET,DAYLIGHT,NON-INCAPACITATING EVIDENT INJURY ACCIDENT,WILD ANIMAL,45.64859833,-111.349725
C000084E,020+0.602,NOT IN CITY LIMITS,GALLATIN,NOVEMBER,2017,13:30,SAT,NON-JUNCTION,ROADSIDE RIGHT,CLOUDY,SLUSH,DAYLIGHT,NON-INJURY ACCIDENT (PROPERTY- DAMAGE-ONLY ACCIDENT),FIXED OBJECT,45.6488132,-111.3477607
C000084E,021+0.000,,GALLATIN,March,2015,5:00,WED,NON-JUNCTION,ON ROADWAY,CLEAR,DRY,DARK-LIGHTED,NON-INJURY ACCIDENT (PROPERTY- DAMAGE-ONLY ACCIDENT),WILD ANIMAL,45.65091,-111.3399
C000084E,021+0.179,,GALLATIN,September,2016,5:10,THU,NON-JUNCTION,ON ROADWAY,CLOUDY,DRY,DARK-NOT LIGHTED,NON-INJURY ACCIDENT (PROPERTY- DAMAGE-ONLY ACCIDENT),WILD ANIMAL,45.65295027,-111.3377234
C000084E,021+0.247,,GALLATIN,July,2014,15:57,FRI,NON-JUNCTION,ON ROADWAY,CLOUDY,DRY,DAYLIGHT,NON-INJURY ACCIDENT (PROPERTY- DAMAGE-ONLY ACCIDENT),FIXED OBJECT,45.6539099,-111.3372403
C000084E,021+0.352,,GALLATIN,November,2016,23:25,FRI,NON-JUNCTION,ON ROADWAY,CLEAR,DRY,DARK-NOT LIGHTED,NON-INJURY ACCIDENT (PROPERTY- DAMAGE-ONLY ACCIDENT),WILD ANIMAL,45.6552,-111.3361767
C000084E,021+0.900,,GALLATIN,September,2014,9:10,TUE,NON-JUNCTION,ON ROADWAY,CLEAR,DRY,DAYLIGHT,NON-INJURY ACCIDENT (PROPERTY- DAMAGE-ONLY ACCIDENT),WILD ANIMAL,45.65945596,-111.3272614
C000084E,022+0.000,,GALLATIN,July,2015,11:50,SUN,NON-JUNCTION,ON ROADWAY,CLOUDY,DRY,DAYLIGHT,NON-INCAPACITATING EVIDENT INJURY ACCIDENT,ROLL OVER,45.65993,-111.32476
C000084E,022+0.380,BOZEMAN,GALLATIN,October,2016,9:35,TUE,NON-JUNCTION,ON ROADWAY,SNOW,SNOW,DAYLIGHT,NON-INJURY ACCIDENT (PROPERTY- DAMAGE-ONLY ACCIDENT),HEAD ON,45.65984186,-111.3168999
C000084E,022+0.492,NOT IN CITY LIMITS,GALLATIN,DECEMBER,2017,16:30,TUE,NON-JUNCTION,ROADSIDE LEFT,CLOUDY,ICE/FROST,DAYLIGHT,NON-INJURY ACCIDENT (PROPERTY- DAMAGE-ONLY ACCIDENT),FIXED OBJECT,45.66013456,-111.3147268
C000084E,022+0.499,NOT IN CITY LIMITS,GALLATIN,DECEMBER,2017,12:00,SUN,NON-JUNCTION,ROADSIDE LEFT,CLEAR,ICE/FROST,DAYLIGHT,NON-INJURY ACCIDENT (PROPERTY- DAMAGE-ONLY ACCIDENT),ROLL OVER,45.66020937,-111.3145858
C000084E,022+0.586,NOT IN CITY LIMITS,GALLATIN,DECEMBER,2017,10:45,SUN,NON-JUNCTION,ROADSIDE RIGHT,CLEAR,ICE/FROST,DAYLIGHT,NON-INJURY ACCIDENT (PROPERTY- DAMAGE-ONLY ACCIDENT),FIXED OBJECT,45.66089714,-111.3131843
C000084E,022+0.668,,GALLATIN,July,2015,5:30,TUE,NON-JUNCTION,ON ROADWAY,CLOUDY,DRY,DAWN,NON-INCAPACITATING EVIDENT INJURY ACCIDENT,WILD ANIMAL,45.66164,-111.3119
C000084E,023+0.060,,GALLATIN,November,2013,15:00,WED,NON-JUNCTION,ROADSIDE LEFT,CLOUDY,ICE/FROST,DAYLIGHT,NON-INJURY ACCIDENT (PROPERTY- DAMAGE-ONLY ACCIDENT),FIXED OBJECT,45.663745,-111.30528
C000084E,023+0.179,NOT IN CITY LIMITS,GALLATIN,DECEMBER,2017,16:35,MON,NON-JUNCTION,ON ROADWAY,CLEAR,SNOW,DARK-LIGHTED,NON-INJURY ACCIDENT (PROPERTY- DAMAGE-ONLY ACCIDENT),"SIDESWIPE, SAME DIRECTION",45.66428331,-111.3030333
C000084E,023+0.378,NOT IN CITY LIMITS,GALLATIN,JULY,2017,14:50,SAT,NON-JUNCTION,ROADSIDE RIGHT,CLOUDY,DRY,DAYLIGHT,NON-INCAPACITATING EVIDENT INJURY ACCIDENT,ROLL OVER,45.66466946,-111.2988965
C000084E,023+0.378,NOT IN CITY LIMITS,GALLATIN,SEPTEMBER,2017,6:20,FRI,NON-JUNCTION,ON ROADWAY,CLEAR,DRY,DARK-NOT LIGHTED,NON-INJURY ACCIDENT (PROPERTY- DAMAGE-ONLY ACCIDENT),WILD ANIMAL,45.664734,-111.2988849
C000084E,023+0.428,,GALLATIN,September,2015,19:45,SAT,NON-JUNCTION,ON ROADWAY,CLEAR,DRY,DUSK,NON-INJURY ACCIDENT (PROPERTY- DAMAGE-ONLY ACCIDENT),WILD ANIMAL,45.66460254,-111.2979065
C000084E,023+0.450,,GALLATIN,August,2013,21:30,TUE,NON-JUNCTION,OFF ROADWAY LOCATION UNKNOWN,CLEAR,DRY,DARK-NOT LIGHTED,NON-INJURY ACCIDENT (PROPERTY- DAMAGE-ONLY ACCIDENT),FIXED OBJECT,45.66457177,-111.2972494
C000084E,023+0.484,NOT IN CITY LIMITS,GALLATIN,AUGUST,2017,15:25,THU,NON-JUNCTION,ON ROADWAY,CLOUDY,DRY,DAYLIGHT,NON-INJURY ACCIDENT (PROPERTY- DAMAGE-ONLY ACCIDENT),WILD ANIMAL,45.66441345,-111.2967606
C000084E,023+0.727,,GALLATIN,September,2015,15:07,FRI,NON-JUNCTION,ON ROADWAY,CLOUDY,DRY,DAYLIGHT,NON-INJURY ACCIDENT (PROPERTY- DAMAGE-ONLY ACCIDENT),OTHER,45.66364288,-111.2918809
C000084E,023+0.783,,GALLATIN,October,2014,20:00,FRI,NON-JUNCTION,ON ROADWAY,CLEAR,DRY,DARK-NOT LIGHTED,NON-INJURY ACCIDENT (PROPERTY- DAMAGE-ONLY ACCIDENT),WILD ANIMAL,45.66366328,-111.2907152
C000084E,023+0.808,,GALLATIN,February,2016,7:00,SAT,NON-JUNCTION,ROADSIDE LEFT,UNKNOWN,UNKNOWN,UNKNOWN,FATAL ACCIDENT,ROLL OVER,45.66349603,-111.2901939
C000084E,023+0.883,BOZEMAN,GALLATIN,January,2015,19:00,TUE,INTERSECTION-RELATED,SHOULDER,CLEAR,DRY,DARK-LIGHTED,NON-INJURY ACCIDENT (PROPERTY- DAMAGE-ONLY ACCIDENT),FIXED OBJECT,45.66368499,-111.2886383
C000084E,023+0.945,NOT IN CITY LIMITS,GALLATIN,SEPTEMBER,2017,7:08,WED,NON-JUNCTION,ON ROADWAY,"FOG, SMOG, SMOKE",DRY,DAWN,NON-INJURY ACCIDENT (PROPERTY- DAMAGE-ONLY ACCIDENT),WILD ANIMAL,45.66359637,-111.2873143
C000084E,023+0.951,NOT IN CITY LIMITS,GALLATIN,APRIL,2017,15:40,SAT,NON-JUNCTION,ON ROADWAY,CLOUDY,DRY,DAYLIGHT,NON-INJURY ACCIDENT (PROPERTY- DAMAGE-ONLY ACCIDENT),RIGHT ANGLE,45.66359511,-111.2872638
C000084E,023+1.001,NOT IN CITY LIMITS,GALLATIN,NOVEMBER,2017,0:00,MON,NON-JUNCTION,ON ROADWAY,CLEAR,DRY,UNKNOWN,NON-INJURY ACCIDENT (PROPERTY- DAMAGE-ONLY ACCIDENT),WILD ANIMAL,45.66363,-111.28617
C000084E,024+0.022,,GALLATIN,October,2015,16:30,MON,NON-JUNCTION,ON ROADWAY,CLEAR,DRY,DAYLIGHT,NON-INJURY ACCIDENT (PROPERTY- DAMAGE-ONLY ACCIDENT),REAR-END,45.66358116,-111.2857332
C000084E,024+0.078,,GALLATIN,December,2015,18:00,THU,NON-JUNCTION,ROADSIDE LEFT,CLOUDY,ICE/FROST,DARK-NOT LIGHTED,NON-INCAPACITATING EVIDENT INJURY ACCIDENT,ROLL OVER,45.66358823,-111.2845794
C000084E,024+0.650,,GALLATIN,October,2013,22:47,SUN,NON-JUNCTION,ON ROADWAY,CLEAR,DRY,DARK-NOT LIGHTED,FATAL ACCIDENT,HEAD ON,45.66403833,-111.272735
C000084E,024+0.700,,GALLATIN,August,2013,8:35,TUE,NON-JUNCTION,ON ROADWAY,CLEAR,DRY,DAYLIGHT,NON-INJURY ACCIDENT (PROPERTY- DAMAGE-ONLY ACCIDENT),REAR-END,45.66415453,-111.2716284
C000084E,024+0.927,,GALLATIN,December,2016,10:55,TUE,NON-JUNCTION,ON ROADWAY,SNOW,SNOW,DAYLIGHT,NON-INJURY ACCIDENT (PROPERTY- DAMAGE-ONLY ACCIDENT),REAR-END,45.6661598,-111.267784
C000084E,025+0.168,,GALLATIN,January,2014,18:05,FRI,NON-JUNCTION,ON ROADWAY,CLOUDY,DRY,DARK-NOT LIGHTED,NON-INJURY ACCIDENT (PROPERTY- DAMAGE-ONLY ACCIDENT),WILD ANIMAL,45.66681895,-111.2633649
C000084E,025+0.193,NOT IN CITY LIMITS,GALLATIN,OCTOBER,2017,14:05,MON,INTERSECTION-RELATED,ON ROADWAY,CLEAR,DRY,DAYLIGHT,NON-INJURY ACCIDENT (PROPERTY- DAMAGE-ONLY ACCIDENT),REAR-END,45.66649991,-111.2627097
C000084E,025+0.741,,GALLATIN,December,2014,11:30,TUE,NON-JUNCTION,ON ROADWAY,CLEAR,ICE/FROST,DAYLIGHT,NON-INJURY ACCIDENT (PROPERTY- DAMAGE-ONLY ACCIDENT),WILD ANIMAL,45.670405,-111.25299
C000084E,025+0.885,,GALLATIN,November,2015,5:40,MON,NON-JUNCTION,ON ROADWAY,CLOUDY,DRY,DARK-NOT LIGHTED,NON-INJURY ACCIDENT (PROPERTY- DAMAGE-ONLY ACCIDENT),WILD ANIMAL,45.67091774,-111.250051
C000084E,025+0.930,,GALLATIN,August,2013,17:04,MON,INTERSECTION,ON ROADWAY,CLEAR,DRY,DAYLIGHT,POSSIBLE INJURY ACCIDENT,REAR-END,45.67080167,-111.2490033
C000084E,025+0.941,,GALLATIN,January,2015,18:00,TUE,NON-JUNCTION,ON ROADWAY,CLEAR,DRY,DUSK,NON-INJURY ACCIDENT (PROPERTY- DAMAGE-ONLY ACCIDENT),WILD ANIMAL,45.67095303,-111.2488829
C000084E,025+0.951,NOT IN CITY LIMITS,GALLATIN,FEBRUARY,2017,16:50,TUE,INTERSECTION,ROADSIDE LEFT,CLEAR,DRY,DAYLIGHT,NON-INJURY ACCIDENT (PROPERTY- DAMAGE-ONLY ACCIDENT),FIXED OBJECT,45.67087498,-111.2482832
C000084E,025+0.990,,GALLATIN,March,2016,21:00,THU,NON-JUNCTION,ROADSIDE RIGHT,SNOW,ICE/FROST,DARK-NOT LIGHTED,NON-INJURY ACCIDENT (PROPERTY- DAMAGE-ONLY ACCIDENT),FIXED OBJECT,45.67087996,-111.2479551
C000084E,026+0.000,,GALLATIN,June,2015,11:02,THU,INTERSECTION,ON ROADWAY,CLOUDY,DRY,DAYLIGHT,NON-INJURY ACCIDENT (PROPERTY- DAMAGE-ONLY ACCIDENT),"SIDESWIPE, SAME DIRECTION",45.67094996,-111.2473133
C000084E,027+0.003,,GALLATIN,July,2015,9:45,SUN,NON-JUNCTION,ON ROADWAY,CLOUDY,DRY,DAYLIGHT,NON-INJURY ACCIDENT (PROPERTY- DAMAGE-ONLY ACCIDENT),FIRE/ EXPLOSION,45.67097,-111.22662
C000084E,027+0.065,,GALLATIN,June,2014,22:34,MON,NON-JUNCTION,ON ROADWAY,CLOUDY,DRY,DARK-NOT LIGHTED,NON-INJURY ACCIDENT (PROPERTY- DAMAGE-ONLY ACCIDENT),WILD ANIMAL,45.67105833,-111.2252717
C000084E,027+0.071,,GALLATIN,December,2016,13:15,SUN,NON-JUNCTION,ROADSIDE LEFT,CLOUDY,SLUSH,DAYLIGHT,NON-INJURY ACCIDENT (PROPERTY- DAMAGE-ONLY ACCIDENT),ROLL OVER,45.67093167,-111.22515
C000084E,027+0.115,,GALLATIN,November,2014,11:15,SAT,NON-JUNCTION,ON ROADWAY,CLEAR,DRY,DAYLIGHT,NON-INJURY ACCIDENT (PROPERTY- DAMAGE-ONLY ACCIDENT),WILD ANIMAL,45.67105701,-111.2242484
C000084E,027+0.140,NOT IN CITY LIMITS,GALLATIN,NOVEMBER,2017,17:38,TUE,NON-JUNCTION,ON ROADWAY,CLEAR,DRY,DARK-NOT LIGHTED,NON-INJURY ACCIDENT (PROPERTY- DAMAGE-ONLY ACCIDENT),WILD ANIMAL,45.67103574,-111.2237475
C000084E,027+0.221,,GALLATIN,February,2016,13:20,WED,NON-JUNCTION,ON ROADWAY,CLOUDY,DRY,DAYLIGHT,NON-INJURY ACCIDENT (PROPERTY- DAMAGE-ONLY ACCIDENT),REAR-END,45.67099901,-111.2220491
C000084E,027+0.250,,GALLATIN,December,2013,17:15,THU,NON-JUNCTION,ON ROADWAY,CLEAR,DRY,DARK-NOT LIGHTED,NON-INJURY ACCIDENT (PROPERTY- DAMAGE-ONLY ACCIDENT),WILD ANIMAL,45.67100842,-111.2213773
C000084E,027+0.602,,GALLATIN,August,2015,6:20,SUN,NON-JUNCTION,ON ROADWAY,CLOUDY,DRY,DAYLIGHT,INCAPACITATING INJURY ACCIDENT,"SIDESWIPE, OPPOSITE DIRECTION",45.67103377,-111.2142278
C000084E,027+0.650,,GALLATIN,November,2013,17:20,WED,NON-JUNCTION,ON ROADWAY,CLEAR,DRY,DUSK,NON-INJURY ACCIDENT (PROPERTY- DAMAGE-ONLY ACCIDENT),WILD ANIMAL,45.67118341,-111.2130605
C000084E,027+0.690,,GALLATIN,March,2013,4:30,SUN,NON-JUNCTION,ON ROADWAY,CLEAR,DRY,DARK-NOT LIGHTED,NON-INJURY ACCIDENT (PROPERTY- DAMAGE-ONLY ACCIDENT),WILD ANIMAL,45.67121134,-111.2123207
C000084E,027+0.714,,GALLATIN,December,2015,8:10,FRI,INTERSECTION-RELATED,ROADSIDE RIGHT,CLOUDY,ICE/FROST,DAYLIGHT,NON-INJURY ACCIDENT (PROPERTY- DAMAGE-ONLY ACCIDENT),FIXED OBJECT,45.67128249,-111.2119472
C000084E,027+0.730,,GALLATIN,December,2013,7:30,TUE,NON-JUNCTION,ON ROADWAY,CLOUDY,DRY,DARK-NOT LIGHTED,NON-INJURY ACCIDENT (PROPERTY- DAMAGE-ONLY ACCIDENT),WILD ANIMAL,45.67126981,-111.2113564
C000084E,027+0.733,NOT IN CITY LIMITS,GALLATIN,SEPTEMBER,2017,17:35,FRI,INTERSECTION,ON ROADWAY,CLEAR,DRY,DAYLIGHT,NON-INJURY ACCIDENT (PROPERTY- DAMAGE-ONLY ACCIDENT),RIGHT ANGLE,45.67124815,-111.2115652
C000084E,027+0.739,NOT IN CITY LIMITS,GALLATIN,APRIL,2017,17:35,THU,INTERSECTION,ON ROADWAY,CLOUDY,DRY,DAYLIGHT,POSSIBLE INJURY ACCIDENT,REAR-END,45.67134392,-111.2113598
C000084E,027+0.770,NOT IN CITY LIMITS,GALLATIN,SEPTEMBER,2017,18:20,WED,NON-JUNCTION,ON ROADWAY,CLEAR,DRY,DAYLIGHT,NON-INCAPACITATING EVIDENT INJURY ACCIDENT,RIGHT ANGLE,45.67141224,-111.2108066
C000084E,027+0.814,NOT IN CITY LIMITS,GALLATIN,JULY,2017,14:30,MON,NON-JUNCTION,ON ROADWAY,CLOUDY,DRY,DAYLIGHT,NON-INJURY ACCIDENT (PROPERTY- DAMAGE-ONLY ACCIDENT),REAR-END,45.67170106,-111.2099157
C000084E,027+0.814,NOT IN CITY LIMITS,GALLATIN,JULY,2017,14:30,MON,NON-JUNCTION,ROADSIDE RIGHT,CLOUDY,DRY,DAYLIGHT,NON-INJURY ACCIDENT (PROPERTY- DAMAGE-ONLY ACCIDENT),FIXED OBJECT,45.6717037,-111.2099183
C000084E,027+0.820,,GALLATIN,August,2015,17:00,MON,INTERSECTION-RELATED,ON ROADWAY,CLEAR,DRY,DAYLIGHT,INCAPACITATING INJURY ACCIDENT,REAR-END,45.67171167,-111.20987
C000084E,027+0.851,,GALLATIN,July,2014,14:25,TUE,INTERSECTION-RELATED,ON ROADWAY,CLEAR,DRY,DAYLIGHT,NON-INJURY ACCIDENT (PROPERTY- DAMAGE-ONLY ACCIDENT),REAR-END,45.6717947,-111.2092561
C000084E,027+0.858,,GALLATIN,June,2015,16:00,THU,INTERSECTION-RELATED,ON ROADWAY,CLEAR,DRY,DAYLIGHT,NON-INJURY ACCIDENT (PROPERTY- DAMAGE-ONLY ACCIDENT),REAR-END,45.67180493,-111.2091059
C000084E,027+0.870,,GALLATIN,August,2016,13:30,SUN,INTERSECTION-RELATED,ON ROADWAY,CLEAR,DRY,DAYLIGHT,NON-INJURY ACCIDENT (PROPERTY- DAMAGE-ONLY ACCIDENT),REAR-END,45.67185279,-111.2088531
C000084E,027+0.909,,GALLATIN,November,2016,8:00,THU,NON-JUNCTION,ON ROADWAY,CLOUDY,ICE/FROST,DAYLIGHT,POSSIBLE INJURY ACCIDENT,RIGHT ANGLE,45.6720616,-111.20805
C000084E,027+0.932,,GALLATIN,March,2016,18:00,WED,DRIVEWAY/ALLEY ACCESS RELATED,ROADSIDE LEFT,CLEAR,DRY,DUSK,NON-INJURY ACCIDENT (PROPERTY- DAMAGE-ONLY ACCIDENT),FIXED OBJECT,45.67211229,-111.2076237
C000084E,027+0.932,NOT IN CITY LIMITS,GALLATIN,JANUARY,2017,7:35,TUE,NON-JUNCTION,ON ROADWAY,SNOW,SNOW,DAYLIGHT,NON-INJURY ACCIDENT (PROPERTY- DAMAGE-ONLY ACCIDENT),REAR-END,45.67210434,-111.2076087
C000084E,027+0.938,,GALLATIN,December,2014,18:15,TUE,DRIVEWAY/ALLEY ACCESS RELATED,ROADSIDE RIGHT,CLOUDY,ICE/FROST,DARK-NOT LIGHTED,NON-INJURY ACCIDENT (PROPERTY- DAMAGE-ONLY ACCIDENT),FIXED OBJECT,45.672061,-111.2074392
C000084E,027+0.945,NOT IN CITY LIMITS,GALLATIN,JULY,2017,17:06,WED,NON-JUNCTION,ON ROADWAY,SEVERE CROSSWINDS,DRY,DAYLIGHT,NON-INJURY ACCIDENT (PROPERTY- DAMAGE-ONLY ACCIDENT),OTHER,45.67222962,-111.2073028
C000084E,027+0.957,NOT IN CITY LIMITS,GALLATIN,NOVEMBER,2017,6:05,SAT,NON-JUNCTION,ON ROADWAY,CLOUDY,DRY,DARK-NOT LIGHTED,NON-INJURY ACCIDENT (PROPERTY- DAMAGE-ONLY ACCIDENT),WILD ANIMAL,45.67222214,-111.2071381
C000084E,028+0.004,,GALLATIN,September,2015,7:00,TUE,DRIVEWAY/ALLEY ACCESS RELATED,ROADSIDE RIGHT,CLEAR,DRY,DAYLIGHT,NON-INJURY ACCIDENT (PROPERTY- DAMAGE-ONLY ACCIDENT),FIXED OBJECT,45.67214815,-111.2067079
C000084E,028+0.041,NOT IN CITY LIMITS,GALLATIN,DECEMBER,2017,13:30,THU,DRIVEWAY/ALLEY ACCESS RELATED,ROADSIDE RIGHT,CLOUDY,SNOW,DAYLIGHT,NON-INJURY ACCIDENT (PROPERTY- DAMAGE-ONLY ACCIDENT),FIXED OBJECT,45.67216694,-111.2059708
C000084E,028+0.120,,GALLATIN,August,2013,7:45,SUN,NON-JUNCTION,ON ROADWAY,CLEAR,DRY,DAYLIGHT,NON-INJURY ACCIDENT (PROPERTY- DAMAGE-ONLY ACCIDENT),WILD ANIMAL,45.67189378,-111.204236
C000084E,028+0.170,,GALLATIN,November,2013,7:20,MON,NON-JUNCTION,ON ROADWAY,CLEAR,DRY,DAWN,NON-INJURY ACCIDENT (PROPERTY- DAMAGE-ONLY ACCIDENT),WILD ANIMAL,45.67163596,-111.2032617
C000084E,028+0.196,,GALLATIN,June,2015,7:47,MON,NON-JUNCTION,ROADSIDE RIGHT,CLEAR,DRY,DAYLIGHT,NON-INCAPACITATING EVIDENT INJURY ACCIDENT,FIXED OBJECT,45.67151667,-111.202855
C000084E,028+0.265,NOT IN CITY LIMITS,GALLATIN,DECEMBER,2017,13:16,TUE,NON-JUNCTION,ON ROADWAY,CLOUDY,ICE/FROST,DAYLIGHT,NON-INCAPACITATING EVIDENT INJURY ACCIDENT,HEAD ON,45.67137631,-111.2014741
C000084E,028+0.464,NOT IN CITY LIMITS,GALLATIN,JUNE,2017,16:20,MON,NON-JUNCTION,ON ROADWAY,RAIN,WET,DAYLIGHT,NON-INJURY ACCIDENT (PROPERTY- DAMAGE-ONLY ACCIDENT),NOT FIXED OBJECT OR DEBRIS,45.67100924,-111.1974673
C000084E,028+0.470,,GALLATIN,December,2013,19:30,WED,NON-JUNCTION,ON ROADWAY,CLOUDY,DRY,DARK-NOT LIGHTED,POSSIBLE INJURY ACCIDENT,RIGHT ANGLE,45.67105701,-111.1971394
C000084E,028+0.545,NOT IN CITY LIMITS,GALLATIN,JANUARY,2017,16:32,FRI,INTERSECTION-RELATED,ON ROADWAY,CLEAR,DRY,DAYLIGHT,NON-INJURY ACCIDENT (PROPERTY- DAMAGE-ONLY ACCIDENT),HEAD ON,45.67111,-111.19579
C000084E,028+0.663,NOT IN CITY LIMITS,GALLATIN,DECEMBER,2017,7:55,WED,INTERSECTION,ON ROADWAY,CLOUDY,ICE/FROST,DAYLIGHT,NON-INJURY ACCIDENT (PROPERTY- DAMAGE-ONLY ACCIDENT),RIGHT ANGLE,45.67111,-111.19336
C000084E,028+0.760,,GALLATIN,January,2013,19:20,TUE,INTERSECTION,ON ROADWAY,CLOUDY,DRY,DARK-NOT LIGHTED,NON-INJURY ACCIDENT (PROPERTY- DAMAGE-ONLY ACCIDENT),RIGHT ANGLE,45.67104333,-111.1912433
C000084E,028+0.843,NOT IN CITY LIMITS,GALLATIN,DECEMBER,2017,10:00,THU,NON-JUNCTION,ROADSIDE RIGHT,"FOG, SMOG, SMOKE",ICE/FROST,DAYLIGHT,NON-INJURY ACCIDENT (PROPERTY- DAMAGE-ONLY ACCIDENT),FIXED OBJECT,45.67107804,-111.1896045
C000084E,028+0.899,NOT IN CITY LIMITS,GALLATIN,DECEMBER,2017,2:40,MON,INTERSECTION,ON ROADWAY,CLOUDY,ICE/FROST,DARK-NOT LIGHTED,NON-INJURY ACCIDENT (PROPERTY- DAMAGE-ONLY ACCIDENT),RIGHT ANGLE,45.67099756,-111.1885026
C000084E,029+0.002,NOT IN CITY LIMITS,GALLATIN,SEPTEMBER,2017,13:20,SAT,DRIVEWAY/ALLEY ACCESS RELATED,ON ROADWAY,CLEAR,DRY,DAYLIGHT,NON-INJURY ACCIDENT (PROPERTY- DAMAGE-ONLY ACCIDENT),RIGHT ANGLE,45.67109465,-111.1871741
C000084E,029+0.008,,GALLATIN,November,2014,11:12,WED,INTERSECTION-RELATED,ON ROADWAY,CLEAR,DRY,DAYLIGHT,NON-INJURY ACCIDENT (PROPERTY- DAMAGE-ONLY ACCIDENT),REAR-END,45.67120278,-111.1869805
C000084E,029+0.027,,GALLATIN,December,2016,8:45,SAT,INTERSECTION-RELATED,ON ROADWAY,SNOW,SNOW,DAYLIGHT,NON-INJURY ACCIDENT (PROPERTY- DAMAGE-ONLY ACCIDENT),RIGHT ANGLE,45.67101669,-111.1866531
C000084E,029+0.030,,GALLATIN,August,2013,8:30,WED,DRIVEWAY/ALLEY ACCESS RELATED,ON ROADWAY,CLEAR,DRY,DAYLIGHT,NON-INCAPACITATING EVIDENT INJURY ACCIDENT,HEAD ON,45.67122333,-111.18658
C000084E,029+0.033,,GALLATIN,September,2016,18:40,WED,DRIVEWAY/ALLEY ACCESS RELATED,ON ROADWAY,CLOUDY,WET,DAYLIGHT,NON-INJURY ACCIDENT (PROPERTY- DAMAGE-ONLY ACCIDENT),RIGHT ANGLE,45.6711376,-111.1865723
C000084E,029+0.046,NOT IN CITY LIMITS,GALLATIN,DECEMBER,2017,9:35,THU,INTERSECTION-RELATED,ON ROADWAY,"FOG, SMOG, SMOKE",ICE/FROST,DAYLIGHT,NON-INCAPACITATING EVIDENT INJURY ACCIDENT,REAR-END,45.67105701,-111.1862452
C000084E,029+0.052,,GALLATIN,March,2014,0:00,SAT,DRIVEWAY/ALLEY ACCESS RELATED,ON ROADWAY,CLOUDY,WET,DUSK,NON-INJURY ACCIDENT (PROPERTY- DAMAGE-ONLY ACCIDENT),RIGHT ANGLE,45.67108777,-111.1860949
C000084E,029+0.060,,GALLATIN,February,2013,7:30,TUE,DRIVEWAY/ALLEY ACCESS RELATED,ON ROADWAY,CLOUDY,DRY,DAYLIGHT,NON-INCAPACITATING EVIDENT INJURY ACCIDENT,RIGHT ANGLE,45.67112532,-111.1858422
C000084E,029+0.065,,GALLATIN,May,2016,17:35,SAT,INTERSECTION-RELATED,ON ROADWAY,CLOUDY,DRY,DAYLIGHT,NON-INJURY ACCIDENT (PROPERTY- DAMAGE-ONLY ACCIDENT),REAR-END,45.67111166,-111.1858218
C000084E,029+0.071,NOT IN CITY LIMITS,GALLATIN,JULY,2017,18:17,WED,INTERSECTION,ON ROADWAY,CLEAR,DRY,DAYLIGHT,POSSIBLE INJURY ACCIDENT,HEAD ON,45.67100366,-111.1857916
C000085N,000+0.020,,GALLATIN,December,2013,7:45,THU,DRIVEWAY/ALLEY ACCESS RELATED,ON ROADWAY,CLOUDY,ICE/FROST,DAYLIGHT,NON-INJURY ACCIDENT (PROPERTY- DAMAGE-ONLY ACCIDENT),"SIDESWIPE, SAME DIRECTION",45.67137804,-111.1856305
C000085N,000+0.025,,GALLATIN,June,2015,23:35,THU,INTERSECTION,ON ROADWAY,CLOUDY,DRY,DARK-LIGHTED,NON-INJURY ACCIDENT (PROPERTY- DAMAGE-ONLY ACCIDENT),RIGHT ANGLE,45.6715604,-111.1856378
C000085N,000+0.025,NOT IN CITY LIMITS,GALLATIN,APRIL,2017,12:30,SUN,INTERSECTION-RELATED,ON ROADWAY,CLEAR,DRY,DAYLIGHT,NON-INCAPACITATING EVIDENT INJURY ACCIDENT,"SIDESWIPE, SAME DIRECTION",45.67145322,-111.1856168
C000085N,000+0.059,,GALLATIN,February,2014,18:34,TUE,INTERSECTION-RELATED,ON ROADWAY,CLOUDY,DRY,DARK-LIGHTED,NON-INJURY ACCIDENT (PROPERTY- DAMAGE-ONLY ACCIDENT),"SIDESWIPE, OPPOSITE DIRECTION",45.67187,-111.18566
C000085N,000+0.059,,GALLATIN,September,2014,17:20,FRI,NON-JUNCTION,ON ROADWAY,CLEAR,DRY,DAYLIGHT,NON-INJURY ACCIDENT (PROPERTY- DAMAGE-ONLY ACCIDENT),"LEFT TURN, SAME DIRECTION",45.67192789,-111.1858218
C000085N,000+0.059,NOT IN CITY LIMITS,GALLATIN,AUGUST,2017,19:10,TUE,NON-JUNCTION,IN PARKING LANE OR ZONE,CLOUDY,DRY,DAYLIGHT,NON-INJURY ACCIDENT (PROPERTY- DAMAGE-ONLY ACCIDENT),REAR TO REAR,45.67194649,-111.184802
C000085N,000+0.070,,GALLATIN,October,2013,17:15,WED,DRIVEWAY/ALLEY ACCESS RELATED,ON ROADWAY,CLEAR,DRY,DAYLIGHT,NON-INJURY ACCIDENT (PROPERTY- DAMAGE-ONLY ACCIDENT),"LEFT TURN, SAME DIRECTION",45.67214649,-111.1856374
C000085N,000+0.075,,GALLATIN,May,2014,10:42,FRI,DRIVEWAY/ALLEY ACCESS RELATED,ON ROADWAY,CLEAR,DRY,DAYLIGHT,POSSIBLE INJURY ACCIDENT,RIGHT ANGLE,45.67217717,-111.1855485