MDT_CORRIDOR_ID,SMS_REFPOST_OFFSET,CITY,COUNTY,Month,Year,SMS_TIME,SMT_CRASH_OCC_DAY_OF_WEEK,JUNCTION_RELATED,ROADWAY_RELATED,WEATHER_COND,ROAD_COND,LIGHT_COND,CRASH_SEVERITY,COLLISION_TYPE,LATITUDE,LONGITUDE
C000085N,000+0.075,,GALLATIN,December,2014,17:02,TUE,NON-JUNCTION,ON ROADWAY,CLOUDY,DRY,DARK-LIGHTED,NON-INJURY ACCIDENT (PROPERTY- DAMAGE-ONLY ACCIDENT),NOT FIXED OBJECT OR DEBRIS,45.67221137,-111.1855758
C000085N,000+0.111,NOT IN CITY LIMITS,GALLATIN,SEPTEMBER,2017,7:50,MON,DRIVEWAY/ALLEY ACCESS RELATED,ON ROADWAY,CLEAR,DRY,DAYLIGHT,NON-INJURY ACCIDENT (PROPERTY- DAMAGE-ONLY ACCIDENT),RIGHT ANGLE,45.67268947,-111.18561
C000085N,000+0.130,,GALLATIN,September,2013,15:06,MON,DRIVEWAY/ALLEY ACCESS RELATED,ON ROADWAY,CLEAR,DRY,DAYLIGHT,NON-INJURY ACCIDENT (PROPERTY- DAMAGE-ONLY ACCIDENT),HEAD ON,45.6729934,-111.1856851
C000085N,000+0.136,,GALLATIN,April,2016,13:30,FRI,INTERSECTION,ON ROADWAY,RAIN,WET,DAYLIGHT,UNKNOWN,RIGHT ANGLE,45.67305,-111.185715
C000085N,000+0.148,NOT IN CITY LIMITS,GALLATIN,AUGUST,2017,8:50,THU,INTERSECTION-RELATED,ON ROADWAY,CLEAR,DRY,DAYLIGHT,NON-INCAPACITATING EVIDENT INJURY ACCIDENT,REAR-END,45.67327764,-111.1858138
C000085N,000+0.223,NOT IN CITY LIMITS,GALLATIN,JANUARY,2017,6:30,MON,DRIVEWAY/ALLEY ACCESS RELATED,ON ROADWAY,CLOUDY,ICE/FROST,DAWN,NON-INJURY ACCIDENT (PROPERTY- DAMAGE-ONLY ACCIDENT),RIGHT ANGLE,45.67427407,-111.1856647
C000085N,000+0.240,,GALLATIN,June,2013,15:10,MON,NON-JUNCTION,ON ROADWAY,CLOUDY,DRY,DAYLIGHT,NON-INJURY ACCIDENT (PROPERTY- DAMAGE-ONLY ACCIDENT),"SIDESWIPE, SAME DIRECTION",45.67455067,-111.1855758
C000085N,000+0.253,,GALLATIN,November,2015,12:50,SUN,NON-JUNCTION,ON ROADWAY,CLEAR,DRY,DAYLIGHT,NON-INJURY ACCIDENT (PROPERTY- DAMAGE-ONLY ACCIDENT),WILD ANIMAL,45.67475561,-111.1855281
C000085N,000+0.285,NOT IN CITY LIMITS,GALLATIN,AUGUST,2017,18:10,WED,INTERSECTION,ON ROADWAY,CLEAR,DRY,DAYLIGHT,NON-INJURY ACCIDENT (PROPERTY- DAMAGE-ONLY ACCIDENT),RIGHT ANGLE,45.67520295,-111.1855895
C000085N,000+0.291,,GALLATIN,April,2016,15:10,FRI,INTERSECTION,ON ROADWAY,CLEAR,DRY,DAYLIGHT,NON-INJURY ACCIDENT (PROPERTY- DAMAGE-ONLY ACCIDENT),RIGHT ANGLE,45.67526104,-111.1857193
C000085N,000+0.297,,GALLATIN,June,2014,15:30,WED,NON-JUNCTION,ON ROADWAY,CLEAR,DRY,DAYLIGHT,NON-INJURY ACCIDENT (PROPERTY- DAMAGE-ONLY ACCIDENT),REAR-END,45.67541,-111.18565
C000085N,000+0.322,NOT IN CITY LIMITS,GALLATIN,DECEMBER,2017,17:55,THU,NON-JUNCTION,ON ROADWAY,CLOUDY,ICE/FROST,DARK-NOT LIGHTED,NON-INJURY ACCIDENT (PROPERTY- DAMAGE-ONLY ACCIDENT),REAR-END,45.67577326,-111.1855554
C000085N,000+0.322,NOT IN CITY LIMITS,GALLATIN,MAY,2017,16:10,WED,INTERSECTION-RELATED,ON ROADWAY,CLEAR,DRY,DAYLIGHT,NON-INJURY ACCIDENT (PROPERTY- DAMAGE-ONLY ACCIDENT),REAR-END,45.67571869,-111.1857808
C000085N,000+0.470,NOT IN CITY LIMITS,GALLATIN,JUNE,2017,16:35,THU,INTERSECTION-RELATED,ON ROADWAY,CLEAR,DRY,DAYLIGHT,NON-INJURY ACCIDENT (PROPERTY- DAMAGE-ONLY ACCIDENT),REAR-END,45.67788382,-111.1856784
C000085N,000+0.470,NOT IN CITY LIMITS,GALLATIN,OCTOBER,2017,18:00,TUE,NON-JUNCTION,ON ROADWAY,CLOUDY,DRY,DAYLIGHT,NON-INJURY ACCIDENT (PROPERTY- DAMAGE-ONLY ACCIDENT),REAR-END,45.6778565,-111.185651
C000085N,000+0.480,,GALLATIN,December,2013,17:45,WED,INTERSECTION,ON ROADWAY,CLEAR,SNOW,DARK-LIGHTED,NON-INJURY ACCIDENT (PROPERTY- DAMAGE-ONLY ACCIDENT),RIGHT ANGLE,45.67808188,-111.1856851
C000085N,000+0.482,,GALLATIN,March,2014,8:00,MON,INTERSECTION-RELATED,ON ROADWAY,CLOUDY,ICE/FROST,DAYLIGHT,NON-INJURY ACCIDENT (PROPERTY- DAMAGE-ONLY ACCIDENT),HEAD ON,45.67811608,-111.1856374
C000085N,000+0.482,,GALLATIN,May,2014,21:50,MON,INTERSECTION-RELATED,ON ROADWAY,CLOUDY,DRY,DARK-LIGHTED,POSSIBLE INJURY ACCIDENT,REAR-END,45.6780751,-111.1856851
C000085N,000+0.482,,GALLATIN,November,2016,16:10,MON,NON-JUNCTION,ON ROADWAY,CLOUDY,DRY,DAYLIGHT,NON-INJURY ACCIDENT (PROPERTY- DAMAGE-ONLY ACCIDENT),"SIDESWIPE, SAME DIRECTION",45.67804777,-111.1856578
C000085N,000+0.489,,GALLATIN,August,2015,14:00,THU,INTERSECTION,ON ROADWAY,CLOUDY,DRY,DAYLIGHT,NON-INCAPACITATING EVIDENT INJURY ACCIDENT,"LEFT TURN, SAME DIRECTION",45.67812975,-111.1856305
C000085N,000+0.495,,GALLATIN,December,2015,7:55,MON,INTERSECTION,ON ROADWAY,CLOUDY,DRY,DAYLIGHT,NON-INJURY ACCIDENT (PROPERTY- DAMAGE-ONLY ACCIDENT),RIGHT ANGLE,45.67825606,-111.1856032
C000085N,000+0.501,,GALLATIN,March,2016,8:10,MON,INTERSECTION-RELATED,ON ROADWAY,CLOUDY,WET,DAYLIGHT,NON-INJURY ACCIDENT (PROPERTY- DAMAGE-ONLY ACCIDENT),"SIDESWIPE, SAME DIRECTION",45.67835849,-111.1857398
C000085N,000+0.625,,GALLATIN,August,2014,8:05,WED,NON-JUNCTION,ON ROADWAY,CLEAR,DRY,DAYLIGHT,NON-INJURY ACCIDENT (PROPERTY- DAMAGE-ONLY ACCIDENT),REAR-END,45.68015146,-111.1856851
C000085N,000+0.742,,GALLATIN,April,2014,21:30,FRI,NON-JUNCTION,ON ROADWAY,CLEAR,DRY,DARK-LIGHTED,NON-INJURY ACCIDENT (PROPERTY- DAMAGE-ONLY ACCIDENT),WILD ANIMAL,45.68185833,-111.1859867
C000085N,000+0.772,,GALLATIN,October,2014,21:08,THU,INTERSECTION,ON ROADWAY,CLOUDY,DRY,DARK-NOT LIGHTED,INCAPACITATING INJURY ACCIDENT,OTHER,45.68225515,-111.1856715
C000085N,000+0.785,NOT IN CITY LIMITS,GALLATIN,DECEMBER,2017,6:58,THU,INTERSECTION,ON ROADWAY,"FOG, SMOG, SMOKE",ICE/FROST,DARK-NOT LIGHTED,NON-INCAPACITATING EVIDENT INJURY ACCIDENT,RIGHT ANGLE,45.68246767,-111.1856634
C000085N,000+0.810,NOT IN CITY LIMITS,GALLATIN,JULY,2017,18:24,THU,NON-JUNCTION,IN PARKING LANE OR ZONE,CLEAR,DRY,DAYLIGHT,NON-INJURY ACCIDENT (PROPERTY- DAMAGE-ONLY ACCIDENT),REAR TO REAR,45.68285741,-111.1852153
C000085N,000+0.947,NOT IN CITY LIMITS,GALLATIN,JANUARY,2017,10:15,THU,NON-JUNCTION,ON ROADWAY,CLEAR,DRY,DAYLIGHT,POSSIBLE INJURY ACCIDENT,REAR-END,45.68478573,-111.1857876
C000085N,000+0.959,,GALLATIN,April,2016,1:35,TUE,NON-JUNCTION,ON ROADWAY,CLOUDY,DRY,DARK-NOT LIGHTED,NON-INCAPACITATING EVIDENT INJURY ACCIDENT,WILD ANIMAL,45.6849667,-111.185651
C000085N,001+0.000,,GALLATIN,September,2014,10:50,SUN,INTERSECTION-RELATED,ON ROADWAY,CLOUDY,DRY,DAYLIGHT,NON-INJURY ACCIDENT (PROPERTY- DAMAGE-ONLY ACCIDENT),RIGHT ANGLE,45.68580003,-111.1857876
C000085N,001+0.220,,GALLATIN,November,2013,21:15,WED,NON-JUNCTION,ON ROADWAY,CLEAR,DRY,DARK-NOT LIGHTED,NON-INJURY ACCIDENT (PROPERTY- DAMAGE-ONLY ACCIDENT),WILD ANIMAL,45.68912286,-111.1857057
C000085N,001+0.247,,GALLATIN,June,2015,18:40,MON,NON-JUNCTION,ON ROADWAY,CLOUDY,DRY,DAYLIGHT,NON-INJURY ACCIDENT (PROPERTY- DAMAGE-ONLY ACCIDENT),OTHER,45.68941,-111.1856
C000085N,001+0.303,NOT IN CITY LIMITS,GALLATIN,MAY,2017,17:30,SAT,NON-JUNCTION,ON ROADWAY,RAIN,WET,DAYLIGHT,NON-INJURY ACCIDENT (PROPERTY- DAMAGE-ONLY ACCIDENT),NOT FIXED OBJECT OR DEBRIS,45.69021234,-111.1858012
C000085N,001+0.408,,GALLATIN,June,2015,22:50,FRI,NON-JUNCTION,ON ROADWAY,CLEAR,DRY,DARK-NOT LIGHTED,NON-INCAPACITATING EVIDENT INJURY ACCIDENT,DOMESTIC ANIMAL,45.69171353,-111.185803
C000085N,001+0.587,,GALLATIN,May,2016,11:26,FRI,NON-JUNCTION,ON ROADWAY,CLEAR,DRY,DAYLIGHT,NON-INJURY ACCIDENT (PROPERTY- DAMAGE-ONLY ACCIDENT),NOT FIXED OBJECT OR DEBRIS,45.69425164,-111.1853757
C000085N,001+0.599,,GALLATIN,March,2016,6:45,FRI,NON-JUNCTION,ON ROADWAY,CLOUDY,DRY,DAYLIGHT,NON-INJURY ACCIDENT (PROPERTY- DAMAGE-ONLY ACCIDENT),WILD ANIMAL,45.69445384,-111.1854598
C000085N,001+0.773,,GALLATIN,June,2016,19:50,FRI,NON-JUNCTION,OUTSIDE RIGHT-OF-WAY (TRAFFICWAY),CLEAR,MUD DIRT GRAVEL,DAYLIGHT,NON-INJURY ACCIDENT (PROPERTY- DAMAGE-ONLY ACCIDENT),REAR TO REAR,45.69693472,-111.1839214
C000085N,001+0.971,,GALLATIN,January,2015,17:40,FRI,INTERSECTION,ON ROADWAY,CLEAR,DRY,DARK-LIGHTED,POSSIBLE INJURY ACCIDENT,RIGHT ANGLE,45.69988833,-111.185155
C000085N,001+0.978,,GALLATIN,February,2015,11:14,SAT,INTERSECTION-RELATED,ON ROADWAY,SNOW,SNOW,DAYLIGHT,NON-INJURY ACCIDENT (PROPERTY- DAMAGE-ONLY ACCIDENT),REAR-END,45.69998288,-111.185371
C000085N,001+0.978,NOT IN CITY LIMITS,GALLATIN,DECEMBER,2017,12:40,WED,INTERSECTION-RELATED,ON ROADWAY,SNOW,ICE/FROST,DAYLIGHT,NON-INJURY ACCIDENT (PROPERTY- DAMAGE-ONLY ACCIDENT),ROLL OVER,45.69996921,-111.1853231
C000085N,001+0.978,NOT IN CITY LIMITS,GALLATIN,NOVEMBER,2017,16:49,MON,INTERSECTION,ON ROADWAY,CLOUDY,ICE/FROST,DUSK,NON-INJURY ACCIDENT (PROPERTY- DAMAGE-ONLY ACCIDENT),RIGHT ANGLE,45.69994876,-111.1851456
C000085N,001+0.984,NOT IN CITY LIMITS,GALLATIN,JUNE,2017,8:45,SAT,INTERSECTION-RELATED,ON ROADWAY,CLEAR,DRY,DAYLIGHT,NON-INJURY ACCIDENT (PROPERTY- DAMAGE-ONLY ACCIDENT),REAR-END,45.70000341,-111.1853505
C000085N,001+0.990,,GALLATIN,June,2015,18:20,MON,INTERSECTION,ON ROADWAY,CLOUDY,WET,DAYLIGHT,NON-INJURY ACCIDENT (PROPERTY- DAMAGE-ONLY ACCIDENT),RIGHT ANGLE,45.70012973,-111.1853095
C000085N,001+0.990,,GALLATIN,November,2016,18:05,TUE,INTERSECTION,ON ROADWAY,CLEAR,DRY,DAYLIGHT,POSSIBLE INJURY ACCIDENT,RIGHT ANGLE,45.70008874,-111.1853231
C000085N,001+0.996,,GALLATIN,November,2015,17:45,MON,INTERSECTION,ON ROADWAY,RAIN,WET,DARK-NOT LIGHTED,NON-INJURY ACCIDENT (PROPERTY- DAMAGE-ONLY ACCIDENT),REAR-END,45.70019804,-111.18533
C000085N,002+0.000,,GALLATIN,October,2014,18:20,FRI,INTERSECTION,ON ROADWAY,CLOUDY,DRY,DUSK,NON-INCAPACITATING EVIDENT INJURY ACCIDENT,RIGHT ANGLE,45.70025613,-111.1855554
C000085N,002+0.000,NOT IN CITY LIMITS,GALLATIN,NOVEMBER,2017,17:48,WED,NON-JUNCTION,ON ROADWAY,CLEAR,DRY,DARK-NOT LIGHTED,NON-INJURY ACCIDENT (PROPERTY- DAMAGE-ONLY ACCIDENT),WILD ANIMAL,45.70031734,-111.1853716
C000085N,002+0.013,BELGRADE,GALLATIN,AUGUST,2017,15:00,SAT,NON-JUNCTION,ON ROADWAY,CLEAR,DRY,DAYLIGHT,POSSIBLE INJURY ACCIDENT,RIGHT ANGLE,45.70050133,-111.1852671
C000085N,002+0.049,,GALLATIN,February,2016,18:50,TUE,NON-JUNCTION,ON ROADWAY,CLOUDY,DRY,DARK-NOT LIGHTED,NON-INJURY ACCIDENT (PROPERTY- DAMAGE-ONLY ACCIDENT),WILD ANIMAL,45.701,-111.185
C000085N,002+0.056,NOT IN CITY LIMITS,GALLATIN,NOVEMBER,2017,22:00,SAT,NON-JUNCTION,ON ROADWAY,CLEAR,DRY,DARK-NOT LIGHTED,NON-INJURY ACCIDENT (PROPERTY- DAMAGE-ONLY ACCIDENT),WILD ANIMAL,45.70110303,-111.1853914
C000085N,002+0.093,,GALLATIN,November,2014,18:05,FRI,NON-JUNCTION,ON ROADWAY,CLOUDY,DRY,DARK-LIGHTED,NON-INJURY ACCIDENT (PROPERTY- DAMAGE-ONLY ACCIDENT),WILD ANIMAL,45.70164601,-111.1851251
C000085N,002+0.130,,GALLATIN,February,2013,6:13,WED,NON-JUNCTION,ON ROADWAY,CLOUDY,DRY,DARK-NOT LIGHTED,NON-INJURY ACCIDENT (PROPERTY- DAMAGE-ONLY ACCIDENT),WILD ANIMAL,45.70230833,-111.1852533
C000085N,002+0.130,,GALLATIN,September,2016,14:45,THU,DRIVEWAY/ALLEY ACCESS RELATED,ON ROADWAY,CLOUDY,DRY,DAYLIGHT,NON-INCAPACITATING EVIDENT INJURY ACCIDENT,BICYCLE,45.70220977,-111.1850849
C000085N,002+0.173,,GALLATIN,September,2016,21:00,MON,NON-JUNCTION,ON ROADWAY,CLEAR,DRY,DARK-NOT LIGHTED,NON-INJURY ACCIDENT (PROPERTY- DAMAGE-ONLY ACCIDENT),WILD ANIMAL,45.70275592,-111.1850976
C000085N,002+0.217,,GALLATIN,February,2015,8:15,WED,DRIVEWAY/ALLEY ACCESS RELATED,ON ROADWAY,CLOUDY,DRY,DAYLIGHT,NON-INJURY ACCIDENT (PROPERTY- DAMAGE-ONLY ACCIDENT),"SIDESWIPE, OPPOSITE DIRECTION",45.7034151,-111.1853368
C000085N,002+0.353,,GALLATIN,January,2015,5:00,FRI,INTERSECTION,ON ROADWAY,CLEAR,DRY,DARK-NOT LIGHTED,NON-INJURY ACCIDENT (PROPERTY- DAMAGE-ONLY ACCIDENT),WILD ANIMAL,45.70539324,-111.1851361
C000085N,002+0.353,NOT IN CITY LIMITS,GALLATIN,NOVEMBER,2017,5:35,WED,NON-JUNCTION,ON ROADWAY,CLOUDY,DRY,DARK-NOT LIGHTED,NON-INJURY ACCIDENT (PROPERTY- DAMAGE-ONLY ACCIDENT),WILD ANIMAL,45.70539583,-111.1853437
C000085N,002+0.353,NOT IN CITY LIMITS,GALLATIN,NOVEMBER,2017,13:40,FRI,NON-JUNCTION,ROADSIDE LEFT,CLOUDY,SLUSH,DAYLIGHT,NON-INCAPACITATING EVIDENT INJURY ACCIDENT,FIXED OBJECT,45.70542173,-111.1854457
C000085N,002+0.384,NOT IN CITY LIMITS,GALLATIN,MARCH,2017,20:50,TUE,INTERSECTION,ON ROADWAY,CLOUDY,DRY,DARK-NOT LIGHTED,NON-INCAPACITATING EVIDENT INJURY ACCIDENT,RIGHT ANGLE,45.70586165,-111.1853833
C000085N,002+0.396,NOT IN CITY LIMITS,GALLATIN,NOVEMBER,2017,21:15,SUN,NON-JUNCTION,ON ROADWAY,CLEAR,DRY,DARK-NOT LIGHTED,NON-INJURY ACCIDENT (PROPERTY- DAMAGE-ONLY ACCIDENT),WILD ANIMAL,45.70603681,-111.1853809
C000085N,002+0.421,,GALLATIN,January,2015,23:40,WED,NON-JUNCTION,ON ROADWAY,CLEAR,DRY,DAYLIGHT,NON-INJURY ACCIDENT (PROPERTY- DAMAGE-ONLY ACCIDENT),WILD ANIMAL,45.70637936,-111.1852685
C000085N,002+0.450,,GALLATIN,January,2013,17:30,MON,NON-JUNCTION,ON ROADWAY,SNOW,ICE/FROST,DARK-NOT LIGHTED,NON-INJURY ACCIDENT (PROPERTY- DAMAGE-ONLY ACCIDENT),FIXED OBJECT,45.706885,-111.1853617
C000085N,002+0.526,,GALLATIN,April,2015,4:18,FRI,NON-JUNCTION,ON ROADWAY,CLOUDY,DRY,DARK-NOT LIGHTED,NON-INCAPACITATING EVIDENT INJURY ACCIDENT,DOMESTIC ANIMAL,45.7079435,-111.1852412
C000085N,002+0.557,NOT IN CITY LIMITS,GALLATIN,NOVEMBER,2017,9:25,THU,NON-JUNCTION,ROADSIDE RIGHT,CLOUDY,ICE/FROST,DAYLIGHT,NON-INJURY ACCIDENT (PROPERTY- DAMAGE-ONLY ACCIDENT),FIXED OBJECT,45.70835218,-111.1852686
C000085N,002+0.563,NOT IN CITY LIMITS,GALLATIN,NOVEMBER,2017,7:45,THU,NON-JUNCTION,ON ROADWAY,CLOUDY,ICE/FROST,DARK-NOT LIGHTED,NON-INJURY ACCIDENT (PROPERTY- DAMAGE-ONLY ACCIDENT),REAR-END,45.70846308,-111.1850073
C000085N,002+0.625,NOT IN CITY LIMITS,GALLATIN,NOVEMBER,2017,7:00,THU,NON-JUNCTION,ROADSIDE RIGHT,CLOUDY,ICE/FROST,DARK-NOT LIGHTED,NON-INJURY ACCIDENT (PROPERTY- DAMAGE-ONLY ACCIDENT),FIXED OBJECT,45.70937012,-111.185398
C000085N,002+0.656,,GALLATIN,November,2016,10:50,THU,NON-JUNCTION,ON ROADWAY,CLOUDY,DRY,DAYLIGHT,NON-INJURY ACCIDENT (PROPERTY- DAMAGE-ONLY ACCIDENT),OTHER,45.70977738,-111.1852138
C000085N,002+0.674,NOT IN CITY LIMITS,GALLATIN,JUNE,2017,17:15,MON,NON-JUNCTION,ON ROADWAY,RAIN,WET,DAYLIGHT,NON-INJURY ACCIDENT (PROPERTY- DAMAGE-ONLY ACCIDENT),REAR-END,45.71009333,-111.1851167
C000085N,002+0.706,NOT IN CITY LIMITS,GALLATIN,DECEMBER,2017,16:07,THU,NON-JUNCTION,ON ROADWAY,"FOG, SMOG, SMOKE",ICE/FROST,DAYLIGHT,NON-INJURY ACCIDENT (PROPERTY- DAMAGE-ONLY ACCIDENT),"SIDESWIPE, SAME DIRECTION",45.71047112,-111.1851185
C000085N,002+0.740,,GALLATIN,April,2013,13:20,WED,NON-JUNCTION,ON ROADWAY,CLEAR,DRY,DAYLIGHT,NON-INJURY ACCIDENT (PROPERTY- DAMAGE-ONLY ACCIDENT),REAR-END,45.71108333,-111.1851683
C000085N,002+0.749,NOT IN CITY LIMITS,GALLATIN,JUNE,2017,13:04,THU,NON-JUNCTION,ON ROADWAY,CLOUDY,DRY,DAYLIGHT,NON-INJURY ACCIDENT (PROPERTY- DAMAGE-ONLY ACCIDENT),REAR-END,45.71111927,-111.1853436
C000085N,002+0.829,NOT IN CITY LIMITS,GALLATIN,JANUARY,2017,15:35,TUE,NON-JUNCTION,ON ROADWAY,SNOW,SNOW,DAYLIGHT,NON-INJURY ACCIDENT (PROPERTY- DAMAGE-ONLY ACCIDENT),REAR-END,45.71235333,-111.185045
C000085N,002+0.841,NOT IN CITY LIMITS,GALLATIN,NOVEMBER,2017,23:11,THU,NON-JUNCTION,ROADSIDE RIGHT,CLEAR,DRY,DARK-NOT LIGHTED,NON-INJURY ACCIDENT (PROPERTY- DAMAGE-ONLY ACCIDENT),FIXED OBJECT,45.71248214,-111.185371
C000085N,002+0.885,NOT IN CITY LIMITS,GALLATIN,AUGUST,2017,17:20,WED,NON-JUNCTION,ON ROADWAY,CLOUDY,DRY,DAYLIGHT,INCAPACITATING INJURY ACCIDENT,REAR-END,45.71311334,-111.1850957
C000085N,002+0.934,,GALLATIN,December,2014,19:08,TUE,NON-JUNCTION,ROADSIDE RIGHT,CLOUDY,ICE/FROST,DARK-NOT LIGHTED,NON-INJURY ACCIDENT (PROPERTY- DAMAGE-ONLY ACCIDENT),FIXED OBJECT,45.71383064,-111.1850297
C000085N,002+1.002,,GALLATIN,December,2015,23:40,THU,INTERSECTION,ON ROADWAY,CLEAR,ICE/FROST,DARK-LIGHTED,NON-INCAPACITATING EVIDENT INJURY ACCIDENT,REAR-END,45.71480443,-111.1852617
C000085N,003+0.157,NOT IN CITY LIMITS,GALLATIN,DECEMBER,2017,6:30,TUE,NON-JUNCTION,ON ROADWAY,CLEAR,DRY,DARK-NOT LIGHTED,NON-INJURY ACCIDENT (PROPERTY- DAMAGE-ONLY ACCIDENT),"SIDESWIPE, OPPOSITE DIRECTION",45.71718167,-111.1853247
C000085N,003+0.194,,GALLATIN,November,2015,17:30,MON,NON-JUNCTION,ON ROADWAY,RAIN,WET,DUSK,NON-INJURY ACCIDENT (PROPERTY- DAMAGE-ONLY ACCIDENT),REAR-END,45.71772052,-111.1850431
C000085N,003+0.207,,GALLATIN,December,2015,9:50,TUE,NON-JUNCTION,ROADSIDE RIGHT,SNOW,ICE/FROST,DAYLIGHT,NON-INJURY ACCIDENT (PROPERTY- DAMAGE-ONLY ACCIDENT),ROLL OVER,45.71786034,-111.1853371
C000085N,003+0.256,,GALLATIN,November,2016,21:35,FRI,NON-JUNCTION,ON ROADWAY,CLEAR,DRY,DARK-NOT LIGHTED,NON-INJURY ACCIDENT (PROPERTY- DAMAGE-ONLY ACCIDENT),WILD ANIMAL,45.71860168,-111.1852985
C000085N,003+0.256,NOT IN CITY LIMITS,GALLATIN,MARCH,2017,6:30,WED,NON-JUNCTION,ON ROADWAY,CLOUDY,DRY,DARK-NOT LIGHTED,NON-INJURY ACCIDENT (PROPERTY- DAMAGE-ONLY ACCIDENT),WILD ANIMAL,45.71856083,-111.1850071
C000085N,003+0.280,,GALLATIN,November,2013,6:15,TUE,NON-JUNCTION,ON ROADWAY,CLOUDY,DRY,DAYLIGHT,NON-INJURY ACCIDENT (PROPERTY- DAMAGE-ONLY ACCIDENT),WILD ANIMAL,45.71901524,-111.1853027
C000085N,003+0.343,,GALLATIN,June,2015,16:45,MON,NON-JUNCTION,ON ROADWAY,RAIN,WET,DAYLIGHT,NON-INCAPACITATING EVIDENT INJURY ACCIDENT,REAR-END,45.71987925,-111.1850773
C000085N,003+0.356,NOT IN CITY LIMITS,GALLATIN,APRIL,2017,6:54,TUE,NON-JUNCTION,ROADSIDE RIGHT,SNOW,ICE/FROST,DAYLIGHT,NON-INJURY ACCIDENT (PROPERTY- DAMAGE-ONLY ACCIDENT),ROLL OVER,45.72006389,-111.1853565
C000085N,003+0.367,,GALLATIN,May,2016,23:50,SAT,NON-JUNCTION,ON ROADWAY,CLOUDY,DRY,DARK-NOT LIGHTED,NON-INJURY ACCIDENT (PROPERTY- DAMAGE-ONLY ACCIDENT),WILD ANIMAL,45.72023784,-111.1851195
C000085N,003+0.380,,GALLATIN,June,2013,2:07,TUE,NON-JUNCTION,SHOULDER,CLOUDY,WET,DARK-NOT LIGHTED,NON-INCAPACITATING EVIDENT INJURY ACCIDENT,FIXED OBJECT,45.72048983,-111.1852842
C000085N,003+0.440,,GALLATIN,May,2013,6:56,MON,NON-JUNCTION,ON ROADWAY,RAIN,WET,DAYLIGHT,NON-INJURY ACCIDENT (PROPERTY- DAMAGE-ONLY ACCIDENT),RIGHT ANGLE,45.72124167,-111.1853
C000085N,003+0.454,NOT IN CITY LIMITS,GALLATIN,DECEMBER,2017,8:15,MON,NON-JUNCTION,ON ROADWAY,CLEAR,SNOW,DAYLIGHT,NON-INCAPACITATING EVIDENT INJURY ACCIDENT,REAR-END,45.72143029,-111.1850978
C000085N,003+0.461,NOT IN CITY LIMITS,GALLATIN,NOVEMBER,2017,7:00,TUE,INTERSECTION-RELATED,ON ROADWAY,CLOUDY,ICE/FROST,DAYLIGHT,NON-INJURY ACCIDENT (PROPERTY- DAMAGE-ONLY ACCIDENT),REAR-END,45.7215018,-111.1851989
C000085N,003+0.578,NOT IN CITY LIMITS,GALLATIN,MARCH,2017,17:17,WED,DRIVEWAY/ALLEY ACCESS RELATED,ON ROADWAY,CLOUDY,DRY,DAYLIGHT,POSSIBLE INJURY ACCIDENT,REAR-END,45.7232151,-111.1851463
C000085N,003+0.603,,GALLATIN,June,2016,16:30,WED,NON-JUNCTION,ON ROADWAY,CLOUDY,DRY,DAYLIGHT,NON-INJURY ACCIDENT (PROPERTY- DAMAGE-ONLY ACCIDENT),REAR-END,45.72357152,-111.1851073
C000085N,003+0.640,NOT IN CITY LIMITS,GALLATIN,AUGUST,2017,17:00,MON,INTERSECTION-RELATED,ON ROADWAY,CLEAR,DRY,DAYLIGHT,NON-INJURY ACCIDENT (PROPERTY- DAMAGE-ONLY ACCIDENT),REAR-END,45.72411989,-111.1851307
C000085N,003+0.640,NOT IN CITY LIMITS,GALLATIN,AUGUST,2017,17:29,MON,NON-JUNCTION,ON ROADWAY,CLEAR,DRY,DAYLIGHT,NON-INJURY ACCIDENT (PROPERTY- DAMAGE-ONLY ACCIDENT),REAR-END,45.72416861,-111.1852275
C000085N,003+0.659,,GALLATIN,August,2015,17:15,WED,NON-JUNCTION,ON ROADWAY,"FOG, SMOG, SMOKE",DRY,DAYLIGHT,NON-INJURY ACCIDENT (PROPERTY- DAMAGE-ONLY ACCIDENT),REAR-END,45.72443498,-111.1851114
C000085N,003+0.659,,GALLATIN,June,2016,17:23,WED,NON-JUNCTION,ON ROADWAY,CLEAR,DRY,DAYLIGHT,NON-INCAPACITATING EVIDENT INJURY ACCIDENT,REAR-END,45.72438526,-111.1851526
C000085N,003+0.690,,GALLATIN,May,2015,17:15,TUE,NON-JUNCTION,ON ROADWAY,CLOUDY,DRY,DAYLIGHT,NON-INJURY ACCIDENT (PROPERTY- DAMAGE-ONLY ACCIDENT),REAR-END,45.7248721,-111.1851319
C000085N,003+0.795,,GALLATIN,December,2014,8:35,MON,NON-JUNCTION,SHOULDER,CLOUDY,ICE/FROST,DAYLIGHT,NON-INJURY ACCIDENT (PROPERTY- DAMAGE-ONLY ACCIDENT),FIXED OBJECT,45.72637816,-111.1850704
C000085N,003+0.808,,GALLATIN,June,2016,17:20,WED,INTERSECTION-RELATED,ON ROADWAY,CLEAR,DRY,DAYLIGHT,NON-INJURY ACCIDENT (PROPERTY- DAMAGE-ONLY ACCIDENT),REAR-END,45.72653504,-111.1850778