MDT_CORRIDOR_ID,SMS_REFPOST_OFFSET,CITY,COUNTY,Month,Year,SMS_TIME,SMT_CRASH_OCC_DAY_OF_WEEK,JUNCTION_RELATED,ROADWAY_RELATED,WEATHER_COND,ROAD_COND,LIGHT_COND,CRASH_SEVERITY,COLLISION_TYPE,LATITUDE,LONGITUDE
C000085N,003+0.814,NOT IN CITY LIMITS,GALLATIN,JUNE,2017,15:31,FRI,NON-JUNCTION,ROADSIDE LEFT,CLEAR,DRY,DAYLIGHT,POSSIBLE INJURY ACCIDENT,FIXED OBJECT,45.72666931,-111.1850967
C000085N,003+0.827,NOT IN CITY LIMITS,GALLATIN,AUGUST,2017,17:10,MON,NON-JUNCTION,ON ROADWAY,CLOUDY,DRY,DAYLIGHT,NON-INJURY ACCIDENT (PROPERTY- DAMAGE-ONLY ACCIDENT),REAR-END,45.72681528,-111.1850568
C000085N,003+0.851,NOT IN CITY LIMITS,GALLATIN,JUNE,2017,16:35,TUE,INTERSECTION-RELATED,ON ROADWAY,CLOUDY,DRY,DAYLIGHT,NON-INCAPACITATING EVIDENT INJURY ACCIDENT,REAR-END,45.72718048,-111.185051
C000085N,003+0.857,,GALLATIN,August,2014,17:42,MON,INTERSECTION-RELATED,ON ROADWAY,CLEAR,DRY,DAYLIGHT,NON-INJURY ACCIDENT (PROPERTY- DAMAGE-ONLY ACCIDENT),REAR-END,45.72725131,-111.1850366
C000085N,003+0.857,,GALLATIN,July,2016,16:20,WED,INTERSECTION-RELATED,ON ROADWAY,CLEAR,DRY,DAYLIGHT,NON-INJURY ACCIDENT (PROPERTY- DAMAGE-ONLY ACCIDENT),REAR-END,45.72729003,-111.1851183
C000085N,003+0.857,,GALLATIN,July,2016,17:10,FRI,INTERSECTION-RELATED,ON ROADWAY,CLEAR,DRY,DAYLIGHT,NON-INJURY ACCIDENT (PROPERTY- DAMAGE-ONLY ACCIDENT),REAR-END,45.72725013,-111.1850539
C000085N,003+0.874,,GALLATIN,January,2014,2:00,SAT,INTERSECTION,ROADSIDE RIGHT,CLEAR,DRY,DARK-LIGHTED,NON-INJURY ACCIDENT (PROPERTY- DAMAGE-ONLY ACCIDENT),FIXED OBJECT,45.72758708,-111.1852275
C000085N,003+0.874,,GALLATIN,August,2014,18:00,MON,NON-JUNCTION,ON ROADWAY,CLEAR,DRY,DAYLIGHT,NON-INJURY ACCIDENT (PROPERTY- DAMAGE-ONLY ACCIDENT),REAR-END,45.72756653,-111.1850781
C000085N,003+0.881,,GALLATIN,April,2015,17:12,TUE,INTERSECTION-RELATED,ON ROADWAY,SNOW,WET,DAYLIGHT,NON-INCAPACITATING EVIDENT INJURY ACCIDENT,REAR-END,45.72765,-111.185
C000085N,003+0.881,NOT IN CITY LIMITS,GALLATIN,FEBRUARY,2017,20:00,THU,NON-JUNCTION,ON ROADWAY,CLOUDY,DRY,DARK-NOT LIGHTED,NON-INJURY ACCIDENT (PROPERTY- DAMAGE-ONLY ACCIDENT),"SIDESWIPE, SAME DIRECTION",45.72758708,-111.1851046
C000085N,003+0.900,,GALLATIN,December,2014,17:15,WED,NON-JUNCTION,ON ROADWAY,CLEAR,DRY,DUSK,INCAPACITATING INJURY ACCIDENT,REAR-END,45.7278658,-111.185111
C000085N,003+0.900,,GALLATIN,May,2015,18:30,THU,INTERSECTION-RELATED,ON ROADWAY,CLOUDY,DRY,DAYLIGHT,NON-INJURY ACCIDENT (PROPERTY- DAMAGE-ONLY ACCIDENT),REAR-END,45.72788435,-111.1850683
C000085N,003+0.925,,GALLATIN,April,2016,16:50,MON,INTERSECTION-RELATED,ON ROADWAY,CLEAR,DRY,DAYLIGHT,NON-INJURY ACCIDENT (PROPERTY- DAMAGE-ONLY ACCIDENT),REAR-END,45.72825646,-111.185009
C000085N,003+0.962,,GALLATIN,July,2015,8:40,THU,INTERSECTION-RELATED,ON ROADWAY,RAIN,WET,DAYLIGHT,NON-INJURY ACCIDENT (PROPERTY- DAMAGE-ONLY ACCIDENT),REAR-END,45.7288302,-111.185009
C000085N,003+0.980,,GALLATIN,December,2013,12:45,MON,INTERSECTION,ON ROADWAY,CLEAR,DRY,DAYLIGHT,NON-INJURY ACCIDENT (PROPERTY- DAMAGE-ONLY ACCIDENT),RIGHT ANGLE,45.72913757,-111.1850363
C000085N,003+0.981,,GALLATIN,May,2016,17:55,MON,INTERSECTION-RELATED,ON ROADWAY,SNOW,WET,DAYLIGHT,NON-INJURY ACCIDENT (PROPERTY- DAMAGE-ONLY ACCIDENT),REAR-END,45.72911368,-111.1850158
C000085N,003+0.981,NOT IN CITY LIMITS,GALLATIN,NOVEMBER,2017,16:18,FRI,INTERSECTION-RELATED,ON ROADWAY,CLOUDY,DRY,DAYLIGHT,NON-INJURY ACCIDENT (PROPERTY- DAMAGE-ONLY ACCIDENT),REAR-END,45.72907948,-111.1850226
C000085N,003+0.987,,GALLATIN,October,2015,14:27,SAT,INTERSECTION,ON ROADWAY,CLOUDY,DRY,DAYLIGHT,NON-INCAPACITATING EVIDENT INJURY ACCIDENT,RIGHT ANGLE,45.72920588,-111.1850636
C000085N,003+0.987,NOT IN CITY LIMITS,GALLATIN,FEBRUARY,2017,18:14,MON,INTERSECTION,ON ROADWAY,CLOUDY,ICE/FROST,DUSK,NON-INCAPACITATING EVIDENT INJURY ACCIDENT,"LEFT TURN, SAME DIRECTION",45.72925176,-111.1851275
C000085N,003+0.990,,GALLATIN,February,2013,16:45,TUE,INTERSECTION,ON ROADWAY,CLOUDY,DRY,DAYLIGHT,POSSIBLE INJURY ACCIDENT,"LEFT TURN, OPPOSITE DIRECTION",45.72927075,-111.1852548
C000085N,003+0.993,,GALLATIN,June,2015,9:55,WED,INTERSECTION,ON ROADWAY,CLEAR,DRY,DAYLIGHT,NON-INCAPACITATING EVIDENT INJURY ACCIDENT,RIGHT ANGLE,45.72925709,-111.1851114
C000085N,003+0.993,,GALLATIN,April,2015,7:40,FRI,INTERSECTION-RELATED,ON ROADWAY,CLEAR,DRY,DAYLIGHT,NON-INJURY ACCIDENT (PROPERTY- DAMAGE-ONLY ACCIDENT),REAR-END,45.72926053,-111.1852275
C000085N,003+0.993,,GALLATIN,December,2015,18:15,THU,INTERSECTION-RELATED,ON ROADWAY,CLEAR,DRY,DARK-LIGHTED,NON-INJURY ACCIDENT (PROPERTY- DAMAGE-ONLY ACCIDENT),"SIDESWIPE, SAME DIRECTION",45.72928098,-111.1851114
C000085N,003+0.993,,GALLATIN,February,2016,18:40,WED,INTERSECTION,ON ROADWAY,CLEAR,DRY,DARK-LIGHTED,NON-INJURY ACCIDENT (PROPERTY- DAMAGE-ONLY ACCIDENT),RIGHT ANGLE,45.72923999,-111.185091
C000085N,003+0.993,NOT IN CITY LIMITS,GALLATIN,DECEMBER,2017,10:40,SAT,INTERSECTION,ON ROADWAY,CLOUDY,ICE/FROST,DAYLIGHT,NON-INJURY ACCIDENT (PROPERTY- DAMAGE-ONLY ACCIDENT),RIGHT ANGLE,45.72928,-111.18511
C000085N,003+0.993,NOT IN CITY LIMITS,GALLATIN,FEBRUARY,2017,12:10,TUE,INTERSECTION,ON ROADWAY,CLOUDY,WET,DAYLIGHT,NON-INJURY ACCIDENT (PROPERTY- DAMAGE-ONLY ACCIDENT),RIGHT ANGLE,45.72925176,-111.1851275
C000085N,003+0.993,NOT IN CITY LIMITS,GALLATIN,NOVEMBER,2017,7:10,TUE,INTERSECTION-RELATED,ON ROADWAY,SNOW,ICE/FROST,DAWN,NON-INJURY ACCIDENT (PROPERTY- DAMAGE-ONLY ACCIDENT),REAR-END,45.72928,-111.18511
C000085N,003+1.018,,GALLATIN,March,2016,17:40,WED,INTERSECTION-RELATED,ON ROADWAY,CLOUDY,DRY,DAYLIGHT,NON-INJURY ACCIDENT (PROPERTY- DAMAGE-ONLY ACCIDENT),REAR-END,45.72964643,-111.1850704
C000085N,004+0.001,NOT IN CITY LIMITS,GALLATIN,SEPTEMBER,2017,16:35,SAT,NON-JUNCTION,ROADSIDE RIGHT,CLOUDY,DRY,DAYLIGHT,NON-INJURY ACCIDENT (PROPERTY- DAMAGE-ONLY ACCIDENT),FIXED OBJECT,45.72967932,-111.1850404
C000085N,004+0.026,,GALLATIN,March,2014,7:15,MON,INTERSECTION-RELATED,SHOULDER,CLOUDY,ICE/FROST,DAYLIGHT,NON-INJURY ACCIDENT (PROPERTY- DAMAGE-ONLY ACCIDENT),FIXED OBJECT,45.73010333,-111.1852367
C000085N,004+0.051,,GALLATIN,August,2015,16:00,FRI,INTERSECTION-RELATED,ON ROADWAY,CLOUDY,DRY,DAYLIGHT,NON-INJURY ACCIDENT (PROPERTY- DAMAGE-ONLY ACCIDENT),REAR-END,45.73038514,-111.1852552
C000085N,004+0.237,BELGRADE,GALLATIN,November,2015,0:00,FRI,NON-JUNCTION,ON ROADWAY,CLOUDY,DRY,DARK-NOT LIGHTED,NON-INJURY ACCIDENT (PROPERTY- DAMAGE-ONLY ACCIDENT),WILD ANIMAL,45.73312174,-111.1852066
C000085N,004+0.386,,GALLATIN,June,2014,8:35,WED,NON-JUNCTION,ROADSIDE LEFT,CLEAR,DRY,DAYLIGHT,POSSIBLE INJURY ACCIDENT,ROLL OVER,45.73529156,-111.1850568
C000085N,004+0.429,NOT IN CITY LIMITS,GALLATIN,DECEMBER,2017,10:11,THU,NON-JUNCTION,ON ROADWAY,"FOG, SMOG, SMOKE",ICE/FROST,DAYLIGHT,NON-INJURY ACCIDENT (PROPERTY- DAMAGE-ONLY ACCIDENT),"SIDESWIPE, SAME DIRECTION",45.73585499,-111.1851327
C000085N,004+0.429,NOT IN CITY LIMITS,GALLATIN,DECEMBER,2017,10:11,TUE,NON-JUNCTION,ON ROADWAY,"FOG, SMOG, SMOKE",ICE/FROST,DAYLIGHT,NON-INJURY ACCIDENT (PROPERTY- DAMAGE-ONLY ACCIDENT),REAR-END,45.7358653,-111.1851387
C000085N,004+0.472,,GALLATIN,November,2015,18:15,FRI,NON-JUNCTION,ON ROADWAY,CLEAR,DRY,DARK-NOT LIGHTED,NON-INJURY ACCIDENT (PROPERTY- DAMAGE-ONLY ACCIDENT),WILD ANIMAL,45.73649772,-111.1848501
C000085N,004+0.472,NOT IN CITY LIMITS,GALLATIN,APRIL,2017,16:52,FRI,DRIVEWAY/ALLEY ACCESS RELATED,ON ROADWAY,CLOUDY,WET,DAYLIGHT,NON-INJURY ACCIDENT (PROPERTY- DAMAGE-ONLY ACCIDENT),OTHER,45.73655857,-111.1851866
C000085N,004+0.534,,GALLATIN,September,2015,10:40,TUE,NON-JUNCTION,ON ROADWAY,CLEAR,DRY,DAYLIGHT,NON-INJURY ACCIDENT (PROPERTY- DAMAGE-ONLY ACCIDENT),OTHER,45.73742796,-111.1851559
C000085N,004+0.560,,GALLATIN,August,2013,16:10,THU,NON-JUNCTION,ON ROADWAY,CLOUDY,DRY,DAYLIGHT,NON-INJURY ACCIDENT (PROPERTY- DAMAGE-ONLY ACCIDENT),"SIDESWIPE, OPPOSITE DIRECTION",45.73788023,-111.1851866
C000085N,004+0.571,NOT IN CITY LIMITS,GALLATIN,DECEMBER,2017,18:20,WED,NON-JUNCTION,ON ROADWAY,CLOUDY,ICE/FROST,DARK-NOT LIGHTED,NON-INJURY ACCIDENT (PROPERTY- DAMAGE-ONLY ACCIDENT),REAR-END,45.7379467,-111.1851782
C000085N,004+0.676,NOT IN CITY LIMITS,GALLATIN,NOVEMBER,2017,0:40,THU,NON-JUNCTION,ROADSIDE LEFT,SNOW,ICE/FROST,DARK-NOT LIGHTED,NON-INJURY ACCIDENT (PROPERTY- DAMAGE-ONLY ACCIDENT),ROLL OVER,45.7394552,-111.1851337
C000085N,004+0.730,,GALLATIN,November,2013,7:00,WED,NON-JUNCTION,ON ROADWAY,CLEAR,DRY,DAWN,NON-INJURY ACCIDENT (PROPERTY- DAMAGE-ONLY ACCIDENT),WILD ANIMAL,45.74030153,-111.1851037
C000085N,004+0.738,,GALLATIN,September,2016,16:35,WED,NON-JUNCTION,ON ROADWAY,CLOUDY,DRY,DAYLIGHT,NON-INJURY ACCIDENT (PROPERTY- DAMAGE-ONLY ACCIDENT),REAR-END,45.74035272,-111.18505
C000085N,004+0.788,NOT IN CITY LIMITS,GALLATIN,APRIL,2017,13:20,TUE,INTERSECTION,ON ROADWAY,CLOUDY,DRY,DAYLIGHT,NON-INJURY ACCIDENT (PROPERTY- DAMAGE-ONLY ACCIDENT),OTHER,45.7411201,-111.1852555
C000085N,004+0.817,NOT IN CITY LIMITS,GALLATIN,JANUARY,2017,12:15,THU,INTERSECTION,ON ROADWAY,CLEAR,DRY,DAYLIGHT,NON-INCAPACITATING EVIDENT INJURY ACCIDENT,REAR-END,45.74380445,-111.1851758
C000085N,004+0.843,,GALLATIN,October,2015,7:30,THU,DRIVEWAY/ALLEY ACCESS RELATED,IN PARKING LANE OR ZONE,CLEAR,DRY,DAYLIGHT,NON-INJURY ACCIDENT (PROPERTY- DAMAGE-ONLY ACCIDENT),"SIDESWIPE, SAME DIRECTION",45.74193732,-111.1854666
C000085N,004+0.843,,GALLATIN,June,2016,19:30,SUN,DRIVEWAY/ALLEY ACCESS RELATED,ON ROADWAY,CLEAR,DRY,DAYLIGHT,NON-INJURY ACCIDENT (PROPERTY- DAMAGE-ONLY ACCIDENT),REAR-END,45.74192709,-111.1854802
C000085N,004+0.850,NOT IN CITY LIMITS,GALLATIN,NOVEMBER,2017,17:42,WED,NON-JUNCTION,ON ROADWAY,CLOUDY,OTHER,DARK-NOT LIGHTED,NON-INJURY ACCIDENT (PROPERTY- DAMAGE-ONLY ACCIDENT),"SIDESWIPE, OPPOSITE DIRECTION",45.74202727,-111.1851612
C000085N,004+0.856,,GALLATIN,August,2014,12:55,FRI,DRIVEWAY/ALLEY ACCESS RELATED,ON ROADWAY,CLEAR,DRY,DAYLIGHT,NON-INCAPACITATING EVIDENT INJURY ACCIDENT,REAR-END,45.74211837,-111.1853573
C000085N,004+0.868,,GALLATIN,May,2015,10:40,SAT,DRIVEWAY/ALLEY ACCESS RELATED,ROADSIDE RIGHT,RAIN,WET,DAYLIGHT,NON-INCAPACITATING EVIDENT INJURY ACCIDENT,FIXED OBJECT,45.74227201,-111.1857535
C000085N,004+0.886,NOT IN CITY LIMITS,GALLATIN,DECEMBER,2017,8:30,WED,DRIVEWAY/ALLEY ACCESS RELATED,ON ROADWAY,SNOW,SNOW,DAYLIGHT,NON-INJURY ACCIDENT (PROPERTY- DAMAGE-ONLY ACCIDENT),REAR-END,45.74250083,-111.1849611
C000085N,004+0.899,,GALLATIN,May,2016,13:30,SAT,NON-JUNCTION,IN PARKING LANE OR ZONE,CLOUDY,DRY,DAYLIGHT,NON-INJURY ACCIDENT (PROPERTY- DAMAGE-ONLY ACCIDENT),PARKED VEHICLE,45.74272459,-111.1851323
C000085N,004+0.937,,GALLATIN,June,2014,14:42,THU,INTERSECTION-RELATED,ON ROADWAY,CLEAR,DRY,DAYLIGHT,NON-INJURY ACCIDENT (PROPERTY- DAMAGE-ONLY ACCIDENT),REAR-END,45.74323853,-111.1851866
C000085N,004+0.937,NOT IN CITY LIMITS,GALLATIN,DECEMBER,2017,12:30,THU,INTERSECTION,ON ROADWAY,CLEAR,SNOW,DAYLIGHT,NON-INJURY ACCIDENT (PROPERTY- DAMAGE-ONLY ACCIDENT),RIGHT ANGLE,45.74324136,-111.1859127
C000085N,004+0.943,,GALLATIN,November,2015,16:45,THU,NON-JUNCTION,ROADSIDE RIGHT,CLOUDY,DRY,DAYLIGHT,NON-INJURY ACCIDENT (PROPERTY- DAMAGE-ONLY ACCIDENT),REAR-END,45.74337171,-111.185091
C000085N,004+0.955,,GALLATIN,October,2014,18:20,MON,INTERSECTION,ON ROADWAY,CLOUDY,DRY,DUSK,NON-INJURY ACCIDENT (PROPERTY- DAMAGE-ONLY ACCIDENT),RIGHT ANGLE,45.74355612,-111.1851593
C000085N,004+0.980,,GALLATIN,August,2013,5:56,THU,INTERSECTION,ON ROADWAY,CLEAR,DRY,DAYLIGHT,NON-INCAPACITATING EVIDENT INJURY ACCIDENT,RIGHT ANGLE,45.74389416,-111.1851593
C000085N,004+0.980,,GALLATIN,August,2014,0:35,FRI,INTERSECTION,ON ROADWAY,CLOUDY,WET,DARK-NOT LIGHTED,NON-INJURY ACCIDENT (PROPERTY- DAMAGE-ONLY ACCIDENT),RIGHT ANGLE,45.74386004,-111.1851729
C000085N,004+0.980,,GALLATIN,October,2016,13:40,SUN,INTERSECTION,ON ROADWAY,CLOUDY,DRY,DAYLIGHT,NON-INJURY ACCIDENT (PROPERTY- DAMAGE-ONLY ACCIDENT),RIGHT ANGLE,45.74385661,-111.1850636
C000085N,004+0.992,,GALLATIN,September,2016,18:30,SUN,INTERSECTION,ON ROADWAY,CLEAR,DRY,DAYLIGHT,NON-INJURY ACCIDENT (PROPERTY- DAMAGE-ONLY ACCIDENT),RIGHT ANGLE,45.74402488,-111.1852264
C000085N,005+0.016,NOT IN CITY LIMITS,GALLATIN,JANUARY,2017,0:00,MON,NON-JUNCTION,ROADSIDE RIGHT,CLEAR,ICE/FROST,DAYLIGHT,NON-INJURY ACCIDENT (PROPERTY- DAMAGE-ONLY ACCIDENT),RIGHT ANGLE,45.74434502,-111.1850294
C000085N,005+0.040,,GALLATIN,November,2013,13:40,FRI,INTERSECTION-RELATED,ON ROADWAY,CLEAR,DRY,DAYLIGHT,NON-INJURY ACCIDENT (PROPERTY- DAMAGE-ONLY ACCIDENT),REAR-END,45.74468225,-111.1851947
C000085N,005+0.065,,GALLATIN,January,2015,7:10,FRI,NON-JUNCTION,ON ROADWAY,CLOUDY,DRY,DAWN,NON-INCAPACITATING EVIDENT INJURY ACCIDENT,"SIDESWIPE, OPPOSITE DIRECTION",45.74507919,-111.1851387
C000085N,005+0.140,,GALLATIN,June,2013,15:35,MON,DRIVEWAY/ALLEY ACCESS RELATED,ON ROADWAY,CLEAR,DRY,DAYLIGHT,NON-INJURY ACCIDENT (PROPERTY- DAMAGE-ONLY ACCIDENT),REAR-END,45.74617202,-111.1851456
C000085N,005+0.150,,GALLATIN,June,2013,16:50,TUE,DRIVEWAY/ALLEY ACCESS RELATED,ON ROADWAY,CLOUDY,DRY,DAYLIGHT,POSSIBLE INJURY ACCIDENT,REAR-END,45.74637696,-111.1852548
C000085N,005+0.158,,GALLATIN,May,2014,7:40,FRI,NON-JUNCTION,ON ROADWAY,CLEAR,DRY,DAYLIGHT,NON-INJURY ACCIDENT (PROPERTY- DAMAGE-ONLY ACCIDENT),REAR-END,45.74633254,-111.1851114
C000085N,005+0.170,,GALLATIN,May,2014,21:30,WED,THROUGH ROADWAY,ON ROADWAY,CLEAR,DRY,DARK-NOT LIGHTED,NON-INJURY ACCIDENT (PROPERTY- DAMAGE-ONLY ACCIDENT),REAR-END,45.74658451,-111.1849282
C000085N,005+0.189,,GALLATIN,April,2014,6:30,THU,NON-JUNCTION,IN PARKING LANE OR ZONE,CLOUDY,DRY,DAYLIGHT,NON-INJURY ACCIDENT (PROPERTY- DAMAGE-ONLY ACCIDENT),REAR TO SIDE,45.74683118,-111.1843123
C000085N,005+0.208,NOT IN CITY LIMITS,GALLATIN,JULY,2017,11:10,MON,NON-JUNCTION,ON ROADWAY,CLEAR,DRY,DAYLIGHT,NON-INJURY ACCIDENT (PROPERTY- DAMAGE-ONLY ACCIDENT),REAR-END,45.74709068,-111.1851934
C000085N,005+0.294,,GALLATIN,November,2014,11:30,MON,DRIVEWAY/ALLEY ACCESS RELATED,ON ROADWAY,CLOUDY,WET,DAYLIGHT,NON-INCAPACITATING EVIDENT INJURY ACCIDENT,REAR-END,45.74836,-111.18518
C000085N,005+0.294,NOT IN CITY LIMITS,GALLATIN,MARCH,2017,7:16,FRI,INTERSECTION,ON ROADWAY,CLEAR,DRY,DAYLIGHT,NON-INJURY ACCIDENT (PROPERTY- DAMAGE-ONLY ACCIDENT),"LEFT TURN, SAME DIRECTION",45.7483338,-111.1851593
C000085N,005+0.300,,GALLATIN,December,2013,8:00,MON,NON-JUNCTION,ON ROADWAY,CLOUDY,ICE/FROST,DAYLIGHT,POSSIBLE INJURY ACCIDENT,REAR-END,45.74856942,-111.1850704
C000085N,005+0.337,,GALLATIN,January,2015,7:44,MON,NON-JUNCTION,ON ROADWAY,CLOUDY,ICE/FROST,DAYLIGHT,NON-INJURY ACCIDENT (PROPERTY- DAMAGE-ONLY ACCIDENT),"SIDESWIPE, OPPOSITE DIRECTION",45.74895333,-111.185275
C000085N,005+0.337,,GALLATIN,August,2016,7:26,FRI,NON-JUNCTION,ON ROADWAY,CLOUDY,DRY,DAYLIGHT,INCAPACITATING INJURY ACCIDENT,OTHER,45.74897677,-111.1853042
C000085N,005+0.356,NOT IN CITY LIMITS,GALLATIN,DECEMBER,2017,4:55,MON,NON-JUNCTION,ROADSIDE RIGHT,CLOUDY,ICE/FROST,DARK-NOT LIGHTED,NON-INJURY ACCIDENT (PROPERTY- DAMAGE-ONLY ACCIDENT),ROLL OVER,45.74927915,-111.1852879
C000085N,005+0.362,NOT IN CITY LIMITS,GALLATIN,MARCH,2017,15:50,TUE,NON-JUNCTION,ON ROADWAY,CLOUDY,DRY,DAYLIGHT,NON-INJURY ACCIDENT (PROPERTY- DAMAGE-ONLY ACCIDENT),REAR-END,45.74933686,-111.1852983
C000085N,005+0.400,,GALLATIN,October,2015,15:50,TUE,INTERSECTION-RELATED,ON ROADWAY,CLEAR,DRY,DAYLIGHT,POSSIBLE INJURY ACCIDENT,REAR-END,45.74985982,-111.1852505
C000085N,005+0.418,,GALLATIN,June,2015,18:35,TUE,NON-JUNCTION,ON ROADWAY,RAIN,WET,DAYLIGHT,NON-INJURY ACCIDENT (PROPERTY- DAMAGE-ONLY ACCIDENT),REAR-END,45.75014833,-111.1852933
C000085N,005+0.424,,GALLATIN,November,2015,16:00,THU,INTERSECTION,ON ROADWAY,CLOUDY,DRY,DAYLIGHT,POSSIBLE INJURY ACCIDENT,REAR-END,45.75024654,-111.1852657
C000085N,005+0.430,,GALLATIN,November,2013,17:05,MON,INTERSECTION,ON ROADWAY,CLEAR,DRY,DAYLIGHT,NON-INJURY ACCIDENT (PROPERTY- DAMAGE-ONLY ACCIDENT),RIGHT ANGLE,45.75044772,-111.1852548
C000085N,005+0.480,NOT IN CITY LIMITS,GALLATIN,JANUARY,2017,16:15,THU,NON-JUNCTION,ON ROADWAY,CLEAR,DRY,DAYLIGHT,NON-INJURY ACCIDENT (PROPERTY- DAMAGE-ONLY ACCIDENT),REAR-END,45.75107334,-111.1852783
C000085N,005+0.511,,GALLATIN,May,2014,8:45,WED,DRIVEWAY/ALLEY ACCESS RELATED,ON ROADWAY,CLEAR,DRY,DAYLIGHT,INCAPACITATING INJURY ACCIDENT,RIGHT ANGLE,45.75148598,-111.1851183
C000085N,005+0.517,,GALLATIN,September,2014,21:00,SAT,DRIVEWAY/ALLEY ACCESS RELATED,ON ROADWAY,CLOUDY,DRY,DARK-LIGHTED,NON-INCAPACITATING EVIDENT INJURY ACCIDENT,RIGHT ANGLE,45.75157818,-111.1852412
C000085N,005+0.540,,GALLATIN,February,2013,11:55,SAT,INTERSECTION-RELATED,ON ROADWAY,CLOUDY,DRY,DAYLIGHT,NON-INCAPACITATING EVIDENT INJURY ACCIDENT,REAR-END,45.75205964,-111.1852548
C000085N,005+0.570,,GALLATIN,August,2013,8:05,MON,INTERSECTION-RELATED,ON ROADWAY,CLOUDY,DRY,DAYLIGHT,INCAPACITATING INJURY ACCIDENT,REAR-END,45.75241143,-111.1853027
C000085N,005+0.573,,GALLATIN,November,2014,17:24,WED,INTERSECTION,ON ROADWAY,CLOUDY,ICE/FROST,DARK-NOT LIGHTED,NON-INCAPACITATING EVIDENT INJURY ACCIDENT,REAR-END,45.75238,-111.18521
C000085N,005+0.573,NOT IN CITY LIMITS,GALLATIN,APRIL,2017,17:30,THU,DRIVEWAY/ALLEY ACCESS RELATED,ON ROADWAY,CLOUDY,DRY,DAYLIGHT,NON-INCAPACITATING EVIDENT INJURY ACCIDENT,REAR-END,45.75238,-111.18521
C000085N,005+0.579,,GALLATIN,October,2015,2:35,MON,NON-JUNCTION,ROADSIDE RIGHT,CLEAR,DRY,DARK-NOT LIGHTED,NON-INCAPACITATING EVIDENT INJURY ACCIDENT,ROLL OVER,45.75246608,-111.185091
C000085N,005+0.579,,GALLATIN,December,2016,17:50,TUE,INTERSECTION-RELATED,ON ROADWAY,CLOUDY,ICE/FROST,DARK-NOT LIGHTED,NON-INJURY ACCIDENT (PROPERTY- DAMAGE-ONLY ACCIDENT),REAR-END,45.75251386,-111.1852412
C000085N,005+0.610,,GALLATIN,November,2013,6:20,MON,NON-JUNCTION,ROADSIDE RIGHT,SNOW,ICE/FROST,DARK-NOT LIGHTED,POSSIBLE INJURY ACCIDENT,ROLL OVER,45.75290333,-111.1853017
C000085N,005+0.610,,GALLATIN,June,2013,16:30,THU,NON-JUNCTION,ON ROADWAY,RAIN,WET,DAYLIGHT,POSSIBLE INJURY ACCIDENT,REAR-END,45.75291007,-111.1851934
C000085N,005+0.628,NOT IN CITY LIMITS,GALLATIN,JUNE,2017,16:00,FRI,INTERSECTION-RELATED,ON ROADWAY,CLOUDY,DRY,DAYLIGHT,POSSIBLE INJURY ACCIDENT,REAR-END,45.75320602,-111.1853119
C000085N,005+0.641,NOT IN CITY LIMITS,GALLATIN,AUGUST,2017,18:13,WED,INTERSECTION-RELATED,ON ROADWAY,CLEAR,DRY,DAYLIGHT,INCAPACITATING INJURY ACCIDENT,REAR-END,45.7533989,-111.1852951
C000085N,005+0.647,,GALLATIN,May,2014,15:05,TUE,INTERSECTION,ON ROADWAY,CLEAR,DRY,DAYLIGHT,NON-INCAPACITATING EVIDENT INJURY ACCIDENT,BICYCLE,45.75350082,-111.1851387
C000085N,005+0.647,,GALLATIN,March,2014,10:00,THU,DRIVEWAY/ALLEY ACCESS RELATED,ON ROADWAY,RAIN,WET,DAYLIGHT,UNKNOWN,"SIDESWIPE, SAME DIRECTION",45.75345648,-111.1853095
C000085N,005+0.647,,GALLATIN,July,2014,12:20,WED,DRIVEWAY/ALLEY ACCESS RELATED,ON ROADWAY,CLEAR,DRY,DAYLIGHT,NON-INJURY ACCIDENT (PROPERTY- DAMAGE-ONLY ACCIDENT),REAR-END,45.75345625,-111.1846693
C000085N,005+0.666,NOT IN CITY LIMITS,GALLATIN,DECEMBER,2017,11:55,SUN,DRIVEWAY/ALLEY ACCESS RELATED,ON ROADWAY,SNOW,SNOW,DAYLIGHT,NON-INJURY ACCIDENT (PROPERTY- DAMAGE-ONLY ACCIDENT),REAR-END,45.75369644,-111.1853333
C000085N,005+0.678,,GALLATIN,June,2015,17:00,TUE,INTERSECTION-RELATED,ON ROADWAY,CLOUDY,DRY,DAYLIGHT,NON-INJURY ACCIDENT (PROPERTY- DAMAGE-ONLY ACCIDENT),REAR-END,45.75396191,-111.1851866
C000085N,005+0.697,,GALLATIN,September,2014,16:20,FRI,NON-JUNCTION,ON ROADWAY,CLOUDY,DRY,DAYLIGHT,NON-INJURY ACCIDENT (PROPERTY- DAMAGE-ONLY ACCIDENT),REAR-END,45.75421798,-111.1853505
C000085N,005+0.705,BELGRADE,GALLATIN,April,2013,14:00,THU,INTERSECTION,ON ROADWAY,CLEAR,DRY,DAYLIGHT,NON-INJURY ACCIDENT (PROPERTY- DAMAGE-ONLY ACCIDENT),"LEFT TURN, OPPOSITE DIRECTION",45.75539891,-111.1852508