MDT_CORRIDOR_ID,SMS_REFPOST_OFFSET,CITY,COUNTY,Month,Year,SMS_TIME,SMT_CRASH_OCC_DAY_OF_WEEK,JUNCTION_RELATED,ROADWAY_RELATED,WEATHER_COND,ROAD_COND,LIGHT_COND,CRASH_SEVERITY,COLLISION_TYPE,LATITUDE,LONGITUDE
C000085N,005+0.705,,GALLATIN,July,2013,12:20,FRI,INTERSECTION,ON ROADWAY,CLEAR,DRY,DAYLIGHT,NON-INJURY ACCIDENT (PROPERTY- DAMAGE-ONLY ACCIDENT),"LEFT TURN, OPPOSITE DIRECTION",45.75539891,-111.1852508
C000085N,005+0.716,NOT IN CITY LIMITS,GALLATIN,FEBRUARY,2017,7:36,FRI,INTERSECTION-RELATED,ON ROADWAY,CLEAR,DRY,DAYLIGHT,NON-INJURY ACCIDENT (PROPERTY- DAMAGE-ONLY ACCIDENT),REAR-END,45.75443,-111.18522
C000085N,005+0.777,,GALLATIN,January,2015,7:00,WED,NON-JUNCTION,ON ROADWAY,CLEAR,DRY,DARK-NOT LIGHTED,NON-INJURY ACCIDENT (PROPERTY- DAMAGE-ONLY ACCIDENT),WILD ANIMAL,45.75536546,-111.1852617
C000085N,005+0.783,,GALLATIN,December,2016,12:50,THU,INTERSECTION-RELATED,ON ROADWAY,SNOW,SNOW,DAYLIGHT,NON-INJURY ACCIDENT (PROPERTY- DAMAGE-ONLY ACCIDENT),REAR-END,45.755444,-111.1852412
C000085N,005+0.802,,GALLATIN,June,2016,12:40,MON,INTERSECTION-RELATED,ON ROADWAY,CLEAR,DRY,DAYLIGHT,NON-INJURY ACCIDENT (PROPERTY- DAMAGE-ONLY ACCIDENT),REAR-END,45.75571038,-111.1852617
C000085N,005+0.808,BELGRADE,GALLATIN,December,2014,8:50,TUE,INTERSECTION-RELATED,ON ROADWAY,CLEAR,ICE/FROST,DAYLIGHT,NON-INJURY ACCIDENT (PROPERTY- DAMAGE-ONLY ACCIDENT),REAR-END,45.75576846,-111.185371
C000085N,005+0.840,,GALLATIN,July,2016,17:25,MON,NON-JUNCTION,ON ROADWAY,CLOUDY,DRY,DAYLIGHT,NON-INJURY ACCIDENT (PROPERTY- DAMAGE-ONLY ACCIDENT),REAR-END,45.75630809,-111.185289
C000085N,005+0.853,,GALLATIN,May,2015,17:30,THU,DRIVEWAY/ALLEY ACCESS RELATED,ON ROADWAY,RAIN,WET,DAYLIGHT,NON-INJURY ACCIDENT (PROPERTY- DAMAGE-ONLY ACCIDENT),REAR-END,45.75643,-111.1852
C000085N,005+0.920,,GALLATIN,January,2015,14:15,FRI,NON-JUNCTION,ON ROADWAY,CLEAR,DRY,DAYLIGHT,NON-INJURY ACCIDENT (PROPERTY- DAMAGE-ONLY ACCIDENT),REAR-END,45.75741459,-111.185289
C000085N,005+0.939,NOT IN CITY LIMITS,GALLATIN,AUGUST,2017,15:34,WED,INTERSECTION,ON ROADWAY,CLOUDY,DRY,DAYLIGHT,NON-INJURY ACCIDENT (PROPERTY- DAMAGE-ONLY ACCIDENT),RIGHT ANGLE,45.75772264,-111.185151
C000085N,005+0.951,,GALLATIN,November,2014,7:25,WED,NON-JUNCTION,ON ROADWAY,CLEAR,ICE/FROST,DAYLIGHT,NON-INJURY ACCIDENT (PROPERTY- DAMAGE-ONLY ACCIDENT),REAR-END,45.75786054,-111.1853766
C000085N,005+0.951,,GALLATIN,November,2016,7:56,THU,NON-JUNCTION,ON ROADWAY,CLEAR,DRY,DUSK,NON-INJURY ACCIDENT (PROPERTY- DAMAGE-ONLY ACCIDENT),REAR-END,45.75790549,-111.1853222
C000085N,005+0.964,BELGRADE,GALLATIN,December,2016,19:15,TUE,INTERSECTION,ON ROADWAY,CLEAR,SLUSH,DARK-LIGHTED,NON-INJURY ACCIDENT (PROPERTY- DAMAGE-ONLY ACCIDENT),"SIDESWIPE, SAME DIRECTION",45.75804909,-111.1852224
C000085N,005+0.964,NOT IN CITY LIMITS,GALLATIN,JANUARY,2017,7:30,TUE,NON-JUNCTION,ROADSIDE RIGHT,SNOW,SNOW,DAYLIGHT,NON-INJURY ACCIDENT (PROPERTY- DAMAGE-ONLY ACCIDENT),ROLL OVER,45.75840866,-111.185262
C000085N,005+0.976,BELGRADE,GALLATIN,September,2014,11:00,FRI,NON-JUNCTION,SHOULDER,CLEAR,DRY,DAYLIGHT,NON-INJURY ACCIDENT (PROPERTY- DAMAGE-ONLY ACCIDENT),FIXED OBJECT,45.7582444,-111.1854734
C000085N,005+0.976,NOT IN CITY LIMITS,GALLATIN,OCTOBER,2017,12:35,WED,NON-JUNCTION,ON ROADWAY,CLOUDY,DRY,DAYLIGHT,POSSIBLE INJURY ACCIDENT,REAR-END,45.75826493,-111.1853027
C000085N,005+0.989,,GALLATIN,October,2014,9:10,SUN,NON-JUNCTION,ON ROADWAY,CLEAR,DRY,DAYLIGHT,NON-INJURY ACCIDENT (PROPERTY- DAMAGE-ONLY ACCIDENT),RIGHT ANGLE,45.75840147,-111.1852412
C000085N,005+0.989,,GALLATIN,August,2015,8:35,TUE,INTERSECTION-RELATED,ON ROADWAY,CLEAR,DRY,DAYLIGHT,NON-INJURY ACCIDENT (PROPERTY- DAMAGE-ONLY ACCIDENT),"LEFT TURN, SAME DIRECTION",45.75843811,-111.1851699
C000085N,005+0.989,BELGRADE,GALLATIN,February,2015,16:25,WED,INTERSECTION,ON ROADWAY,CLOUDY,DRY,DAYLIGHT,NON-INJURY ACCIDENT (PROPERTY- DAMAGE-ONLY ACCIDENT),HEAD ON,45.75839125,-111.185248
C000085N,005+0.989,BELGRADE,GALLATIN,September,2016,19:54,TUE,INTERSECTION,ON ROADWAY,CLEAR,DRY,DUSK,NON-INJURY ACCIDENT (PROPERTY- DAMAGE-ONLY ACCIDENT),"LEFT TURN, OPPOSITE DIRECTION",45.75840742,-111.185249
C000085N,005+0.989,BELGRADE,GALLATIN,October,2016,16:50,WED,INTERSECTION,ON ROADWAY,CLEAR,DRY,DAYLIGHT,NON-INJURY ACCIDENT (PROPERTY- DAMAGE-ONLY ACCIDENT),RIGHT ANGLE,45.75842152,-111.1852604
C000085N,005+0.989,BELGRADE,GALLATIN,August,2016,20:48,FRI,INTERSECTION,ON ROADWAY,CLEAR,DRY,DUSK,NON-INJURY ACCIDENT (PROPERTY- DAMAGE-ONLY ACCIDENT),HEAD ON,45.7583961,-111.1852515
C000085N,005+0.989,,GALLATIN,January,2016,6:52,THU,INTERSECTION,ON ROADWAY,CLOUDY,SNOW,DARK-LIGHTED,POSSIBLE INJURY ACCIDENT,RIGHT ANGLE,45.7584,-111.18524
C000085N,005+0.989,BELGRADE,GALLATIN,November,2016,16:06,TUE,INTERSECTION,ON ROADWAY,CLEAR,DRY,DAYLIGHT,NON-INJURY ACCIDENT (PROPERTY- DAMAGE-ONLY ACCIDENT),"LEFT TURN, OPPOSITE DIRECTION",45.75839963,-111.1852366
C000085N,005+0.994,BELGRADE,GALLATIN,November,2015,6:44,MON,THROUGH ROADWAY,ON ROADWAY,SNOW,SNOW,DARK-NOT LIGHTED,POSSIBLE INJURY ACCIDENT,HEAD ON,45.75850377,-111.1853128
C000085N,005+0.994,BELGRADE,GALLATIN,DECEMBER,2017,4:52,THU,NON-JUNCTION,OUTSIDE RIGHT-OF-WAY (TRAFFICWAY),"FOG, SMOG, SMOKE",SNOW,DARK-LIGHTED,NON-INJURY ACCIDENT (PROPERTY- DAMAGE-ONLY ACCIDENT),FIXED OBJECT,45.7584987,-111.1851694
C000085N,005+0.994,BELGRADE,GALLATIN,FEBRUARY,2017,8:54,THU,INTERSECTION,ON ROADWAY,CLEAR,DRY,DAYLIGHT,NON-INJURY ACCIDENT (PROPERTY- DAMAGE-ONLY ACCIDENT),RIGHT ANGLE,45.75840866,-111.185262
C000085N,005+1.000,,GALLATIN,April,2013,13:20,WED,INTERSECTION,ON ROADWAY,CLEAR,DRY,DAYLIGHT,NON-INJURY ACCIDENT (PROPERTY- DAMAGE-ONLY ACCIDENT),"LEFT TURN, OPPOSITE DIRECTION",45.758595,-111.1853983
C000085N,006+0.005,BELGRADE,GALLATIN,MAY,2017,14:15,SAT,NON-JUNCTION,ON ROADWAY,CLEAR,DRY,DAYLIGHT,NON-INJURY ACCIDENT (PROPERTY- DAMAGE-ONLY ACCIDENT),"SIDESWIPE, SAME DIRECTION",45.75873416,-111.1852186
C000085N,006+0.024,BELGRADE,GALLATIN,DECEMBER,2017,17:30,SAT,NON-JUNCTION,ROADSIDE RIGHT,CLEAR,ICE/FROST,DARK-LIGHTED,NON-INJURY ACCIDENT (PROPERTY- DAMAGE-ONLY ACCIDENT),FIXED OBJECT,45.75907799,-111.1852099
C000085N,006+0.042,,GALLATIN,May,2016,9:25,THU,DRIVEWAY/ALLEY ACCESS RELATED,ON ROADWAY,CLOUDY,DRY,DAYLIGHT,NON-INJURY ACCIDENT (PROPERTY- DAMAGE-ONLY ACCIDENT),FIXED OBJECT,45.75930655,-111.1853641
C000085N,006+0.042,NOT IN CITY LIMITS,GALLATIN,DECEMBER,2017,0:00,WED,DRIVEWAY/ALLEY ACCESS RELATED,IN PARKING LANE OR ZONE,CLOUDY,ICE/FROST,DARK-NOT LIGHTED,UNKNOWN,PARKED VEHICLE,45.75934027,-111.18591
C000085N,006+0.073,,GALLATIN,July,2016,2:30,FRI,NON-JUNCTION,ROADSIDE RIGHT,CLEAR,DRY,DARK-LIGHTED,NON-INJURY ACCIDENT (PROPERTY- DAMAGE-ONLY ACCIDENT),FIXED OBJECT,45.75974702,-111.1857808
C000085N,006+0.123,BELGRADE,GALLATIN,JUNE,2017,8:00,THU,NON-JUNCTION,ON ROADWAY,CLEAR,DRY,DAYLIGHT,NON-INJURY ACCIDENT (PROPERTY- DAMAGE-ONLY ACCIDENT),REAR-END,45.76043896,-111.1852746
C000085N,006+0.172,BELGRADE,GALLATIN,September,2015,17:48,THU,INTERSECTION-RELATED,ON ROADWAY,CLEAR,DRY,DAYLIGHT,NON-INJURY ACCIDENT (PROPERTY- DAMAGE-ONLY ACCIDENT),"SIDESWIPE, SAME DIRECTION",45.76120441,-111.185113
C000085N,006+0.207,BELGRADE,GALLATIN,December,2013,16:40,WED,INTERSECTION,ON ROADWAY,SNOW,ICE/FROST,DARK-LIGHTED,NON-INJURY ACCIDENT (PROPERTY- DAMAGE-ONLY ACCIDENT),RIGHT ANGLE,45.76295347,-111.1851666
C000085N,006+0.207,BELGRADE,GALLATIN,December,2013,11:30,FRI,INTERSECTION-RELATED,ON ROADWAY,SNOW,ICE/FROST,DAYLIGHT,NON-INJURY ACCIDENT (PROPERTY- DAMAGE-ONLY ACCIDENT),REAR-END,45.76295347,-111.1851666
C000085N,006+0.207,BELGRADE,GALLATIN,December,2013,17:05,MON,INTERSECTION,ON ROADWAY,CLEAR,SNOW,DUSK,NON-INJURY ACCIDENT (PROPERTY- DAMAGE-ONLY ACCIDENT),RIGHT ANGLE,45.76295347,-111.1851666
C000085N,006+0.207,BELGRADE,GALLATIN,November,2013,10:45,WED,INTERSECTION-RELATED,ON ROADWAY,SNOW,WET,DAYLIGHT,NON-INJURY ACCIDENT (PROPERTY- DAMAGE-ONLY ACCIDENT),REAR-END,45.76295347,-111.1851666
C000085N,006+0.207,,GALLATIN,August,2013,18:40,FRI,INTERSECTION-RELATED,ON ROADWAY,CLEAR,DRY,DAYLIGHT,NON-INJURY ACCIDENT (PROPERTY- DAMAGE-ONLY ACCIDENT),REAR-END,45.76295347,-111.1851666
C000085N,006+0.207,,GALLATIN,June,2013,15:30,SUN,INTERSECTION,ON ROADWAY,CLEAR,DRY,DAYLIGHT,NON-INJURY ACCIDENT (PROPERTY- DAMAGE-ONLY ACCIDENT),REAR-END,45.76295347,-111.1851666
C000085N,006+0.207,BELGRADE,GALLATIN,April,2013,12:00,THU,INTERSECTION-RELATED,ON ROADWAY,CLOUDY,DRY,DAYLIGHT,NON-INJURY ACCIDENT (PROPERTY- DAMAGE-ONLY ACCIDENT),REAR-END,45.76295347,-111.1851666
C000085N,006+0.207,BELGRADE,GALLATIN,February,2013,8:15,TUE,INTERSECTION-RELATED,ON ROADWAY,CLEAR,DRY,DAYLIGHT,NON-INJURY ACCIDENT (PROPERTY- DAMAGE-ONLY ACCIDENT),REAR-END,45.76295347,-111.1851666
C000085N,006+0.207,BELGRADE,GALLATIN,February,2013,18:15,THU,INTERSECTION-RELATED,ON ROADWAY,CLEAR,DRY,DAYLIGHT,NON-INJURY ACCIDENT (PROPERTY- DAMAGE-ONLY ACCIDENT),REAR-END,45.76295347,-111.1851666
C000085N,006+0.295,BELGRADE,GALLATIN,May,2014,11:15,WED,INTERSECTION-RELATED,ON ROADWAY,CLEAR,DRY,DAYLIGHT,NON-INJURY ACCIDENT (PROPERTY- DAMAGE-ONLY ACCIDENT),"SIDESWIPE, SAME DIRECTION",45.76295347,-111.1851666
C000085N,006+0.295,BELGRADE,GALLATIN,August,2014,14:15,FRI,INTERSECTION,ON ROADWAY,CLEAR,DRY,DAYLIGHT,NON-INJURY ACCIDENT (PROPERTY- DAMAGE-ONLY ACCIDENT),REAR-END,45.76295347,-111.1851666
C000085N,006+0.295,,GALLATIN,July,2015,13:53,FRI,INTERSECTION,ON ROADWAY,CLEAR,DRY,DAYLIGHT,POSSIBLE INJURY ACCIDENT,"LEFT TURN, OPPOSITE DIRECTION",45.76293954,-111.1851991
C000085N,006+0.302,BELGRADE,GALLATIN,March,2016,15:51,MON,THROUGH ROADWAY,ON ROADWAY,CLEAR,DRY,DAYLIGHT,NON-INJURY ACCIDENT (PROPERTY- DAMAGE-ONLY ACCIDENT),REAR-END,45.76307517,-111.1851878
C000085N,006+0.377,BELGRADE,GALLATIN,September,2016,12:30,SUN,DRIVEWAY/ALLEY ACCESS RELATED,ON ROADWAY,RAIN,WET,DAYLIGHT,NON-INJURY ACCIDENT (PROPERTY- DAMAGE-ONLY ACCIDENT),RIGHT ANGLE,45.76417644,-111.1851797
C000085N,006+0.400,BELGRADE,GALLATIN,May,2014,8:45,WED,INTERSECTION-RELATED,ROADSIDE RIGHT,CLEAR,DRY,DAYLIGHT,NON-INJURY ACCIDENT (PROPERTY- DAMAGE-ONLY ACCIDENT),FIXED OBJECT,45.76450407,-111.1851432
C000085N,006+0.400,BELGRADE,GALLATIN,October,2014,22:55,SUN,INTERSECTION-RELATED,SHOULDER,CLOUDY,DRY,DARK-LIGHTED,NON-INJURY ACCIDENT (PROPERTY- DAMAGE-ONLY ACCIDENT),FIXED OBJECT,45.76450407,-111.1851432
C000085N,006+0.400,BELGRADE,GALLATIN,December,2014,9:20,MON,INTERSECTION,ON ROADWAY,CLEAR,SNOW,DAYLIGHT,NON-INJURY ACCIDENT (PROPERTY- DAMAGE-ONLY ACCIDENT),"SIDESWIPE, SAME DIRECTION",45.76450407,-111.1851432
C000085N,006+0.400,BELGRADE,GALLATIN,JANUARY,2017,6:30,TUE,NON-JUNCTION,ON ROADWAY,CLEAR,DRY,DARK-LIGHTED,NON-INJURY ACCIDENT (PROPERTY- DAMAGE-ONLY ACCIDENT),REAR-END,45.76450407,-111.1851432
C000085N,006+0.411,BELGRADE,GALLATIN,May,2016,17:05,THU,DRIVEWAY/ALLEY ACCESS RELATED,SHOULDER,CLEAR,DRY,DAYLIGHT,NON-INJURY ACCIDENT (PROPERTY- DAMAGE-ONLY ACCIDENT),FIXED OBJECT,45.76460132,-111.1853991
C000085N,006+0.411,BELGRADE,GALLATIN,JULY,2017,11:55,TUE,NON-JUNCTION,ON ROADWAY,CLEAR,DRY,DAYLIGHT,NON-INJURY ACCIDENT (PROPERTY- DAMAGE-ONLY ACCIDENT),REAR-END,45.76472497,-111.1852146
C000085N,006+0.411,BELGRADE,GALLATIN,JUNE,2017,18:37,MON,INTERSECTION-RELATED,ON ROADWAY,CLEAR,DRY,DAYLIGHT,NON-INJURY ACCIDENT (PROPERTY- DAMAGE-ONLY ACCIDENT),REAR-END,45.76458545,-111.1851413
C000085N,006+0.426,BELGRADE,GALLATIN,October,2015,17:13,SAT,INTERSECTION-RELATED,ON ROADWAY,CLEAR,DRY,DAYLIGHT,NON-INJURY ACCIDENT (PROPERTY- DAMAGE-ONLY ACCIDENT),"SIDESWIPE, SAME DIRECTION",45.7648979,-111.1851841
C000085N,006+0.475,BELGRADE,GALLATIN,September,2015,16:20,FRI,ACCELERATION/DECELERATION LANE,ON ROADWAY,CLEAR,DRY,DAYLIGHT,POSSIBLE INJURY ACCIDENT,REAR-END,45.7656901,-111.1850978
C000085N,006+0.475,BELGRADE,GALLATIN,July,2016,17:41,THU,INTERSECTION-RELATED,ON ROADWAY,CLEAR,DRY,DAYLIGHT,NON-INJURY ACCIDENT (PROPERTY- DAMAGE-ONLY ACCIDENT),REAR-END,45.76561047,-111.185034
C000085N,006+0.475,BELGRADE,GALLATIN,MARCH,2017,6:25,WED,INTERSECTION-RELATED,ON ROADWAY,CLOUDY,DRY,DARK-LIGHTED,NON-INCAPACITATING EVIDENT INJURY ACCIDENT,RIGHT ANGLE,45.76569718,-111.1852792
C000085N,006+0.475,BELGRADE,GALLATIN,OCTOBER,2017,14:24,FRI,NON-JUNCTION,ON ROADWAY,CLEAR,DRY,DAYLIGHT,NON-INJURY ACCIDENT (PROPERTY- DAMAGE-ONLY ACCIDENT),REAR-END,37.69,-97.34
C000085N,006+0.494,BELGRADE,GALLATIN,December,2013,13:43,MON,INTERSECTION-RELATED,ON ROADWAY,CLOUDY,DRY,DAYLIGHT,NON-INJURY ACCIDENT (PROPERTY- DAMAGE-ONLY ACCIDENT),REAR-END,45.76586544,-111.1851566
C000085N,006+0.495,BELGRADE,GALLATIN,March,2014,7:30,TUE,INTERSECTION-RELATED,ON ROADWAY,CLOUDY,ICE/FROST,DAYLIGHT,NON-INJURY ACCIDENT (PROPERTY- DAMAGE-ONLY ACCIDENT),REAR-END,45.76586544,-111.1851566
C000085N,006+0.495,BELGRADE,GALLATIN,April,2014,6:25,MON,INTERSECTION,ON ROADWAY,CLEAR,DRY,DAWN,NON-INJURY ACCIDENT (PROPERTY- DAMAGE-ONLY ACCIDENT),HEAD ON,45.76586544,-111.1851566
C000085N,006+0.495,BELGRADE,GALLATIN,May,2014,12:24,SAT,INTERSECTION,ON ROADWAY,CLEAR,DRY,DAYLIGHT,POSSIBLE INJURY ACCIDENT,RIGHT ANGLE,45.76586544,-111.1851566
C000085N,006+0.495,BELGRADE,GALLATIN,March,2014,12:20,TUE,INTERSECTION-RELATED,ON ROADWAY,CLOUDY,DRY,DAYLIGHT,NON-INJURY ACCIDENT (PROPERTY- DAMAGE-ONLY ACCIDENT),REAR-END,45.76586544,-111.1851566
C000085N,006+0.495,BELGRADE,GALLATIN,May,2014,17:50,WED,INTERSECTION-RELATED,ON ROADWAY,CLEAR,DRY,DAYLIGHT,NON-INJURY ACCIDENT (PROPERTY- DAMAGE-ONLY ACCIDENT),REAR-END,45.76586544,-111.1851566
C000085N,006+0.495,BELGRADE,GALLATIN,March,2014,9:05,TUE,INTERSECTION-RELATED,ON ROADWAY,CLOUDY,ICE/FROST,DAYLIGHT,NON-INJURY ACCIDENT (PROPERTY- DAMAGE-ONLY ACCIDENT),"SIDESWIPE, OPPOSITE DIRECTION",45.76586544,-111.1851566
C000085N,006+0.495,BELGRADE,GALLATIN,June,2014,15:45,FRI,INTERSECTION,ON ROADWAY,RAIN,WET,DAYLIGHT,NON-INJURY ACCIDENT (PROPERTY- DAMAGE-ONLY ACCIDENT),REAR-END,45.76586544,-111.1851566
C000085N,006+0.495,BELGRADE,GALLATIN,June,2014,15:32,THU,INTERSECTION,ON ROADWAY,CLEAR,DRY,DAYLIGHT,NON-INJURY ACCIDENT (PROPERTY- DAMAGE-ONLY ACCIDENT),REAR-END,45.76586544,-111.1851566
C000085N,006+0.495,BELGRADE,GALLATIN,August,2014,15:00,SAT,INTERSECTION,ON ROADWAY,RAIN,WET,DAYLIGHT,NON-INJURY ACCIDENT (PROPERTY- DAMAGE-ONLY ACCIDENT),REAR-END,45.76586544,-111.1851566
C000085N,006+0.495,BELGRADE,GALLATIN,November,2014,14:55,SAT,INTERSECTION-RELATED,ON ROADWAY,BLOWING SNOW,ICE/FROST,DAYLIGHT,NON-INJURY ACCIDENT (PROPERTY- DAMAGE-ONLY ACCIDENT),REAR-END,45.76586544,-111.1851566
C000085N,006+0.495,BELGRADE,GALLATIN,November,2014,19:30,THU,INTERSECTION,ON ROADWAY,CLEAR,DRY,DUSK,NON-INJURY ACCIDENT (PROPERTY- DAMAGE-ONLY ACCIDENT),"SIDESWIPE, OPPOSITE DIRECTION",45.76586544,-111.1851566
C000085N,006+0.495,BELGRADE,GALLATIN,November,2014,19:15,SAT,INTERSECTION-RELATED,ON ROADWAY,CLEAR,SNOW,DARK-LIGHTED,NON-INJURY ACCIDENT (PROPERTY- DAMAGE-ONLY ACCIDENT),REAR-END,45.76586544,-111.1851566
C000085N,006+0.495,BELGRADE,GALLATIN,December,2014,14:00,MON,INTERSECTION-RELATED,ON ROADWAY,CLEAR,DRY,DAYLIGHT,NON-INJURY ACCIDENT (PROPERTY- DAMAGE-ONLY ACCIDENT),REAR-END,45.76586544,-111.1851566
C000085N,006+0.495,BELGRADE,GALLATIN,November,2014,14:25,SAT,INTERSECTION,ON ROADWAY,SNOW,SNOW,DAYLIGHT,NON-INJURY ACCIDENT (PROPERTY- DAMAGE-ONLY ACCIDENT),REAR-END,45.76586544,-111.1851566
C000085N,006+0.495,BELGRADE,GALLATIN,December,2014,20:00,FRI,INTERSECTION,ON ROADWAY,"FOG, SMOG, SMOKE",ICE/FROST,DARK-LIGHTED,POSSIBLE INJURY ACCIDENT,"LEFT TURN, OPPOSITE DIRECTION",45.76586544,-111.1851566
C000085N,006+0.495,BELGRADE,GALLATIN,December,2014,17:55,WED,INTERSECTION-RELATED,ON ROADWAY,CLEAR,WET,DARK-LIGHTED,NON-INJURY ACCIDENT (PROPERTY- DAMAGE-ONLY ACCIDENT),REAR-END,45.76586544,-111.1851566
C000085N,006+0.495,BELGRADE,GALLATIN,November,2014,5:57,WED,INTERSECTION,ON ROADWAY,SNOW,SNOW,DARK-LIGHTED,NON-INJURY ACCIDENT (PROPERTY- DAMAGE-ONLY ACCIDENT),"LEFT TURN, OPPOSITE DIRECTION",45.76586544,-111.1851566
C000085N,006+0.495,BELGRADE,GALLATIN,April,2015,12:30,SAT,INTERSECTION,ON ROADWAY,CLEAR,DRY,DAYLIGHT,NON-INJURY ACCIDENT (PROPERTY- DAMAGE-ONLY ACCIDENT),HEAD ON,45.76586544,-111.1851566
C000085N,006+0.495,BELGRADE,GALLATIN,April,2015,10:45,THU,INTERSECTION,ON ROADWAY,CLEAR,DRY,DAYLIGHT,NON-INJURY ACCIDENT (PROPERTY- DAMAGE-ONLY ACCIDENT),"RIGHT TURN, SAME DIRECTION",45.76586544,-111.1851566
C000085N,006+0.495,BELGRADE,GALLATIN,August,2015,12:20,FRI,ACCELERATION/DECELERATION LANE,ON ROADWAY,CLEAR,DRY,DAYLIGHT,POSSIBLE INJURY ACCIDENT,REAR-END,45.76581835,-111.1850994
C000085N,006+0.495,,GALLATIN,July,2015,12:14,FRI,INTERSECTION,ON ROADWAY,CLEAR,DRY,DAYLIGHT,POSSIBLE INJURY ACCIDENT,"LEFT TURN, OPPOSITE DIRECTION",45.76588108,-111.1851919
C000085N,006+0.495,BELGRADE,GALLATIN,June,2015,10:54,TUE,INTERSECTION-RELATED,ON ROADWAY,CLEAR,DRY,DAYLIGHT,NON-INJURY ACCIDENT (PROPERTY- DAMAGE-ONLY ACCIDENT),REAR-END,45.76586544,-111.1851566
C000085N,006+0.495,BELGRADE,GALLATIN,January,2015,11:45,SAT,INTERSECTION-RELATED,ON ROADWAY,SNOW,SNOW,DAYLIGHT,NON-INJURY ACCIDENT (PROPERTY- DAMAGE-ONLY ACCIDENT),REAR-END,45.76586544,-111.1851566
C000085N,006+0.495,BELGRADE,GALLATIN,June,2015,10:30,SAT,INTERSECTION-RELATED,ON ROADWAY,CLEAR,DRY,DAYLIGHT,NON-INJURY ACCIDENT (PROPERTY- DAMAGE-ONLY ACCIDENT),REAR-END,45.76586544,-111.1851566
C000085N,006+0.495,BELGRADE,GALLATIN,May,2016,20:00,SAT,INTERSECTION,ON ROADWAY,CLEAR,DRY,DAYLIGHT,NON-INJURY ACCIDENT (PROPERTY- DAMAGE-ONLY ACCIDENT),"LEFT TURN, OPPOSITE DIRECTION",45.76590558,-111.1851418
C000085N,006+0.495,BELGRADE,GALLATIN,May,2016,17:42,THU,INTERSECTION,ON ROADWAY,CLEAR,DRY,DAYLIGHT,NON-INCAPACITATING EVIDENT INJURY ACCIDENT,RIGHT ANGLE,45.76593789,-111.1851849
C000085N,006+0.495,BELGRADE,GALLATIN,DECEMBER,2017,11:58,SUN,INTERSECTION,ON ROADWAY,CLEAR,DRY,DAYLIGHT,NON-INJURY ACCIDENT (PROPERTY- DAMAGE-ONLY ACCIDENT),REAR-END,45.76586544,-111.1851566
C000085N,006+0.495,BELGRADE,GALLATIN,DECEMBER,2017,14:15,MON,INTERSECTION-RELATED,ON ROADWAY,SNOW,SNOW,DAYLIGHT,NON-INJURY ACCIDENT (PROPERTY- DAMAGE-ONLY ACCIDENT),RIGHT ANGLE,45.76586544,-111.1851566
C000085N,006+0.495,BELGRADE,GALLATIN,FEBRUARY,2017,6:10,WED,INTERSECTION,ON ROADWAY,CLOUDY,ICE/FROST,DARK-LIGHTED,NON-INJURY ACCIDENT (PROPERTY- DAMAGE-ONLY ACCIDENT),RIGHT ANGLE,45.76586544,-111.1851566
C000085N,006+0.495,BELGRADE,GALLATIN,JULY,2017,11:12,TUE,INTERSECTION,ON ROADWAY,CLEAR,DRY,DAYLIGHT,NON-INJURY ACCIDENT (PROPERTY- DAMAGE-ONLY ACCIDENT),RIGHT ANGLE,45.76588232,-111.1851115
C000085N,006+0.495,BELGRADE,GALLATIN,JUNE,2017,15:30,FRI,INTERSECTION,ON ROADWAY,CLEAR,DRY,DAYLIGHT,NON-INJURY ACCIDENT (PROPERTY- DAMAGE-ONLY ACCIDENT),REAR-END,45.76591156,-111.1851725
C000085N,006+0.506,BELGRADE,GALLATIN,DECEMBER,2017,11:41,WED,NON-JUNCTION,ON ROADWAY,SNOW,SNOW,DAYLIGHT,NON-INJURY ACCIDENT (PROPERTY- DAMAGE-ONLY ACCIDENT),REAR-END,45.76595824,-111.1852119
C000085N,006+0.525,,GALLATIN,November,2014,14:45,MON,INTERSECTION-RELATED,ROADSIDE RIGHT,SNOW,ICE/FROST,DAYLIGHT,NON-INJURY ACCIDENT (PROPERTY- DAMAGE-ONLY ACCIDENT),FIXED OBJECT,45.76619704,-111.1852186
C000085N,006+0.525,NOT IN CITY LIMITS,GALLATIN,JANUARY,2017,12:28,FRI,INTERSECTION,ON ROADWAY,CLOUDY,WET,DAYLIGHT,NON-INJURY ACCIDENT (PROPERTY- DAMAGE-ONLY ACCIDENT),RIGHT ANGLE,45.76631245,-111.1851382
C000085N,006+0.620,BELGRADE,GALLATIN,April,2013,16:20,MON,INTERSECTION-RELATED,ON ROADWAY,CLOUDY,DRY,DAYLIGHT,NON-INJURY ACCIDENT (PROPERTY- DAMAGE-ONLY ACCIDENT),REAR-END,45.76753729,-111.1851672
C000085N,006+0.623,BELGRADE,GALLATIN,September,2015,13:35,SUN,INTERSECTION,ON ROADWAY,CLEAR,DRY,DAYLIGHT,NON-INJURY ACCIDENT (PROPERTY- DAMAGE-ONLY ACCIDENT),REAR-END,45.7677803,-111.1852493