MDT_CORRIDOR_ID,SMS_REFPOST_OFFSET,CITY,COUNTY,Month,Year,SMS_TIME,SMT_CRASH_OCC_DAY_OF_WEEK,JUNCTION_RELATED,ROADWAY_RELATED,WEATHER_COND,ROAD_COND,LIGHT_COND,CRASH_SEVERITY,COLLISION_TYPE,LATITUDE,LONGITUDE
C000085N,081+0.900,,GALLATIN,June,2014,8:15,MON,INTERSECTION-RELATED,ON ROADWAY,CLOUDY,DRY,DAYLIGHT,NON-INCAPACITATING EVIDENT INJURY ACCIDENT,REAR-END,45.67112,-111.1856
C000085N,081+0.900,,GALLATIN,June,2014,13:35,SUN,DRIVEWAY/ALLEY ACCESS RELATED,ON ROADWAY,CLOUDY,WET,DAYLIGHT,NON-INCAPACITATING EVIDENT INJURY ACCIDENT,RIGHT ANGLE,45.67112,-111.1856
C000086N,000+0.005,BOZEMAN,GALLATIN,September,2015,22:42,SAT,INTERSECTION-RELATED,ROADSIDE RIGHT,CLEAR,DRY,DARK-LIGHTED,POSSIBLE INJURY ACCIDENT,FIXED OBJECT,45.67942227,-111.0319885
C000086N,000+0.005,BOZEMAN,GALLATIN,April,2015,14:15,THU,INTERSECTION-RELATED,ON ROADWAY,CLOUDY,DRY,DAYLIGHT,NON-INJURY ACCIDENT (PROPERTY- DAMAGE-ONLY ACCIDENT),REAR-END,45.67940144,-111.0320344
C000086N,000+0.030,BOZEMAN,GALLATIN,MAY,2017,7:00,SAT,NON-JUNCTION,ON ROADWAY,CLOUDY,DRY,DAWN,NON-INJURY ACCIDENT (PROPERTY- DAMAGE-ONLY ACCIDENT),"SIDESWIPE, OPPOSITE DIRECTION",45.67975639,-111.0320097
C000086N,006+0.582,,GALLATIN,August,2014,8:30,WED,NON-JUNCTION,ON ROADWAY,CLEAR,DRY,DAYLIGHT,NON-INJURY ACCIDENT (PROPERTY- DAMAGE-ONLY ACCIDENT),WILD ANIMAL,45.70292668,-110.9323603
C000086N,000+0.049,BOZEMAN,GALLATIN,July,2016,2:08,SUN,NON-JUNCTION,IN PARKING LANE OR ZONE,CLEAR,DRY,DARK-LIGHTED,NON-INJURY ACCIDENT (PROPERTY- DAMAGE-ONLY ACCIDENT),PEDESTRIAN,45.68009473,-111.0319998
C000086N,000+0.075,BOZEMAN,GALLATIN,March,2013,9:00,SAT,INTERSECTION-RELATED,ON ROADWAY,CLOUDY,DRY,DAYLIGHT,NON-INJURY ACCIDENT (PROPERTY- DAMAGE-ONLY ACCIDENT),REAR-END,45.68043328,-111.0319861
C000086N,000+0.140,BOZEMAN,GALLATIN,October,2013,21:12,THU,INTERSECTION,ON ROADWAY,CLOUDY,DRY,DARK-LIGHTED,INCAPACITATING INJURY ACCIDENT,"LEFT TURN, OPPOSITE DIRECTION",45.68141937,-111.0319672
C000086N,000+0.150,BOZEMAN,GALLATIN,AUGUST,2017,1:45,SAT,INTERSECTION,ON ROADWAY,CLEAR,DRY,DARK-NOT LIGHTED,NON-INJURY ACCIDENT (PROPERTY- DAMAGE-ONLY ACCIDENT),RIGHT ANGLE,45.68149627,-111.0319548
C000086N,000+0.280,BOZEMAN,GALLATIN,September,2016,12:39,FRI,NON-JUNCTION,ON ROADWAY,CLEAR,DRY,DAYLIGHT,POSSIBLE INJURY ACCIDENT,"SIDESWIPE, SAME DIRECTION",45.68336928,-111.0318158
C000086N,000+0.391,BOZEMAN,GALLATIN,April,2016,23:41,SAT,NON-JUNCTION,OUTSIDE RIGHT-OF-WAY (TRAFFICWAY),RAIN,WET,DARK-LIGHTED,POSSIBLE INJURY ACCIDENT,WILD ANIMAL,45.68504771,-111.0317335
C000086N,000+0.398,BOZEMAN,GALLATIN,February,2016,2:00,WED,NON-JUNCTION,IN PARKING LANE OR ZONE,CLEAR,DRY,DARK-LIGHTED,UNKNOWN,REAR-END,45.68510284,-111.0316775
C000086N,000+0.431,BOZEMAN,GALLATIN,March,2013,14:30,FRI,INTERSECTION-RELATED,ON ROADWAY,CLOUDY,DRY,DAYLIGHT,POSSIBLE INJURY ACCIDENT,REAR-END,45.68558014,-111.0316726
C000086N,000+0.431,BOZEMAN,GALLATIN,May,2013,9:15,MON,INTERSECTION,ON ROADWAY,CLEAR,DRY,DAYLIGHT,NON-INCAPACITATING EVIDENT INJURY ACCIDENT,BICYCLE,45.68558014,-111.0316726
C000086N,000+0.431,BOZEMAN,GALLATIN,February,2013,8:54,SUN,INTERSECTION,ON ROADWAY,CLOUDY,ICE/FROST,DAYLIGHT,NON-INCAPACITATING EVIDENT INJURY ACCIDENT,"LEFT TURN, OPPOSITE DIRECTION",45.68558014,-111.0316726
C000086N,000+0.479,BOZEMAN,GALLATIN,March,2014,19:14,MON,UNKNOWN,OFF ROADWAY LOCATION UNKNOWN,CLEAR,WET,DARK-LIGHTED,NON-INJURY ACCIDENT (PROPERTY- DAMAGE-ONLY ACCIDENT),FIXED OBJECT,45.68627369,-111.0315954
C000086N,000+0.529,BOZEMAN,GALLATIN,July,2015,17:45,TUE,DRIVEWAY/ALLEY ACCESS RELATED,ON ROADWAY,CLEAR,DRY,DAYLIGHT,NON-INJURY ACCIDENT (PROPERTY- DAMAGE-ONLY ACCIDENT),RIGHT ANGLE,45.68691262,-111.0316105
C000086N,000+0.646,BOZEMAN,GALLATIN,May,2014,17:06,SAT,INTERSECTION-RELATED,ON ROADWAY,CLEAR,DRY,DAYLIGHT,NON-INJURY ACCIDENT (PROPERTY- DAMAGE-ONLY ACCIDENT),REAR-END,45.68869404,-111.0316673
C000086N,000+0.664,BOZEMAN,GALLATIN,JANUARY,2017,8:31,FRI,INTERSECTION-RELATED,ON ROADWAY,CLEAR,ICE/FROST,DAYLIGHT,NON-INCAPACITATING EVIDENT INJURY ACCIDENT,REAR-END,45.68886845,-111.0316249
C000086N,000+0.846,BOZEMAN,GALLATIN,June,2013,11:49,FRI,INTERSECTION-RELATED,ON ROADWAY,CLOUDY,DRY,DAYLIGHT,NON-INJURY ACCIDENT (PROPERTY- DAMAGE-ONLY ACCIDENT),REAR-END,45.69151986,-111.0315092
C000086N,000+0.900,BOZEMAN,GALLATIN,June,2014,12:05,TUE,DRIVEWAY/ALLEY ACCESS RELATED,ON ROADWAY,CLEAR,DRY,DAYLIGHT,POSSIBLE INJURY ACCIDENT,RIGHT ANGLE,45.69236948,-111.0315995
C000086N,000+0.920,BOZEMAN,GALLATIN,August,2013,21:24,SAT,RAILWAY GRADE CROSSING,ON ROADWAY,CLEAR,DRY,DUSK,NON-INCAPACITATING EVIDENT INJURY ACCIDENT,REAR-END,45.69274068,-111.0315035
C000086N,000+0.993,BOZEMAN,GALLATIN,June,2015,13:08,SAT,RAILWAY GRADE CROSSING,ON ROADWAY,CLEAR,DRY,DAYLIGHT,POSSIBLE INJURY ACCIDENT,REAR-END,45.69368824,-111.0315136
C000086N,001+0.021,BOZEMAN,GALLATIN,November,2014,14:09,SAT,INTERSECTION-RELATED,ON ROADWAY,CLEAR,DRY,DAYLIGHT,NON-INJURY ACCIDENT (PROPERTY- DAMAGE-ONLY ACCIDENT),REAR-END,45.69489503,-111.0314723
C000086N,001+0.021,BOZEMAN,GALLATIN,MAY,2017,21:12,TUE,INTERSECTION-RELATED,ON ROADWAY,CLEAR,DRY,DARK-NOT LIGHTED,POSSIBLE INJURY ACCIDENT,HEAD ON,45.69486225,-111.0314592
C000086N,001+0.189,BOZEMAN,GALLATIN,November,2016,13:30,FRI,OTHER LOCATION,IN PARKING LANE OR ZONE,CLEAR,DRY,DAYLIGHT,NON-INJURY ACCIDENT (PROPERTY- DAMAGE-ONLY ACCIDENT),FIXED OBJECT,45.69734046,-111.0312494
C000086N,001+0.309,BOZEMAN,GALLATIN,December,2016,11:05,SAT,NON-JUNCTION,ON ROADWAY,CLOUDY,SLUSH,DAYLIGHT,NON-INJURY ACCIDENT (PROPERTY- DAMAGE-ONLY ACCIDENT),REAR-END,45.69908513,-111.0316454
C000086N,001+0.506,BOZEMAN,GALLATIN,December,2015,16:15,TUE,NON-JUNCTION,ON ROADWAY,CLEAR,SNOW,DUSK,NON-INJURY ACCIDENT (PROPERTY- DAMAGE-ONLY ACCIDENT),REAR-END,45.70118097,-111.0289408
C000086N,001+0.649,BOZEMAN,GALLATIN,March,2014,15:47,FRI,DRIVEWAY/ALLEY ACCESS RELATED,ON ROADWAY,CLOUDY,DRY,DAYLIGHT,NON-INJURY ACCIDENT (PROPERTY- DAMAGE-ONLY ACCIDENT),REAR-END,45.70243778,-111.0264881
C000086N,001+0.699,BOZEMAN,GALLATIN,May,2014,13:44,MON,INTERSECTION-RELATED,ROADSIDE LEFT,CLEAR,DRY,DAYLIGHT,UNKNOWN,FIXED OBJECT,45.702808,-111.0256037
C000086N,001+0.909,BOZEMAN,GALLATIN,July,2016,10:07,TUE,INTERSECTION,ON ROADWAY,CLOUDY,DRY,DAYLIGHT,NON-INCAPACITATING EVIDENT INJURY ACCIDENT,RIGHT ANGLE,45.70279428,-111.0212217
C000086N,001+0.915,BOZEMAN,GALLATIN,MAY,2017,13:40,SUN,INTERSECTION-RELATED,ON ROADWAY,CLEAR,WET,DAYLIGHT,NON-INCAPACITATING EVIDENT INJURY ACCIDENT,REAR-END,45.70278979,-111.0210746
C000086N,002+0.010,BOZEMAN,GALLATIN,October,2013,14:29,WED,DRIVEWAY/ALLEY ACCESS RELATED,ON ROADWAY,CLOUDY,DRY,DAYLIGHT,POSSIBLE INJURY ACCIDENT,RIGHT ANGLE,45.70275125,-111.0207767
C000086N,002+0.070,BOZEMAN,GALLATIN,November,2013,14:25,FRI,DRIVEWAY/ALLEY ACCESS RELATED,ON ROADWAY,CLEAR,DRY,DAYLIGHT,NON-INJURY ACCIDENT (PROPERTY- DAMAGE-ONLY ACCIDENT),OTHER,45.7027522,-111.0195418
C000086N,002+0.612,BOZEMAN,GALLATIN,August,2014,15:48,FRI,NON-JUNCTION,SHOULDER,CLOUDY,DRY,DAYLIGHT,NON-INCAPACITATING EVIDENT INJURY ACCIDENT,FIXED OBJECT,45.70265298,-111.0083061
C000086N,002+0.891,NOT IN CITY LIMITS,GALLATIN,NOVEMBER,2017,2:30,THU,NON-JUNCTION,ON ROADWAY,CLEAR,DRY,DARK-NOT LIGHTED,NON-INJURY ACCIDENT (PROPERTY- DAMAGE-ONLY ACCIDENT),WILD ANIMAL,45.70366991,-111.002897
C000086N,002+0.971,,GALLATIN,November,2015,11:00,SUN,NON-JUNCTION,OUTSIDE RIGHT-OF-WAY (TRAFFICWAY),CLEAR,WET,DAYLIGHT,NON-INJURY ACCIDENT (PROPERTY- DAMAGE-ONLY ACCIDENT),FIXED OBJECT,45.70353675,-111.0006593
C000086N,003+0.062,NOT IN CITY LIMITS,GALLATIN,JUNE,2017,14:15,SAT,NON-JUNCTION,ON ROADWAY,CLEAR,DRY,DAYLIGHT,NON-INJURY ACCIDENT (PROPERTY- DAMAGE-ONLY ACCIDENT),WILD ANIMAL,45.70534876,-111.0002149
C000086N,003+0.223,,GALLATIN,September,2015,15:25,TUE,NON-JUNCTION,ROADSIDE RIGHT,CLEAR,DRY,DAYLIGHT,NON-INJURY ACCIDENT (PROPERTY- DAMAGE-ONLY ACCIDENT),FIXED OBJECT,45.70683,-110.9977
C000086N,003+0.452,,GALLATIN,December,2015,9:45,FRI,NON-JUNCTION,ON ROADWAY,CLEAR,ICE/FROST,DAYLIGHT,NON-INJURY ACCIDENT (PROPERTY- DAMAGE-ONLY ACCIDENT),FIXED OBJECT,45.70791675,-110.9933179
C000086N,003+0.476,,GALLATIN,July,2016,10:40,WED,NON-JUNCTION,ROADSIDE RIGHT,CLOUDY,DRY,DAYLIGHT,NON-INJURY ACCIDENT (PROPERTY- DAMAGE-ONLY ACCIDENT),FIXED OBJECT,45.70797762,-110.9928279
C000086N,003+0.508,,GALLATIN,February,2016,9:20,SAT,NON-JUNCTION,ON ROADWAY,SNOW,SNOW,DAYLIGHT,NON-INJURY ACCIDENT (PROPERTY- DAMAGE-ONLY ACCIDENT),"SIDESWIPE, OPPOSITE DIRECTION",45.70799918,-110.9921259
C000086N,003+0.582,NOT IN CITY LIMITS,GALLATIN,DECEMBER,2017,16:15,WED,NON-JUNCTION,ROADSIDE RIGHT,SNOW,ICE/FROST,DARK-LIGHTED,NON-INJURY ACCIDENT (PROPERTY- DAMAGE-ONLY ACCIDENT),FIXED OBJECT,45.70796256,-110.9906608
C000086N,003+0.619,,GALLATIN,December,2015,14:30,WED,NON-JUNCTION,ON ROADWAY,RAIN,WET,DAYLIGHT,NON-INJURY ACCIDENT (PROPERTY- DAMAGE-ONLY ACCIDENT),NOT FIXED OBJECT OR DEBRIS,45.70797418,-110.9898568
C000086N,003+0.690,,GALLATIN,March,2013,14:10,SUN,NON-JUNCTION,ON ROADWAY,CLEAR,DRY,DAYLIGHT,NON-INCAPACITATING EVIDENT INJURY ACCIDENT,WILD ANIMAL,45.70797418,-110.9882517
C000086N,003+0.892,,GALLATIN,December,2015,16:45,MON,NON-JUNCTION,ROADSIDE RIGHT,SNOW,SNOW,DUSK,NON-INJURY ACCIDENT (PROPERTY- DAMAGE-ONLY ACCIDENT),ROLL OVER,45.70795717,-110.9842766
C000086N,004+0.016,,GALLATIN,April,2016,18:17,FRI,INTERSECTION-RELATED,ON ROADWAY,CLOUDY,DRY,DAYLIGHT,POSSIBLE INJURY ACCIDENT,REAR-END,45.70793145,-110.9818
C000086N,004+0.016,NOT IN CITY LIMITS,GALLATIN,MARCH,2017,16:00,SUN,NON-JUNCTION,ON ROADWAY,CLOUDY,DRY,DAYLIGHT,NON-INJURY ACCIDENT (PROPERTY- DAMAGE-ONLY ACCIDENT),REAR-END,45.7080604,-110.9818368
C000086N,004+0.080,,GALLATIN,March,2013,19:03,FRI,INTERSECTION-RELATED,ROADSIDE LEFT,CLOUDY,WET,DAYLIGHT,POSSIBLE INJURY ACCIDENT,FIXED OBJECT,45.70817333,-110.9804517
C000086N,004+0.197,,GALLATIN,October,2015,16:00,TUE,DRIVEWAY/ALLEY ACCESS RELATED,ON ROADWAY,CLEAR,DRY,DAYLIGHT,NON-INJURY ACCIDENT (PROPERTY- DAMAGE-ONLY ACCIDENT),REAR-END,45.70883827,-110.9782045
C000086N,004+0.231,NOT IN CITY LIMITS,GALLATIN,MARCH,2017,16:30,WED,NON-JUNCTION,ON ROADWAY,CLOUDY,DRY,DARK-LIGHTED,NON-INJURY ACCIDENT (PROPERTY- DAMAGE-ONLY ACCIDENT),WILD ANIMAL,45.70961119,-110.9773238
C000086N,004+0.265,BOZEMAN,GALLATIN,FEBRUARY,2017,17:15,SAT,NON-JUNCTION,ROADSIDE LEFT,CLOUDY,SNOW,DAYLIGHT,NON-INJURY ACCIDENT (PROPERTY- DAMAGE-ONLY ACCIDENT),OTHER,45.70874023,-110.9769363
C000086N,004+0.271,,GALLATIN,July,2016,17:12,THU,NON-JUNCTION,ON ROADWAY,CLEAR,DRY,DAYLIGHT,NON-INCAPACITATING EVIDENT INJURY ACCIDENT,"SIDESWIPE, OPPOSITE DIRECTION",45.70877584,-110.9767694
C000086N,004+0.314,NOT IN CITY LIMITS,GALLATIN,SEPTEMBER,2017,17:50,WED,DRIVEWAY/ALLEY ACCESS RELATED,ON ROADWAY,CLEAR,DRY,DAYLIGHT,NON-INCAPACITATING EVIDENT INJURY ACCIDENT,REAR-END,45.70832,-110.97608
C000086N,004+0.395,,GALLATIN,June,2014,20:25,THU,NON-JUNCTION,SHOULDER,CLEAR,DRY,DAYLIGHT,NON-INCAPACITATING EVIDENT INJURY ACCIDENT,FIXED OBJECT,45.70767003,-110.9744669
C000086N,004+0.400,,GALLATIN,November,2013,16:50,THU,NON-JUNCTION,SHOULDER,CLEAR,ICE/FROST,DUSK,NON-INJURY ACCIDENT (PROPERTY- DAMAGE-ONLY ACCIDENT),FIXED OBJECT,45.70786661,-110.9744491
C000086N,004+0.407,NOT IN CITY LIMITS,GALLATIN,SEPTEMBER,2017,18:10,FRI,NON-JUNCTION,ON ROADWAY,CLEAR,DRY,DAYLIGHT,NON-INJURY ACCIDENT (PROPERTY- DAMAGE-ONLY ACCIDENT),FIXED OBJECT,45.70802876,-110.9743766
C000086N,004+0.410,,GALLATIN,November,2013,16:35,THU,ENTRANCE/EXIT RAMP,ON ROADWAY,CLOUDY,ICE/FROST,DAYLIGHT,NON-INJURY ACCIDENT (PROPERTY- DAMAGE-ONLY ACCIDENT),PEDESTRIAN,45.70811424,-110.9741951
C000086N,004+0.419,,GALLATIN,January,2014,15:30,WED,NON-JUNCTION,ROADSIDE RIGHT,SNOW,ICE/FROST,DAYLIGHT,NON-INJURY ACCIDENT (PROPERTY- DAMAGE-ONLY ACCIDENT),FIXED OBJECT,45.70809036,-110.97412
C000086N,004+0.463,,GALLATIN,January,2014,13:50,FRI,NON-JUNCTION,ROADSIDE RIGHT,CLOUDY,WET,DAYLIGHT,NON-INJURY ACCIDENT (PROPERTY- DAMAGE-ONLY ACCIDENT),FIXED OBJECT,45.70851681,-110.9735854
C000086N,004+0.482,,GALLATIN,March,2014,14:37,SUN,NON-JUNCTION,SHOULDER,SNOW,SNOW,DAYLIGHT,NON-INJURY ACCIDENT (PROPERTY- DAMAGE-ONLY ACCIDENT),NOT FIXED OBJECT OR DEBRIS,45.7087221,-110.973157
C000086N,004+0.510,,GALLATIN,November,2013,13:40,FRI,NON-JUNCTION,ON ROADWAY,CLEAR,SNOW,DAYLIGHT,NON-INJURY ACCIDENT (PROPERTY- DAMAGE-ONLY ACCIDENT),"SIDESWIPE, SAME DIRECTION",45.708745,-110.9725583
C000086N,004+0.530,,GALLATIN,November,2013,15:40,FRI,NON-JUNCTION,ROADSIDE LEFT,CLEAR,SNOW,DAYLIGHT,NON-INJURY ACCIDENT (PROPERTY- DAMAGE-ONLY ACCIDENT),FIXED OBJECT,45.70882461,-110.9721051
C000086N,004+0.605,,GALLATIN,September,2015,15:23,FRI,NON-JUNCTION,SHOULDER,CLOUDY,DRY,DAYLIGHT,NON-INCAPACITATING EVIDENT INJURY ACCIDENT,ROLL OVER,45.70868,-110.9706
C000086N,004+0.698,,GALLATIN,August,2015,11:44,SAT,NON-JUNCTION,ROADSIDE LEFT,CLOUDY,DRY,DAYLIGHT,NON-INJURY ACCIDENT (PROPERTY- DAMAGE-ONLY ACCIDENT),FIXED OBJECT,45.70847167,-110.9687133
C000086N,005+0.000,,GALLATIN,January,2015,12:30,THU,NON-JUNCTION,ON ROADWAY,RAIN,ICE/FROST,DAYLIGHT,INCAPACITATING INJURY ACCIDENT,HEAD ON,45.7072,-110.96302
C000086N,005+0.000,NOT IN CITY LIMITS,GALLATIN,JANUARY,2017,17:20,THU,NON-JUNCTION,ON ROADWAY,CLOUDY,ICE/FROST,DARK-NOT LIGHTED,NON-INCAPACITATING EVIDENT INJURY ACCIDENT,ROLL OVER,45.7072,-110.96302
C000086N,005+0.018,,GALLATIN,April,2015,12:00,TUE,NON-JUNCTION,ROADSIDE RIGHT,CLOUDY,DRY,DAYLIGHT,NON-INCAPACITATING EVIDENT INJURY ACCIDENT,ROLL OVER,45.7070795,-110.9626316
C000086N,005+0.106,,GALLATIN,May,2015,9:18,THU,NON-JUNCTION,ON ROADWAY,RAIN,WET,DAYLIGHT,NON-INCAPACITATING EVIDENT INJURY ACCIDENT,HEAD ON,45.70628716,-110.9611905
C000086N,005+0.106,,GALLATIN,October,2016,20:25,SAT,NON-JUNCTION,ROADSIDE RIGHT,RAIN,WET,DARK-NOT LIGHTED,NON-INJURY ACCIDENT (PROPERTY- DAMAGE-ONLY ACCIDENT),FIXED OBJECT,45.70632431,-110.9611387
C000086N,005+0.180,,GALLATIN,December,2013,17:15,SAT,NON-JUNCTION,ROADSIDE LEFT,CLOUDY,SNOW,DUSK,NON-INJURY ACCIDENT (PROPERTY- DAMAGE-ONLY ACCIDENT),ROLL OVER,45.70567586,-110.9599201
C000086N,005+0.187,,GALLATIN,December,2014,14:30,SUN,NON-JUNCTION,ON ROADWAY,CLOUDY,SLUSH,DAYLIGHT,NON-INCAPACITATING EVIDENT INJURY ACCIDENT,RIGHT ANGLE,45.70579195,-110.9597971
C000086N,005+0.200,,GALLATIN,December,2013,1:10,THU,NON-JUNCTION,SHOULDER,SNOW,SNOW,DARK-NOT LIGHTED,NON-INJURY ACCIDENT (PROPERTY- DAMAGE-ONLY ACCIDENT),ROLL OVER,45.70566564,-110.9594898
C000086N,005+0.261,,GALLATIN,March,2016,8:10,FRI,NON-JUNCTION,ROADSIDE RIGHT,CLOUDY,ICE/FROST,DAYLIGHT,NON-INJURY ACCIDENT (PROPERTY- DAMAGE-ONLY ACCIDENT),ROLL OVER,45.70563333,-110.9583567
C000086N,005+0.530,,GALLATIN,November,2013,15:53,FRI,NON-JUNCTION,ROADSIDE RIGHT,CLEAR,DRY,DAYLIGHT,POSSIBLE INJURY ACCIDENT,ROLL OVER,45.70644767,-110.9529123
C000086N,005+0.954,NOT IN CITY LIMITS,GALLATIN,AUGUST,2017,14:10,WED,DRIVEWAY/ALLEY ACCESS RELATED,ON ROADWAY,CLEAR,DRY,DAYLIGHT,NON-INJURY ACCIDENT (PROPERTY- DAMAGE-ONLY ACCIDENT),"SIDESWIPE, SAME DIRECTION",45.70536789,-110.944349
C000086N,006+0.118,,GALLATIN,September,2016,12:43,SAT,NON-JUNCTION,ON ROADWAY,CLEAR,DRY,DAYLIGHT,INCAPACITATING INJURY ACCIDENT,ROLL OVER,45.70481491,-110.9416275
C000086N,006+0.768,,GALLATIN,November,2016,5:50,MON,NON-JUNCTION,ROADSIDE LEFT,SNOW,SNOW,DARK-NOT LIGHTED,NON-INJURY ACCIDENT (PROPERTY- DAMAGE-ONLY ACCIDENT),ROLL OVER,45.70277304,-110.9286378
C000086N,006+0.820,,GALLATIN,January,2013,9:15,SAT,NON-JUNCTION,SHOULDER,CLEAR,DRY,DAYLIGHT,NON-INJURY ACCIDENT (PROPERTY- DAMAGE-ONLY ACCIDENT),FIXED OBJECT,45.70321667,-110.92766
C000086N,006+0.843,,GALLATIN,November,2015,20:30,THU,NON-JUNCTION,ROADSIDE LEFT,SNOW,SNOW,DARK-NOT LIGHTED,NON-INJURY ACCIDENT (PROPERTY- DAMAGE-ONLY ACCIDENT),FIXED OBJECT,45.70345576,-110.9275281
C000086N,006+0.880,NOT IN CITY LIMITS,GALLATIN,MARCH,2017,7:30,WED,INTERSECTION-RELATED,ROADSIDE RIGHT,CLOUDY,ICE/FROST,DAWN,NON-INJURY ACCIDENT (PROPERTY- DAMAGE-ONLY ACCIDENT),ROLL OVER,45.70381071,-110.9268193
C000086N,006+0.891,,GALLATIN,April,2016,19:00,MON,NON-JUNCTION,ON ROADWAY,CLOUDY,DRY,DAYLIGHT,NON-INJURY ACCIDENT (PROPERTY- DAMAGE-ONLY ACCIDENT),WILD ANIMAL,45.70399892,-110.9267894
C000086N,006+0.910,,GALLATIN,December,2013,17:45,WED,NON-JUNCTION,ROADSIDE LEFT,CLEAR,DRY,DARK-NOT LIGHTED,NON-INJURY ACCIDENT (PROPERTY- DAMAGE-ONLY ACCIDENT),FIXED OBJECT,45.70404667,-110.9263233
C000086N,007+0.000,,GALLATIN,January,2015,13:20,THU,NON-JUNCTION,SHOULDER,SNOW,ICE/FROST,DAYLIGHT,NON-INJURY ACCIDENT (PROPERTY- DAMAGE-ONLY ACCIDENT),ROLL OVER,45.70456,-110.92559
C000086N,007+0.265,,GALLATIN,March,2014,19:30,MON,NON-JUNCTION,ROADSIDE RIGHT,SNOW,SLUSH,DAYLIGHT,NON-INJURY ACCIDENT (PROPERTY- DAMAGE-ONLY ACCIDENT),FIXED OBJECT,45.7074895,-110.9220498
C000086N,007+0.272,,GALLATIN,April,2015,10:10,THU,NON-JUNCTION,ROADSIDE LEFT,CLEAR,DRY,DAYLIGHT,NON-INJURY ACCIDENT (PROPERTY- DAMAGE-ONLY ACCIDENT),ROLL OVER,45.7075459,-110.9219643
C000086N,007+0.712,,GALLATIN,September,2014,21:45,THU,NON-JUNCTION,ON ROADWAY,CLEAR,DRY,DARK-NOT LIGHTED,NON-INJURY ACCIDENT (PROPERTY- DAMAGE-ONLY ACCIDENT),WILD ANIMAL,45.71132822,-110.9147641
C000086N,007+0.736,NOT IN CITY LIMITS,GALLATIN,JANUARY,2017,18:00,SAT,NON-JUNCTION,ON ROADWAY,CLEAR,ICE/FROST,DARK-NOT LIGHTED,NON-INJURY ACCIDENT (PROPERTY- DAMAGE-ONLY ACCIDENT),REAR-END,45.71158242,-110.9144032
C000086N,007+0.790,,GALLATIN,January,2013,10:48,WED,NON-JUNCTION,SHOULDER,SNOW,SNOW,DAYLIGHT,NON-INJURY ACCIDENT (PROPERTY- DAMAGE-ONLY ACCIDENT),ROLL OVER,45.71207667,-110.913495
C000086N,007+0.823,,GALLATIN,December,2014,9:44,FRI,NON-JUNCTION,OFF ROADWAY LOCATION UNKNOWN,SNOW,ICE/FROST,DAYLIGHT,NON-INJURY ACCIDENT (PROPERTY- DAMAGE-ONLY ACCIDENT),FIXED OBJECT,45.7125313,-110.9131281
C000086N,007+0.898,,GALLATIN,February,2014,19:00,MON,NON-JUNCTION,ON ROADWAY,CLOUDY,ICE/FROST,DARK-NOT LIGHTED,NON-INJURY ACCIDENT (PROPERTY- DAMAGE-ONLY ACCIDENT),WILD ANIMAL,45.71325051,-110.9121019
C000086N,007+0.898,,GALLATIN,November,2015,19:39,THU,NON-JUNCTION,ROADSIDE RIGHT,SNOW,SNOW,DARK-NOT LIGHTED,NON-INJURY ACCIDENT (PROPERTY- DAMAGE-ONLY ACCIDENT),FIXED OBJECT,45.71325394,-110.9120883
C000086N,007+0.920,,GALLATIN,December,2013,7:50,MON,NON-JUNCTION,ON ROADWAY,CLOUDY,WET,DARK-NOT LIGHTED,NON-INJURY ACCIDENT (PROPERTY- DAMAGE-ONLY ACCIDENT),WILD ANIMAL,45.71354421,-110.9115624
C000086N,007+0.965,,GALLATIN,February,2014,19:45,SAT,NON-JUNCTION,ON ROADWAY,CLOUDY,ICE/FROST,DARK-NOT LIGHTED,NON-INJURY ACCIDENT (PROPERTY- DAMAGE-ONLY ACCIDENT),WILD ANIMAL,45.71387945,-110.9110628
C000086N,007+0.972,,GALLATIN,January,2015,17:45,SAT,NON-JUNCTION,ROADSIDE LEFT,CLEAR,OTHER,DARK-NOT LIGHTED,NON-INJURY ACCIDENT (PROPERTY- DAMAGE-ONLY ACCIDENT),FIXED OBJECT,45.71399507,-110.9110569
C000086N,007+0.977,,GALLATIN,February,2016,17:05,WED,NON-JUNCTION,ON ROADWAY,CLOUDY,DRY,DAYLIGHT,INCAPACITATING INJURY ACCIDENT,HEAD ON,45.71407333,-110.9108973
C000086N,007+0.989,,GALLATIN,November,2015,0:00,TUE,NON-JUNCTION,ON ROADWAY,CLOUDY,DRY,DAYLIGHT,NON-INJURY ACCIDENT (PROPERTY- DAMAGE-ONLY ACCIDENT),"SIDESWIPE, OPPOSITE DIRECTION",45.71421484,-110.9107029
C000086N,007+1.058,,GALLATIN,February,2014,20:05,SAT,NON-JUNCTION,ON ROADWAY,CLEAR,DRY,DARK-NOT LIGHTED,NON-INJURY ACCIDENT (PROPERTY- DAMAGE-ONLY ACCIDENT),WILD ANIMAL,45.71511179,-110.9102509
C000086N,008+0.030,,GALLATIN,January,2016,19:30,SAT,NON-JUNCTION,SHOULDER,CLEAR,DRY,DARK-NOT LIGHTED,NON-INJURY ACCIDENT (PROPERTY- DAMAGE-ONLY ACCIDENT),FIXED OBJECT,45.71550027,-110.9100584