MDT_CORRIDOR_ID,SMS_REFPOST_OFFSET,CITY,COUNTY,Month,Year,SMS_TIME,SMT_CRASH_OCC_DAY_OF_WEEK,JUNCTION_RELATED,ROADWAY_RELATED,WEATHER_COND,ROAD_COND,LIGHT_COND,CRASH_SEVERITY,COLLISION_TYPE,LATITUDE,LONGITUDE
C000086N,008+0.191,NOT IN CITY LIMITS,GALLATIN,NOVEMBER,2017,11:00,SUN,NON-JUNCTION,ROADSIDE LEFT,CLOUDY,SNOW,DAYLIGHT,NON-INJURY ACCIDENT (PROPERTY- DAMAGE-ONLY ACCIDENT),ROLL OVER,45.71866346,-110.9184472
C000086N,008+0.309,,GALLATIN,November,2015,19:45,MON,NON-JUNCTION,ROADSIDE LEFT,CLEAR,SNOW,DARK-NOT LIGHTED,NON-INJURY ACCIDENT (PROPERTY- DAMAGE-ONLY ACCIDENT),FIXED OBJECT,45.71948647,-110.9237884
C000086N,008+0.328,NOT IN CITY LIMITS,GALLATIN,OCTOBER,2017,22:40,TUE,NON-JUNCTION,ROADSIDE RIGHT,CLEAR,DRY,DARK-LIGHTED,NON-INJURY ACCIDENT (PROPERTY- DAMAGE-ONLY ACCIDENT),ROLL OVER,45.71979424,-110.9095091
C000086N,008+0.550,,GALLATIN,January,2013,9:25,WED,NON-JUNCTION,ON ROADWAY,BLOWING SNOW,ICE/FROST,DAYLIGHT,NON-INJURY ACCIDENT (PROPERTY- DAMAGE-ONLY ACCIDENT),REAR-END,45.72301769,-110.9095952
C000086N,008+0.570,,GALLATIN,January,2015,11:40,SAT,NON-JUNCTION,ON ROADWAY,CLOUDY,ICE/FROST,DAYLIGHT,NON-INJURY ACCIDENT (PROPERTY- DAMAGE-ONLY ACCIDENT),RIGHT ANGLE,45.72334559,-110.9095133
C000086N,008+0.720,,GALLATIN,March,2013,9:00,SUN,NON-JUNCTION,SHOULDER,SNOW,ICE/FROST,DAYLIGHT,POSSIBLE INJURY ACCIDENT,FIXED OBJECT,45.72553833,-110.90961
C000086N,008+0.989,,GALLATIN,September,2016,8:35,MON,NON-JUNCTION,ROADSIDE RIGHT,CLEAR,DRY,DAYLIGHT,NON-INJURY ACCIDENT (PROPERTY- DAMAGE-ONLY ACCIDENT),ROLL OVER,45.72939495,-110.9093388
C000086N,009+0.076,BOZEMAN,GALLATIN,February,2015,18:35,SUN,NON-JUNCTION,ROADSIDE RIGHT,CLOUDY,ICE/FROST,DARK-NOT LIGHTED,NON-INCAPACITATING EVIDENT INJURY ACCIDENT,ROLL OVER,45.73064,-110.90928
C000086N,009+0.126,,GALLATIN,January,2016,17:00,SAT,NON-JUNCTION,ROADSIDE LEFT,SNOW,ICE/FROST,DUSK,NON-INJURY ACCIDENT (PROPERTY- DAMAGE-ONLY ACCIDENT),ROLL OVER,45.73135384,-110.9093054
C000086N,009+0.130,,GALLATIN,January,2013,10:00,WED,NON-JUNCTION,ON ROADWAY,BLOWING SNOW,SNOW,DAYLIGHT,NON-INJURY ACCIDENT (PROPERTY- DAMAGE-ONLY ACCIDENT),REAR-END,45.73145333,-110.909215
C000086N,009+0.140,,GALLATIN,September,2013,16:15,SAT,NON-JUNCTION,ROADSIDE RIGHT,CLOUDY,DRY,DAYLIGHT,NON-INJURY ACCIDENT (PROPERTY- DAMAGE-ONLY ACCIDENT),ROLL OVER,45.73168882,-110.9092263
C000086N,009+0.151,,GALLATIN,January,2016,18:45,SUN,NON-JUNCTION,ROADSIDE RIGHT,CLOUDY,DRY,DAYLIGHT,NON-INJURY ACCIDENT (PROPERTY- DAMAGE-ONLY ACCIDENT),FIXED OBJECT,45.73178332,-110.9091383
C000086N,009+0.164,,GALLATIN,February,2014,2:07,SUN,NON-JUNCTION,ON ROADWAY,SNOW,SNOW,DARK-NOT LIGHTED,NON-INJURY ACCIDENT (PROPERTY- DAMAGE-ONLY ACCIDENT),WILD ANIMAL,45.73192773,-110.9089122
C000086N,009+0.225,,GALLATIN,March,2016,7:55,MON,NON-JUNCTION,ROADSIDE RIGHT,CLOUDY,ICE/FROST,DAYLIGHT,NON-INJURY ACCIDENT (PROPERTY- DAMAGE-ONLY ACCIDENT),FIXED OBJECT,45.73264351,-110.9082296
C000086N,009+0.541,,GALLATIN,August,2016,15:30,WED,NON-JUNCTION,ROADSIDE LEFT,CLOUDY,MUD DIRT GRAVEL,DAYLIGHT,NON-INJURY ACCIDENT (PROPERTY- DAMAGE-ONLY ACCIDENT),FIXED OBJECT,45.73618012,-110.9041409
C000086N,009+0.614,NOT IN CITY LIMITS,GALLATIN,FEBRUARY,2017,0:00,SUN,NON-JUNCTION,ON ROADWAY,CLOUDY,ICE/FROST,DAYLIGHT,NON-INJURY ACCIDENT (PROPERTY- DAMAGE-ONLY ACCIDENT),DOMESTIC ANIMAL,45.79662749,-110.8813734
C000086N,009+0.770,,GALLATIN,November,2013,8:30,THU,NON-JUNCTION,ON ROADWAY,CLOUDY,DRY,DAYLIGHT,NON-INJURY ACCIDENT (PROPERTY- DAMAGE-ONLY ACCIDENT),WILD ANIMAL,45.73902,-110.901565
C000086N,009+0.994,,GALLATIN,August,2014,20:45,MON,NON-JUNCTION,ON ROADWAY,CLOUDY,DRY,DARK-NOT LIGHTED,NON-INJURY ACCIDENT (PROPERTY- DAMAGE-ONLY ACCIDENT),WILD ANIMAL,45.74172,-110.89917
C000086N,010+0.829,,GALLATIN,January,2014,7:25,WED,NON-JUNCTION,ROADSIDE RIGHT,CLEAR,SNOW,DARK-NOT LIGHTED,NON-INJURY ACCIDENT (PROPERTY- DAMAGE-ONLY ACCIDENT),ROLL OVER,45.75229364,-110.8911303
C000086N,010+0.978,,GALLATIN,January,2014,13:45,WED,NON-JUNCTION,ROADSIDE LEFT,CLOUDY,WET,DAYLIGHT,NON-INJURY ACCIDENT (PROPERTY- DAMAGE-ONLY ACCIDENT),ROLL OVER,45.75378667,-110.888785
C000086N,011+0.372,,GALLATIN,October,2015,7:35,MON,NON-JUNCTION,ON ROADWAY,RAIN,WET,DAWN,NON-INJURY ACCIDENT (PROPERTY- DAMAGE-ONLY ACCIDENT),WILD ANIMAL,45.75635243,-110.8810177
C000086N,011+0.650,,GALLATIN,September,2016,11:30,THU,NON-JUNCTION,ON ROADWAY,RAIN,WET,DAYLIGHT,NON-INCAPACITATING EVIDENT INJURY ACCIDENT,RIGHT ANGLE,45.75879397,-110.8767357
C000086N,011+0.840,,GALLATIN,January,2013,14:00,FRI,NON-JUNCTION,ROADSIDE RIGHT,CLEAR,SNOW,DAYLIGHT,NON-INJURY ACCIDENT (PROPERTY- DAMAGE-ONLY ACCIDENT),ROLL OVER,45.76154343,-110.8760317
C000086N,011+0.840,,GALLATIN,January,2013,13:35,FRI,NON-JUNCTION,ROADSIDE RIGHT,CLOUDY,SLUSH,DAYLIGHT,NON-INJURY ACCIDENT (PROPERTY- DAMAGE-ONLY ACCIDENT),ROLL OVER,45.76156044,-110.8760044
C000086N,011+0.898,,GALLATIN,January,2016,11:50,TUE,NON-JUNCTION,ON ROADWAY,CLOUDY,SLUSH,DAYLIGHT,NON-INJURY ACCIDENT (PROPERTY- DAMAGE-ONLY ACCIDENT),RIGHT ANGLE,45.76216593,-110.8763362
C000086N,012+0.060,NOT IN CITY LIMITS,GALLATIN,DECEMBER,2017,15:05,WED,NON-JUNCTION,ROADSIDE RIGHT,SNOW,SLUSH,DAYLIGHT,NON-INCAPACITATING EVIDENT INJURY ACCIDENT,FIXED OBJECT,45.76449897,-110.8771699
C000086N,012+0.420,,GALLATIN,October,2013,14:14,TUE,NON-JUNCTION,OFF ROADWAY LOCATION UNKNOWN,CLEAR,DRY,DAYLIGHT,NON-INJURY ACCIDENT (PROPERTY- DAMAGE-ONLY ACCIDENT),FIXED OBJECT,45.76954496,-110.87847
C000086N,012+0.650,NOT IN CITY LIMITS,GALLATIN,APRIL,2017,7:10,THU,NON-JUNCTION,ROADSIDE RIGHT,SNOW,SLUSH,DAWN,NON-INJURY ACCIDENT (PROPERTY- DAMAGE-ONLY ACCIDENT),ROLL OVER,45.77290546,-110.8784401
C000086N,012+0.854,NOT IN CITY LIMITS,GALLATIN,FEBRUARY,2017,15:30,SAT,NON-JUNCTION,ROADSIDE LEFT,SNOW,ICE/FROST,DAYLIGHT,NON-INJURY ACCIDENT (PROPERTY- DAMAGE-ONLY ACCIDENT),ROLL OVER,45.77579214,-110.8776417
C000086N,012+0.921,,GALLATIN,January,2016,12:15,SAT,NON-JUNCTION,ROADSIDE LEFT,CLEAR,SLUSH,DAYLIGHT,NON-INJURY ACCIDENT (PROPERTY- DAMAGE-ONLY ACCIDENT),ROLL OVER,45.77679492,-110.8778118
C000086N,012+0.954,,GALLATIN,November,2015,12:30,WED,NON-JUNCTION,ROADSIDE RIGHT,CLEAR,DRY,DAYLIGHT,NON-INJURY ACCIDENT (PROPERTY- DAMAGE-ONLY ACCIDENT),FIXED OBJECT,45.77720842,-110.8778169
C000086N,013+0.735,,GALLATIN,September,2015,20:35,SUN,NON-JUNCTION,ON ROADWAY,CLEAR,DRY,DARK-NOT LIGHTED,NON-INJURY ACCIDENT (PROPERTY- DAMAGE-ONLY ACCIDENT),WILD ANIMAL,45.78742985,-110.8821311
C000086N,013+0.890,,GALLATIN,February,2015,8:30,TUE,NON-JUNCTION,ROADSIDE LEFT,SNOW,SLUSH,DAYLIGHT,NON-INJURY ACCIDENT (PROPERTY- DAMAGE-ONLY ACCIDENT),FIXED OBJECT,45.78957199,-110.8827965
C000086N,013+0.890,,GALLATIN,December,2015,12:15,THU,NON-JUNCTION,ROADSIDE LEFT,CLOUDY,ICE/FROST,DAYLIGHT,NON-INJURY ACCIDENT (PROPERTY- DAMAGE-ONLY ACCIDENT),FIXED OBJECT,45.78955727,-110.8826824
C000086N,013+0.990,,GALLATIN,November,2013,8:00,SAT,NON-JUNCTION,OUTSIDE RIGHT-OF-WAY (TRAFFICWAY),CLEAR,ICE/FROST,DAYLIGHT,NON-INJURY ACCIDENT (PROPERTY- DAMAGE-ONLY ACCIDENT),ROLL OVER,45.79106248,-110.8829238
C000086N,014+0.000,,GALLATIN,December,2016,17:10,FRI,NON-JUNCTION,ON ROADWAY,CLOUDY,ICE/FROST,DARK-NOT LIGHTED,NON-INCAPACITATING EVIDENT INJURY ACCIDENT,REAR-END,45.79117,-110.88286
C000086N,014+0.348,NOT IN CITY LIMITS,GALLATIN,MARCH,2017,16:40,WED,NON-JUNCTION,ROADSIDE RIGHT,SNOW,SNOW,DAYLIGHT,NON-INJURY ACCIDENT (PROPERTY- DAMAGE-ONLY ACCIDENT),ROLL OVER,45.79601831,-110.8816427
C000086N,014+0.360,,GALLATIN,January,2013,0:00,SAT,NON-JUNCTION,SHOULDER,SNOW,ICE/FROST,DAYLIGHT,NON-INJURY ACCIDENT (PROPERTY- DAMAGE-ONLY ACCIDENT),"LEFT TURN, SAME DIRECTION",45.79619975,-110.8815164
C000086N,014+0.725,,GALLATIN,March,2014,9:15,FRI,NON-JUNCTION,ROADSIDE RIGHT,SNOW,SNOW,DAYLIGHT,NON-INJURY ACCIDENT (PROPERTY- DAMAGE-ONLY ACCIDENT),ROLL OVER,45.80147281,-110.881091
C000086N,014+0.769,,GALLATIN,August,2016,23:00,FRI,NON-JUNCTION,ON ROADWAY,CLOUDY,DRY,DARK-NOT LIGHTED,POSSIBLE INJURY ACCIDENT,WILD ANIMAL,45.80208206,-110.8811951
C000086N,014+0.820,,GALLATIN,November,2013,7:50,TUE,NON-JUNCTION,ON ROADWAY,CLEAR,WET,DAYLIGHT,NON-INJURY ACCIDENT (PROPERTY- DAMAGE-ONLY ACCIDENT),WILD ANIMAL,45.80289337,-110.8809494
C000086N,014+0.916,,GALLATIN,January,2015,23:15,SAT,NON-JUNCTION,ROADSIDE RIGHT,SNOW,SNOW,DARK-NOT LIGHTED,POSSIBLE INJURY ACCIDENT,ROLL OVER,45.80423494,-110.881064
C000086N,014+1.020,,GALLATIN,June,2013,18:25,WED,NON-JUNCTION,ROADSIDE LEFT,RAIN,WET,DAYLIGHT,NON-INCAPACITATING EVIDENT INJURY ACCIDENT,ROLL OVER,45.80584397,-110.8809016
C000086N,015+0.170,,GALLATIN,January,2016,15:33,SUN,NON-JUNCTION,ROADSIDE LEFT,BLOWING SNOW,ICE/FROST,DAYLIGHT,NON-INJURY ACCIDENT (PROPERTY- DAMAGE-ONLY ACCIDENT),ROLL OVER,45.80811848,-110.8823975
C000086N,015+0.256,,GALLATIN,April,2015,23:15,SUN,NON-JUNCTION,ROADSIDE RIGHT,SNOW,SLUSH,DARK-NOT LIGHTED,NON-INCAPACITATING EVIDENT INJURY ACCIDENT,ROLL OVER,45.80906102,-110.8835722
C000086N,015+0.349,,GALLATIN,January,2016,15:49,SUN,NON-JUNCTION,ON ROADWAY,BLOWING SNOW,ICE/FROST,DAYLIGHT,NON-INJURY ACCIDENT (PROPERTY- DAMAGE-ONLY ACCIDENT),REAR-END,45.81034513,-110.8841118
C000086N,015+0.454,,GALLATIN,June,2015,16:10,SAT,NON-JUNCTION,ON ROADWAY,CLEAR,DRY,DAYLIGHT,POSSIBLE INJURY ACCIDENT,REAR-END,45.81190431,-110.8840179
C000086N,015+0.570,,GALLATIN,March,2013,8:55,SAT,NON-JUNCTION,ROADSIDE RIGHT,CLEAR,ICE/FROST,DAYLIGHT,NON-INJURY ACCIDENT (PROPERTY- DAMAGE-ONLY ACCIDENT),ROLL OVER,45.81361333,-110.883645
C000086N,015+0.777,NOT IN CITY LIMITS,GALLATIN,JANUARY,2017,15:40,SUN,INTERSECTION-RELATED,ON ROADWAY,CLOUDY,ICE/FROST,DAYLIGHT,NON-INCAPACITATING EVIDENT INJURY ACCIDENT,REAR-END,45.81654011,-110.8835449
C000086N,015+0.777,NOT IN CITY LIMITS,GALLATIN,NOVEMBER,2017,11:40,THU,INTERSECTION,ON ROADWAY,CLOUDY,ICE/FROST,DAYLIGHT,NON-INJURY ACCIDENT (PROPERTY- DAMAGE-ONLY ACCIDENT),"LEFT TURN, SAME DIRECTION",45.81654011,-110.8834766
C000086N,015+0.800,,GALLATIN,December,2013,11:35,FRI,INTERSECTION,ROADSIDE RIGHT,CLEAR,SNOW,DAYLIGHT,NON-INJURY ACCIDENT (PROPERTY- DAMAGE-ONLY ACCIDENT),ROLL OVER,45.81689,-110.8834417
C000086N,016+0.452,BOZEMAN,GALLATIN,April,2014,10:30,SUN,NON-JUNCTION,ON ROADWAY,CLOUDY,ICE/FROST,DAYLIGHT,NON-INJURY ACCIDENT (PROPERTY- DAMAGE-ONLY ACCIDENT),"SIDESWIPE, OPPOSITE DIRECTION",45.82583598,-110.8848563
C000086N,017+0.160,,GALLATIN,April,2014,0:30,SUN,NON-JUNCTION,ROADSIDE RIGHT,CLOUDY,DRY,DARK-NOT LIGHTED,POSSIBLE INJURY ACCIDENT,ROLL OVER,45.83533833,-110.8839283
C000086N,017+0.241,,GALLATIN,March,2016,0:30,WED,INTERSECTION,ROADSIDE LEFT,CLOUDY,ICE/FROST,DARK-NOT LIGHTED,NON-INJURY ACCIDENT (PROPERTY- DAMAGE-ONLY ACCIDENT),FIXED OBJECT,45.83650333,-110.8842117
C000086N,017+0.330,,GALLATIN,September,2013,15:10,SUN,NON-JUNCTION,ON ROADWAY,CLEAR,DRY,DAYLIGHT,NON-INCAPACITATING EVIDENT INJURY ACCIDENT,OTHER,45.83785167,-110.8841717
C000086N,017+0.910,,GALLATIN,November,2013,8:34,WED,NON-JUNCTION,ON ROADWAY,BLOWING SNOW,ICE/FROST,DAYLIGHT,NON-INJURY ACCIDENT (PROPERTY- DAMAGE-ONLY ACCIDENT),ROLL OVER,45.84579881,-110.8825361
C000086N,018+0.809,,GALLATIN,January,2014,19:30,FRI,INTERSECTION,ROADSIDE RIGHT,SNOW,SNOW,DARK-NOT LIGHTED,NON-INJURY ACCIDENT (PROPERTY- DAMAGE-ONLY ACCIDENT),FIXED OBJECT,45.85819398,-110.8814958
C000086N,019+0.383,,GALLATIN,November,2014,5:00,WED,NON-JUNCTION,SHOULDER,CLOUDY,DRY,DARK-NOT LIGHTED,NON-INJURY ACCIDENT (PROPERTY- DAMAGE-ONLY ACCIDENT),ROLL OVER,45.86557224,-110.8889904
C000086N,019+0.930,,GALLATIN,November,2013,18:15,SUN,NON-JUNCTION,SHOULDER,SNOW,ICE/FROST,DARK-NOT LIGHTED,NON-INJURY ACCIDENT (PROPERTY- DAMAGE-ONLY ACCIDENT),FIXED OBJECT,45.87338434,-110.8878206
C000086N,020+0.342,,GALLATIN,April,2014,15:50,SUN,NON-JUNCTION,SHOULDER,CLOUDY,DRY,DAYLIGHT,NON-INCAPACITATING EVIDENT INJURY ACCIDENT,FIXED OBJECT,45.8792297,-110.8834818
C000086N,020+0.447,,GALLATIN,September,2015,20:30,SAT,NON-JUNCTION,ON ROADWAY,CLEAR,DRY,DARK-NOT LIGHTED,NON-INJURY ACCIDENT (PROPERTY- DAMAGE-ONLY ACCIDENT),DOMESTIC ANIMAL,45.88061164,-110.8825463
C000086N,020+0.783,,GALLATIN,February,2015,12:45,SUN,NON-JUNCTION,ROADSIDE LEFT,SNOW,ICE/FROST,DAYLIGHT,NON-INJURY ACCIDENT (PROPERTY- DAMAGE-ONLY ACCIDENT),ROLL OVER,45.88530298,-110.8825955
C000086N,020+0.796,,GALLATIN,September,2014,16:20,SUN,NON-JUNCTION,ON ROADWAY,CLEAR,DRY,DAYLIGHT,NON-INCAPACITATING EVIDENT INJURY ACCIDENT,ROLL OVER,45.88552158,-110.8825477
C000086N,020+0.827,,GALLATIN,October,2016,20:35,WED,NON-JUNCTION,ON ROADWAY,CLOUDY,DRY,DARK-NOT LIGHTED,NON-INCAPACITATING EVIDENT INJURY ACCIDENT,FIXED OBJECT,45.88591907,-110.882191
C000086N,021+0.118,,GALLATIN,April,2015,15:45,WED,NON-JUNCTION,ROADSIDE LEFT,CLEAR,SAND,DAYLIGHT,NON-INJURY ACCIDENT (PROPERTY- DAMAGE-ONLY ACCIDENT),FIXED OBJECT,45.88942214,-110.8792522
C000086N,021+0.130,,GALLATIN,September,2013,16:45,MON,NON-JUNCTION,ROADSIDE RIGHT,CLEAR,DRY,DAYLIGHT,NON-INJURY ACCIDENT (PROPERTY- DAMAGE-ONLY ACCIDENT),ROLL OVER,45.88968119,-110.8791941
C000086N,021+0.130,,GALLATIN,October,2016,17:30,WED,NON-JUNCTION,ROADSIDE RIGHT,CLEAR,DRY,DAYLIGHT,NON-INJURY ACCIDENT (PROPERTY- DAMAGE-ONLY ACCIDENT),FIXED OBJECT,45.88954456,-110.8793238
C000086N,021+0.136,,GALLATIN,December,2016,9:10,SUN,NON-JUNCTION,SHOULDER,CLOUDY,ICE/FROST,DAYLIGHT,NON-INJURY ACCIDENT (PROPERTY- DAMAGE-ONLY ACCIDENT),FIXED OBJECT,45.88966752,-110.8793102
C000086N,021+0.186,NOT IN CITY LIMITS,GALLATIN,APRIL,2017,19:00,SAT,NON-JUNCTION,ON ROADWAY,CLOUDY,DRY,DAYLIGHT,NON-INCAPACITATING EVIDENT INJURY ACCIDENT,FIXED OBJECT,45.89035735,-110.879522
C000086N,021+0.186,NOT IN CITY LIMITS,GALLATIN,JULY,2017,14:45,FRI,NON-JUNCTION,ON ROADWAY,CLEAR,DRY,DAYLIGHT,NON-INCAPACITATING EVIDENT INJURY ACCIDENT,ROLL OVER,45.89040915,-110.8800654
C000086N,021+0.274,NOT IN CITY LIMITS,GALLATIN,JUNE,2017,17:15,WED,NON-JUNCTION,SHOULDER,CLOUDY,DRY,DAYLIGHT,NON-INJURY ACCIDENT (PROPERTY- DAMAGE-ONLY ACCIDENT),FIXED OBJECT,45.89139842,-110.8787748
C000086N,021+0.361,,GALLATIN,November,2014,6:30,SAT,NON-JUNCTION,ROADSIDE RIGHT,CLOUDY,SLUSH,DARK-NOT LIGHTED,NON-INJURY ACCIDENT (PROPERTY- DAMAGE-ONLY ACCIDENT),FIXED OBJECT,45.89251167,-110.8779767
C000086N,021+0.399,,GALLATIN,September,2014,16:30,SUN,NON-JUNCTION,ROADSIDE RIGHT,CLEAR,DRY,DAYLIGHT,NON-INCAPACITATING EVIDENT INJURY ACCIDENT,ROLL OVER,45.89313386,-110.8779168
C000086N,021+0.411,NOT IN CITY LIMITS,GALLATIN,AUGUST,2017,14:00,SUN,NON-JUNCTION,SHOULDER,CLOUDY,DRY,DAYLIGHT,NON-INCAPACITATING EVIDENT INJURY ACCIDENT,FIXED OBJECT,45.89324308,-110.8780193
C000086N,022+0.654,,GALLATIN,November,2014,8:45,SAT,NON-JUNCTION,ROADSIDE RIGHT,SNOW,SNOW,DAYLIGHT,NON-INJURY ACCIDENT (PROPERTY- DAMAGE-ONLY ACCIDENT),FIXED OBJECT,45.90678166,-110.8714133
C000086N,022+0.828,NOT IN CITY LIMITS,GALLATIN,SEPTEMBER,2017,22:15,TUE,NON-JUNCTION,OFF ROADWAY LOCATION UNKNOWN,CLOUDY,DRY,DARK-NOT LIGHTED,NON-INJURY ACCIDENT (PROPERTY- DAMAGE-ONLY ACCIDENT),FIXED OBJECT,45.90919919,-110.8715153
C000086N,022+0.841,NOT IN CITY LIMITS,GALLATIN,JANUARY,2017,8:30,SUN,NON-JUNCTION,OUTSIDE RIGHT-OF-WAY (TRAFFICWAY),CLEAR,SNOW,DAYLIGHT,NON-INJURY ACCIDENT (PROPERTY- DAMAGE-ONLY ACCIDENT),FIXED OBJECT,45.90933499,-110.8717423
C000086N,023+0.077,,GALLATIN,November,2015,19:30,THU,NON-JUNCTION,ROADSIDE RIGHT,CLOUDY,ICE/FROST,DARK-NOT LIGHTED,NON-INJURY ACCIDENT (PROPERTY- DAMAGE-ONLY ACCIDENT),FIXED OBJECT,45.91230956,-110.8709774
C000086N,023+0.704,NOT IN CITY LIMITS,GALLATIN,JULY,2017,19:21,SUN,NON-JUNCTION,ON ROADWAY,CLEAR,DRY,DAYLIGHT,NON-INCAPACITATING EVIDENT INJURY ACCIDENT,ROLL OVER,45.9195569,-110.8652739
C000086N,024+0.252,NOT IN CITY LIMITS,GALLATIN,JANUARY,2017,14:00,MON,NON-JUNCTION,ROADSIDE LEFT,SNOW,SNOW,DAYLIGHT,NON-INJURY ACCIDENT (PROPERTY- DAMAGE-ONLY ACCIDENT),ROLL OVER,45.92760099,-110.8628059
C000086N,024+0.909,,GALLATIN,May,2016,16:40,SUN,NON-JUNCTION,ROADSIDE LEFT,CLOUDY,DRY,DAYLIGHT,NON-INCAPACITATING EVIDENT INJURY ACCIDENT,ROLL OVER,45.9370608,-110.8626484
C000086N,025+0.105,,GALLATIN,May,2015,23:00,SUN,NON-JUNCTION,ON ROADWAY,CLEAR,DRY,DARK-NOT LIGHTED,NON-INJURY ACCIDENT (PROPERTY- DAMAGE-ONLY ACCIDENT),WILD ANIMAL,45.9403031,-110.8626992
C000086N,025+0.390,,GALLATIN,April,2013,18:00,FRI,NON-JUNCTION,ROADSIDE RIGHT,CLOUDY,DRY,DAYLIGHT,NON-INCAPACITATING EVIDENT INJURY ACCIDENT,ROLL OVER,45.9445338,-110.862818
C000086N,027+0.830,,GALLATIN,April,2013,16:50,WED,NON-JUNCTION,ON ROADWAY,CLOUDY,DRY,DARK-NOT LIGHTED,NON-INJURY ACCIDENT (PROPERTY- DAMAGE-ONLY ACCIDENT),REAR-END,45.97444167,-110.83985
C000086N,027+0.858,,GALLATIN,July,2015,10:30,WED,NON-JUNCTION,ON ROADWAY,CLEAR,DRY,DAYLIGHT,NON-INJURY ACCIDENT (PROPERTY- DAMAGE-ONLY ACCIDENT),DOMESTIC ANIMAL,45.97468626,-110.8395038
C000086N,028+0.029,NOT IN CITY LIMITS,GALLATIN,DECEMBER,2017,16:15,FRI,DRIVEWAY/ALLEY ACCESS RELATED,ROADSIDE LEFT,CLOUDY,DRY,DAYLIGHT,NON-INJURY ACCIDENT (PROPERTY- DAMAGE-ONLY ACCIDENT),FIXED OBJECT,45.97598266,-110.8370725
C000086N,028+0.209,,GALLATIN,July,2014,20:13,TUE,NON-JUNCTION,ROADSIDE RIGHT,CLOUDY,DRY,DARK-NOT LIGHTED,POSSIBLE INJURY ACCIDENT,ROLL OVER,45.97841167,-110.8356083
C000086N,028+0.410,,GALLATIN,July,2013,13:00,WED,NON-JUNCTION,ON ROADWAY,CLEAR,DRY,DAYLIGHT,NON-INCAPACITATING EVIDENT INJURY ACCIDENT,ROLL OVER,45.98078,-110.833315
C000086N,028+0.779,,GALLATIN,September,2014,12:30,SUN,NON-JUNCTION,ROADSIDE RIGHT,CLEAR,DRY,DAYLIGHT,POSSIBLE INJURY ACCIDENT,ROLL OVER,45.98595333,-110.83287
C000086N,037+0.529,BOZEMAN,GALLATIN,March,2013,11:31,TUE,INTERSECTION-RELATED,ON ROADWAY,CLOUDY,DRY,DAYLIGHT,POSSIBLE INJURY ACCIDENT,"SIDESWIPE, SAME DIRECTION",46.01306388,-110.6647471
C000086N,307+0.633,BOZEMAN,GALLATIN,March,2014,6:28,MON,THROUGH ROADWAY,ON ROADWAY,CLOUDY,ICE/FROST,DAWN,NON-INJURY ACCIDENT (PROPERTY- DAMAGE-ONLY ACCIDENT),"SIDESWIPE, SAME DIRECTION",45.69354434,-111.0314635
C000087E,007+0.111,,GALLATIN,August,2016,6:20,SUN,NON-JUNCTION,ON ROADWAY,CLOUDY,WET,DAWN,NON-INJURY ACCIDENT (PROPERTY- DAMAGE-ONLY ACCIDENT),FIXED OBJECT,44.86219114,-111.3690645
C000087E,007+0.174,,GALLATIN,May,2014,16:20,FRI,NON-JUNCTION,ROADSIDE RIGHT,CLEAR,DRY,DAYLIGHT,NON-INJURY ACCIDENT (PROPERTY- DAMAGE-ONLY ACCIDENT),FIXED OBJECT,44.86263243,-111.3679625
C000087E,008+0.396,,GALLATIN,September,2014,1:30,SAT,NON-JUNCTION,ROADSIDE LEFT,CLEAR,WET,DARK-NOT LIGHTED,FATAL ACCIDENT,ROLL OVER,44.87095842,-111.3479227
C000087E,009+0.642,,GALLATIN,September,2015,19:20,FRI,NON-JUNCTION,ON ROADWAY,CLEAR,DRY,DUSK,NON-INJURY ACCIDENT (PROPERTY- DAMAGE-ONLY ACCIDENT),WILD ANIMAL,44.86083333,-111.3294033
C000087E,009+0.685,,GALLATIN,July,2016,15:00,THU,NON-JUNCTION,ON ROADWAY,CLEAR,DRY,DAYLIGHT,NON-INJURY ACCIDENT (PROPERTY- DAMAGE-ONLY ACCIDENT),WILD ANIMAL,44.86035456,-111.3288323
C000087E,009+0.765,,GALLATIN,June,2016,21:53,THU,NON-JUNCTION,ON ROADWAY,CLEAR,DRY,DARK-NOT LIGHTED,NON-INJURY ACCIDENT (PROPERTY- DAMAGE-ONLY ACCIDENT),WILD ANIMAL,44.85951851,-111.3277012
C000087E,009+0.784,NOT IN CITY LIMITS,GALLATIN,JULY,2017,21:26,THU,NON-JUNCTION,ON ROADWAY,CLEAR,DRY,DUSK,NON-INJURY ACCIDENT (PROPERTY- DAMAGE-ONLY ACCIDENT),WILD ANIMAL,44.8593779,-111.3273569
C000087E,010+0.240,NOT IN CITY LIMITS,GALLATIN,JUNE,2017,22:10,WED,NON-JUNCTION,ON ROADWAY,CLEAR,DRY,DARK-NOT LIGHTED,NON-INJURY ACCIDENT (PROPERTY- DAMAGE-ONLY ACCIDENT),WILD ANIMAL,44.85399571,-111.322528
C000087E,010+0.637,NOT IN CITY LIMITS,GALLATIN,SEPTEMBER,2017,6:00,MON,NON-JUNCTION,ON ROADWAY,CLEAR,DRY,DARK-NOT LIGHTED,NON-INJURY ACCIDENT (PROPERTY- DAMAGE-ONLY ACCIDENT),WILD ANIMAL,44.85052952,-111.3161784