MDT_CORRIDOR_ID,SMS_REFPOST_OFFSET,CITY,COUNTY,Month,Year,SMS_TIME,SMT_CRASH_OCC_DAY_OF_WEEK,JUNCTION_RELATED,ROADWAY_RELATED,WEATHER_COND,ROAD_COND,LIGHT_COND,CRASH_SEVERITY,COLLISION_TYPE,LATITUDE,LONGITUDE
C000087E,011+0.506,NOT IN CITY LIMITS,GALLATIN,SEPTEMBER,2017,10:00,FRI,DRIVEWAY/ALLEY ACCESS RELATED,ROADSIDE LEFT,CLOUDY,WET,DAYLIGHT,NON-INJURY ACCIDENT (PROPERTY- DAMAGE-ONLY ACCIDENT),ROLL OVER,44.84287467,-111.3020493
C000087E,011+0.617,,GALLATIN,September,2016,13:48,THU,NON-JUNCTION,ON ROADWAY,CLEAR,DRY,DAYLIGHT,NON-INJURY ACCIDENT (PROPERTY- DAMAGE-ONLY ACCIDENT),REAR-END,44.84181646,-111.3002491
C000087E,012+0.623,,GALLATIN,September,2016,19:45,SAT,NON-JUNCTION,ON ROADWAY,CLEAR,DRY,DARK-LIGHTED,NON-INJURY ACCIDENT (PROPERTY- DAMAGE-ONLY ACCIDENT),WILD ANIMAL,44.83447997,-111.2828037
C000087E,013+0.350,,GALLATIN,August,2013,21:55,SAT,NON-JUNCTION,ON ROADWAY,CLEAR,DRY,DARK-NOT LIGHTED,NON-INJURY ACCIDENT (PROPERTY- DAMAGE-ONLY ACCIDENT),WILD ANIMAL,44.8274638,-111.271971
C000087E,013+0.710,,GALLATIN,September,2013,21:30,THU,NON-JUNCTION,ON ROADWAY,CLOUDY,WET,DARK-NOT LIGHTED,NON-INJURY ACCIDENT (PROPERTY- DAMAGE-ONLY ACCIDENT),WILD ANIMAL,44.82402999,-111.2666516
C000087E,014+0.595,,GALLATIN,June,2015,8:50,SAT,NON-JUNCTION,ON ROADWAY,CLEAR,DRY,DAYLIGHT,NON-INJURY ACCIDENT (PROPERTY- DAMAGE-ONLY ACCIDENT),WILD ANIMAL,44.81394666,-111.255995
C000087E,016+0.459,,GALLATIN,June,2015,16:13,MON,NON-JUNCTION,ROADSIDE RIGHT,CLEAR,DRY,DAYLIGHT,NON-INJURY ACCIDENT (PROPERTY- DAMAGE-ONLY ACCIDENT),ROLL OVER,44.80334744,-111.2275326
C000087E,017+0.449,,GALLATIN,July,2015,6:30,SAT,NON-JUNCTION,ON ROADWAY,CLEAR,DRY,DAYLIGHT,NON-INJURY ACCIDENT (PROPERTY- DAMAGE-ONLY ACCIDENT),WILD ANIMAL,44.80390303,-111.2074462
C000087E,018+0.124,,GALLATIN,June,2015,6:35,SAT,NON-JUNCTION,ON ROADWAY,CLOUDY,DRY,DAYLIGHT,NON-INJURY ACCIDENT (PROPERTY- DAMAGE-ONLY ACCIDENT),WILD ANIMAL,44.80393944,-111.1937726
C000087E,018+0.410,,GALLATIN,May,2013,14:18,WED,NON-JUNCTION,SHOULDER,CLOUDY,DRY,DAYLIGHT,NON-INJURY ACCIDENT (PROPERTY- DAMAGE-ONLY ACCIDENT),FIXED OBJECT,44.80392333,-111.1878417
C000087E,018+0.892,NOT IN CITY LIMITS,GALLATIN,SEPTEMBER,2017,11:40,SUN,NON-JUNCTION,ON ROADWAY,"FOG, SMOG, SMOKE",DRY,DARK-NOT LIGHTED,NON-INJURY ACCIDENT (PROPERTY- DAMAGE-ONLY ACCIDENT),WILD ANIMAL,44.80378198,-111.1781095
C000087E,018+0.923,,GALLATIN,July,2015,22:20,SAT,NON-JUNCTION,ON ROADWAY,CLEAR,DRY,DARK-NOT LIGHTED,NON-INJURY ACCIDENT (PROPERTY- DAMAGE-ONLY ACCIDENT),WILD ANIMAL,44.80380404,-111.1774616
C000087E,019+0.869,,GALLATIN,July,2014,20:46,WED,NON-JUNCTION,ON ROADWAY,CLOUDY,DRY,DARK-NOT LIGHTED,NON-INJURY ACCIDENT (PROPERTY- DAMAGE-ONLY ACCIDENT),WILD ANIMAL,44.79883667,-111.15958
C000087E,019+0.869,NOT IN CITY LIMITS,GALLATIN,NOVEMBER,2017,12:10,SAT,NON-JUNCTION,ON ROADWAY,CLOUDY,DRY,DAYLIGHT,NON-INJURY ACCIDENT (PROPERTY- DAMAGE-ONLY ACCIDENT),WILD ANIMAL,44.7988639,-111.1596564
C000087E,020+0.428,,GALLATIN,July,2016,9:45,TUE,NON-JUNCTION,ON ROADWAY,CLEAR,DRY,DAYLIGHT,NON-INJURY ACCIDENT (PROPERTY- DAMAGE-ONLY ACCIDENT),WILD ANIMAL,44.79510952,-111.1499072
C000087E,020+0.830,,GALLATIN,April,2013,21:10,FRI,NON-JUNCTION,ON ROADWAY,CLEAR,DRY,DARK-NOT LIGHTED,NON-INJURY ACCIDENT (PROPERTY- DAMAGE-ONLY ACCIDENT),WILD ANIMAL,44.79239667,-111.14258
C000087E,021+0.341,NOT IN CITY LIMITS,GALLATIN,SEPTEMBER,2017,10:55,TUE,INTERSECTION-RELATED,ON ROADWAY,CLOUDY,DRY,DAYLIGHT,NON-INJURY ACCIDENT (PROPERTY- DAMAGE-ONLY ACCIDENT),REAR-END,44.78895638,-111.1334426
C000087E,021+0.347,,GALLATIN,September,2016,16:18,THU,INTERSECTION,ON ROADWAY,CLOUDY,DRY,DAYLIGHT,NON-INJURY ACCIDENT (PROPERTY- DAMAGE-ONLY ACCIDENT),RIGHT ANGLE,44.78897188,-111.1333808
C000087E,022+0.297,,GALLATIN,August,2014,19:34,WED,NON-JUNCTION,ON ROADWAY,CLOUDY,WET,DAYLIGHT,NON-INJURY ACCIDENT (PROPERTY- DAMAGE-ONLY ACCIDENT),REAR-END,44.7826,-111.1163267
C000090E,205+0.020,BOZEMAN,GALLATIN,November,2013,18:22,SUN,NON-JUNCTION,SHOULDER,CLEAR,DRY,DARK-LIGHTED,NON-INJURY ACCIDENT (PROPERTY- DAMAGE-ONLY ACCIDENT),FIXED OBJECT,45.71618074,-111.0639916
C000090E,279+0.110,,GALLATIN,November,2013,15:45,MON,NON-JUNCTION,MEDIAN,CLEAR,DRY,DAYLIGHT,NON-INJURY ACCIDENT (PROPERTY- DAMAGE-ONLY ACCIDENT),ROLL OVER,45.89799333,-111.519085
C000090E,298+0.760,,GALLATIN,October,2013,12:05,SUN,NON-JUNCTION,ON ROADWAY,CLEAR,DRY,DAYLIGHT,POSSIBLE INJURY ACCIDENT,REAR-END,45.76503885,-111.1762013
C000090E,277+0.471,,GALLATIN,July,2016,15:00,MON,NON-JUNCTION,ON ROADWAY,CLEAR,DRY,DAYLIGHT,NON-INJURY ACCIDENT (PROPERTY- DAMAGE-ONLY ACCIDENT),NOT FIXED OBJECT OR DEBRIS,45.90948528,-111.5472753
C000090E,277+0.510,,GALLATIN,January,2013,22:30,SUN,NON-JUNCTION,ON ROADWAY,CLOUDY,DRY,DARK-NOT LIGHTED,NON-INJURY ACCIDENT (PROPERTY- DAMAGE-ONLY ACCIDENT),WILD ANIMAL,45.90904667,-111.5465483
C000090E,277+0.530,,GALLATIN,November,2013,8:10,MON,NON-JUNCTION,MEDIAN,CLOUDY,ICE/FROST,DAYLIGHT,NON-INJURY ACCIDENT (PROPERTY- DAMAGE-ONLY ACCIDENT),FIXED OBJECT,45.90883609,-111.5463134
C000090E,277+0.533,NOT IN CITY LIMITS,GALLATIN,NOVEMBER,2017,23:05,FRI,NON-JUNCTION,ON ROADWAY,SLEET/HAIL/FREEZING RAIN/DRIZZLE,ICE/FROST,DARK-NOT LIGHTED,NON-INJURY ACCIDENT (PROPERTY- DAMAGE-ONLY ACCIDENT),ROLL OVER,45.90870493,-111.5465532
C000090E,277+0.577,NOT IN CITY LIMITS,GALLATIN,OCTOBER,2017,3:49,MON,NON-JUNCTION,ON ROADWAY,CLEAR,DRY,DARK-NOT LIGHTED,NON-INJURY ACCIDENT (PROPERTY- DAMAGE-ONLY ACCIDENT),WILD ANIMAL,45.90811584,-111.5461825
C000090E,277+0.630,,GALLATIN,June,2013,16:50,FRI,CROSSOVER-RELATED,ON ROADWAY,CLEAR,DRY,DAYLIGHT,NON-INJURY ACCIDENT (PROPERTY- DAMAGE-ONLY ACCIDENT),FIXED OBJECT,45.90737833,-111.5454067
C000090E,277+0.650,,GALLATIN,November,2013,17:40,MON,NON-JUNCTION,ROADSIDE RIGHT,CLOUDY,ICE/FROST,DARK-NOT LIGHTED,NON-INJURY ACCIDENT (PROPERTY- DAMAGE-ONLY ACCIDENT),"SIDESWIPE, SAME DIRECTION",45.90721085,-111.5452673
C000090E,277+0.664,,GALLATIN,January,2014,18:45,SUN,NON-JUNCTION,ON ROADWAY,CLEAR,DRY,DARK-LIGHTED,NON-INJURY ACCIDENT (PROPERTY- DAMAGE-ONLY ACCIDENT),NOT FIXED OBJECT OR DEBRIS,45.90704346,-111.545199
C000090E,277+0.880,,GALLATIN,November,2013,8:30,MON,NON-JUNCTION,SHOULDER,CLOUDY,ICE/FROST,DAYLIGHT,NON-INJURY ACCIDENT (PROPERTY- DAMAGE-ONLY ACCIDENT),FIXED OBJECT,45.90465638,-111.5422825
C000090E,277+0.892,,GALLATIN,December,2015,5:50,THU,NON-JUNCTION,SHOULDER,CLEAR,ICE/FROST,DARK-NOT LIGHTED,NON-INJURY ACCIDENT (PROPERTY- DAMAGE-ONLY ACCIDENT),FIXED OBJECT,45.90453243,-111.542284
C000090E,277+0.911,NOT IN CITY LIMITS,GALLATIN,JANUARY,2017,10:30,TUE,NON-JUNCTION,ROADSIDE LEFT,SNOW,ICE/FROST,DAYLIGHT,NON-INJURY ACCIDENT (PROPERTY- DAMAGE-ONLY ACCIDENT),FIXED OBJECT,45.90416797,-111.5421185
C000090E,277+0.917,NOT IN CITY LIMITS,GALLATIN,NOVEMBER,2017,5:50,THU,NON-JUNCTION,ROADSIDE LEFT,SNOW,WET,DARK-NOT LIGHTED,NON-INJURY ACCIDENT (PROPERTY- DAMAGE-ONLY ACCIDENT),FIXED OBJECT,45.90431105,-111.541839
C000090E,277+0.942,,GALLATIN,February,2015,11:40,WED,NON-JUNCTION,ON ROADWAY,SNOW,SNOW,DARK-NOT LIGHTED,NON-INJURY ACCIDENT (PROPERTY- DAMAGE-ONLY ACCIDENT),FIXED OBJECT,45.90399312,-111.5415167
C000090E,277+0.948,NOT IN CITY LIMITS,GALLATIN,DECEMBER,2017,7:30,MON,NON-JUNCTION,ROADSIDE RIGHT,SNOW,ICE/FROST,DAYLIGHT,NON-INJURY ACCIDENT (PROPERTY- DAMAGE-ONLY ACCIDENT),FIXED OBJECT,45.90399476,-111.5414032
C000090E,277+0.998,NOT IN CITY LIMITS,GALLATIN,OCTOBER,2017,2:40,TUE,NON-JUNCTION,ROADSIDE LEFT,CLEAR,DRY,DARK-LIGHTED,NON-INJURY ACCIDENT (PROPERTY- DAMAGE-ONLY ACCIDENT),FIXED OBJECT,45.90358985,-111.5405439
C000090E,277+1.023,,GALLATIN,November,2015,8:40,SUN,ENTRANCE/EXIT RAMP,ON ROADWAY,CLEAR,DRY,DAYLIGHT,NON-INJURY ACCIDENT (PROPERTY- DAMAGE-ONLY ACCIDENT),"SIDESWIPE, SAME DIRECTION",45.90333,-111.54007
C000090E,278+0.000,,GALLATIN,November,2013,8:15,MON,NON-JUNCTION,SHOULDER,CLOUDY,ICE/FROST,DAYLIGHT,INCAPACITATING INJURY ACCIDENT,ROLL OVER,45.90864175,-111.5465234
C000090E,278+0.030,,GALLATIN,January,2013,15:35,THU,INTERSECTION-RELATED,MEDIAN,SNOW,ICE/FROST,DAYLIGHT,NON-INJURY ACCIDENT (PROPERTY- DAMAGE-ONLY ACCIDENT),RIGHT ANGLE,45.90310833,-111.539415
C000090E,278+0.210,,GALLATIN,September,2013,18:30,SUN,NON-JUNCTION,ON ROADWAY,CLOUDY,DRY,DAYLIGHT,NON-INJURY ACCIDENT (PROPERTY- DAMAGE-ONLY ACCIDENT),WILD ANIMAL,45.90211893,-111.5358348
C000090E,278+0.215,NOT IN CITY LIMITS,GALLATIN,SEPTEMBER,2017,14:22,MON,NON-JUNCTION,ON ROADWAY,CLEAR,DRY,DAYLIGHT,NON-INJURY ACCIDENT (PROPERTY- DAMAGE-ONLY ACCIDENT),WILD ANIMAL,45.90203695,-111.5360261
C000090E,278+0.451,NOT IN CITY LIMITS,GALLATIN,DECEMBER,2017,11:48,WED,NON-JUNCTION,ON ROADWAY,SNOW,SNOW,DAYLIGHT,NON-INCAPACITATING EVIDENT INJURY ACCIDENT,REAR-END,45.90080369,-111.5314625
C000090E,278+0.495,NOT IN CITY LIMITS,GALLATIN,DECEMBER,2017,11:45,WED,NON-JUNCTION,ON ROADWAY,SNOW,SNOW,DAYLIGHT,NON-INJURY ACCIDENT (PROPERTY- DAMAGE-ONLY ACCIDENT),REAR-END,45.90042217,-111.5306794
C000090E,278+0.613,,GALLATIN,November,2015,18:22,WED,NON-JUNCTION,ON ROADWAY,CLOUDY,DRY,DARK-NOT LIGHTED,NON-INJURY ACCIDENT (PROPERTY- DAMAGE-ONLY ACCIDENT),WILD ANIMAL,45.89992667,-111.528385
C000090E,278+0.650,NOT IN CITY LIMITS,GALLATIN,DECEMBER,2017,10:50,WED,NON-JUNCTION,ROADSIDE RIGHT,SNOW,SNOW,DAYLIGHT,NON-INCAPACITATING EVIDENT INJURY ACCIDENT,ROLL OVER,45.89969599,-111.5276599
C000090E,278+0.662,NOT IN CITY LIMITS,GALLATIN,JULY,2017,5:00,SAT,NON-JUNCTION,ON ROADWAY,CLOUDY,DRY,DAWN,NON-INJURY ACCIDENT (PROPERTY- DAMAGE-ONLY ACCIDENT),WILD ANIMAL,45.89948592,-111.5274747
C000090E,278+0.690,,GALLATIN,November,2013,10:25,WED,NON-JUNCTION,SHOULDER,CLOUDY,ICE/FROST,DAYLIGHT,NON-INJURY ACCIDENT (PROPERTY- DAMAGE-ONLY ACCIDENT),FIXED OBJECT,45.89932884,-111.52686
C000090E,278+0.731,,GALLATIN,November,2014,7:57,TUE,NON-JUNCTION,SHOULDER,CLEAR,DRY,DAYLIGHT,NON-INJURY ACCIDENT (PROPERTY- DAMAGE-ONLY ACCIDENT),FIXED OBJECT,45.89918837,-111.5261669
C000090E,278+0.800,,GALLATIN,August,2013,14:40,SUN,NON-JUNCTION,ON ROADWAY,CLEAR,DRY,DAYLIGHT,NON-INJURY ACCIDENT (PROPERTY- DAMAGE-ONLY ACCIDENT),"SIDESWIPE, OPPOSITE DIRECTION",45.89901804,-111.5245445
C000090E,278+0.830,,GALLATIN,February,2013,21:45,MON,NON-JUNCTION,ROADSIDE RIGHT,CLEAR,DRY,DARK-NOT LIGHTED,NON-INJURY ACCIDENT (PROPERTY- DAMAGE-ONLY ACCIDENT),FIXED OBJECT,45.89890195,-111.5240459
C000090E,278+0.837,,GALLATIN,December,2015,9:20,THU,NON-JUNCTION,ROADSIDE RIGHT,"FOG, SMOG, SMOKE",ICE/FROST,DAYLIGHT,NON-INJURY ACCIDENT (PROPERTY- DAMAGE-ONLY ACCIDENT),FIXED OBJECT,45.89869014,-111.5241142
C000090E,278+0.840,,GALLATIN,August,2013,16:50,SUN,NON-JUNCTION,ON ROADWAY,CLEAR,DRY,DAYLIGHT,NON-INJURY ACCIDENT (PROPERTY- DAMAGE-ONLY ACCIDENT),ROLL OVER,45.89885978,-111.5238776
C000090E,278+0.868,NOT IN CITY LIMITS,GALLATIN,OCTOBER,2017,6:50,TUE,NON-JUNCTION,ROADSIDE RIGHT,SNOW,ICE/FROST,DAYLIGHT,NON-INJURY ACCIDENT (PROPERTY- DAMAGE-ONLY ACCIDENT),FIXED OBJECT,45.89850917,-111.5235336
C000090E,279+0.002,,GALLATIN,October,2016,9:18,WED,NON-JUNCTION,ON ROADWAY,CLOUDY,DRY,DAYLIGHT,NON-INJURY ACCIDENT (PROPERTY- DAMAGE-ONLY ACCIDENT),FIRE/ EXPLOSION,45.89816,-111.52154
C000090E,279+0.002,NOT IN CITY LIMITS,GALLATIN,NOVEMBER,2017,13:45,MON,NON-JUNCTION,ON ROADWAY,CLOUDY,DRY,DAYLIGHT,NON-INJURY ACCIDENT (PROPERTY- DAMAGE-ONLY ACCIDENT),FIRE/ EXPLOSION,45.89816,-111.52154
C000090E,279+0.096,,GALLATIN,March,2014,19:15,FRI,NON-JUNCTION,SHOULDER,CLEAR,DRY,DUSK,NON-INJURY ACCIDENT (PROPERTY- DAMAGE-ONLY ACCIDENT),FIXED OBJECT,45.89783428,-111.5195761
C000090E,279+0.176,,GALLATIN,December,2015,11:20,TUE,NON-JUNCTION,SHOULDER,SNOW,ICE/FROST,DAYLIGHT,NON-INJURY ACCIDENT (PROPERTY- DAMAGE-ONLY ACCIDENT),FIXED OBJECT,45.89778,-111.5179
C000090E,279+0.195,NOT IN CITY LIMITS,GALLATIN,JUNE,2017,4:00,FRI,NON-JUNCTION,ROADSIDE LEFT,CLEAR,DRY,DARK-NOT LIGHTED,NON-INCAPACITATING EVIDENT INJURY ACCIDENT,IMMERSION,45.89762828,-111.5175119
C000090E,279+0.226,NOT IN CITY LIMITS,GALLATIN,JANUARY,2017,8:30,TUE,NON-JUNCTION,ROADSIDE RIGHT,SNOW,ICE/FROST,DAYLIGHT,NON-INJURY ACCIDENT (PROPERTY- DAMAGE-ONLY ACCIDENT),FIXED OBJECT,45.89759946,-111.5168688
C000090E,279+0.270,,GALLATIN,August,2013,15:50,FRI,NON-JUNCTION,ON ROADWAY,CLOUDY,DRY,DAYLIGHT,NON-INJURY ACCIDENT (PROPERTY- DAMAGE-ONLY ACCIDENT),"SIDESWIPE, OPPOSITE DIRECTION",45.89778515,-111.5156243
C000090E,279+0.270,,GALLATIN,February,2013,4:24,FRI,NON-JUNCTION,ON ROADWAY,CLOUDY,DRY,DARK-NOT LIGHTED,POSSIBLE INJURY ACCIDENT,RIGHT ANGLE,45.89788,-111.5158717
C000090E,279+0.276,,GALLATIN,May,2014,11:30,THU,NON-JUNCTION,ON ROADWAY,CLOUDY,DRY,DAYLIGHT,NON-INJURY ACCIDENT (PROPERTY- DAMAGE-ONLY ACCIDENT),WILD ANIMAL,45.89767999,-111.5158533
C000090E,279+0.290,,GALLATIN,November,2013,5:40,TUE,NON-JUNCTION,ON ROADWAY,CLEAR,DRY,DARK-NOT LIGHTED,NON-INJURY ACCIDENT (PROPERTY- DAMAGE-ONLY ACCIDENT),WILD ANIMAL,45.89785984,-111.5154471
C000090E,279+0.310,,GALLATIN,November,2013,19:00,TUE,NON-JUNCTION,ON ROADWAY,CLEAR,DRY,DARK-NOT LIGHTED,NON-INJURY ACCIDENT (PROPERTY- DAMAGE-ONLY ACCIDENT),WILD ANIMAL,45.89754333,-111.515125
C000090E,279+0.319,NOT IN CITY LIMITS,GALLATIN,NOVEMBER,2017,17:30,MON,NON-JUNCTION,ON ROADWAY,CLOUDY,DRY,DARK-NOT LIGHTED,NON-INJURY ACCIDENT (PROPERTY- DAMAGE-ONLY ACCIDENT),WILD ANIMAL,45.89751613,-111.5150202
C000090E,279+0.419,,GALLATIN,December,2016,7:45,MON,NON-JUNCTION,ON ROADWAY,CLOUDY,DRY,DAYLIGHT,NON-INJURY ACCIDENT (PROPERTY- DAMAGE-ONLY ACCIDENT),WILD ANIMAL,45.89740372,-111.5128784
C000090E,279+0.425,,GALLATIN,July,2014,2:25,TUE,NON-JUNCTION,ON ROADWAY,CLEAR,DRY,DARK-NOT LIGHTED,NON-INJURY ACCIDENT (PROPERTY- DAMAGE-ONLY ACCIDENT),WILD ANIMAL,45.8975552,-111.5128457
C000090E,279+0.457,NOT IN CITY LIMITS,GALLATIN,OCTOBER,2017,0:00,FRI,NON-JUNCTION,ROADSIDE RIGHT,SEVERE CROSSWINDS,DRY,DAYLIGHT,NON-INJURY ACCIDENT (PROPERTY- DAMAGE-ONLY ACCIDENT),OTHER,45.8975214,-111.5120843
C000090E,279+0.469,,GALLATIN,March,2016,6:20,MON,NON-JUNCTION,MEDIAN,CLOUDY,DRY,DARK-NOT LIGHTED,NON-INJURY ACCIDENT (PROPERTY- DAMAGE-ONLY ACCIDENT),OTHER,45.89762133,-111.5118656
C000090E,279+0.469,,GALLATIN,May,2016,8:03,MON,NON-JUNCTION,MEDIAN,CLOUDY,DRY,DAYLIGHT,NON-INCAPACITATING EVIDENT INJURY ACCIDENT,ROLL OVER,45.89763507,-111.5118577
C000090E,279+0.543,,GALLATIN,October,2015,14:25,MON,NON-JUNCTION,SHOULDER,CLEAR,DRY,DAYLIGHT,NON-INJURY ACCIDENT (PROPERTY- DAMAGE-ONLY ACCIDENT),FIXED OBJECT,45.89749106,-111.5104123
C000090E,279+0.568,NOT IN CITY LIMITS,GALLATIN,NOVEMBER,2017,18:50,SUN,NON-JUNCTION,ON ROADWAY,CLEAR,DRY,DARK-NOT LIGHTED,POSSIBLE INJURY ACCIDENT,NOT FIXED OBJECT OR DEBRIS,45.89746158,-111.5097884
C000090E,279+0.581,BELGRADE,GALLATIN,September,2016,21:20,FRI,NON-JUNCTION,ON ROADWAY,CLEAR,DRY,DARK-NOT LIGHTED,NON-INJURY ACCIDENT (PROPERTY- DAMAGE-ONLY ACCIDENT),WILD ANIMAL,45.89752859,-111.5096306
C000090E,279+0.606,,GALLATIN,June,2014,5:34,WED,NON-JUNCTION,ON ROADWAY,CLOUDY,WET,DAWN,NON-INJURY ACCIDENT (PROPERTY- DAMAGE-ONLY ACCIDENT),WILD ANIMAL,45.89747099,-111.5090946
C000090E,279+0.836,,GALLATIN,October,2015,10:42,SAT,NON-JUNCTION,ROADSIDE LEFT,CLOUDY,DRY,DAYLIGHT,NON-INJURY ACCIDENT (PROPERTY- DAMAGE-ONLY ACCIDENT),IMMERSION,45.897011,-111.5043578
C000090E,279+0.904,THREE FORKS,GALLATIN,December,2015,17:40,WED,NON-JUNCTION,ON ROADWAY,CLOUDY,DRY,DARK-NOT LIGHTED,NON-INJURY ACCIDENT (PROPERTY- DAMAGE-ONLY ACCIDENT),WILD ANIMAL,45.89686314,-111.5029885
C000090E,279+0.997,,GALLATIN,December,2015,15:40,SUN,NON-JUNCTION,ON ROADWAY,CLOUDY,DRY,DAYLIGHT,NON-INCAPACITATING EVIDENT INJURY ACCIDENT,FIXED OBJECT,45.89661404,-111.5009875
C000090E,280+0.056,,GALLATIN,February,2015,6:20,THU,NON-JUNCTION,ON ROADWAY,CLEAR,DRY,DARK-NOT LIGHTED,NON-INJURY ACCIDENT (PROPERTY- DAMAGE-ONLY ACCIDENT),WILD ANIMAL,45.89616339,-111.4990642
C000090E,280+0.090,,GALLATIN,October,2013,15:00,FRI,NON-JUNCTION,ON ROADWAY,CLEAR,DRY,DAYLIGHT,NON-INJURY ACCIDENT (PROPERTY- DAMAGE-ONLY ACCIDENT),NOT FIXED OBJECT OR DEBRIS,45.8962689,-111.4980508
C000090E,280+0.106,,GALLATIN,August,2015,6:40,THU,NON-JUNCTION,SHOULDER,CLEAR,DRY,DAWN,NON-INJURY ACCIDENT (PROPERTY- DAMAGE-ONLY ACCIDENT),FIXED OBJECT,45.89602,-111.49808
C000090E,280+0.167,,GALLATIN,October,2016,7:15,TUE,NON-JUNCTION,MEDIAN,CLOUDY,ICE/FROST,DAYLIGHT,FATAL ACCIDENT,RIGHT ANGLE,45.89582,-111.49685
C000090E,280+0.167,NOT IN CITY LIMITS,GALLATIN,FEBRUARY,2017,9:20,FRI,NON-JUNCTION,ROADSIDE LEFT,CLOUDY,ICE/FROST,DAYLIGHT,NON-INJURY ACCIDENT (PROPERTY- DAMAGE-ONLY ACCIDENT),FIXED OBJECT,45.89587437,-111.4967612
C000090E,280+0.248,NOT IN CITY LIMITS,GALLATIN,NOVEMBER,2017,7:00,THU,NON-JUNCTION,ROADSIDE LEFT,SNOW,SNOW,DARK-NOT LIGHTED,NON-INJURY ACCIDENT (PROPERTY- DAMAGE-ONLY ACCIDENT),FIXED OBJECT,45.89561566,-111.4951453
C000090E,280+0.290,,GALLATIN,May,2013,15:28,FRI,NON-JUNCTION,ON ROADWAY,CLEAR,DRY,DAYLIGHT,NON-INJURY ACCIDENT (PROPERTY- DAMAGE-ONLY ACCIDENT),REAR-END,45.89541508,-111.4942731
C000090E,280+0.435,NOT IN CITY LIMITS,GALLATIN,MAY,2017,21:30,SUN,NON-JUNCTION,ON ROADWAY,CLEAR,DRY,DUSK,NON-INJURY ACCIDENT (PROPERTY- DAMAGE-ONLY ACCIDENT),WILD ANIMAL,45.89485351,-111.4914579
C000090E,280+0.453,,GALLATIN,May,2016,6:00,SUN,NON-JUNCTION,ON ROADWAY,RAIN,WET,DAWN,NON-INJURY ACCIDENT (PROPERTY- DAMAGE-ONLY ACCIDENT),NOT FIXED OBJECT OR DEBRIS,45.89477167,-111.49106
C000090E,280+0.528,,GALLATIN,September,2015,1:03,WED,NON-JUNCTION,ON ROADWAY,CLEAR,DRY,DARK-NOT LIGHTED,NON-INJURY ACCIDENT (PROPERTY- DAMAGE-ONLY ACCIDENT),ROLL OVER,45.89456794,-111.4895591
C000090E,280+0.534,NOT IN CITY LIMITS,GALLATIN,JUNE,2017,22:45,FRI,NON-JUNCTION,ON ROADWAY,CLEAR,DRY,DARK-NOT LIGHTED,NON-INJURY ACCIDENT (PROPERTY- DAMAGE-ONLY ACCIDENT),WILD ANIMAL,45.8945582,-111.4894803
C000090E,280+0.600,,GALLATIN,June,2013,18:10,MON,NON-JUNCTION,ON ROADWAY,CLOUDY,DRY,DAYLIGHT,NON-INJURY ACCIDENT (PROPERTY- DAMAGE-ONLY ACCIDENT),NOT FIXED OBJECT OR DEBRIS,45.89434622,-111.4880166
C000090E,280+0.727,,GALLATIN,November,2014,2:50,FRI,NON-JUNCTION,ON ROADWAY,CLEAR,DRY,DAYLIGHT,NON-INJURY ACCIDENT (PROPERTY- DAMAGE-ONLY ACCIDENT),WILD ANIMAL,45.89388667,-111.4855083
C000090E,280+0.734,,GALLATIN,November,2016,6:40,TUE,NON-JUNCTION,ON ROADWAY,CLEAR,DRY,DAWN,NON-INJURY ACCIDENT (PROPERTY- DAMAGE-ONLY ACCIDENT),WILD ANIMAL,45.89384662,-111.4854548
C000090E,280+0.770,,GALLATIN,December,2013,17:20,TUE,NON-JUNCTION,ON ROADWAY,CLOUDY,DRY,DARK-LIGHTED,NON-INJURY ACCIDENT (PROPERTY- DAMAGE-ONLY ACCIDENT),WILD ANIMAL,45.8937979,-111.4845008
C000090E,280+0.783,NOT IN CITY LIMITS,GALLATIN,SEPTEMBER,2017,13:15,MON,NON-JUNCTION,ON ROADWAY,CLEAR,DRY,DAYLIGHT,NON-INJURY ACCIDENT (PROPERTY- DAMAGE-ONLY ACCIDENT),NOT FIXED OBJECT OR DEBRIS,45.89371186,-111.4844765
C000090E,280+0.988,NOT IN CITY LIMITS,GALLATIN,SEPTEMBER,2017,18:33,TUE,NON-JUNCTION,ON ROADWAY,CLOUDY,DRY,DAYLIGHT,NON-INJURY ACCIDENT (PROPERTY- DAMAGE-ONLY ACCIDENT),"SIDESWIPE, SAME DIRECTION",45.89301742,-111.4803095
C000090E,281+0.000,,GALLATIN,November,2013,17:55,TUE,NON-JUNCTION,ON ROADWAY,CLEAR,DRY,DARK-LIGHTED,NON-INJURY ACCIDENT (PROPERTY- DAMAGE-ONLY ACCIDENT),WILD ANIMAL,45.89329167,-111.4801783
C000090E,281+0.314,NOT IN CITY LIMITS,GALLATIN,DECEMBER,2017,1:25,MON,NON-JUNCTION,OFF ROADWAY LOCATION UNKNOWN,CLOUDY,ICE/FROST,DARK-NOT LIGHTED,NON-INJURY ACCIDENT (PROPERTY- DAMAGE-ONLY ACCIDENT),ROLL OVER,45.89192713,-111.4738957
C000090E,281+0.327,,GALLATIN,January,2016,9:50,THU,NON-JUNCTION,ROADSIDE RIGHT,CLOUDY,ICE/FROST,DAYLIGHT,NON-INJURY ACCIDENT (PROPERTY- DAMAGE-ONLY ACCIDENT),FIXED OBJECT,45.8918527,-111.4736117
C000090E,281+0.395,NOT IN CITY LIMITS,GALLATIN,OCTOBER,2017,19:14,FRI,NON-JUNCTION,ON ROADWAY,CLEAR,DRY,DARK-NOT LIGHTED,NON-INJURY ACCIDENT (PROPERTY- DAMAGE-ONLY ACCIDENT),WILD ANIMAL,45.89167819,-111.4722444