MDT_CORRIDOR_ID,SMS_REFPOST_OFFSET,CITY,COUNTY,Month,Year,SMS_TIME,SMT_CRASH_OCC_DAY_OF_WEEK,JUNCTION_RELATED,ROADWAY_RELATED,WEATHER_COND,ROAD_COND,LIGHT_COND,CRASH_SEVERITY,COLLISION_TYPE,LATITUDE,LONGITUDE
C000090E,281+0.402,NOT IN CITY LIMITS,GALLATIN,JANUARY,2017,8:20,TUE,NON-JUNCTION,MEDIAN,SNOW,ICE/FROST,DAYLIGHT,NON-INCAPACITATING EVIDENT INJURY ACCIDENT,ROLL OVER,45.89167214,-111.4721091
C000090E,281+0.551,,GALLATIN,March,2014,7:15,SAT,NON-JUNCTION,ROADSIDE RIGHT,CLEAR,DRY,DAYLIGHT,NON-INJURY ACCIDENT (PROPERTY- DAMAGE-ONLY ACCIDENT),FIXED OBJECT,45.89108474,-111.4691312
C000090E,281+0.625,NOT IN CITY LIMITS,GALLATIN,DECEMBER,2017,19:25,MON,NON-JUNCTION,ON ROADWAY,CLEAR,DRY,DARK-NOT LIGHTED,NON-INJURY ACCIDENT (PROPERTY- DAMAGE-ONLY ACCIDENT),WILD ANIMAL,45.8908988,-111.4676788
C000090E,281+0.806,,GALLATIN,February,2015,13:10,SUN,NON-JUNCTION,ROADSIDE RIGHT,CLOUDY,DRY,DAYLIGHT,NON-INCAPACITATING EVIDENT INJURY ACCIDENT,ROLL OVER,45.89023,-111.4640533
C000090E,281+0.887,,GALLATIN,August,2016,5:30,SUN,NON-JUNCTION,ON ROADWAY,CLOUDY,DRY,DARK-NOT LIGHTED,NON-INJURY ACCIDENT (PROPERTY- DAMAGE-ONLY ACCIDENT),WILD ANIMAL,45.88983892,-111.4624253
C000090E,281+0.949,,GALLATIN,June,2014,0:10,THU,NON-JUNCTION,ON ROADWAY,CLEAR,DRY,DARK-NOT LIGHTED,NON-INJURY ACCIDENT (PROPERTY- DAMAGE-ONLY ACCIDENT),ROLL OVER,45.88952242,-111.4611915
C000090E,281+1.017,,GALLATIN,July,2015,3:50,SUN,NON-JUNCTION,MEDIAN,CLOUDY,DRY,DARK-NOT LIGHTED,NON-INCAPACITATING EVIDENT INJURY ACCIDENT,ROLL OVER,45.8891,-111.45998
C000090E,281+1.017,NOT IN CITY LIMITS,GALLATIN,JULY,2017,17:40,FRI,NON-JUNCTION,MEDIAN,CLEAR,DRY,DAYLIGHT,FATAL ACCIDENT,ROLL OVER,45.8891,-111.45998
C000090E,282+0.040,,GALLATIN,October,2013,0:00,MON,NON-JUNCTION,ON ROADWAY,CLEAR,DRY,DAYLIGHT,NON-INJURY ACCIDENT (PROPERTY- DAMAGE-ONLY ACCIDENT),FIXED OBJECT,45.88890944,-111.4590338
C000090E,282+0.341,,GALLATIN,June,2015,10:00,THU,NON-JUNCTION,ON ROADWAY,CLEAR,DRY,DAYLIGHT,NON-INJURY ACCIDENT (PROPERTY- DAMAGE-ONLY ACCIDENT),FIRE/ EXPLOSION,45.885895,-111.45466
C000090E,282+0.664,NOT IN CITY LIMITS,GALLATIN,DECEMBER,2017,5:00,MON,NON-JUNCTION,ROADSIDE RIGHT,CLOUDY,ICE/FROST,DARK-NOT LIGHTED,NON-INJURY ACCIDENT (PROPERTY- DAMAGE-ONLY ACCIDENT),FIXED OBJECT,45.8831688,-111.4492931
C000090E,282+0.733,,GALLATIN,January,2016,9:00,THU,NON-JUNCTION,MEDIAN,CLOUDY,ICE/FROST,DAYLIGHT,INCAPACITATING INJURY ACCIDENT,ROLL OVER,45.88273,-111.448
C000090E,282+0.864,NOT IN CITY LIMITS,GALLATIN,AUGUST,2017,2:20,FRI,NON-JUNCTION,ON ROADWAY,CLEAR,DRY,DARK-NOT LIGHTED,NON-INJURY ACCIDENT (PROPERTY- DAMAGE-ONLY ACCIDENT),WILD ANIMAL,45.88224796,-111.4453051
C000090E,282+0.870,NOT IN CITY LIMITS,GALLATIN,JULY,2017,0:05,SAT,NON-JUNCTION,ON ROADWAY,CLEAR,DRY,DAYLIGHT,NON-INJURY ACCIDENT (PROPERTY- DAMAGE-ONLY ACCIDENT),WILD ANIMAL,45.88212356,-111.4452734
C000090E,283+0.000,,GALLATIN,May,2014,16:20,THU,NON-JUNCTION,ON ROADWAY,CLEAR,DRY,DAYLIGHT,NON-INCAPACITATING EVIDENT INJURY ACCIDENT,ROLL OVER,45.88203,-111.44398
C000090E,283+0.019,,GALLATIN,October,2016,23:10,SUN,NON-JUNCTION,MEDIAN,CLEAR,DRY,DARK-NOT LIGHTED,INCAPACITATING INJURY ACCIDENT,ROLL OVER,45.88200747,-111.4435179
C000090E,283+0.037,NOT IN CITY LIMITS,GALLATIN,DECEMBER,2017,16:17,WED,NON-JUNCTION,ON ROADWAY,CLOUDY,DRY,DAYLIGHT,NON-INJURY ACCIDENT (PROPERTY- DAMAGE-ONLY ACCIDENT),"SIDESWIPE, SAME DIRECTION",45.88198213,-111.443224
C000090E,283+0.080,,GALLATIN,June,2013,3:28,MON,NON-JUNCTION,SHOULDER,CLEAR,DRY,DARK-NOT LIGHTED,NON-INJURY ACCIDENT (PROPERTY- DAMAGE-ONLY ACCIDENT),ROLL OVER,45.88179574,-111.4414006
C000090E,283+0.130,,GALLATIN,November,2013,17:30,TUE,NON-JUNCTION,ON ROADWAY,CLEAR,DRY,DARK-LIGHTED,NON-INJURY ACCIDENT (PROPERTY- DAMAGE-ONLY ACCIDENT),WILD ANIMAL,45.88186397,-111.4411752
C000090E,283+0.305,NOT IN CITY LIMITS,GALLATIN,APRIL,2017,13:10,SAT,NON-JUNCTION,ROADSIDE LEFT,CLEAR,DRY,DAYLIGHT,NON-INJURY ACCIDENT (PROPERTY- DAMAGE-ONLY ACCIDENT),FIXED OBJECT,45.8818208,-111.4376713
C000090E,283+0.696,,GALLATIN,January,2014,10:35,WED,NON-JUNCTION,ROADSIDE RIGHT,SNOW,ICE/FROST,DAYLIGHT,NON-INJURY ACCIDENT (PROPERTY- DAMAGE-ONLY ACCIDENT),FIXED OBJECT,45.88168234,-111.42956
C000090E,283+0.730,,GALLATIN,June,2013,15:55,TUE,NON-JUNCTION,ON ROADWAY,CLEAR,DRY,DAYLIGHT,NON-INJURY ACCIDENT (PROPERTY- DAMAGE-ONLY ACCIDENT),REAR-END,45.88180597,-111.4286828
C000090E,283+0.739,,GALLATIN,August,2015,4:45,WED,NON-JUNCTION,ON ROADWAY,CLOUDY,DRY,DARK-NOT LIGHTED,NON-INCAPACITATING EVIDENT INJURY ACCIDENT,NOT FIXED OBJECT OR DEBRIS,45.881605,-111.4286983
C000090E,283+0.740,,GALLATIN,January,2013,15:30,THU,NON-JUNCTION,ON ROADWAY,BLOWING SNOW,ICE/FROST,DAYLIGHT,NON-INJURY ACCIDENT (PROPERTY- DAMAGE-ONLY ACCIDENT),FIXED OBJECT,45.8818162,-111.4284779
C000090E,283+0.752,,GALLATIN,August,2015,4:30,WED,NON-JUNCTION,ON ROADWAY,CLOUDY,DRY,DARK-NOT LIGHTED,NON-INCAPACITATING EVIDENT INJURY ACCIDENT,ROLL OVER,45.88154667,-111.4284533
C000090E,283+0.758,NOT IN CITY LIMITS,GALLATIN,DECEMBER,2017,9:55,WED,NON-JUNCTION,ROADSIDE RIGHT,SNOW,SNOW,DAYLIGHT,NON-INJURY ACCIDENT (PROPERTY- DAMAGE-ONLY ACCIDENT),ROLL OVER,45.88151995,-111.428288
C000090E,283+0.860,,GALLATIN,December,2013,16:55,MON,NON-JUNCTION,MEDIAN,SNOW,SNOW,DARK-NOT LIGHTED,NON-INJURY ACCIDENT (PROPERTY- DAMAGE-ONLY ACCIDENT),ROLL OVER,45.88130833,-111.4260017
C000090E,283+0.920,,GALLATIN,May,2013,15:45,SUN,NON-JUNCTION,ON ROADWAY,CLOUDY,DRY,DAYLIGHT,POSSIBLE INJURY ACCIDENT,REAR-END,45.8809283,-111.4248852
C000090E,283+0.920,,GALLATIN,November,2015,9:40,SAT,NON-JUNCTION,ON ROADWAY,CLOUDY,DRY,DAYLIGHT,POSSIBLE INJURY ACCIDENT,REAR-END,45.88091464,-111.4250355
C000090E,283+0.940,,GALLATIN,October,2013,8:20,MON,NON-JUNCTION,ROADSIDE RIGHT,SNOW,ICE/FROST,DAYLIGHT,NON-INCAPACITATING EVIDENT INJURY ACCIDENT,ROLL OVER,45.88077333,-111.42466
C000090E,283+0.950,,GALLATIN,October,2014,7:40,THU,NON-JUNCTION,ON ROADWAY,CLOUDY,DRY,DAYLIGHT,NON-INJURY ACCIDENT (PROPERTY- DAMAGE-ONLY ACCIDENT),WILD ANIMAL,45.88075167,-111.4244983
C000090E,283+0.963,NOT IN CITY LIMITS,GALLATIN,FEBRUARY,2017,4:35,SAT,NON-JUNCTION,ROADSIDE RIGHT,SNOW,SNOW,DARK-NOT LIGHTED,NON-INJURY ACCIDENT (PROPERTY- DAMAGE-ONLY ACCIDENT),ROLL OVER,45.88069228,-111.4242926
C000090E,283+0.963,NOT IN CITY LIMITS,GALLATIN,JANUARY,2017,0:48,WED,NON-JUNCTION,ON ROADWAY,CLEAR,DRY,DARK-NOT LIGHTED,NON-INCAPACITATING EVIDENT INJURY ACCIDENT,REAR-END,45.88076019,-111.4241714
C000090E,283+0.969,,GALLATIN,March,2016,1:40,FRI,NON-JUNCTION,ROADSIDE RIGHT,CLOUDY,DRY,DARK-NOT LIGHTED,POSSIBLE INJURY ACCIDENT,ROLL OVER,45.88069667,-111.42412
C000090E,284+0.008,NOT IN CITY LIMITS,GALLATIN,MARCH,2017,19:00,SUN,NON-JUNCTION,ON ROADWAY,CLOUDY,DRY,DUSK,NON-INCAPACITATING EVIDENT INJURY ACCIDENT,"SIDESWIPE, SAME DIRECTION",45.88039833,-111.4229283
C000090E,284+0.096,MANHATTAN,GALLATIN,JULY,2017,22:30,SAT,NON-JUNCTION,ON ROADWAY,CLEAR,DRY,DARK-NOT LIGHTED,NON-INJURY ACCIDENT (PROPERTY- DAMAGE-ONLY ACCIDENT),WILD ANIMAL,45.88006086,-111.4211286
C000090E,284+0.100,,GALLATIN,March,2013,7:10,THU,NON-JUNCTION,ROADSIDE RIGHT,CLOUDY,ICE/FROST,DAYLIGHT,NON-INJURY ACCIDENT (PROPERTY- DAMAGE-ONLY ACCIDENT),FIXED OBJECT,45.88022167,-111.4209317
C000090E,284+0.146,,GALLATIN,April,2016,21:15,FRI,NON-JUNCTION,ON ROADWAY,CLOUDY,DRY,DARK-NOT LIGHTED,NON-INJURY ACCIDENT (PROPERTY- DAMAGE-ONLY ACCIDENT),WILD ANIMAL,45.87969993,-111.4202045
C000090E,284+0.195,,GALLATIN,May,2016,17:01,WED,NON-JUNCTION,ON ROADWAY,CLOUDY,DRY,DAYLIGHT,NON-INJURY ACCIDENT (PROPERTY- DAMAGE-ONLY ACCIDENT),"SIDESWIPE, SAME DIRECTION",45.87950078,-111.4192161
C000090E,284+0.230,,GALLATIN,October,2013,9:35,MON,NON-JUNCTION,MEDIAN,SNOW,ICE/FROST,DAYLIGHT,NON-INJURY ACCIDENT (PROPERTY- DAMAGE-ONLY ACCIDENT),ROLL OVER,45.87951,-111.4182783
C000090E,284+0.230,,GALLATIN,January,2013,14:42,THU,NON-JUNCTION,ROADSIDE RIGHT,BLOWING SNOW,ICE/FROST,DAYLIGHT,NON-INJURY ACCIDENT (PROPERTY- DAMAGE-ONLY ACCIDENT),ROLL OVER,45.87960167,-111.41831
C000090E,284+0.612,NOT IN CITY LIMITS,GALLATIN,JANUARY,2017,7:56,TUE,NON-JUNCTION,ON ROADWAY,SNOW,SNOW,DAYLIGHT,NON-INJURY ACCIDENT (PROPERTY- DAMAGE-ONLY ACCIDENT),FIXED OBJECT,45.87754751,-111.4111164
C000090E,284+0.756,NOT IN CITY LIMITS,GALLATIN,APRIL,2017,16:42,WED,NON-JUNCTION,ROADSIDE RIGHT,SLEET/HAIL/FREEZING RAIN/DRIZZLE,SLUSH,DAYLIGHT,NON-INJURY ACCIDENT (PROPERTY- DAMAGE-ONLY ACCIDENT),ROLL OVER,45.87695313,-111.4082642
C000090E,284+0.998,,GALLATIN,July,2015,9:37,SAT,NON-JUNCTION,ON ROADWAY,CLEAR,DRY,DAYLIGHT,NON-INJURY ACCIDENT (PROPERTY- DAMAGE-ONLY ACCIDENT),FIXED OBJECT,45.87578,-111.40346
C000090E,284+0.998,NOT IN CITY LIMITS,GALLATIN,NOVEMBER,2017,1:16,MON,NON-JUNCTION,ON ROADWAY,CLOUDY,DRY,DARK-NOT LIGHTED,NON-INCAPACITATING EVIDENT INJURY ACCIDENT,ROLL OVER,45.87578,-111.40346
C000090E,284+0.998,NOT IN CITY LIMITS,GALLATIN,NOVEMBER,2017,1:20,MON,NON-JUNCTION,MEDIAN,CLOUDY,DRY,DARK-NOT LIGHTED,NON-INCAPACITATING EVIDENT INJURY ACCIDENT,OTHER,45.87578,-111.40346
C000090E,285+0.166,,GALLATIN,January,2016,19:40,SAT,NON-JUNCTION,ROADSIDE RIGHT,SNOW,SNOW,DARK-NOT LIGHTED,NON-INJURY ACCIDENT (PROPERTY- DAMAGE-ONLY ACCIDENT),ROLL OVER,45.87500498,-111.4002093
C000090E,285+0.278,NOT IN CITY LIMITS,GALLATIN,NOVEMBER,2017,13:35,SAT,NON-JUNCTION,ROADSIDE RIGHT,CLEAR,ICE/FROST,DAYLIGHT,NON-INJURY ACCIDENT (PROPERTY- DAMAGE-ONLY ACCIDENT),ROLL OVER,45.87443285,-111.3980283
C000090E,285+0.440,,GALLATIN,November,2014,18:00,WED,NON-JUNCTION,ON ROADWAY,CLOUDY,DRY,DARK-NOT LIGHTED,NON-INJURY ACCIDENT (PROPERTY- DAMAGE-ONLY ACCIDENT),WILD ANIMAL,45.87369446,-111.3947958
C000090E,285+0.633,,GALLATIN,November,2015,8:00,SAT,NON-JUNCTION,ON ROADWAY,CLEAR,DRY,DAYLIGHT,NON-INJURY ACCIDENT (PROPERTY- DAMAGE-ONLY ACCIDENT),ROLL OVER,45.87281,-111.39107
C000090E,285+0.680,,GALLATIN,October,2013,8:30,MON,NON-JUNCTION,MEDIAN,SNOW,ICE/FROST,DAYLIGHT,NON-INJURY ACCIDENT (PROPERTY- DAMAGE-ONLY ACCIDENT),ROLL OVER,45.87264167,-111.3899483
C000090E,285+0.744,,GALLATIN,December,2015,19:15,SAT,NON-JUNCTION,ON ROADWAY,CLEAR,DRY,DARK-NOT LIGHTED,NON-INJURY ACCIDENT (PROPERTY- DAMAGE-ONLY ACCIDENT),WILD ANIMAL,45.87228868,-111.3888739
C000090E,285+0.806,,GALLATIN,December,2015,18:40,FRI,NON-JUNCTION,ON ROADWAY,CLOUDY,ICE/FROST,DARK-NOT LIGHTED,POSSIBLE INJURY ACCIDENT,WILD ANIMAL,45.87206611,-111.3876675
C000090E,285+0.981,,GALLATIN,July,2014,17:40,MON,NON-JUNCTION,ON ROADWAY,CLOUDY,DRY,DAYLIGHT,NON-INJURY ACCIDENT (PROPERTY- DAMAGE-ONLY ACCIDENT),OTHER,45.87104833,-111.384375
C000090E,285+0.999,,GALLATIN,November,2015,9:00,TUE,NON-JUNCTION,ON ROADWAY,SNOW,WET,DAYLIGHT,NON-INJURY ACCIDENT (PROPERTY- DAMAGE-ONLY ACCIDENT),WILD ANIMAL,45.87094,-111.38392
C000090E,285+0.999,,GALLATIN,December,2015,6:30,MON,NON-JUNCTION,ON ROADWAY,CLEAR,DRY,DARK-NOT LIGHTED,NON-INJURY ACCIDENT (PROPERTY- DAMAGE-ONLY ACCIDENT),WILD ANIMAL,45.87094,-111.38392
C000090E,286+0.023,,GALLATIN,March,2016,1:33,SUN,NON-JUNCTION,MEDIAN,CLOUDY,DRY,DARK-NOT LIGHTED,FATAL ACCIDENT,ROLL OVER,45.8708306,-111.3834768
C000090E,286+0.060,,GALLATIN,May,2014,14:20,TUE,NON-JUNCTION,SHOULDER,CLEAR,DRY,DAYLIGHT,NON-INCAPACITATING EVIDENT INJURY ACCIDENT,FIXED OBJECT,45.87049615,-111.3828259
C000090E,286+0.235,,GALLATIN,October,2016,21:30,SUN,NON-JUNCTION,ROADSIDE RIGHT,CLEAR,DRY,DARK-NOT LIGHTED,NON-INCAPACITATING EVIDENT INJURY ACCIDENT,ROLL OVER,45.86930773,-111.3796607
C000090E,286+0.371,NOT IN CITY LIMITS,GALLATIN,JANUARY,2017,3:37,MON,NON-JUNCTION,ON ROADWAY,CLEAR,DRY,DARK-NOT LIGHTED,NON-INCAPACITATING EVIDENT INJURY ACCIDENT,WILD ANIMAL,45.86836254,-111.377184
C000090E,286+0.384,,GALLATIN,June,2015,0:00,SAT,NON-JUNCTION,SHOULDER,CLEAR,DRY,DAYLIGHT,NON-INJURY ACCIDENT (PROPERTY- DAMAGE-ONLY ACCIDENT),FIXED OBJECT,45.8683398,-111.3769598
C000090E,286+0.627,,GALLATIN,October,2016,19:45,SAT,NON-JUNCTION,ON ROADWAY,CLEAR,DRY,DARK-NOT LIGHTED,POSSIBLE INJURY ACCIDENT,REAR-END,45.86667894,-111.3724908
C000090E,286+0.670,NOT IN CITY LIMITS,GALLATIN,JANUARY,2017,2:20,MON,NON-JUNCTION,ON ROADWAY,CLOUDY,ICE/FROST,DARK-NOT LIGHTED,NON-INJURY ACCIDENT (PROPERTY- DAMAGE-ONLY ACCIDENT),WILD ANIMAL,45.86633855,-111.3717819
C000090E,286+0.776,,GALLATIN,September,2014,5:30,TUE,NON-JUNCTION,ROADSIDE RIGHT,CLEAR,DRY,DAWN,NON-INJURY ACCIDENT (PROPERTY- DAMAGE-ONLY ACCIDENT),ROLL OVER,45.86538959,-111.3699568
C000090E,286+0.980,,GALLATIN,September,2013,15:27,MON,NON-JUNCTION,ON ROADWAY,CLEAR,DRY,DAYLIGHT,NON-INJURY ACCIDENT (PROPERTY- DAMAGE-ONLY ACCIDENT),REAR-END,45.86421822,-111.3659612
C000090E,287+0.336,,GALLATIN,October,2016,18:23,SAT,NON-JUNCTION,ON ROADWAY,CLEAR,DRY,DAYLIGHT,INCAPACITATING INJURY ACCIDENT,REAR-END,45.8618388,-111.3595563
C000090E,287+0.690,,GALLATIN,December,2016,10:40,THU,NON-JUNCTION,ROADSIDE RIGHT,SNOW,ICE/FROST,DAYLIGHT,NON-INJURY ACCIDENT (PROPERTY- DAMAGE-ONLY ACCIDENT),ROLL OVER,45.85924145,-111.353144
C000090E,287+0.720,,GALLATIN,February,2013,16:42,MON,NON-JUNCTION,ROADSIDE RIGHT,CLEAR,DRY,DAYLIGHT,NON-INJURY ACCIDENT (PROPERTY- DAMAGE-ONLY ACCIDENT),FIXED OBJECT,45.85895667,-111.3525383
C000090E,287+0.835,,GALLATIN,November,2016,22:00,SAT,NON-JUNCTION,ON ROADWAY,CLEAR,DRY,DARK-NOT LIGHTED,NON-INJURY ACCIDENT (PROPERTY- DAMAGE-ONLY ACCIDENT),WILD ANIMAL,45.8580082,-111.3508505
C000090E,288+0.000,,GALLATIN,May,2013,14:30,SUN,NON-JUNCTION,ON ROADWAY,CLOUDY,DRY,DAYLIGHT,NON-INJURY ACCIDENT (PROPERTY- DAMAGE-ONLY ACCIDENT),LOST CONTROL,45.85620167,-111.3485233
C000090E,288+0.129,NOT IN CITY LIMITS,GALLATIN,AUGUST,2017,18:30,MON,NON-JUNCTION,ROADSIDE RIGHT,CLEAR,DRY,DAYLIGHT,NON-INJURY ACCIDENT (PROPERTY- DAMAGE-ONLY ACCIDENT),FIXED OBJECT,45.85465598,-111.3470962
C000090E,288+0.154,MANHATTAN,GALLATIN,March,2016,11:00,SAT,NON-JUNCTION,ROADSIDE LEFT,CLOUDY,DRY,DAYLIGHT,NON-INJURY ACCIDENT (PROPERTY- DAMAGE-ONLY ACCIDENT),FIXED OBJECT,45.85436563,-111.3468366
C000090E,288+0.620,,GALLATIN,November,2013,14:40,SUN,NON-JUNCTION,ON ROADWAY,CLOUDY,DRY,DAYLIGHT,NON-INJURY ACCIDENT (PROPERTY- DAMAGE-ONLY ACCIDENT),FIXED OBJECT,45.85015,-111.3390417
C000090E,288+0.670,,GALLATIN,September,2013,8:10,TUE,NON-JUNCTION,ON ROADWAY,RAIN,WET,DAYLIGHT,NON-INJURY ACCIDENT (PROPERTY- DAMAGE-ONLY ACCIDENT),FIXED OBJECT,45.84993286,-111.3380394
C000090E,288+0.688,,GALLATIN,November,2016,11:30,TUE,INTERSECTION,ON ROADWAY,CLOUDY,WET,DAYLIGHT,POSSIBLE INJURY ACCIDENT,RIGHT ANGLE,45.84967,-111.33829
C000090E,288+0.769,NOT IN CITY LIMITS,GALLATIN,SEPTEMBER,2017,20:50,SAT,NON-JUNCTION,ON ROADWAY,CLOUDY,DRY,DARK-NOT LIGHTED,NON-INJURY ACCIDENT (PROPERTY- DAMAGE-ONLY ACCIDENT),REAR-END,45.84927714,-111.3367074
C000090E,288+0.875,MANHATTAN,GALLATIN,August,2014,8:20,WED,ENTRANCE/EXIT RAMP,ON ROADWAY,CLEAR,DRY,DAYLIGHT,NON-INJURY ACCIDENT (PROPERTY- DAMAGE-ONLY ACCIDENT),REAR-END,45.8489049,-111.3345696
C000090E,288+0.880,,GALLATIN,October,2013,15:50,MON,ENTRANCE/EXIT RAMP,ON ROADWAY,CLOUDY,WET,DAYLIGHT,NON-INJURY ACCIDENT (PROPERTY- DAMAGE-ONLY ACCIDENT),"SIDESWIPE, SAME DIRECTION",45.84911136,-111.3339635
C000090E,288+0.930,,GALLATIN,December,2013,10:30,THU,NON-JUNCTION,ON ROADWAY,CLEAR,ICE/FROST,DAYLIGHT,NON-INJURY ACCIDENT (PROPERTY- DAMAGE-ONLY ACCIDENT),"SIDESWIPE, SAME DIRECTION",45.84877167,-111.3333583
C000090E,288+0.970,,GALLATIN,December,2013,8:45,SAT,NON-JUNCTION,ON ROADWAY,SNOW,ICE/FROST,DAYLIGHT,NON-INJURY ACCIDENT (PROPERTY- DAMAGE-ONLY ACCIDENT),"SIDESWIPE, OPPOSITE DIRECTION",45.84889811,-111.3322063
C000090E,289+0.026,,GALLATIN,December,2016,14:40,THU,NON-JUNCTION,ROADSIDE RIGHT,BLOWING SNOW,ICE/FROST,DAYLIGHT,NON-INJURY ACCIDENT (PROPERTY- DAMAGE-ONLY ACCIDENT),FIXED OBJECT,45.84857365,-111.3315507
C000090E,289+0.070,NOT IN CITY LIMITS,GALLATIN,DECEMBER,2017,10:25,THU,NON-JUNCTION,ROADSIDE RIGHT,CLOUDY,ICE/FROST,DAYLIGHT,NON-INJURY ACCIDENT (PROPERTY- DAMAGE-ONLY ACCIDENT),FIXED OBJECT,45.84847571,-111.3306695
C000090E,289+0.110,,GALLATIN,April,2013,13:42,THU,NON-JUNCTION,ON ROADWAY,CLEAR,DRY,DAYLIGHT,NON-INJURY ACCIDENT (PROPERTY- DAMAGE-ONLY ACCIDENT),NOT FIXED OBJECT OR DEBRIS,45.84827833,-111.3295717
C000090E,289+0.119,NOT IN CITY LIMITS,GALLATIN,NOVEMBER,2017,5:10,THU,NON-JUNCTION,ROADSIDE RIGHT,SNOW,SNOW,DARK-NOT LIGHTED,NON-INJURY ACCIDENT (PROPERTY- DAMAGE-ONLY ACCIDENT),FIXED OBJECT,45.84833228,-111.3295627
C000090E,289+0.140,,GALLATIN,October,2013,14:15,MON,ENTRANCE/EXIT RAMP,ON ROADWAY,RAIN,WET,DAYLIGHT,NON-INJURY ACCIDENT (PROPERTY- DAMAGE-ONLY ACCIDENT),"SIDESWIPE, SAME DIRECTION",45.84830667,-111.32912
C000090E,289+0.281,,GALLATIN,May,2016,20:50,SUN,NON-JUNCTION,ON ROADWAY,CLOUDY,DRY,DAYLIGHT,NON-INCAPACITATING EVIDENT INJURY ACCIDENT,FIXED OBJECT,45.84788949,-111.3263413
C000090E,289+0.290,,GALLATIN,February,2013,7:30,SAT,NON-JUNCTION,ON ROADWAY,SNOW,SNOW,DAYLIGHT,POSSIBLE INJURY ACCIDENT,ROLL OVER,45.84790427,-111.3261343
C000090E,289+0.560,,GALLATIN,August,2013,21:48,MON,ENTRANCE/EXIT RAMP,ON ROADWAY,CLEAR,DRY,DARK-NOT LIGHTED,NON-INJURY ACCIDENT (PROPERTY- DAMAGE-ONLY ACCIDENT),"SIDESWIPE, SAME DIRECTION",45.84718333,-111.3206117
C000090E,289+0.670,,GALLATIN,May,2013,5:30,FRI,NON-JUNCTION,MEDIAN,CLEAR,DRY,DAWN,NON-INJURY ACCIDENT (PROPERTY- DAMAGE-ONLY ACCIDENT),FIXED OBJECT,45.84693648,-111.3183047
C000090E,289+0.690,,GALLATIN,November,2013,7:15,TUE,NON-JUNCTION,MEDIAN,CLEAR,DRY,DAWN,NON-INJURY ACCIDENT (PROPERTY- DAMAGE-ONLY ACCIDENT),FIXED OBJECT,45.84681831,-111.3177537
C000090E,289+0.817,,GALLATIN,January,2014,9:38,SAT,NON-JUNCTION,ROADSIDE RIGHT,SNOW,SNOW,DAYLIGHT,NON-INJURY ACCIDENT (PROPERTY- DAMAGE-ONLY ACCIDENT),FIXED OBJECT,45.84610621,-111.3155597
C000090E,289+0.890,,GALLATIN,March,2013,13:00,THU,NON-JUNCTION,ON ROADWAY,CLEAR,DRY,DAYLIGHT,NON-INJURY ACCIDENT (PROPERTY- DAMAGE-ONLY ACCIDENT),"SIDESWIPE, SAME DIRECTION",45.84569,-111.3142017
C000090E,290+0.003,,GALLATIN,November,2015,5:10,TUE,NON-JUNCTION,ON ROADWAY,CLOUDY,DRY,DARK-NOT LIGHTED,NON-INJURY ACCIDENT (PROPERTY- DAMAGE-ONLY ACCIDENT),WILD ANIMAL,45.84489,-111.31207
C000090E,290+0.003,NOT IN CITY LIMITS,GALLATIN,NOVEMBER,2017,6:50,THU,NON-JUNCTION,ON ROADWAY,CLOUDY,DRY,DAWN,NON-INJURY ACCIDENT (PROPERTY- DAMAGE-ONLY ACCIDENT),WILD ANIMAL,45.84489,-111.31207
C000090E,290+0.380,,GALLATIN,November,2013,7:15,SUN,NON-JUNCTION,ON ROADWAY,CLOUDY,DRY,DAYLIGHT,NON-INJURY ACCIDENT (PROPERTY- DAMAGE-ONLY ACCIDENT),WILD ANIMAL,45.8417156,-111.3054894
C000090E,290+0.513,,GALLATIN,September,2016,21:45,FRI,NON-JUNCTION,ON ROADWAY,CLOUDY,DRY,DARK-NOT LIGHTED,NON-INJURY ACCIDENT (PROPERTY- DAMAGE-ONLY ACCIDENT),FIRE/ EXPLOSION,45.84039994,-111.3036176
C000090E,290+0.550,,GALLATIN,November,2013,16:50,SUN,NON-JUNCTION,ON ROADWAY,CLEAR,DRY,DUSK,NON-INJURY ACCIDENT (PROPERTY- DAMAGE-ONLY ACCIDENT),WILD ANIMAL,45.84022987,-111.3026031
C000090E,290+0.562,NOT IN CITY LIMITS,GALLATIN,NOVEMBER,2017,5:30,THU,NON-JUNCTION,ON ROADWAY,CLOUDY,DRY,DARK-NOT LIGHTED,NON-INJURY ACCIDENT (PROPERTY- DAMAGE-ONLY ACCIDENT),WILD ANIMAL,45.83998599,-111.3028625
C000090E,290+0.720,,GALLATIN,October,2013,20:45,SAT,NON-JUNCTION,SHOULDER,CLEAR,DRY,DARK-NOT LIGHTED,NON-INJURY ACCIDENT (PROPERTY- DAMAGE-ONLY ACCIDENT),FIXED OBJECT,45.83874669,-111.2998813
C000090E,290+0.810,,GALLATIN,November,2013,6:55,WED,NON-JUNCTION,ON ROADWAY,CLOUDY,DRY,DAWN,NON-INJURY ACCIDENT (PROPERTY- DAMAGE-ONLY ACCIDENT),WILD ANIMAL,45.83774814,-111.2987923
C000090E,290+0.848,NOT IN CITY LIMITS,GALLATIN,JUNE,2017,5:20,SAT,NON-JUNCTION,ROADSIDE RIGHT,CLEAR,DRY,DAWN,POSSIBLE INJURY ACCIDENT,ROLL OVER,45.83745937,-111.2981533