MDT_CORRIDOR_ID,SMS_REFPOST_OFFSET,CITY,COUNTY,Month,Year,SMS_TIME,SMT_CRASH_OCC_DAY_OF_WEEK,JUNCTION_RELATED,ROADWAY_RELATED,WEATHER_COND,ROAD_COND,LIGHT_COND,CRASH_SEVERITY,COLLISION_TYPE,LATITUDE,LONGITUDE
C000090E,290+0.860,,GALLATIN,January,2013,15:50,FRI,NON-JUNCTION,SHOULDER,CLOUDY,ICE/FROST,DAYLIGHT,NON-INJURY ACCIDENT (PROPERTY- DAMAGE-ONLY ACCIDENT),FIXED OBJECT,45.83728,-111.2977933
C000090E,290+0.880,,GALLATIN,November,2013,18:25,TUE,NON-JUNCTION,ON ROADWAY,CLOUDY,DRY,DARK-NOT LIGHTED,NON-INJURY ACCIDENT (PROPERTY- DAMAGE-ONLY ACCIDENT),WILD ANIMAL,45.83733461,-111.297147
C000090E,290+0.940,,GALLATIN,May,2013,15:25,SUN,NON-JUNCTION,ON ROADWAY,CLOUDY,DRY,DAYLIGHT,NON-INJURY ACCIDENT (PROPERTY- DAMAGE-ONLY ACCIDENT),REAR-END,45.83678132,-111.2962523
C000090E,290+0.990,,GALLATIN,July,2013,1:05,MON,NON-JUNCTION,ON ROADWAY,CLEAR,DRY,DARK-NOT LIGHTED,NON-INJURY ACCIDENT (PROPERTY- DAMAGE-ONLY ACCIDENT),WILD ANIMAL,45.83615833,-111.2956583
C000090E,291+0.110,,GALLATIN,January,2013,2:34,FRI,NON-JUNCTION,ON ROADWAY,CLOUDY,ICE/FROST,DARK-NOT LIGHTED,NON-INCAPACITATING EVIDENT INJURY ACCIDENT,REAR-END,45.83507376,-111.2937865
C000090E,291+0.115,,GALLATIN,November,2016,18:15,MON,NON-JUNCTION,ON ROADWAY,CLEAR,DRY,DARK-NOT LIGHTED,NON-INJURY ACCIDENT (PROPERTY- DAMAGE-ONLY ACCIDENT),WILD ANIMAL,45.8350966,-111.2936901
C000090E,291+0.220,,GALLATIN,November,2013,6:05,MON,NON-JUNCTION,ON ROADWAY,CLEAR,DRY,DAWN,NON-INJURY ACCIDENT (PROPERTY- DAMAGE-ONLY ACCIDENT),WILD ANIMAL,45.83418465,-111.2918733
C000090E,291+0.310,,GALLATIN,November,2013,19:25,SAT,NON-JUNCTION,ON ROADWAY,CLEAR,DRY,DARK-NOT LIGHTED,NON-INJURY ACCIDENT (PROPERTY- DAMAGE-ONLY ACCIDENT),WILD ANIMAL,45.83358823,-111.290269
C000090E,291+0.539,NOT IN CITY LIMITS,GALLATIN,NOVEMBER,2017,10:30,WED,NON-JUNCTION,ROADSIDE RIGHT,CLEAR,ICE/FROST,DAYLIGHT,NON-INJURY ACCIDENT (PROPERTY- DAMAGE-ONLY ACCIDENT),FIXED OBJECT,45.83141724,-111.2867957
C000090E,291+0.630,,GALLATIN,January,2013,14:32,FRI,NON-JUNCTION,SHOULDER,SNOW,SNOW,DAYLIGHT,NON-INJURY ACCIDENT (PROPERTY- DAMAGE-ONLY ACCIDENT),FIXED OBJECT,45.8305249,-111.2850849
C000090E,291+0.650,,GALLATIN,January,2013,14:35,FRI,NON-JUNCTION,ON ROADWAY,SNOW,ICE/FROST,DAYLIGHT,NON-INJURY ACCIDENT (PROPERTY- DAMAGE-ONLY ACCIDENT),"SIDESWIPE, SAME DIRECTION",45.83035751,-111.284921
C000090E,291+0.663,,GALLATIN,December,2015,10:00,TUE,NON-JUNCTION,MEDIAN,SNOW,ICE/FROST,DAYLIGHT,NON-INJURY ACCIDENT (PROPERTY- DAMAGE-ONLY ACCIDENT),FIXED OBJECT,45.8303985,-111.2845727
C000090E,291+0.744,NOT IN CITY LIMITS,GALLATIN,NOVEMBER,2017,9:15,WED,NON-JUNCTION,ROADSIDE RIGHT,SLEET/HAIL/FREEZING RAIN/DRIZZLE,ICE/FROST,DAYLIGHT,NON-INJURY ACCIDENT (PROPERTY- DAMAGE-ONLY ACCIDENT),FIXED OBJECT,45.82957077,-111.2833862
C000090E,291+0.769,NOT IN CITY LIMITS,GALLATIN,NOVEMBER,2017,17:45,MON,NON-JUNCTION,ON ROADWAY,CLOUDY,DRY,DARK-NOT LIGHTED,NON-INJURY ACCIDENT (PROPERTY- DAMAGE-ONLY ACCIDENT),NOT FIXED OBJECT OR DEBRIS,45.8293531,-111.2829497
C000090E,291+0.962,,GALLATIN,May,2014,21:05,WED,NON-JUNCTION,ON ROADWAY,CLOUDY,DRY,DUSK,NON-INJURY ACCIDENT (PROPERTY- DAMAGE-ONLY ACCIDENT),WILD ANIMAL,45.82769374,-111.2798393
C000090E,291+0.999,,GALLATIN,October,2016,6:50,FRI,NON-JUNCTION,ROADSIDE RIGHT,CLEAR,DRY,DARK-NOT LIGHTED,NON-INJURY ACCIDENT (PROPERTY- DAMAGE-ONLY ACCIDENT),FIXED OBJECT,45.82737,-111.27913
C000090E,291+0.999,NOT IN CITY LIMITS,GALLATIN,JANUARY,2017,19:30,MON,NON-JUNCTION,ON ROADWAY,CLOUDY,DRY,DARK-NOT LIGHTED,NON-INCAPACITATING EVIDENT INJURY ACCIDENT,HEAD ON,45.82737,-111.27913
C000090E,292+0.105,NOT IN CITY LIMITS,GALLATIN,DECEMBER,2017,16:15,WED,NON-JUNCTION,ON ROADWAY,SNOW,ICE/FROST,DAYLIGHT,INCAPACITATING INJURY ACCIDENT,RIGHT ANGLE,45.82651168,-111.2774155
C000090E,292+0.240,,GALLATIN,August,2013,21:31,SAT,NON-JUNCTION,ON ROADWAY,CLEAR,DRY,DARK-NOT LIGHTED,NON-INJURY ACCIDENT (PROPERTY- DAMAGE-ONLY ACCIDENT),WILD ANIMAL,45.82517195,-111.2751961
C000090E,292+0.273,,GALLATIN,November,2016,17:45,MON,NON-JUNCTION,ON ROADWAY,CLEAR,DRY,DARK-NOT LIGHTED,NON-INJURY ACCIDENT (PROPERTY- DAMAGE-ONLY ACCIDENT),WILD ANIMAL,45.82487335,-111.2746917
C000090E,292+0.303,NOT IN CITY LIMITS,GALLATIN,APRIL,2017,7:38,THU,NON-JUNCTION,ON ROADWAY,CLEAR,DRY,DAYLIGHT,NON-INJURY ACCIDENT (PROPERTY- DAMAGE-ONLY ACCIDENT),WILD ANIMAL,45.82465634,-111.2742289
C000090E,292+0.320,,GALLATIN,January,2013,8:40,FRI,NON-JUNCTION,SHOULDER,SNOW,ICE/FROST,DAYLIGHT,NON-INJURY ACCIDENT (PROPERTY- DAMAGE-ONLY ACCIDENT),FIXED OBJECT,45.824435,-111.273755
C000090E,292+0.329,NOT IN CITY LIMITS,GALLATIN,NOVEMBER,2017,6:30,TUE,NON-JUNCTION,ON ROADWAY,SNOW,ICE/FROST,DARK-NOT LIGHTED,NON-INJURY ACCIDENT (PROPERTY- DAMAGE-ONLY ACCIDENT),FIXED OBJECT,45.82445547,-111.2737658
C000090E,292+0.347,NOT IN CITY LIMITS,GALLATIN,MARCH,2017,5:50,TUE,NON-JUNCTION,MEDIAN,CLOUDY,DRY,DARK-NOT LIGHTED,NON-INJURY ACCIDENT (PROPERTY- DAMAGE-ONLY ACCIDENT),FIXED OBJECT,45.82433126,-111.2734798
C000090E,292+0.403,NOT IN CITY LIMITS,GALLATIN,OCTOBER,2017,22:40,MON,NON-JUNCTION,ON ROADWAY,SLEET/HAIL/FREEZING RAIN/DRIZZLE,DRY,DARK-NOT LIGHTED,NON-INJURY ACCIDENT (PROPERTY- DAMAGE-ONLY ACCIDENT),WILD ANIMAL,45.82384118,-111.2725515
C000090E,292+0.415,NOT IN CITY LIMITS,GALLATIN,MARCH,2017,6:00,TUE,NON-JUNCTION,ON ROADWAY,CLEAR,WET,DARK-LIGHTED,NON-INJURY ACCIDENT (PROPERTY- DAMAGE-ONLY ACCIDENT),FIXED OBJECT,45.82375984,-111.2722088
C000090E,292+0.471,,GALLATIN,December,2016,18:00,SAT,NON-JUNCTION,ON ROADWAY,BLOWING SNOW,ICE/FROST,DARK-NOT LIGHTED,NON-INJURY ACCIDENT (PROPERTY- DAMAGE-ONLY ACCIDENT),RIGHT ANGLE,45.82322078,-111.2713187
C000090E,292+0.480,,GALLATIN,February,2013,19:25,WED,NON-JUNCTION,MEDIAN,SNOW,ICE/FROST,DARK-NOT LIGHTED,POSSIBLE INJURY ACCIDENT,FIXED OBJECT,45.82328333,-111.270975
C000090E,292+0.590,,GALLATIN,May,2014,5:35,WED,NON-JUNCTION,ON ROADWAY,CLEAR,DRY,DAWN,NON-INJURY ACCIDENT (PROPERTY- DAMAGE-ONLY ACCIDENT),WILD ANIMAL,45.822195,-111.269405
C000090E,292+0.596,,GALLATIN,December,2016,18:00,SAT,NON-JUNCTION,ON ROADWAY,BLOWING SNOW,ICE/FROST,DARK-NOT LIGHTED,NON-INJURY ACCIDENT (PROPERTY- DAMAGE-ONLY ACCIDENT),RIGHT ANGLE,45.82212961,-111.269322
C000090E,292+0.652,NOT IN CITY LIMITS,GALLATIN,FEBRUARY,2017,8:43,WED,NON-JUNCTION,ROADSIDE RIGHT,CLOUDY,ICE/FROST,DAYLIGHT,NON-INJURY ACCIDENT (PROPERTY- DAMAGE-ONLY ACCIDENT),FIXED OBJECT,45.82162971,-111.2683578
C000090E,292+0.750,,GALLATIN,September,2013,7:35,MON,NON-JUNCTION,ON ROADWAY,CLEAR,DRY,DAYLIGHT,NON-INJURY ACCIDENT (PROPERTY- DAMAGE-ONLY ACCIDENT),WILD ANIMAL,45.82073001,-111.2667335
C000090E,292+0.789,NOT IN CITY LIMITS,GALLATIN,MAY,2017,15:00,THU,NON-JUNCTION,ON ROADWAY,CLOUDY,DRY,DAYLIGHT,NON-INJURY ACCIDENT (PROPERTY- DAMAGE-ONLY ACCIDENT),FIRE/ EXPLOSION,45.82045613,-111.2660855
C000090E,292+0.900,NOT IN CITY LIMITS,GALLATIN,DECEMBER,2017,18:45,WED,NON-JUNCTION,ROADSIDE RIGHT,SNOW,ICE/FROST,DARK-NOT LIGHTED,NON-INJURY ACCIDENT (PROPERTY- DAMAGE-ONLY ACCIDENT),FIXED OBJECT,45.81956124,-111.2643026
C000090E,293+0.049,,GALLATIN,December,2014,21:20,SUN,NON-JUNCTION,SHOULDER,SNOW,SNOW,DARK-NOT LIGHTED,NON-INJURY ACCIDENT (PROPERTY- DAMAGE-ONLY ACCIDENT),FIXED OBJECT,45.81819315,-111.2616029
C000090E,293+0.087,,GALLATIN,November,2015,3:45,TUE,NON-JUNCTION,ON ROADWAY,CLEAR,DRY,DARK-NOT LIGHTED,NON-INJURY ACCIDENT (PROPERTY- DAMAGE-ONLY ACCIDENT),WILD ANIMAL,45.81788274,-111.2610436
C000090E,293+0.090,,GALLATIN,November,2013,17:20,MON,NON-JUNCTION,SHOULDER,CLOUDY,ICE/FROST,DUSK,NON-INJURY ACCIDENT (PROPERTY- DAMAGE-ONLY ACCIDENT),ROLL OVER,45.81793,-111.2608767
C000090E,293+0.090,,GALLATIN,February,2013,2:55,SAT,NON-JUNCTION,SHOULDER,CLOUDY,DRY,DARK-NOT LIGHTED,NON-INJURY ACCIDENT (PROPERTY- DAMAGE-ONLY ACCIDENT),FIXED OBJECT,45.81789589,-111.2608036
C000090E,293+0.140,,GALLATIN,February,2013,14:35,SAT,NON-JUNCTION,SHOULDER,CLEAR,DRY,DAWN,NON-INCAPACITATING EVIDENT INJURY ACCIDENT,REAR-END,45.81738702,-111.2599429
C000090E,293+0.192,,GALLATIN,November,2015,21:30,SUN,NON-JUNCTION,ON ROADWAY,CLEAR,DRY,DARK-NOT LIGHTED,NON-INJURY ACCIDENT (PROPERTY- DAMAGE-ONLY ACCIDENT),WILD ANIMAL,45.81702501,-111.2592804
C000090E,293+0.255,NOT IN CITY LIMITS,GALLATIN,NOVEMBER,2017,21:40,THU,NON-JUNCTION,MEDIAN,SNOW,ICE/FROST,DARK-NOT LIGHTED,NON-INJURY ACCIDENT (PROPERTY- DAMAGE-ONLY ACCIDENT),JACKKNIFE,45.81649569,-111.2582627
C000090E,293+0.292,NOT IN CITY LIMITS,GALLATIN,DECEMBER,2017,11:45,MON,NON-JUNCTION,ON ROADWAY,SNOW,SNOW,DAYLIGHT,NON-INCAPACITATING EVIDENT INJURY ACCIDENT,REAR-END,45.81612345,-111.2575865
C000090E,293+0.342,,GALLATIN,January,2014,17:50,WED,NON-JUNCTION,ROADSIDE RIGHT,CLEAR,WET,DARK-NOT LIGHTED,NON-INJURY ACCIDENT (PROPERTY- DAMAGE-ONLY ACCIDENT),FIXED OBJECT,45.81562167,-111.2568683
C000090E,293+0.367,NOT IN CITY LIMITS,GALLATIN,DECEMBER,2017,20:00,SUN,NON-JUNCTION,ROADSIDE RIGHT,SNOW,SNOW,DARK-NOT LIGHTED,POSSIBLE INJURY ACCIDENT,ROLL OVER,45.81544978,-111.2563511
C000090E,293+0.640,,GALLATIN,June,2016,6:55,WED,NON-JUNCTION,ON ROADWAY,CLEAR,DRY,DAYLIGHT,NON-INJURY ACCIDENT (PROPERTY- DAMAGE-ONLY ACCIDENT),WILD ANIMAL,45.81314848,-111.2517778
C000090E,293+0.678,,GALLATIN,January,2015,7:12,FRI,NON-JUNCTION,ON ROADWAY,CLEAR,DRY,DARK-NOT LIGHTED,NON-INJURY ACCIDENT (PROPERTY- DAMAGE-ONLY ACCIDENT),WILD ANIMAL,45.81288937,-111.2511935
C000090E,293+0.715,NOT IN CITY LIMITS,GALLATIN,DECEMBER,2017,17:45,THU,NON-JUNCTION,ON ROADWAY,CLEAR,ICE/FROST,DARK-NOT LIGHTED,NON-INJURY ACCIDENT (PROPERTY- DAMAGE-ONLY ACCIDENT),RIGHT ANGLE,45.81252323,-111.2505882
C000090E,293+0.746,NOT IN CITY LIMITS,GALLATIN,JULY,2017,0:02,SUN,NON-JUNCTION,ON ROADWAY,CLEAR,DRY,DARK-NOT LIGHTED,NON-INJURY ACCIDENT (PROPERTY- DAMAGE-ONLY ACCIDENT),WILD ANIMAL,45.81222044,-111.2500212
C000090E,293+0.760,,GALLATIN,July,2013,15:00,MON,NON-JUNCTION,ON ROADWAY,CLEAR,DRY,DAYLIGHT,POSSIBLE INJURY ACCIDENT,LOST CONTROL,45.81235166,-111.2496021
C000090E,293+0.870,,GALLATIN,May,2013,11:40,FRI,NON-JUNCTION,SHOULDER,CLEAR,DRY,DAYLIGHT,NON-INJURY ACCIDENT (PROPERTY- DAMAGE-ONLY ACCIDENT),"SIDESWIPE, SAME DIRECTION",45.81115105,-111.2480584
C000090E,294+0.120,,GALLATIN,February,2015,8:12,TUE,NON-JUNCTION,ON ROADWAY,CLOUDY,DRY,DAYLIGHT,INCAPACITATING INJURY ACCIDENT,REAR-END,45.80908667,-111.2438433
C000090E,294+0.132,,GALLATIN,August,2014,21:45,FRI,NON-JUNCTION,ON ROADWAY,CLEAR,DRY,DARK-NOT LIGHTED,NON-INJURY ACCIDENT (PROPERTY- DAMAGE-ONLY ACCIDENT),WILD ANIMAL,45.80895042,-111.243655
C000090E,294+0.313,NOT IN CITY LIMITS,GALLATIN,NOVEMBER,2017,6:25,TUE,NON-JUNCTION,ROADSIDE RIGHT,CLOUDY,ICE/FROST,DAYLIGHT,NON-INJURY ACCIDENT (PROPERTY- DAMAGE-ONLY ACCIDENT),ROLL OVER,45.80744339,-111.2406198
C000090E,294+0.506,,GALLATIN,February,2015,8:16,SAT,NON-JUNCTION,MEDIAN,SNOW,SNOW,DAYLIGHT,NON-INJURY ACCIDENT (PROPERTY- DAMAGE-ONLY ACCIDENT),FIXED OBJECT,45.80580354,-111.2373778
C000090E,294+0.567,NOT IN CITY LIMITS,GALLATIN,JULY,2017,0:00,FRI,NON-JUNCTION,ROADSIDE RIGHT,CLEAR,DRY,DAYLIGHT,INCAPACITATING INJURY ACCIDENT,ROLL OVER,45.80518638,-111.2363389
C000090E,294+0.690,,GALLATIN,February,2013,23:15,WED,NON-JUNCTION,ROADSIDE RIGHT,SNOW,ICE/FROST,DARK-NOT LIGHTED,NON-INJURY ACCIDENT (PROPERTY- DAMAGE-ONLY ACCIDENT),FIXED OBJECT,45.80409333,-111.2341783
C000090E,294+0.847,,GALLATIN,September,2015,21:40,FRI,NON-JUNCTION,ON ROADWAY,CLEAR,DRY,DARK-NOT LIGHTED,NON-INJURY ACCIDENT (PROPERTY- DAMAGE-ONLY ACCIDENT),REAR-END,45.80280333,-111.2317267
C000090E,295+0.007,,GALLATIN,July,2014,4:40,MON,NON-JUNCTION,ON ROADWAY,CLOUDY,DRY,DARK-NOT LIGHTED,NON-INJURY ACCIDENT (PROPERTY- DAMAGE-ONLY ACCIDENT),WILD ANIMAL,45.80142142,-111.22905
C000090E,295+0.120,,GALLATIN,December,2014,18:45,SAT,NON-JUNCTION,ON ROADWAY,SNOW,WET,DARK-NOT LIGHTED,NON-INJURY ACCIDENT (PROPERTY- DAMAGE-ONLY ACCIDENT),FIRE/ EXPLOSION,45.80049941,-111.227199
C000090E,295+0.132,,GALLATIN,October,2016,16:58,SAT,NON-JUNCTION,ON ROADWAY,CLEAR,DRY,DAYLIGHT,FATAL ACCIDENT,RIGHT ANGLE,45.8003969,-111.2269327
C000090E,295+0.200,,GALLATIN,August,2014,14:40,SAT,NON-JUNCTION,ON ROADWAY,CLEAR,DRY,DAYLIGHT,NON-INJURY ACCIDENT (PROPERTY- DAMAGE-ONLY ACCIDENT),"SIDESWIPE, SAME DIRECTION",45.799765,-111.2258533
C000090E,295+0.971,NOT IN CITY LIMITS,GALLATIN,JULY,2017,6:55,WED,NON-JUNCTION,ON ROADWAY,CLEAR,DRY,DAYLIGHT,NON-INJURY ACCIDENT (PROPERTY- DAMAGE-ONLY ACCIDENT),WILD ANIMAL,45.79308323,-111.2130417
C000090E,296+0.310,,GALLATIN,February,2013,14:15,FRI,NON-JUNCTION,ON ROADWAY,CLEAR,DRY,DAYLIGHT,NON-INJURY ACCIDENT (PROPERTY- DAMAGE-ONLY ACCIDENT),NOT FIXED OBJECT OR DEBRIS,45.79040167,-111.207005
C000090E,296+0.425,,GALLATIN,November,2015,19:40,SAT,NON-JUNCTION,SHOULDER,CLEAR,DRY,DARK-NOT LIGHTED,NON-INJURY ACCIDENT (PROPERTY- DAMAGE-ONLY ACCIDENT),ROLL OVER,45.78908276,-111.2056156
C000090E,296+0.469,NOT IN CITY LIMITS,GALLATIN,JUNE,2017,19:10,FRI,NON-JUNCTION,ON ROADWAY,CLEAR,DRY,DAYLIGHT,NON-INJURY ACCIDENT (PROPERTY- DAMAGE-ONLY ACCIDENT),OTHER,45.78865809,-111.2050725
C000090E,296+0.867,,GALLATIN,August,2015,12:02,WED,NON-JUNCTION,ON ROADWAY,CLEAR,DRY,DAYLIGHT,NON-INJURY ACCIDENT (PROPERTY- DAMAGE-ONLY ACCIDENT),OTHER,45.78359065,-111.2013225
C000090E,296+0.910,,GALLATIN,November,2013,22:05,SAT,NON-JUNCTION,ON ROADWAY,CLEAR,DRY,DARK-NOT LIGHTED,NON-INJURY ACCIDENT (PROPERTY- DAMAGE-ONLY ACCIDENT),WILD ANIMAL,45.78287068,-111.2009575
C000090E,296+0.940,,GALLATIN,November,2013,21:55,SAT,NON-JUNCTION,SHOULDER,CLEAR,DRY,DARK-NOT LIGHTED,INCAPACITATING INJURY ACCIDENT,ROLL OVER,45.782455,-111.20096
C000090E,297+0.000,,GALLATIN,January,2016,23:38,SAT,NON-JUNCTION,ROADSIDE RIGHT,CLOUDY,ICE/FROST,DARK-NOT LIGHTED,POSSIBLE INJURY ACCIDENT,ROLL OVER,45.78182,-111.20077
C000090E,297+0.100,,GALLATIN,February,2013,15:52,MON,NON-JUNCTION,MEDIAN,CLOUDY,DRY,DAYLIGHT,NON-INJURY ACCIDENT (PROPERTY- DAMAGE-ONLY ACCIDENT),LOST CONTROL,45.78026156,-111.2005818
C000090E,297+0.261,NOT IN CITY LIMITS,GALLATIN,AUGUST,2017,1:30,FRI,NON-JUNCTION,ROADSIDE RIGHT,CLEAR,DRY,DARK-NOT LIGHTED,NON-INCAPACITATING EVIDENT INJURY ACCIDENT,NOT FIXED OBJECT OR DEBRIS,45.77808004,-111.199925
C000090E,297+0.274,NOT IN CITY LIMITS,GALLATIN,APRIL,2017,12:25,SUN,NON-JUNCTION,SHOULDER,CLEAR,DRY,DAYLIGHT,NON-INCAPACITATING EVIDENT INJURY ACCIDENT,ROLL OVER,45.77789786,-111.1998696
C000090E,297+0.293,,GALLATIN,July,2015,12:15,TUE,NON-JUNCTION,ON ROADWAY,CLEAR,DRY,DAYLIGHT,NON-INJURY ACCIDENT (PROPERTY- DAMAGE-ONLY ACCIDENT),"SIDESWIPE, SAME DIRECTION",45.77767438,-111.1997658
C000090E,297+0.479,,GALLATIN,February,2016,17:12,SUN,ENTRANCE/EXIT RAMP,ROADSIDE RIGHT,CLOUDY,DRY,DAYLIGHT,NON-INJURY ACCIDENT (PROPERTY- DAMAGE-ONLY ACCIDENT),FIXED OBJECT,45.775155,-111.1982383
C000090E,297+0.610,,GALLATIN,August,2013,13:28,MON,NON-JUNCTION,ROADSIDE RIGHT,CLEAR,DRY,DAYLIGHT,POSSIBLE INJURY ACCIDENT,ROLL OVER,45.77363282,-111.196231
C000090E,297+0.615,,GALLATIN,December,2016,14:57,SAT,ENTRANCE/EXIT RAMP,ROADSIDE RIGHT,SNOW,ICE/FROST,DAYLIGHT,NON-INJURY ACCIDENT (PROPERTY- DAMAGE-ONLY ACCIDENT),FIXED OBJECT,45.77336589,-111.1970253
C000090E,297+0.770,,GALLATIN,January,2013,8:15,TUE,NON-JUNCTION,ON ROADWAY,CLEAR,DRY,DAYLIGHT,NON-INJURY ACCIDENT (PROPERTY- DAMAGE-ONLY ACCIDENT),FIXED OBJECT,45.77191159,-111.1941682
C000090E,297+0.860,,GALLATIN,June,2013,14:10,SUN,NON-JUNCTION,ON ROADWAY,CLEAR,DRY,DAYLIGHT,NON-INJURY ACCIDENT (PROPERTY- DAMAGE-ONLY ACCIDENT),"SIDESWIPE, SAME DIRECTION",45.77099637,-111.192891
C000090E,297+0.989,NOT IN CITY LIMITS,GALLATIN,JANUARY,2017,15:20,SUN,NON-JUNCTION,MEDIAN,CLOUDY,DRY,DAYLIGHT,NON-INJURY ACCIDENT (PROPERTY- DAMAGE-ONLY ACCIDENT),ROLL OVER,45.77007426,-111.1907522
C000090E,297+1.008,,GALLATIN,November,2014,7:58,SUN,ACCELERATION/DECELERATION LANE,ON ROADWAY,CLOUDY,SNOW,DAYLIGHT,NON-INJURY ACCIDENT (PROPERTY- DAMAGE-ONLY ACCIDENT),REAR-END,45.76995,-111.190365
C000090E,297+1.008,,GALLATIN,August,2015,22:37,SAT,NON-JUNCTION,ON ROADWAY,CLEAR,DRY,DARK-NOT LIGHTED,NON-INJURY ACCIDENT (PROPERTY- DAMAGE-ONLY ACCIDENT),NOT FIXED OBJECT OR DEBRIS,45.76999,-111.19034
C000090E,298+0.140,,GALLATIN,June,2013,13:47,THU,NON-JUNCTION,MEDIAN,CLEAR,DRY,DAYLIGHT,POSSIBLE INJURY ACCIDENT,ROLL OVER,45.76926836,-111.1875361
C000090E,298+0.150,,GALLATIN,April,2013,7:32,MON,NON-JUNCTION,GORE,SNOW,ICE/FROST,DAYLIGHT,NON-INJURY ACCIDENT (PROPERTY- DAMAGE-ONLY ACCIDENT),ROLL OVER,45.76686028,-111.182221
C000090E,298+0.216,,GALLATIN,September,2014,16:50,SAT,NON-JUNCTION,ON ROADWAY,CLOUDY,DRY,DAYLIGHT,NON-INJURY ACCIDENT (PROPERTY- DAMAGE-ONLY ACCIDENT),OTHER,45.7686517,-111.1863648
C000090E,298+0.260,,GALLATIN,December,2013,15:45,SAT,INTERSECTION,ON ROADWAY,CLEAR,ICE/FROST,DAYLIGHT,NON-INCAPACITATING EVIDENT INJURY ACCIDENT,"LEFT TURN, SAME DIRECTION",45.77284004,-111.1979216
C000090E,298+0.260,BELGRADE,GALLATIN,September,2013,13:50,SAT,INTERSECTION-RELATED,ON ROADWAY,CLOUDY,DRY,DAYLIGHT,NON-INJURY ACCIDENT (PROPERTY- DAMAGE-ONLY ACCIDENT),REAR-END,45.76918563,-111.184917
C000090E,298+0.260,,GALLATIN,March,2013,15:45,SUN,ENTRANCE/EXIT RAMP,ON ROADWAY,CLOUDY,DRY,DAYLIGHT,NON-INJURY ACCIDENT (PROPERTY- DAMAGE-ONLY ACCIDENT),REAR-END,45.76915667,-111.1849483
C000090E,298+0.279,BELGRADE,GALLATIN,September,2013,10:30,SAT,INTERSECTION-RELATED,ON ROADWAY,CLEAR,DRY,DAYLIGHT,NON-INJURY ACCIDENT (PROPERTY- DAMAGE-ONLY ACCIDENT),REAR-END,45.76753729,-111.1851672
C000090E,298+0.279,BELGRADE,GALLATIN,September,2013,22:50,WED,INTERSECTION,ON ROADWAY,CLEAR,DRY,DARK-LIGHTED,POSSIBLE INJURY ACCIDENT,REAR-END,45.76753729,-111.1851672
C000090E,298+0.279,,GALLATIN,August,2013,7:40,SAT,INTERSECTION,ON ROADWAY,CLEAR,DRY,DAYLIGHT,POSSIBLE INJURY ACCIDENT,OTHER,45.76753729,-111.1851672
C000090E,298+0.279,BELGRADE,GALLATIN,March,2013,14:50,TUE,INTERSECTION-RELATED,ON ROADWAY,CLEAR,DRY,DAYLIGHT,NON-INJURY ACCIDENT (PROPERTY- DAMAGE-ONLY ACCIDENT),REAR-END,45.76753729,-111.1851672
C000090E,298+0.279,BELGRADE,GALLATIN,March,2013,17:30,MON,INTERSECTION,ON ROADWAY,CLEAR,DRY,DAYLIGHT,NON-INJURY ACCIDENT (PROPERTY- DAMAGE-ONLY ACCIDENT),REAR-END,45.76753729,-111.1851672
C000090E,298+0.279,BELGRADE,GALLATIN,April,2013,9:55,MON,INTERSECTION,ON ROADWAY,CLOUDY,DRY,DAYLIGHT,NON-INJURY ACCIDENT (PROPERTY- DAMAGE-ONLY ACCIDENT),REAR-END,45.76753729,-111.1851672
C000090E,298+0.279,BELGRADE,GALLATIN,May,2013,15:15,TUE,INTERSECTION-RELATED,ON ROADWAY,CLOUDY,DRY,DAYLIGHT,NON-INJURY ACCIDENT (PROPERTY- DAMAGE-ONLY ACCIDENT),REAR-END,45.76753729,-111.1851672
C000090E,298+0.279,,GALLATIN,July,2013,21:20,WED,INTERSECTION,ON ROADWAY,CLEAR,DRY,DUSK,NON-INJURY ACCIDENT (PROPERTY- DAMAGE-ONLY ACCIDENT),"SIDESWIPE, SAME DIRECTION",45.76753729,-111.1851672
C000090E,298+0.279,,GALLATIN,July,2013,18:55,WED,INTERSECTION,ON ROADWAY,CLEAR,DRY,DAYLIGHT,NON-INJURY ACCIDENT (PROPERTY- DAMAGE-ONLY ACCIDENT),REAR-END,45.76753729,-111.1851672
C000090E,298+0.279,,GALLATIN,July,2013,17:50,FRI,INTERSECTION,ON ROADWAY,CLEAR,DRY,DAYLIGHT,NON-INJURY ACCIDENT (PROPERTY- DAMAGE-ONLY ACCIDENT),REAR-END,45.76753729,-111.1851672
C000090E,298+0.279,,GALLATIN,July,2013,17:57,SUN,INTERSECTION,ON ROADWAY,CLEAR,DRY,DAYLIGHT,NON-INJURY ACCIDENT (PROPERTY- DAMAGE-ONLY ACCIDENT),REAR-END,45.76753729,-111.1851672
C000090E,298+0.280,BELGRADE,GALLATIN,June,2014,17:45,MON,INTERSECTION-RELATED,ON ROADWAY,CLOUDY,DRY,DAYLIGHT,UNKNOWN,REAR-END,45.76753729,-111.1851672
C000090E,298+0.280,BELGRADE,GALLATIN,June,2014,18:15,FRI,INTERSECTION,ON ROADWAY,CLOUDY,DRY,DAYLIGHT,NON-INJURY ACCIDENT (PROPERTY- DAMAGE-ONLY ACCIDENT),REAR-END,45.76753729,-111.1851672