MDT_CORRIDOR_ID,SMS_REFPOST_OFFSET,CITY,COUNTY,Month,Year,SMS_TIME,SMT_CRASH_OCC_DAY_OF_WEEK,JUNCTION_RELATED,ROADWAY_RELATED,WEATHER_COND,ROAD_COND,LIGHT_COND,CRASH_SEVERITY,COLLISION_TYPE,LATITUDE,LONGITUDE
C000090E,298+0.280,BELGRADE,GALLATIN,February,2014,13:06,TUE,INTERSECTION,ON ROADWAY,CLEAR,ICE/FROST,DAYLIGHT,POSSIBLE INJURY ACCIDENT,RIGHT ANGLE,45.76753729,-111.1851672
C000090E,298+0.280,BELGRADE,GALLATIN,June,2014,16:45,TUE,INTERSECTION,ON ROADWAY,CLOUDY,DRY,DAYLIGHT,NON-INJURY ACCIDENT (PROPERTY- DAMAGE-ONLY ACCIDENT),RIGHT ANGLE,45.76753729,-111.1851672
C000090E,298+0.280,BELGRADE,GALLATIN,February,2014,17:50,TUE,INTERSECTION-RELATED,ON ROADWAY,CLEAR,DRY,DAYLIGHT,NON-INJURY ACCIDENT (PROPERTY- DAMAGE-ONLY ACCIDENT),REAR-END,45.76753729,-111.1851672
C000090E,298+0.280,BELGRADE,GALLATIN,May,2014,10:45,FRI,INTERSECTION,ON ROADWAY,RAIN,WET,DAYLIGHT,NON-INJURY ACCIDENT (PROPERTY- DAMAGE-ONLY ACCIDENT),REAR-END,45.76753729,-111.1851672
C000090E,298+0.280,BELGRADE,GALLATIN,January,2014,15:50,THU,INTERSECTION-RELATED,ON ROADWAY,CLEAR,WET,DAYLIGHT,POSSIBLE INJURY ACCIDENT,REAR-END,45.76753729,-111.1851672
C000090E,298+0.280,BELGRADE,GALLATIN,April,2014,17:20,WED,INTERSECTION-RELATED,ON ROADWAY,CLEAR,DRY,DAYLIGHT,NON-INJURY ACCIDENT (PROPERTY- DAMAGE-ONLY ACCIDENT),REAR-END,45.76753729,-111.1851672
C000090E,298+0.280,BELGRADE,GALLATIN,February,2014,17:48,THU,INTERSECTION-RELATED,ON ROADWAY,CLEAR,DRY,DAYLIGHT,NON-INJURY ACCIDENT (PROPERTY- DAMAGE-ONLY ACCIDENT),REAR-END,45.76753729,-111.1851672
C000090E,298+0.280,BELGRADE,GALLATIN,February,2014,8:00,MON,INTERSECTION,ON ROADWAY,CLOUDY,SNOW,DAYLIGHT,NON-INJURY ACCIDENT (PROPERTY- DAMAGE-ONLY ACCIDENT),REAR-END,45.76753729,-111.1851672
C000090E,298+0.280,BELGRADE,GALLATIN,March,2014,7:57,TUE,INTERSECTION-RELATED,ON ROADWAY,CLEAR,ICE/FROST,DAYLIGHT,NON-INJURY ACCIDENT (PROPERTY- DAMAGE-ONLY ACCIDENT),REAR-END,45.76753729,-111.1851672
C000090E,298+0.280,BELGRADE,GALLATIN,February,2014,10:30,SAT,INTERSECTION-RELATED,ON ROADWAY,BLOWING SNOW,ICE/FROST,DAYLIGHT,POSSIBLE INJURY ACCIDENT,REAR-END,45.76753729,-111.1851672
C000090E,298+0.280,BELGRADE,GALLATIN,June,2014,16:15,FRI,INTERSECTION,ON ROADWAY,CLOUDY,DRY,DAYLIGHT,NON-INJURY ACCIDENT (PROPERTY- DAMAGE-ONLY ACCIDENT),REAR-END,45.76753729,-111.1851672
C000090E,298+0.280,BELGRADE,GALLATIN,January,2014,11:35,THU,INTERSECTION-RELATED,ON ROADWAY,CLEAR,DRY,DAYLIGHT,NON-INJURY ACCIDENT (PROPERTY- DAMAGE-ONLY ACCIDENT),REAR-END,45.76753729,-111.1851672
C000090E,298+0.280,BELGRADE,GALLATIN,August,2014,16:44,SAT,INTERSECTION,ON ROADWAY,CLEAR,DRY,DAYLIGHT,POSSIBLE INJURY ACCIDENT,RIGHT ANGLE,45.76753729,-111.1851672
C000090E,298+0.280,BELGRADE,GALLATIN,November,2014,13:15,FRI,INTERSECTION-RELATED,ON ROADWAY,CLEAR,WET,DAYLIGHT,NON-INJURY ACCIDENT (PROPERTY- DAMAGE-ONLY ACCIDENT),REAR-END,45.76753729,-111.1851672
C000090E,298+0.280,BELGRADE,GALLATIN,November,2014,16:15,SUN,INTERSECTION,ON ROADWAY,CLOUDY,SNOW,DAYLIGHT,NON-INJURY ACCIDENT (PROPERTY- DAMAGE-ONLY ACCIDENT),REAR-END,45.76753729,-111.1851672
C000090E,298+0.280,BELGRADE,GALLATIN,November,2014,16:50,WED,INTERSECTION,ON ROADWAY,CLEAR,DRY,DAYLIGHT,NON-INJURY ACCIDENT (PROPERTY- DAMAGE-ONLY ACCIDENT),REAR-END,45.76753729,-111.1851672
C000090E,298+0.280,BELGRADE,GALLATIN,December,2014,14:00,FRI,INTERSECTION-RELATED,ON ROADWAY,CLOUDY,DRY,DAYLIGHT,POSSIBLE INJURY ACCIDENT,REAR-END,45.76753729,-111.1851672
C000090E,298+0.280,BELGRADE,GALLATIN,December,2014,19:22,TUE,INTERSECTION,ON ROADWAY,CLOUDY,SNOW,DARK-LIGHTED,NON-INJURY ACCIDENT (PROPERTY- DAMAGE-ONLY ACCIDENT),REAR-END,45.76753729,-111.1851672
C000090E,298+0.280,BELGRADE,GALLATIN,December,2014,8:20,WED,INTERSECTION,ON ROADWAY,CLEAR,ICE/FROST,DAYLIGHT,NON-INJURY ACCIDENT (PROPERTY- DAMAGE-ONLY ACCIDENT),REAR-END,45.76753729,-111.1851672
C000090E,298+0.280,BELGRADE,GALLATIN,April,2015,7:30,MON,INTERSECTION-RELATED,ON ROADWAY,CLOUDY,ICE/FROST,DAYLIGHT,NON-INJURY ACCIDENT (PROPERTY- DAMAGE-ONLY ACCIDENT),OTHER,45.76753729,-111.1851672
C000090E,298+0.280,BELGRADE,GALLATIN,May,2015,17:30,SAT,INTERSECTION,ON ROADWAY,CLEAR,DRY,DAYLIGHT,NON-INJURY ACCIDENT (PROPERTY- DAMAGE-ONLY ACCIDENT),"SIDESWIPE, SAME DIRECTION",45.76753729,-111.1851672
C000090E,298+0.280,BELGRADE,GALLATIN,June,2015,18:00,SUN,INTERSECTION,ON ROADWAY,RAIN,WET,DAYLIGHT,NON-INJURY ACCIDENT (PROPERTY- DAMAGE-ONLY ACCIDENT),REAR-END,45.76753729,-111.1851672
C000090E,298+0.280,BELGRADE,GALLATIN,June,2015,17:45,MON,INTERSECTION,ON ROADWAY,CLEAR,DRY,DAYLIGHT,NON-INJURY ACCIDENT (PROPERTY- DAMAGE-ONLY ACCIDENT),REAR-END,45.76753729,-111.1851672
C000090E,298+0.280,BELGRADE,GALLATIN,January,2015,16:45,FRI,INTERSECTION,ON ROADWAY,CLEAR,SNOW,DUSK,NON-INJURY ACCIDENT (PROPERTY- DAMAGE-ONLY ACCIDENT),REAR-END,45.76753729,-111.1851672
C000090E,298+0.280,BELGRADE,GALLATIN,February,2015,22:10,WED,INTERSECTION-RELATED,ON ROADWAY,CLOUDY,DRY,DARK-LIGHTED,NON-INJURY ACCIDENT (PROPERTY- DAMAGE-ONLY ACCIDENT),REAR-END,45.76753729,-111.1851672
C000090E,298+0.280,BELGRADE,GALLATIN,January,2015,17:55,FRI,INTERSECTION,ON ROADWAY,CLEAR,DRY,DUSK,POSSIBLE INJURY ACCIDENT,PEDESTRIAN,45.76753729,-111.1851672
C000090E,298+0.280,BELGRADE,GALLATIN,February,2015,15:00,WED,INTERSECTION,ON ROADWAY,CLEAR,DRY,DAYLIGHT,NON-INJURY ACCIDENT (PROPERTY- DAMAGE-ONLY ACCIDENT),REAR-END,45.76753729,-111.1851672
C000090E,298+0.280,BELGRADE,GALLATIN,June,2015,17:25,WED,INTERSECTION-RELATED,ON ROADWAY,CLOUDY,DRY,DAYLIGHT,NON-INJURY ACCIDENT (PROPERTY- DAMAGE-ONLY ACCIDENT),REAR-END,45.76753729,-111.1851672
C000090E,298+0.280,BELGRADE,GALLATIN,June,2015,15:39,TUE,INTERSECTION,ON ROADWAY,CLEAR,DRY,DAYLIGHT,NON-INJURY ACCIDENT (PROPERTY- DAMAGE-ONLY ACCIDENT),REAR-END,45.76753729,-111.1851672
C000090E,298+0.280,BELGRADE,GALLATIN,May,2015,12:30,MON,INTERSECTION,ON ROADWAY,CLEAR,DRY,DAYLIGHT,NON-INJURY ACCIDENT (PROPERTY- DAMAGE-ONLY ACCIDENT),REAR-END,45.76753729,-111.1851672
C000090E,298+0.280,BELGRADE,GALLATIN,February,2015,13:20,FRI,INTERSECTION-RELATED,ON ROADWAY,CLEAR,DRY,DAYLIGHT,NON-INJURY ACCIDENT (PROPERTY- DAMAGE-ONLY ACCIDENT),REAR-END,45.76753729,-111.1851672
C000090E,298+0.280,BELGRADE,GALLATIN,March,2015,16:45,FRI,INTERSECTION,ON ROADWAY,CLEAR,DRY,DAYLIGHT,NON-INJURY ACCIDENT (PROPERTY- DAMAGE-ONLY ACCIDENT),REAR-END,45.76753729,-111.1851672
C000090E,298+0.280,BELGRADE,GALLATIN,March,2015,6:45,TUE,INTERSECTION,ON ROADWAY,CLOUDY,DRY,DARK-LIGHTED,POSSIBLE INJURY ACCIDENT,RIGHT ANGLE,45.76753729,-111.1851672
C000090E,298+0.280,BELGRADE,GALLATIN,NOVEMBER,2017,17:35,FRI,THROUGH ROADWAY,ON ROADWAY,CLOUDY,ICE/FROST,DAYLIGHT,NON-INJURY ACCIDENT (PROPERTY- DAMAGE-ONLY ACCIDENT),"SIDESWIPE, SAME DIRECTION",45.76815164,-111.1851524
C000090E,298+0.310,BELGRADE,GALLATIN,NOVEMBER,2017,6:25,TUE,NON-JUNCTION,ROADSIDE LEFT,CLOUDY,ICE/FROST,DARK-LIGHTED,NON-INJURY ACCIDENT (PROPERTY- DAMAGE-ONLY ACCIDENT),FIXED OBJECT,45.76793647,-111.1846402
C000090E,298+0.322,NOT IN CITY LIMITS,GALLATIN,NOVEMBER,2017,7:35,WED,ENTRANCE/EXIT RAMP,ON ROADWAY,CLOUDY,ICE/FROST,DAYLIGHT,NON-INJURY ACCIDENT (PROPERTY- DAMAGE-ONLY ACCIDENT),"SIDESWIPE, SAME DIRECTION",45.76784767,-111.1843491
C000090E,298+0.365,,GALLATIN,November,2015,20:25,TUE,ENTRANCE/EXIT RAMP,ROADSIDE RIGHT,CLOUDY,ICE/FROST,DARK-LIGHTED,POSSIBLE INJURY ACCIDENT,ROLL OVER,45.76757141,-111.1836922
C000090E,298+0.370,,GALLATIN,October,2013,7:45,TUE,NON-JUNCTION,ON ROADWAY,"FOG, SMOG, SMOKE",DRY,DAWN,NON-INJURY ACCIDENT (PROPERTY- DAMAGE-ONLY ACCIDENT),REAR-END,45.76759491,-111.1834175
C000090E,298+0.410,,GALLATIN,December,2013,15:25,SAT,ENTRANCE/EXIT RAMP,ON ROADWAY,CLOUDY,DRY,DAYLIGHT,NON-INCAPACITATING EVIDENT INJURY ACCIDENT,FIXED OBJECT,45.76821651,-111.1861291
C000090E,298+0.430,,GALLATIN,January,2013,15:00,THU,NON-JUNCTION,ON ROADWAY,SNOW,ICE/FROST,DAYLIGHT,NON-INJURY ACCIDENT (PROPERTY- DAMAGE-ONLY ACCIDENT),OTHER,45.76731487,-111.1820583
C000090E,298+0.460,,GALLATIN,April,2013,18:40,SAT,ENTRANCE/EXIT RAMP,ON ROADWAY,CLOUDY,DRY,DAYLIGHT,NON-INJURY ACCIDENT (PROPERTY- DAMAGE-ONLY ACCIDENT),REAR-END,45.76689167,-111.18176
C000090E,298+0.470,,GALLATIN,October,2013,7:50,TUE,NON-JUNCTION,ON ROADWAY,"FOG, SMOG, SMOKE",DRY,DAYLIGHT,NON-INJURY ACCIDENT (PROPERTY- DAMAGE-ONLY ACCIDENT),REAR-END,45.76696996,-111.1815051
C000090E,298+0.770,,GALLATIN,June,2013,13:35,MON,NON-JUNCTION,ON ROADWAY,CLEAR,DRY,DAYLIGHT,NON-INCAPACITATING EVIDENT INJURY ACCIDENT,REAR-END,45.76511833,-111.1759183
C000090E,298+0.788,NOT IN CITY LIMITS,GALLATIN,APRIL,2017,7:07,SAT,NON-JUNCTION,ON ROADWAY,CLOUDY,ICE/FROST,DAYLIGHT,NON-INJURY ACCIDENT (PROPERTY- DAMAGE-ONLY ACCIDENT),PEDESTRIAN,45.76478703,-111.1758205
C000090E,298+0.800,,GALLATIN,March,2013,6:08,TUE,NON-JUNCTION,ON ROADWAY,CLEAR,DRY,DAYLIGHT,NON-INJURY ACCIDENT (PROPERTY- DAMAGE-ONLY ACCIDENT),"SIDESWIPE, SAME DIRECTION",45.76483559,-111.1755628
C000090E,298+0.819,,GALLATIN,March,2014,12:20,SAT,NON-JUNCTION,ON ROADWAY,BLOWING SNOW,SNOW,DAYLIGHT,POSSIBLE INJURY ACCIDENT,REAR-END,45.764635,-111.1753133
C000090E,298+0.850,,GALLATIN,December,2014,16:55,SUN,NON-JUNCTION,ROADSIDE RIGHT,SNOW,SNOW,DAYLIGHT,INCAPACITATING INJURY ACCIDENT,ROLL OVER,45.76450769,-111.1746613
C000090E,298+0.869,,GALLATIN,February,2014,13:25,THU,ENTRANCE/EXIT RAMP,OUTSIDE RIGHT-OF-WAY (TRAFFICWAY),CLOUDY,DRY,DAYLIGHT,NON-INJURY ACCIDENT (PROPERTY- DAMAGE-ONLY ACCIDENT),FIXED OBJECT,45.76424561,-111.1743251
C000090E,298+0.890,,GALLATIN,November,2013,7:40,TUE,NON-JUNCTION,ON ROADWAY,CLEAR,DRY,DAYLIGHT,POSSIBLE INJURY ACCIDENT,REAR-END,45.76418323,-111.1736435
C000090E,298+0.906,NOT IN CITY LIMITS,GALLATIN,JANUARY,2017,11:10,MON,NON-JUNCTION,ON ROADWAY,BLOWING SNOW,ICE/FROST,DAYLIGHT,NON-INJURY ACCIDENT (PROPERTY- DAMAGE-ONLY ACCIDENT),"SIDESWIPE, SAME DIRECTION",45.76401249,-111.1736845
C000090E,298+0.940,,GALLATIN,April,2013,8:05,MON,NON-JUNCTION,ROADSIDE RIGHT,SNOW,ICE/FROST,DAYLIGHT,NON-INJURY ACCIDENT (PROPERTY- DAMAGE-ONLY ACCIDENT),FIXED OBJECT,45.76379667,-111.172895
C000090E,298+0.981,NOT IN CITY LIMITS,GALLATIN,DECEMBER,2017,1:00,MON,NON-JUNCTION,ROADSIDE RIGHT,CLOUDY,SNOW,DARK-NOT LIGHTED,NON-INJURY ACCIDENT (PROPERTY- DAMAGE-ONLY ACCIDENT),FIXED OBJECT,45.7635994,-111.1722107
C000090E,299+0.002,NOT IN CITY LIMITS,GALLATIN,JANUARY,2017,10:08,THU,NON-JUNCTION,SHOULDER,CLOUDY,ICE/FROST,DAYLIGHT,POSSIBLE INJURY ACCIDENT,ROLL OVER,45.76352,-111.1719
C000090E,299+0.039,,GALLATIN,June,2016,14:37,FRI,NON-JUNCTION,ROADSIDE RIGHT,CLEAR,DRY,DAYLIGHT,NON-INCAPACITATING EVIDENT INJURY ACCIDENT,FIXED OBJECT,45.76321857,-111.1712753
C000090E,299+0.107,,GALLATIN,May,2016,22:31,SAT,ENTRANCE/EXIT RAMP,ON ROADWAY,CLOUDY,DRY,DARK-NOT LIGHTED,NON-INJURY ACCIDENT (PROPERTY- DAMAGE-ONLY ACCIDENT),ROLL OVER,45.76274585,-111.1699446
C000090E,299+0.201,,GALLATIN,October,2015,16:15,SUN,NON-JUNCTION,ON ROADWAY,CLEAR,DRY,DAYLIGHT,NON-INJURY ACCIDENT (PROPERTY- DAMAGE-ONLY ACCIDENT),"SIDESWIPE, SAME DIRECTION",45.76219833,-111.16819
C000090E,299+0.219,NOT IN CITY LIMITS,GALLATIN,JANUARY,2017,8:57,WED,NON-JUNCTION,ON ROADWAY,BLOWING SNOW,SNOW,DAYLIGHT,NON-INJURY ACCIDENT (PROPERTY- DAMAGE-ONLY ACCIDENT),REAR-END,45.76200787,-111.1679335
C000090E,299+0.250,,GALLATIN,December,2013,22:20,THU,NON-JUNCTION,MEDIAN,CLEAR,DRY,DARK-NOT LIGHTED,NON-INJURY ACCIDENT (PROPERTY- DAMAGE-ONLY ACCIDENT),ROLL OVER,45.76193918,-111.167201
C000090E,299+0.275,,GALLATIN,May,2015,0:45,THU,NON-JUNCTION,ROADSIDE RIGHT,CLEAR,DRY,DARK-NOT LIGHTED,NON-INJURY ACCIDENT (PROPERTY- DAMAGE-ONLY ACCIDENT),ROLL OVER,45.76167542,-111.1668026
C000090E,299+0.356,NOT IN CITY LIMITS,GALLATIN,DECEMBER,2017,12:15,FRI,NON-JUNCTION,ON ROADWAY,SNOW,ICE/FROST,DAYLIGHT,NON-INJURY ACCIDENT (PROPERTY- DAMAGE-ONLY ACCIDENT),HEAD ON,45.7612073,-111.165336
C000090E,299+0.380,,GALLATIN,April,2013,7:35,MON,NON-JUNCTION,ROADSIDE RIGHT,SNOW,ICE/FROST,DAYLIGHT,INCAPACITATING INJURY ACCIDENT,FIXED OBJECT,45.76099667,-111.1647433
C000090E,299+0.431,BELGRADE,GALLATIN,JUNE,2017,11:00,MON,INTERSECTION,ON ROADWAY,CLEAR,DRY,DAYLIGHT,NON-INJURY ACCIDENT (PROPERTY- DAMAGE-ONLY ACCIDENT),"SIDESWIPE, SAME DIRECTION",45.7606809,-111.1639421
C000090E,299+0.474,,GALLATIN,June,2014,1:50,FRI,NON-JUNCTION,ON ROADWAY,CLOUDY,DRY,DARK-NOT LIGHTED,NON-INJURY ACCIDENT (PROPERTY- DAMAGE-ONLY ACCIDENT),ROLL OVER,45.76038907,-111.1632275
C000090E,299+0.486,,GALLATIN,April,2014,0:50,WED,NON-JUNCTION,ROADSIDE RIGHT,CLEAR,DRY,DARK-NOT LIGHTED,NON-INCAPACITATING EVIDENT INJURY ACCIDENT,ROLL OVER,45.75970602,-111.1633965
C000090E,299+0.549,,GALLATIN,May,2015,17:45,FRI,NON-JUNCTION,ON ROADWAY,RAIN,WET,DAYLIGHT,NON-INJURY ACCIDENT (PROPERTY- DAMAGE-ONLY ACCIDENT),DOMESTIC ANIMAL,45.75991784,-111.161841
C000090E,299+0.549,,GALLATIN,November,2015,3:50,FRI,NON-JUNCTION,ROADSIDE RIGHT,CLOUDY,ICE/FROST,DARK-NOT LIGHTED,UNKNOWN,FIXED OBJECT,45.75993829,-111.1618273
C000090E,299+0.580,,GALLATIN,November,2015,9:55,WED,NON-JUNCTION,ROADSIDE RIGHT,CLOUDY,ICE/FROST,DAYLIGHT,NON-INJURY ACCIDENT (PROPERTY- DAMAGE-ONLY ACCIDENT),FIXED OBJECT,45.75970977,-111.1611621
C000090E,299+0.586,,GALLATIN,December,2016,7:38,FRI,NON-JUNCTION,ON ROADWAY,CLOUDY,ICE/FROST,DAYLIGHT,NON-INJURY ACCIDENT (PROPERTY- DAMAGE-ONLY ACCIDENT),FIXED OBJECT,45.75980072,-111.1610576
C000090E,299+0.611,,GALLATIN,April,2015,8:10,WED,NON-JUNCTION,SHOULDER,SNOW,SLUSH,DAYLIGHT,NON-INJURY ACCIDENT (PROPERTY- DAMAGE-ONLY ACCIDENT),FIXED OBJECT,45.75951773,-111.1606529
C000090E,299+0.617,,GALLATIN,May,2016,5:45,WED,NON-JUNCTION,ROADSIDE LEFT,CLEAR,ICE/FROST,DAWN,NON-INCAPACITATING EVIDENT INJURY ACCIDENT,ROLL OVER,45.75950797,-111.1605842
C000090E,299+0.655,NOT IN CITY LIMITS,GALLATIN,FEBRUARY,2017,4:25,SAT,ENTRANCE/EXIT RAMP,GORE,CLOUDY,ICE/FROST,DARK-LIGHTED,NON-INJURY ACCIDENT (PROPERTY- DAMAGE-ONLY ACCIDENT),FIXED OBJECT,45.75925341,-111.1597926
C000090E,299+0.673,NOT IN CITY LIMITS,GALLATIN,AUGUST,2017,8:20,FRI,NON-JUNCTION,ON ROADWAY,CLEAR,DRY,DAYLIGHT,POSSIBLE INJURY ACCIDENT,REAR-END,45.75921456,-111.1594295
C000090E,299+0.673,NOT IN CITY LIMITS,GALLATIN,AUGUST,2017,8:23,FRI,NON-JUNCTION,ON ROADWAY,CLEAR,DRY,DAYLIGHT,NON-INJURY ACCIDENT (PROPERTY- DAMAGE-ONLY ACCIDENT),REAR-END,45.75921833,-111.1594133
C000090E,299+0.729,NOT IN CITY LIMITS,GALLATIN,APRIL,2017,7:35,TUE,NON-JUNCTION,ROADSIDE RIGHT,CLOUDY,ICE/FROST,DAYLIGHT,NON-INJURY ACCIDENT (PROPERTY- DAMAGE-ONLY ACCIDENT),FIXED OBJECT,45.75871441,-111.1585271
C000090E,299+0.841,BELGRADE,GALLATIN,APRIL,2017,16:24,SUN,INTERSECTION-RELATED,ROADSIDE RIGHT,RAIN,WET,DAYLIGHT,NON-INJURY ACCIDENT (PROPERTY- DAMAGE-ONLY ACCIDENT),FIXED OBJECT,45.7576563,-111.156597
C000090E,299+0.853,BELGRADE,GALLATIN,AUGUST,2017,17:56,MON,ENTRANCE/EXIT RAMP,ROADSIDE RIGHT,CLEAR,DRY,DAYLIGHT,NON-INJURY ACCIDENT (PROPERTY- DAMAGE-ONLY ACCIDENT),FIXED OBJECT,45.75781442,-111.1561927
C000090E,299+0.860,,GALLATIN,December,2013,10:10,TUE,NON-JUNCTION,ON ROADWAY,CLOUDY,ICE/FROST,DAYLIGHT,NON-INJURY ACCIDENT (PROPERTY- DAMAGE-ONLY ACCIDENT),FIXED OBJECT,45.75790339,-111.1559336
C000090E,299+0.934,,GALLATIN,June,2016,21:42,WED,NON-JUNCTION,ON ROADWAY,CLEAR,DRY,DARK-NOT LIGHTED,NON-INJURY ACCIDENT (PROPERTY- DAMAGE-ONLY ACCIDENT),WILD ANIMAL,45.75744987,-111.1547055
C000090E,299+0.965,NOT IN CITY LIMITS,GALLATIN,NOVEMBER,2017,22:20,WED,NON-JUNCTION,ROADSIDE RIGHT,SNOW,SNOW,DARK-NOT LIGHTED,NON-INCAPACITATING EVIDENT INJURY ACCIDENT,ROLL OVER,45.75719108,-111.1540587
C000090E,299+0.984,NOT IN CITY LIMITS,GALLATIN,JULY,2017,23:55,MON,NON-JUNCTION,ROADSIDE LEFT,CLEAR,DRY,DARK-NOT LIGHTED,NON-INCAPACITATING EVIDENT INJURY ACCIDENT,ROLL OVER,45.75709564,-111.1537788
C000090E,300+0.247,NOT IN CITY LIMITS,GALLATIN,AUGUST,2017,17:08,MON,NON-JUNCTION,ON ROADWAY,CLOUDY,DRY,DAYLIGHT,NON-INJURY ACCIDENT (PROPERTY- DAMAGE-ONLY ACCIDENT),WILD ANIMAL,45.75533295,-111.1487732
C000090E,300+0.359,,GALLATIN,May,2016,7:48,THU,NON-JUNCTION,ON ROADWAY,CLOUDY,DRY,DAYLIGHT,NON-INJURY ACCIDENT (PROPERTY- DAMAGE-ONLY ACCIDENT),FIRE/ EXPLOSION,45.75466579,-111.1467717
C000090E,300+0.378,,GALLATIN,December,2015,19:35,SAT,NON-JUNCTION,ON ROADWAY,SNOW,SNOW,DARK-NOT LIGHTED,NON-INJURY ACCIDENT (PROPERTY- DAMAGE-ONLY ACCIDENT),REAR-END,45.75452534,-111.1463638
C000090E,300+0.434,NOT IN CITY LIMITS,GALLATIN,AUGUST,2017,7:57,FRI,NON-JUNCTION,ON ROADWAY,CLOUDY,DRY,DAYLIGHT,NON-INCAPACITATING EVIDENT INJURY ACCIDENT,REAR-END,45.7541247,-111.1453443
C000090E,300+0.477,,GALLATIN,October,2016,12:05,SUN,NON-JUNCTION,ON ROADWAY,CLOUDY,DRY,DAYLIGHT,NON-INJURY ACCIDENT (PROPERTY- DAMAGE-ONLY ACCIDENT),REAR TO SIDE,45.75287721,-111.1452689
C000090E,300+0.483,NOT IN CITY LIMITS,GALLATIN,MAY,2017,21:00,THU,NON-JUNCTION,IN PARKING LANE OR ZONE,CLEAR,DRY,DUSK,NON-INJURY ACCIDENT (PROPERTY- DAMAGE-ONLY ACCIDENT),FIXED OBJECT,45.74905329,-111.149643
C000090E,300+0.496,NOT IN CITY LIMITS,GALLATIN,MARCH,2017,8:05,MON,NON-JUNCTION,MEDIAN,CLOUDY,ICE/FROST,DAYLIGHT,INCAPACITATING INJURY ACCIDENT,ROLL OVER,45.75385339,-111.1442132
C000090E,300+0.539,,GALLATIN,October,2015,4:45,WED,NON-JUNCTION,ON ROADWAY,CLEAR,DRY,DARK-NOT LIGHTED,NON-INJURY ACCIDENT (PROPERTY- DAMAGE-ONLY ACCIDENT),WILD ANIMAL,45.75342246,-111.143529
C000090E,300+0.680,,GALLATIN,May,2013,23:10,TUE,NON-JUNCTION,ROADSIDE LEFT,RAIN,WET,DARK-NOT LIGHTED,NON-INCAPACITATING EVIDENT INJURY ACCIDENT,FIXED OBJECT,45.75295785,-111.1406059
C000090E,300+0.738,,GALLATIN,March,2014,16:40,THU,NON-JUNCTION,ROADSIDE RIGHT,SNOW,SLUSH,DAYLIGHT,NON-INJURY ACCIDENT (PROPERTY- DAMAGE-ONLY ACCIDENT),FIXED OBJECT,45.75217373,-111.1396855
C000090E,300+0.738,,GALLATIN,November,2016,14:50,TUE,NON-JUNCTION,ON ROADWAY,CLOUDY,DRY,DAYLIGHT,NON-INJURY ACCIDENT (PROPERTY- DAMAGE-ONLY ACCIDENT),NOT FIXED OBJECT OR DEBRIS,45.75233078,-111.1396866
C000090E,300+0.763,NOT IN CITY LIMITS,GALLATIN,DECEMBER,2017,15:37,WED,NON-JUNCTION,ON ROADWAY,SNOW,SNOW,DAYLIGHT,NON-INJURY ACCIDENT (PROPERTY- DAMAGE-ONLY ACCIDENT),REAR-END,45.75202179,-111.1392593
C000090E,300+0.775,NOT IN CITY LIMITS,GALLATIN,DECEMBER,2017,15:35,WED,NON-JUNCTION,ON ROADWAY,SNOW,SNOW,DAYLIGHT,NON-INJURY ACCIDENT (PROPERTY- DAMAGE-ONLY ACCIDENT),RIGHT ANGLE,45.75197341,-111.1390272
C000090E,300+0.838,,GALLATIN,November,2015,11:50,TUE,NON-JUNCTION,ON ROADWAY,SNOW,WET,DAYLIGHT,NON-INCAPACITATING EVIDENT INJURY ACCIDENT,REAR-END,45.75157744,-111.1378448
C000090E,300+0.838,NOT IN CITY LIMITS,GALLATIN,FEBRUARY,2017,5:50,THU,NON-JUNCTION,ON ROADWAY,SNOW,ICE/FROST,DARK-NOT LIGHTED,NON-INJURY ACCIDENT (PROPERTY- DAMAGE-ONLY ACCIDENT),RIGHT ANGLE,45.75157436,-111.137925
C000090E,300+0.844,,GALLATIN,November,2016,5:55,SUN,NON-JUNCTION,ON ROADWAY,CLEAR,DRY,DARK-NOT LIGHTED,NON-INJURY ACCIDENT (PROPERTY- DAMAGE-ONLY ACCIDENT),WILD ANIMAL,45.75149975,-111.1378543
C000090E,300+0.863,,GALLATIN,May,2015,4:50,WED,NON-JUNCTION,ON ROADWAY,CLOUDY,DRY,DAWN,NON-INJURY ACCIDENT (PROPERTY- DAMAGE-ONLY ACCIDENT),WILD ANIMAL,45.75136774,-111.1374729
C000090E,300+0.882,,GALLATIN,December,2016,16:00,SAT,NON-JUNCTION,ROADSIDE RIGHT,BLOWING SNOW,ICE/FROST,DAYLIGHT,NON-INJURY ACCIDENT (PROPERTY- DAMAGE-ONLY ACCIDENT),FIXED OBJECT,45.75128246,-111.1371193
C000090E,300+0.912,NOT IN CITY LIMITS,GALLATIN,NOVEMBER,2017,23:25,WED,NON-JUNCTION,ROADSIDE RIGHT,SNOW,SNOW,DARK-NOT LIGHTED,NON-INJURY ACCIDENT (PROPERTY- DAMAGE-ONLY ACCIDENT),FIXED OBJECT,45.7510554,-111.1365077
C000090E,300+0.925,NOT IN CITY LIMITS,GALLATIN,DECEMBER,2017,7:50,THU,NON-JUNCTION,ON ROADWAY,"FOG, SMOG, SMOKE",ICE/FROST,DAWN,NON-INCAPACITATING EVIDENT INJURY ACCIDENT,RIGHT ANGLE,45.75100298,-111.1362822