MDT_CORRIDOR_ID,SMS_REFPOST_OFFSET,CITY,COUNTY,Month,Year,SMS_TIME,SMT_CRASH_OCC_DAY_OF_WEEK,JUNCTION_RELATED,ROADWAY_RELATED,WEATHER_COND,ROAD_COND,LIGHT_COND,CRASH_SEVERITY,COLLISION_TYPE,LATITUDE,LONGITUDE
C000090E,308+0.864,BOZEMAN,GALLATIN,DECEMBER,2017,17:40,MON,NON-JUNCTION,ON ROADWAY,CLEAR,DRY,DARK-NOT LIGHTED,NON-INJURY ACCIDENT (PROPERTY- DAMAGE-ONLY ACCIDENT),WILD ANIMAL,45.68173679,-111.0127174
C000090E,308+0.870,BOZEMAN,GALLATIN,February,2015,16:15,SUN,NON-JUNCTION,ON ROADWAY,CLEAR,DRY,DAYLIGHT,NON-INCAPACITATING EVIDENT INJURY ACCIDENT,ROLL OVER,45.68163363,-111.0126014
C000090E,308+0.910,,GALLATIN,December,2013,15:55,FRI,NON-JUNCTION,ON ROADWAY,CLEAR,ICE/FROST,DAYLIGHT,NON-INJURY ACCIDENT (PROPERTY- DAMAGE-ONLY ACCIDENT),FIXED OBJECT,45.68106668,-111.0124033
C000090E,308+0.920,BOZEMAN,GALLATIN,November,2014,8:56,FRI,NON-JUNCTION,ROADSIDE LEFT,SNOW,ICE/FROST,DAYLIGHT,NON-INJURY ACCIDENT (PROPERTY- DAMAGE-ONLY ACCIDENT),FIXED OBJECT,45.68094167,-111.0122967
C000090E,308+0.940,,GALLATIN,February,2013,22:00,SAT,NON-JUNCTION,SHOULDER,SNOW,SNOW,DARK-NOT LIGHTED,NON-INJURY ACCIDENT (PROPERTY- DAMAGE-ONLY ACCIDENT),HEAD ON,45.68079667,-111.0120983
C000090E,308+0.945,BOZEMAN,GALLATIN,APRIL,2017,7:49,THU,NON-JUNCTION,ON ROADWAY,SNOW,SLUSH,DAYLIGHT,NON-INJURY ACCIDENT (PROPERTY- DAMAGE-ONLY ACCIDENT),"SIDESWIPE, SAME DIRECTION",45.68054759,-111.0123691
C000090E,309+0.002,BOZEMAN,GALLATIN,July,2016,11:12,TUE,NON-JUNCTION,ON ROADWAY,CLEAR,DRY,DAYLIGHT,NON-INCAPACITATING EVIDENT INJURY ACCIDENT,"SIDESWIPE, SAME DIRECTION",45.68044,-111.0123
C000090E,309+0.002,BOZEMAN,GALLATIN,APRIL,2017,8:05,SAT,NON-JUNCTION,ROADSIDE LEFT,CLOUDY,ICE/FROST,DAYLIGHT,NON-INJURY ACCIDENT (PROPERTY- DAMAGE-ONLY ACCIDENT),JACKKNIFE,45.68044,-111.0123
C000090E,309+0.002,BOZEMAN,GALLATIN,OCTOBER,2017,7:39,TUE,NON-JUNCTION,ROADSIDE LEFT,SNOW,ICE/FROST,DAYLIGHT,POSSIBLE INJURY ACCIDENT,ROLL OVER,45.68038445,-111.012274
C000090E,309+0.002,BOZEMAN,GALLATIN,OCTOBER,2017,7:40,TUE,NON-JUNCTION,ON ROADWAY,SNOW,ICE/FROST,DAYLIGHT,NON-INCAPACITATING EVIDENT INJURY ACCIDENT,REAR-END,45.68038957,-111.0122757
C000090E,309+0.040,,GALLATIN,November,2013,8:30,THU,NON-JUNCTION,SHOULDER,CLEAR,ICE/FROST,DAYLIGHT,NON-INJURY ACCIDENT (PROPERTY- DAMAGE-ONLY ACCIDENT),FIXED OBJECT,45.67833116,-111.0121574
C000090E,309+0.040,,GALLATIN,February,2013,22:03,SAT,NON-JUNCTION,ON ROADWAY,SNOW,SNOW,DARK-NOT LIGHTED,NON-INJURY ACCIDENT (PROPERTY- DAMAGE-ONLY ACCIDENT),REAR-END,45.68004,-111.01205
C000090E,309+0.045,BOZEMAN,GALLATIN,January,2015,10:10,SAT,NON-JUNCTION,SHOULDER,CLOUDY,ICE/FROST,DAYLIGHT,NON-INJURY ACCIDENT (PROPERTY- DAMAGE-ONLY ACCIDENT),FIXED OBJECT,45.67981673,-111.0121462
C000090E,309+0.050,,GALLATIN,October,2013,5:40,FRI,NON-JUNCTION,ON ROADWAY,CLEAR,ICE/FROST,DARK-LIGHTED,NON-INJURY ACCIDENT (PROPERTY- DAMAGE-ONLY ACCIDENT),FIXED OBJECT,45.67989045,-111.0119434
C000090E,309+0.070,BOZEMAN,GALLATIN,December,2016,22:37,THU,NON-JUNCTION,ROADSIDE RIGHT,SNOW,SNOW,DARK-LIGHTED,NON-INJURY ACCIDENT (PROPERTY- DAMAGE-ONLY ACCIDENT),FIXED OBJECT,45.67944747,-111.0122449
C000090E,309+0.077,BOZEMAN,GALLATIN,May,2015,19:20,MON,NON-JUNCTION,ON ROADWAY,CLOUDY,DRY,DAYLIGHT,NON-INJURY ACCIDENT (PROPERTY- DAMAGE-ONLY ACCIDENT),WILD ANIMAL,45.6793,-111.0123
C000090E,309+0.077,BOZEMAN,GALLATIN,November,2015,10:05,WED,NON-JUNCTION,MEDIAN,SNOW,SNOW,DAYLIGHT,NON-INJURY ACCIDENT (PROPERTY- DAMAGE-ONLY ACCIDENT),FIXED OBJECT,45.67933179,-111.0121096
C000090E,309+0.114,BOZEMAN,GALLATIN,October,2016,10:20,TUE,NON-JUNCTION,MEDIAN,SNOW,SLUSH,DAYLIGHT,NON-INJURY ACCIDENT (PROPERTY- DAMAGE-ONLY ACCIDENT),FIXED OBJECT,45.67881051,-111.0120755
C000090E,309+0.139,BOZEMAN,GALLATIN,March,2014,22:42,THU,NON-JUNCTION,MEDIAN,CLOUDY,SLUSH,DARK-LIGHTED,NON-INJURY ACCIDENT (PROPERTY- DAMAGE-ONLY ACCIDENT),FIXED OBJECT,45.67845687,-111.0119849
C000090E,309+0.146,BOZEMAN,GALLATIN,APRIL,2017,8:16,SAT,NON-JUNCTION,ROADSIDE LEFT,SNOW,ICE/FROST,DAYLIGHT,NON-INJURY ACCIDENT (PROPERTY- DAMAGE-ONLY ACCIDENT),FIXED OBJECT,45.67831685,-111.0120927
C000090E,309+0.170,BOZEMAN,GALLATIN,October,2015,2:10,THU,ENTRANCE/EXIT RAMP,SHOULDER,CLEAR,DRY,DARK-LIGHTED,NON-INJURY ACCIDENT (PROPERTY- DAMAGE-ONLY ACCIDENT),FIXED OBJECT,45.67795892,-111.0118637
C000090E,309+0.190,BOZEMAN,GALLATIN,December,2013,11:55,SUN,ENTRANCE/EXIT RAMP,ROADSIDE LEFT,CLEAR,DRY,DAYLIGHT,POSSIBLE INJURY ACCIDENT,ROLL OVER,45.67737644,-111.0098825
C000090E,309+0.230,,GALLATIN,December,2013,13:00,FRI,NON-JUNCTION,ON ROADWAY,CLEAR,ICE/FROST,DAYLIGHT,NON-INJURY ACCIDENT (PROPERTY- DAMAGE-ONLY ACCIDENT),REAR-END,45.67724748,-111.0114615
C000090E,309+0.350,BOZEMAN,GALLATIN,OCTOBER,2017,7:30,TUE,NON-JUNCTION,ON ROADWAY,CLOUDY,DRY,DAWN,NON-INJURY ACCIDENT (PROPERTY- DAMAGE-ONLY ACCIDENT),WILD ANIMAL,45.67548987,-111.0110304
C000090E,309+0.370,BOZEMAN,GALLATIN,June,2013,0:06,SUN,INTERSECTION-RELATED,ON ROADWAY,CLEAR,DRY,DARK-LIGHTED,NON-INJURY ACCIDENT (PROPERTY- DAMAGE-ONLY ACCIDENT),FIXED OBJECT,45.67526461,-111.0103464
C000090E,309+0.380,,GALLATIN,November,2013,5:15,WED,NON-JUNCTION,ON ROADWAY,CLOUDY,DRY,DARK-NOT LIGHTED,NON-INJURY ACCIDENT (PROPERTY- DAMAGE-ONLY ACCIDENT),WILD ANIMAL,45.67532248,-111.0103064
C000090E,309+0.380,,GALLATIN,June,2013,15:30,THU,ENTRANCE/EXIT RAMP,ON ROADWAY,CLEAR,DRY,DAYLIGHT,NON-INJURY ACCIDENT (PROPERTY- DAMAGE-ONLY ACCIDENT),"SIDESWIPE, SAME DIRECTION",45.6753498,-111.0103884
C000090E,309+0.419,BOZEMAN,GALLATIN,December,2015,0:03,SAT,NON-JUNCTION,SHOULDER,CLEAR,ICE/FROST,DARK-NOT LIGHTED,NON-INJURY ACCIDENT (PROPERTY- DAMAGE-ONLY ACCIDENT),FIXED OBJECT,45.67462105,-111.0102922
C000090E,309+0.431,BOZEMAN,GALLATIN,January,2015,12:10,SUN,NON-JUNCTION,SHOULDER,SNOW,ICE/FROST,DAYLIGHT,NON-INJURY ACCIDENT (PROPERTY- DAMAGE-ONLY ACCIDENT),FIXED OBJECT,45.67453366,-111.010122
C000090E,309+0.500,BOZEMAN,GALLATIN,November,2016,0:26,THU,NON-JUNCTION,ROADSIDE RIGHT,CLEAR,ICE/FROST,DARK-LIGHTED,NON-INJURY ACCIDENT (PROPERTY- DAMAGE-ONLY ACCIDENT),FIXED OBJECT,45.67374583,-111.0091166
C000090E,309+0.686,BOZEMAN,GALLATIN,November,2014,18:27,THU,NON-JUNCTION,ON ROADWAY,CLOUDY,DRY,DARK-NOT LIGHTED,NON-INJURY ACCIDENT (PROPERTY- DAMAGE-ONLY ACCIDENT),WILD ANIMAL,45.67231723,-111.0059351
C000090E,309+0.770,,GALLATIN,June,2013,4:58,WED,NON-JUNCTION,MEDIAN,CLEAR,DRY,DAWN,NON-INCAPACITATING EVIDENT INJURY ACCIDENT,ROLL OVER,45.67227968,-111.0039407
C000090E,309+0.790,,GALLATIN,November,2013,17:00,WED,INTERSECTION,ON ROADWAY,CLEAR,DRY,DAYLIGHT,NON-INJURY ACCIDENT (PROPERTY- DAMAGE-ONLY ACCIDENT),WILD ANIMAL,45.671875,-111.00386
C000090E,309+0.820,,GALLATIN,December,2013,12:30,FRI,NON-JUNCTION,SHOULDER,CLOUDY,ICE/FROST,DAYLIGHT,NON-INJURY ACCIDENT (PROPERTY- DAMAGE-ONLY ACCIDENT),FIXED OBJECT,45.67184905,-111.0029032
C000090E,309+0.830,BOZEMAN,GALLATIN,December,2014,18:00,SUN,ENTRANCE/EXIT RAMP,ROADSIDE LEFT,SNOW,ICE/FROST,DARK-LIGHTED,NON-INJURY ACCIDENT (PROPERTY- DAMAGE-ONLY ACCIDENT),FIXED OBJECT,45.67184724,-111.0029484
C000090E,309+0.835,BOZEMAN,GALLATIN,July,2014,13:02,TUE,NON-JUNCTION,SHOULDER,CLEAR,DRY,DAYLIGHT,POSSIBLE INJURY ACCIDENT,FIXED OBJECT,45.67176963,-111.0028727
C000090E,309+0.840,,GALLATIN,February,2013,18:45,SUN,NON-JUNCTION,ON ROADWAY,CLOUDY,DRY,DARK-NOT LIGHTED,NON-INJURY ACCIDENT (PROPERTY- DAMAGE-ONLY ACCIDENT),WILD ANIMAL,45.67159667,-111.0027917
C000090E,309+0.848,NOT IN CITY LIMITS,GALLATIN,DECEMBER,2017,12:45,SUN,NON-JUNCTION,ROADSIDE RIGHT,CLOUDY,ICE/FROST,DAYLIGHT,NON-INJURY ACCIDENT (PROPERTY- DAMAGE-ONLY ACCIDENT),FIXED OBJECT,45.67155912,-111.0026869
C000090E,309+0.910,,GALLATIN,June,2013,13:05,MON,NON-JUNCTION,ON ROADWAY,CLEAR,DRY,DAYLIGHT,NON-INJURY ACCIDENT (PROPERTY- DAMAGE-ONLY ACCIDENT),WILD ANIMAL,45.6715352,-111.0010652
C000090E,309+0.947,BOZEMAN,GALLATIN,December,2014,5:15,MON,NON-JUNCTION,ON ROADWAY,CLOUDY,ICE/FROST,DARK-NOT LIGHTED,NON-INJURY ACCIDENT (PROPERTY- DAMAGE-ONLY ACCIDENT),ROLL OVER,45.67109827,-111.000746
C000090E,310+0.002,BOZEMAN,GALLATIN,December,2014,6:05,WED,NON-JUNCTION,SHOULDER,SNOW,ICE/FROST,DARK-NOT LIGHTED,NON-INJURY ACCIDENT (PROPERTY- DAMAGE-ONLY ACCIDENT),FIXED OBJECT,45.67081,-110.99945
C000090E,310+0.002,BOZEMAN,GALLATIN,December,2016,11:55,SAT,NON-JUNCTION,ON ROADWAY,CLOUDY,SNOW,DAYLIGHT,NON-INJURY ACCIDENT (PROPERTY- DAMAGE-ONLY ACCIDENT),REAR-END,45.67081,-110.99945
C000090E,310+0.002,BOZEMAN,GALLATIN,MARCH,2017,7:43,SAT,NON-JUNCTION,ON ROADWAY,CLOUDY,WET,DAYLIGHT,NON-INJURY ACCIDENT (PROPERTY- DAMAGE-ONLY ACCIDENT),FIXED OBJECT,45.67081,-110.99945
C000090E,310+0.002,NOT IN CITY LIMITS,GALLATIN,DECEMBER,2017,19:05,SUN,NON-JUNCTION,ON ROADWAY,CLEAR,DRY,DARK-NOT LIGHTED,NON-INJURY ACCIDENT (PROPERTY- DAMAGE-ONLY ACCIDENT),WILD ANIMAL,45.67081,-110.99945
C000090E,310+0.052,BOZEMAN,GALLATIN,November,2016,19:15,MON,NON-JUNCTION,ON ROADWAY,CLOUDY,DRY,DARK-NOT LIGHTED,NON-INJURY ACCIDENT (PROPERTY- DAMAGE-ONLY ACCIDENT),WILD ANIMAL,45.67056179,-110.9985044
C000090E,310+0.058,BOZEMAN,GALLATIN,December,2014,19:25,WED,NON-JUNCTION,ON ROADWAY,CLEAR,DRY,DARK-NOT LIGHTED,POSSIBLE INJURY ACCIDENT,WILD ANIMAL,45.67049667,-110.9983933
C000090E,310+0.089,NOT IN CITY LIMITS,GALLATIN,DECEMBER,2017,22:10,SAT,NON-JUNCTION,ROADSIDE LEFT,CLEAR,ICE/FROST,DARK-NOT LIGHTED,NON-INJURY ACCIDENT (PROPERTY- DAMAGE-ONLY ACCIDENT),FIXED OBJECT,45.670404,-110.997659
C000090E,310+0.108,BOZEMAN,GALLATIN,September,2016,11:50,SAT,NON-JUNCTION,ON ROADWAY,CLOUDY,DRY,DAYLIGHT,POSSIBLE INJURY ACCIDENT,REAR-END,45.67030067,-110.99729
C000090E,310+0.120,,GALLATIN,December,2013,19:01,TUE,NON-JUNCTION,ON ROADWAY,SNOW,SNOW,DARK-NOT LIGHTED,NON-INCAPACITATING EVIDENT INJURY ACCIDENT,ROLL OVER,45.67014695,-110.9971035
C000090E,310+0.220,BOZEMAN,GALLATIN,March,2014,5:15,MON,NON-JUNCTION,SHOULDER,SNOW,ICE/FROST,DARK-NOT LIGHTED,NON-INJURY ACCIDENT (PROPERTY- DAMAGE-ONLY ACCIDENT),ROLL OVER,45.66971843,-110.9952274
C000090E,310+0.320,,GALLATIN,November,2013,18:30,MON,NON-JUNCTION,ON ROADWAY,CLEAR,DRY,DARK-NOT LIGHTED,NON-INJURY ACCIDENT (PROPERTY- DAMAGE-ONLY ACCIDENT),WILD ANIMAL,45.66924,-110.993235
C000090E,310+0.410,,GALLATIN,December,2013,18:30,FRI,NON-JUNCTION,ON ROADWAY,CLOUDY,WET,DARK-NOT LIGHTED,NON-INJURY ACCIDENT (PROPERTY- DAMAGE-ONLY ACCIDENT),WILD ANIMAL,45.66876548,-110.9914277
C000090E,310+0.460,,GALLATIN,December,2013,13:45,MON,NON-JUNCTION,ON ROADWAY,CLOUDY,ICE/FROST,DAYLIGHT,NON-INJURY ACCIDENT (PROPERTY- DAMAGE-ONLY ACCIDENT),FIXED OBJECT,45.6685373,-110.9903892
C000090E,310+0.494,NOT IN CITY LIMITS,GALLATIN,NOVEMBER,2017,10:10,FRI,NON-JUNCTION,ON ROADWAY,CLOUDY,SLUSH,DAYLIGHT,NON-INJURY ACCIDENT (PROPERTY- DAMAGE-ONLY ACCIDENT),"SIDESWIPE, SAME DIRECTION",45.66839218,-110.9898071
C000090E,310+0.525,NOT IN CITY LIMITS,GALLATIN,DECEMBER,2017,18:25,FRI,NON-JUNCTION,ON ROADWAY,CLEAR,DRY,DARK-NOT LIGHTED,NON-INJURY ACCIDENT (PROPERTY- DAMAGE-ONLY ACCIDENT),WILD ANIMAL,45.66827057,-110.9892985
C000090E,310+0.538,BOZEMAN,GALLATIN,November,2015,6:28,FRI,NON-JUNCTION,MEDIAN,CLOUDY,ICE/FROST,DARK-NOT LIGHTED,INCAPACITATING INJURY ACCIDENT,ROLL OVER,45.66823617,-110.9889962
C000090E,310+0.544,BOZEMAN,GALLATIN,December,2014,20:15,SUN,NON-JUNCTION,ON ROADWAY,CLOUDY,DRY,DARK-NOT LIGHTED,NON-INJURY ACCIDENT (PROPERTY- DAMAGE-ONLY ACCIDENT),WILD ANIMAL,45.66810985,-110.9889484
C000090E,310+0.550,,GALLATIN,December,2013,11:45,WED,NON-JUNCTION,ON ROADWAY,CLEAR,ICE/FROST,DAYLIGHT,NON-INJURY ACCIDENT (PROPERTY- DAMAGE-ONLY ACCIDENT),RIGHT ANGLE,45.66811837,-110.9887548
C000090E,310+0.550,BOZEMAN,GALLATIN,November,2015,6:40,FRI,NON-JUNCTION,ROADSIDE RIGHT,SNOW,ICE/FROST,DARK-NOT LIGHTED,NON-INJURY ACCIDENT (PROPERTY- DAMAGE-ONLY ACCIDENT),ROLL OVER,45.66818839,-110.9887571
C000090E,310+0.656,NOT IN CITY LIMITS,GALLATIN,AUGUST,2017,6:00,FRI,NON-JUNCTION,ON ROADWAY,"FOG, SMOG, SMOKE",DRY,DARK-NOT LIGHTED,NON-INJURY ACCIDENT (PROPERTY- DAMAGE-ONLY ACCIDENT),WILD ANIMAL,45.66759709,-110.9867194
C000090E,310+0.660,,GALLATIN,January,2013,18:40,MON,NON-JUNCTION,ON ROADWAY,CLEAR,DRY,DARK-NOT LIGHTED,NON-INJURY ACCIDENT (PROPERTY- DAMAGE-ONLY ACCIDENT),WILD ANIMAL,45.667575,-110.9866267
C000090E,310+0.740,,GALLATIN,November,2013,11:05,THU,NON-JUNCTION,MEDIAN,CLEAR,ICE/FROST,DAYLIGHT,NON-INCAPACITATING EVIDENT INJURY ACCIDENT,ROLL OVER,45.66736193,-110.9849391
C000090E,310+0.792,,GALLATIN,November,2014,18:45,TUE,NON-JUNCTION,ON ROADWAY,SNOW,SNOW,DARK-NOT LIGHTED,NON-INJURY ACCIDENT (PROPERTY- DAMAGE-ONLY ACCIDENT),OTHER,45.66701,-110.9841
C000090E,310+0.860,,GALLATIN,November,2013,9:00,THU,NON-JUNCTION,SHOULDER,CLOUDY,ICE/FROST,DAYLIGHT,NON-INJURY ACCIDENT (PROPERTY- DAMAGE-ONLY ACCIDENT),FIXED OBJECT,45.66666523,-110.9826236
C000090E,310+0.862,NOT IN CITY LIMITS,GALLATIN,JANUARY,2017,19:40,MON,NON-JUNCTION,ON ROADWAY,CLOUDY,DRY,DARK-NOT LIGHTED,NON-INJURY ACCIDENT (PROPERTY- DAMAGE-ONLY ACCIDENT),WILD ANIMAL,45.66663283,-110.982775
C000090E,310+0.998,,GALLATIN,July,2014,1:17,TUE,NON-JUNCTION,ON ROADWAY,CLEAR,DRY,DARK-NOT LIGHTED,NON-INJURY ACCIDENT (PROPERTY- DAMAGE-ONLY ACCIDENT),"SIDESWIPE, OPPOSITE DIRECTION",45.66598441,-110.9800232
C000090E,310+0.998,NOT IN CITY LIMITS,GALLATIN,MARCH,2017,0:30,SUN,NON-JUNCTION,ROADSIDE LEFT,CLOUDY,DRY,DARK-NOT LIGHTED,NON-INJURY ACCIDENT (PROPERTY- DAMAGE-ONLY ACCIDENT),FIXED OBJECT,45.66598,-110.98002
C000090E,311+0.135,,GALLATIN,November,2015,19:45,SUN,NON-JUNCTION,ON ROADWAY,CLOUDY,DRY,DARK-NOT LIGHTED,NON-INJURY ACCIDENT (PROPERTY- DAMAGE-ONLY ACCIDENT),WILD ANIMAL,45.66535044,-110.9774122
C000090E,311+0.191,,GALLATIN,February,2015,9:40,SAT,NON-JUNCTION,ROADSIDE LEFT,SNOW,SNOW,DAYLIGHT,NON-INJURY ACCIDENT (PROPERTY- DAMAGE-ONLY ACCIDENT),ROLL OVER,45.66510117,-110.9762169
C000090E,311+0.191,,GALLATIN,February,2015,10:27,SAT,NON-JUNCTION,SHOULDER,SNOW,SNOW,DAYLIGHT,NON-INJURY ACCIDENT (PROPERTY- DAMAGE-ONLY ACCIDENT),OTHER,45.66508,-110.9763
C000090E,311+0.266,,GALLATIN,January,2016,8:29,SAT,NON-JUNCTION,ON ROADWAY,CLEAR,ICE/FROST,DAYLIGHT,NON-INJURY ACCIDENT (PROPERTY- DAMAGE-ONLY ACCIDENT),JACKKNIFE,45.6647332,-110.9748509
C000090E,311+0.365,,GALLATIN,November,2014,9:20,MON,NON-JUNCTION,ROADSIDE RIGHT,SNOW,ICE/FROST,DAYLIGHT,POSSIBLE INJURY ACCIDENT,ROLL OVER,45.6642204,-110.9728663
C000090E,311+0.390,NOT IN CITY LIMITS,GALLATIN,DECEMBER,2017,6:10,TUE,NON-JUNCTION,ROADSIDE RIGHT,CLOUDY,ICE/FROST,DARK-NOT LIGHTED,NON-INJURY ACCIDENT (PROPERTY- DAMAGE-ONLY ACCIDENT),FIXED OBJECT,45.66410957,-110.9724608
C000090E,312+0.000,,GALLATIN,March,2013,6:30,THU,NON-JUNCTION,MEDIAN,CLEAR,ICE/FROST,DAWN,NON-INJURY ACCIDENT (PROPERTY- DAMAGE-ONLY ACCIDENT),JACKKNIFE,45.663985,-110.9714217
C000090E,312+0.000,,GALLATIN,November,2016,15:10,TUE,NON-JUNCTION,ROADSIDE RIGHT,SNOW,SNOW,DAYLIGHT,NON-INCAPACITATING EVIDENT INJURY ACCIDENT,ROLL OVER,45.66396,-110.97142
C000090E,312+0.118,,GALLATIN,May,2016,13:45,MON,NON-JUNCTION,MEDIAN,CLOUDY,DRY,DAYLIGHT,NON-INJURY ACCIDENT (PROPERTY- DAMAGE-ONLY ACCIDENT),FIXED OBJECT,45.66361689,-110.9689688
C000090E,312+0.206,,GALLATIN,January,2014,14:15,SUN,NON-JUNCTION,ON ROADWAY,SNOW,SNOW,DAYLIGHT,NON-INJURY ACCIDENT (PROPERTY- DAMAGE-ONLY ACCIDENT),REAR-END,45.66324675,-110.967324
C000090E,312+0.267,,GALLATIN,May,2015,15:21,THU,NON-JUNCTION,ON ROADWAY,CLOUDY,DRY,DAYLIGHT,NON-INJURY ACCIDENT (PROPERTY- DAMAGE-ONLY ACCIDENT),"SIDESWIPE, SAME DIRECTION",45.663145,-110.9660183
C000090E,312+0.320,,GALLATIN,December,2013,15:15,THU,NON-JUNCTION,ROADSIDE RIGHT,CLEAR,SNOW,DAYLIGHT,NON-INJURY ACCIDENT (PROPERTY- DAMAGE-ONLY ACCIDENT),ROLL OVER,45.66328774,-110.9650496
C000090E,312+0.355,,GALLATIN,December,2014,9:45,MON,NON-JUNCTION,ON ROADWAY,CLEAR,ICE/FROST,DAYLIGHT,NON-INJURY ACCIDENT (PROPERTY- DAMAGE-ONLY ACCIDENT),FIXED OBJECT,45.6628,-110.96435
C000090E,312+0.380,,GALLATIN,October,2013,7:15,THU,NON-JUNCTION,ON ROADWAY,CLEAR,DRY,DAYLIGHT,NON-INJURY ACCIDENT (PROPERTY- DAMAGE-ONLY ACCIDENT),WILD ANIMAL,45.66274133,-110.9637655
C000090E,312+0.455,,GALLATIN,September,2016,22:10,SAT,NON-JUNCTION,ON ROADWAY,CLOUDY,DRY,DARK-NOT LIGHTED,NON-INJURY ACCIDENT (PROPERTY- DAMAGE-ONLY ACCIDENT),"SIDESWIPE, SAME DIRECTION",45.66225979,-110.9623721
C000090E,312+0.485,,GALLATIN,December,2014,19:38,FRI,NON-JUNCTION,ON ROADWAY,CLEAR,DRY,DARK-NOT LIGHTED,NON-INCAPACITATING EVIDENT INJURY ACCIDENT,REAR-END,45.66252167,-110.96165
C000090E,312+0.485,,GALLATIN,December,2014,19:35,FRI,NON-JUNCTION,ON ROADWAY,CLEAR,DRY,DARK-NOT LIGHTED,NON-INCAPACITATING EVIDENT INJURY ACCIDENT,WILD ANIMAL,45.66251929,-110.9616481
C000090E,312+0.540,,GALLATIN,September,2013,11:40,SUN,NON-JUNCTION,ON ROADWAY,CLOUDY,DRY,DAYLIGHT,NON-INJURY ACCIDENT (PROPERTY- DAMAGE-ONLY ACCIDENT),"SIDESWIPE, SAME DIRECTION",45.6625296,-110.9605006
C000090E,312+0.541,,GALLATIN,February,2016,11:00,TUE,NON-JUNCTION,ON ROADWAY,CLEAR,DRY,DAYLIGHT,NON-INJURY ACCIDENT (PROPERTY- DAMAGE-ONLY ACCIDENT),LOST CONTROL,45.66227149,-110.9604686
C000090E,312+0.560,NOT IN CITY LIMITS,GALLATIN,MAY,2017,23:30,MON,NON-JUNCTION,ON ROADWAY,CLOUDY,DRY,DARK-NOT LIGHTED,NON-INJURY ACCIDENT (PROPERTY- DAMAGE-ONLY ACCIDENT),REAR-END,45.66210862,-110.9601737
C000090E,312+0.572,,GALLATIN,May,2015,12:04,FRI,NON-JUNCTION,ON ROADWAY,RAIN,DRY,DAYLIGHT,NON-INJURY ACCIDENT (PROPERTY- DAMAGE-ONLY ACCIDENT),WILD ANIMAL,45.66207,-110.959865
C000090E,312+0.640,,GALLATIN,December,2013,18:30,FRI,NON-JUNCTION,MEDIAN,CLOUDY,ICE/FROST,DARK-NOT LIGHTED,NON-INJURY ACCIDENT (PROPERTY- DAMAGE-ONLY ACCIDENT),JACKKNIFE,45.6621095,-110.9584858
C000090E,312+0.650,,GALLATIN,December,2013,19:00,FRI,NON-JUNCTION,ON ROADWAY,BLOWING SNOW,ICE/FROST,DARK-NOT LIGHTED,NON-INJURY ACCIDENT (PROPERTY- DAMAGE-ONLY ACCIDENT),REAR-END,45.66216999,-110.95825
C000090E,312+0.672,,GALLATIN,March,2015,10:59,WED,NON-JUNCTION,SHOULDER,CLEAR,DRY,DAYLIGHT,POSSIBLE INJURY ACCIDENT,ROLL OVER,45.66174833,-110.9579583
C000090E,312+0.684,NOT IN CITY LIMITS,GALLATIN,JANUARY,2017,11:30,TUE,NON-JUNCTION,ON ROADWAY,BLOWING SNOW,ICE/FROST,DAYLIGHT,NON-INCAPACITATING EVIDENT INJURY ACCIDENT,REAR-END,45.66164162,-110.9577276
C000090E,312+0.759,NOT IN CITY LIMITS,GALLATIN,FEBRUARY,2017,22:10,MON,NON-JUNCTION,ON ROADWAY,CLOUDY,SNOW,DARK-NOT LIGHTED,NON-INJURY ACCIDENT (PROPERTY- DAMAGE-ONLY ACCIDENT),REAR-END,45.66154099,-110.9561005
C000090E,312+0.810,,GALLATIN,June,2013,21:55,SUN,NON-JUNCTION,ON ROADWAY,CLOUDY,DRY,DARK-NOT LIGHTED,NON-INJURY ACCIDENT (PROPERTY- DAMAGE-ONLY ACCIDENT),WILD ANIMAL,45.66168261,-110.9550091
C000090E,312+0.827,,GALLATIN,September,2014,21:07,TUE,NON-JUNCTION,ON ROADWAY,CLEAR,DRY,DARK-NOT LIGHTED,NON-INJURY ACCIDENT (PROPERTY- DAMAGE-ONLY ACCIDENT),WILD ANIMAL,45.66120975,-110.9547678
C000090E,312+0.870,,GALLATIN,August,2013,3:55,TUE,NON-JUNCTION,MEDIAN,CLOUDY,OTHER,DARK-NOT LIGHTED,NON-INCAPACITATING EVIDENT INJURY ACCIDENT,FIXED OBJECT,45.66111574,-110.9538412
C000090E,312+0.908,,GALLATIN,March,2014,11:12,MON,NON-JUNCTION,MEDIAN,SNOW,SNOW,DAYLIGHT,UNKNOWN,FIXED OBJECT,45.66089543,-110.9532014
C000090E,312+0.914,,GALLATIN,June,2016,8:03,WED,NON-JUNCTION,ON ROADWAY,CLEAR,DRY,DAYLIGHT,NON-INJURY ACCIDENT (PROPERTY- DAMAGE-ONLY ACCIDENT),WILD ANIMAL,45.6608186,-110.9531844
C000090E,312+0.939,,GALLATIN,March,2016,7:25,FRI,NON-JUNCTION,ROADSIDE RIGHT,CLOUDY,ICE/FROST,DAYLIGHT,INCAPACITATING INJURY ACCIDENT,ROLL OVER,45.66062404,-110.9527151
C000090E,312+0.946,,GALLATIN,January,2014,9:30,SAT,NON-JUNCTION,OUTSIDE RIGHT-OF-WAY (TRAFFICWAY),SNOW,ICE/FROST,DAYLIGHT,NON-INJURY ACCIDENT (PROPERTY- DAMAGE-ONLY ACCIDENT),ROLL OVER,45.66055566,-110.9525708