MDT_CORRIDOR_ID,SMS_REFPOST_OFFSET,CITY,COUNTY,Month,Year,SMS_TIME,SMT_CRASH_OCC_DAY_OF_WEEK,JUNCTION_RELATED,ROADWAY_RELATED,WEATHER_COND,ROAD_COND,LIGHT_COND,CRASH_SEVERITY,COLLISION_TYPE,LATITUDE,LONGITUDE
C000090E,312+0.952,,GALLATIN,November,2014,20:07,MON,NON-JUNCTION,ON ROADWAY,CLEAR,DRY,DARK-NOT LIGHTED,NON-INJURY ACCIDENT (PROPERTY- DAMAGE-ONLY ACCIDENT),"SIDESWIPE, SAME DIRECTION",45.66052146,-110.9524342
C000090E,312+0.958,,GALLATIN,September,2015,20:05,SAT,NON-JUNCTION,ON ROADWAY,CLEAR,DRY,DARK-NOT LIGHTED,NON-INJURY ACCIDENT (PROPERTY- DAMAGE-ONLY ACCIDENT),WILD ANIMAL,45.66050978,-110.9523282
C000090E,312+0.980,,GALLATIN,October,2013,19:55,SAT,NON-JUNCTION,ON ROADWAY,CLOUDY,DRY,DARK-NOT LIGHTED,NON-INJURY ACCIDENT (PROPERTY- DAMAGE-ONLY ACCIDENT),WILD ANIMAL,45.66034002,-110.9518312
C000090E,312+1.008,,GALLATIN,January,2015,12:30,THU,NON-JUNCTION,ROADSIDE RIGHT,SLEET/HAIL/FREEZING RAIN/DRIZZLE,ICE/FROST,DAYLIGHT,POSSIBLE INJURY ACCIDENT,ROLL OVER,45.66001349,-110.9515731
C000090E,312+1.008,,GALLATIN,January,2015,12:36,THU,NON-JUNCTION,MEDIAN,SLEET/HAIL/FREEZING RAIN/DRIZZLE,ICE/FROST,DAYLIGHT,NON-INJURY ACCIDENT (PROPERTY- DAMAGE-ONLY ACCIDENT),NOT FIXED OBJECT OR DEBRIS,45.66001785,-110.9515683
C000090E,312+1.010,,GALLATIN,January,2013,8:23,TUE,NON-JUNCTION,ROADSIDE RIGHT,SNOW,SNOW,DAYLIGHT,NON-INJURY ACCIDENT (PROPERTY- DAMAGE-ONLY ACCIDENT),FIXED OBJECT,45.66000924,-110.9513618
C000090E,312+1.033,,GALLATIN,April,2015,21:25,SUN,NON-JUNCTION,ROADSIDE RIGHT,SNOW,WET,DARK-NOT LIGHTED,NON-INJURY ACCIDENT (PROPERTY- DAMAGE-ONLY ACCIDENT),FIXED OBJECT,45.65982998,-110.9512052
C000090E,312+1.051,,GALLATIN,December,2016,10:00,SAT,NON-JUNCTION,ROADSIDE RIGHT,SNOW,ICE/FROST,DAYLIGHT,NON-INJURY ACCIDENT (PROPERTY- DAMAGE-ONLY ACCIDENT),ROLL OVER,45.65966768,-110.9509043
C000090E,312+1.064,,GALLATIN,April,2016,8:18,WED,NON-JUNCTION,ON ROADWAY,CLOUDY,DRY,DAYLIGHT,NON-INJURY ACCIDENT (PROPERTY- DAMAGE-ONLY ACCIDENT),OTHER,45.65947342,-110.9507065
C000090E,313+0.003,,GALLATIN,December,2015,14:30,FRI,NON-JUNCTION,ON ROADWAY,CLOUDY,WET,DAYLIGHT,NON-INJURY ACCIDENT (PROPERTY- DAMAGE-ONLY ACCIDENT),WILD ANIMAL,45.65948,-110.95064
C000090E,313+0.020,,GALLATIN,July,2013,21:10,THU,NON-JUNCTION,ON ROADWAY,CLOUDY,DRY,DUSK,NON-INJURY ACCIDENT (PROPERTY- DAMAGE-ONLY ACCIDENT),WILD ANIMAL,45.65918,-110.9503433
C000090E,313+0.034,,GALLATIN,February,2015,2:30,SUN,NON-JUNCTION,SHOULDER,CLOUDY,DRY,DARK-NOT LIGHTED,NON-INJURY ACCIDENT (PROPERTY- DAMAGE-ONLY ACCIDENT),FIXED OBJECT,45.65910038,-110.9503091
C000090E,313+0.059,,GALLATIN,November,2014,19:14,TUE,NON-JUNCTION,ON ROADWAY,CLOUDY,DRY,DARK-NOT LIGHTED,NON-INJURY ACCIDENT (PROPERTY- DAMAGE-ONLY ACCIDENT),"SIDESWIPE, SAME DIRECTION",45.6587559,-110.9499206
C000090E,313+0.077,,GALLATIN,December,2015,20:00,TUE,NON-JUNCTION,ON ROADWAY,CLOUDY,DRY,DARK-NOT LIGHTED,NON-INJURY ACCIDENT (PROPERTY- DAMAGE-ONLY ACCIDENT),WILD ANIMAL,45.65852707,-110.9497021
C000090E,313+0.100,,GALLATIN,June,2013,5:49,WED,NON-JUNCTION,ON ROADWAY,RAIN,DRY,DAYLIGHT,NON-INJURY ACCIDENT (PROPERTY- DAMAGE-ONLY ACCIDENT),WILD ANIMAL,45.65833244,-110.9494084
C000090E,313+0.139,NOT IN CITY LIMITS,GALLATIN,NOVEMBER,2017,20:45,WED,NON-JUNCTION,ON ROADWAY,SNOW,ICE/FROST,DARK-NOT LIGHTED,NON-INJURY ACCIDENT (PROPERTY- DAMAGE-ONLY ACCIDENT),WILD ANIMAL,45.65783381,-110.948903
C000090E,313+0.152,,GALLATIN,June,2014,5:45,WED,NON-JUNCTION,ON ROADWAY,CLOUDY,DRY,DAYLIGHT,NON-INCAPACITATING EVIDENT INJURY ACCIDENT,WILD ANIMAL,45.6577152,-110.9488102
C000090E,313+0.170,,GALLATIN,June,2013,20:25,SUN,NON-JUNCTION,ON ROADWAY,CLEAR,DRY,DAYLIGHT,NON-INJURY ACCIDENT (PROPERTY- DAMAGE-ONLY ACCIDENT),WILD ANIMAL,45.65746156,-110.9485888
C000090E,313+0.289,,GALLATIN,December,2014,22:22,SAT,NON-JUNCTION,ROADSIDE RIGHT,SNOW,SLUSH,DARK-NOT LIGHTED,NON-INJURY ACCIDENT (PROPERTY- DAMAGE-ONLY ACCIDENT),ROLL OVER,45.65602725,-110.9472705
C000090E,313+0.420,,GALLATIN,December,2013,13:35,SUN,NON-JUNCTION,SHOULDER,CLOUDY,ICE/FROST,DAYLIGHT,NON-INJURY ACCIDENT (PROPERTY- DAMAGE-ONLY ACCIDENT),FIXED OBJECT,45.65475591,-110.9456931
C000090E,313+0.519,NOT IN CITY LIMITS,GALLATIN,DECEMBER,2017,23:05,WED,NON-JUNCTION,ROADSIDE LEFT,SNOW,ICE/FROST,DARK-NOT LIGHTED,NON-INCAPACITATING EVIDENT INJURY ACCIDENT,FIXED OBJECT,45.6532813,-110.9446695
C000090E,313+0.544,NOT IN CITY LIMITS,GALLATIN,NOVEMBER,2017,11:00,THU,NON-JUNCTION,ROADSIDE RIGHT,CLOUDY,SLUSH,DAYLIGHT,NON-INJURY ACCIDENT (PROPERTY- DAMAGE-ONLY ACCIDENT),FIXED OBJECT,45.65287507,-110.9444839
C000090E,313+0.550,,GALLATIN,January,2013,10:40,WED,NON-JUNCTION,SHOULDER,CLOUDY,ICE/FROST,DAYLIGHT,POSSIBLE INJURY ACCIDENT,FIXED OBJECT,45.65293333,-110.944255
C000090E,313+0.669,,GALLATIN,December,2016,21:00,SAT,NON-JUNCTION,ON ROADWAY,CLOUDY,ICE/FROST,DARK-NOT LIGHTED,NON-INJURY ACCIDENT (PROPERTY- DAMAGE-ONLY ACCIDENT),RIGHT ANGLE,45.65161533,-110.9431031
C000090E,313+0.780,,GALLATIN,February,2015,10:50,SAT,NON-JUNCTION,SHOULDER,SNOW,ICE/FROST,DAYLIGHT,NON-INJURY ACCIDENT (PROPERTY- DAMAGE-ONLY ACCIDENT),FIXED OBJECT,45.65010544,-110.9416562
C000090E,313+0.831,,GALLATIN,January,2015,12:30,THU,NON-JUNCTION,MEDIAN,SLEET/HAIL/FREEZING RAIN/DRIZZLE,ICE/FROST,DAYLIGHT,NON-INJURY ACCIDENT (PROPERTY- DAMAGE-ONLY ACCIDENT),ROLL OVER,45.64956246,-110.9409321
C000090E,313+0.850,,GALLATIN,December,2013,14:00,THU,NON-JUNCTION,ROADSIDE LEFT,CLEAR,ICE/FROST,DAYLIGHT,NON-INJURY ACCIDENT (PROPERTY- DAMAGE-ONLY ACCIDENT),FIXED OBJECT,45.64949758,-110.9407341
C000090E,313+0.893,,GALLATIN,May,2016,8:46,FRI,NON-JUNCTION,ROADSIDE RIGHT,CLOUDY,DRY,DAYLIGHT,NON-INJURY ACCIDENT (PROPERTY- DAMAGE-ONLY ACCIDENT),REAR-END,45.64888618,-110.9401907
C000090E,313+0.968,,GALLATIN,March,2014,9:12,TUE,NON-JUNCTION,ON ROADWAY,CLOUDY,ICE/FROST,DAYLIGHT,NON-INCAPACITATING EVIDENT INJURY ACCIDENT,"SIDESWIPE, SAME DIRECTION",45.64829201,-110.9388421
C000090E,313+0.998,,GALLATIN,March,2014,9:10,TUE,NON-JUNCTION,ON ROADWAY,CLOUDY,ICE/FROST,DAYLIGHT,NON-INJURY ACCIDENT (PROPERTY- DAMAGE-ONLY ACCIDENT),"SIDESWIPE, SAME DIRECTION",45.64809739,-110.9383708
C000090E,314+0.001,,GALLATIN,October,2016,9:55,TUE,NON-JUNCTION,ROADSIDE RIGHT,SNOW,SNOW,DAYLIGHT,NON-INJURY ACCIDENT (PROPERTY- DAMAGE-ONLY ACCIDENT),FIXED OBJECT,45.64773,-110.93742
C000090E,314+0.001,BOZEMAN,GALLATIN,December,2016,10:50,MON,NON-JUNCTION,ROADSIDE RIGHT,CLOUDY,ICE/FROST,DAYLIGHT,NON-INJURY ACCIDENT (PROPERTY- DAMAGE-ONLY ACCIDENT),FIXED OBJECT,45.64773,-110.93742
C000090E,314+0.001,NOT IN CITY LIMITS,GALLATIN,DECEMBER,2017,10:45,MON,NON-JUNCTION,ROADSIDE LEFT,SNOW,ICE/FROST,DAYLIGHT,NON-INJURY ACCIDENT (PROPERTY- DAMAGE-ONLY ACCIDENT),FIXED OBJECT,45.64773,-110.93742
C000090E,314+0.100,,GALLATIN,January,2013,11:36,SUN,NON-JUNCTION,ON ROADWAY,CLEAR,ICE/FROST,DAYLIGHT,NON-INJURY ACCIDENT (PROPERTY- DAMAGE-ONLY ACCIDENT),FIXED OBJECT,45.64721628,-110.9353109
C000090E,314+0.110,,GALLATIN,January,2013,14:20,SAT,NON-JUNCTION,ON ROADWAY,SNOW,ICE/FROST,DAYLIGHT,NON-INJURY ACCIDENT (PROPERTY- DAMAGE-ONLY ACCIDENT),FIXED OBJECT,45.64713774,-110.9352836
C000090E,314+0.120,,GALLATIN,January,2013,16:30,SAT,NON-JUNCTION,SHOULDER,SNOW,ICE/FROST,DAYLIGHT,NON-INJURY ACCIDENT (PROPERTY- DAMAGE-ONLY ACCIDENT),FIXED OBJECT,45.64710354,-110.9350786
C000090E,314+0.150,,GALLATIN,January,2013,21:25,SAT,NON-JUNCTION,SHOULDER,CLEAR,ICE/FROST,DARK-NOT LIGHTED,NON-INJURY ACCIDENT (PROPERTY- DAMAGE-ONLY ACCIDENT),FIXED OBJECT,45.64698667,-110.9345833
C000090E,314+0.156,,GALLATIN,November,2015,17:05,WED,NON-JUNCTION,ROADSIDE RIGHT,SNOW,ICE/FROST,DARK-NOT LIGHTED,NON-INJURY ACCIDENT (PROPERTY- DAMAGE-ONLY ACCIDENT),FIXED OBJECT,45.64693968,-110.934464
C000090E,314+0.156,,GALLATIN,April,2016,6:55,THU,NON-JUNCTION,ROADSIDE RIGHT,SLEET/HAIL/FREEZING RAIN/DRIZZLE,ICE/FROST,DAYLIGHT,NON-INJURY ACCIDENT (PROPERTY- DAMAGE-ONLY ACCIDENT),FIXED OBJECT,45.64689978,-110.934497
C000090E,314+0.162,,GALLATIN,November,2015,20:00,TUE,NON-JUNCTION,ROADSIDE RIGHT,SNOW,ICE/FROST,DARK-NOT LIGHTED,NON-INJURY ACCIDENT (PROPERTY- DAMAGE-ONLY ACCIDENT),ROLL OVER,45.64682694,-110.9343888
C000090E,314+0.162,,GALLATIN,November,2015,11:50,WED,NON-JUNCTION,ON ROADWAY,SNOW,ICE/FROST,DAYLIGHT,NON-INJURY ACCIDENT (PROPERTY- DAMAGE-ONLY ACCIDENT),FIXED OBJECT,45.64686595,-110.9343779
C000090E,314+0.187,,GALLATIN,May,2014,6:14,SUN,NON-JUNCTION,ROADSIDE LEFT,CLOUDY,ICE/FROST,DAWN,NON-INJURY ACCIDENT (PROPERTY- DAMAGE-ONLY ACCIDENT),FIXED OBJECT,45.646805,-110.9338367
C000090E,314+0.187,,GALLATIN,May,2014,6:15,SUN,NON-JUNCTION,ROADSIDE RIGHT,CLOUDY,ICE/FROST,DAWN,NON-INJURY ACCIDENT (PROPERTY- DAMAGE-ONLY ACCIDENT),FIXED OBJECT,45.646805,-110.9338367
C000090E,314+0.187,,GALLATIN,November,2015,8:00,WED,NON-JUNCTION,SHOULDER,SLEET/HAIL/FREEZING RAIN/DRIZZLE,WET,DAYLIGHT,NON-INJURY ACCIDENT (PROPERTY- DAMAGE-ONLY ACCIDENT),FIXED OBJECT,45.64669519,-110.9338692
C000090E,314+0.187,,GALLATIN,November,2015,18:29,TUE,NON-JUNCTION,ROADSIDE RIGHT,SNOW,ICE/FROST,DARK-NOT LIGHTED,NON-INJURY ACCIDENT (PROPERTY- DAMAGE-ONLY ACCIDENT),FIXED OBJECT,45.64678252,-110.9338287
C000090E,314+0.220,,GALLATIN,July,2013,14:51,TUE,NON-JUNCTION,ON ROADWAY,CLEAR,DRY,DAYLIGHT,NON-INJURY ACCIDENT (PROPERTY- DAMAGE-ONLY ACCIDENT),NOT FIXED OBJECT OR DEBRIS,45.64681328,-110.9331662
C000090E,314+0.224,,GALLATIN,November,2014,11:30,SUN,NON-JUNCTION,ON ROADWAY,CLEAR,ICE/FROST,DAYLIGHT,NON-INJURY ACCIDENT (PROPERTY- DAMAGE-ONLY ACCIDENT),"SIDESWIPE, SAME DIRECTION",45.64655,-110.9331617
C000090E,314+0.231,,GALLATIN,December,2014,16:10,SUN,NON-JUNCTION,SHOULDER,SNOW,ICE/FROST,DAYLIGHT,NON-INJURY ACCIDENT (PROPERTY- DAMAGE-ONLY ACCIDENT),FIXED OBJECT,45.64655378,-110.9330501
C000090E,314+0.299,,GALLATIN,March,2014,2:25,TUE,NON-JUNCTION,ON ROADWAY,CLOUDY,SLUSH,DARK-NOT LIGHTED,NON-INJURY ACCIDENT (PROPERTY- DAMAGE-ONLY ACCIDENT),FIXED OBJECT,45.64615493,-110.9317441
C000090E,314+0.330,,GALLATIN,November,2016,1:00,TUE,NON-JUNCTION,ON ROADWAY,SNOW,ICE/FROST,DAYLIGHT,NON-INJURY ACCIDENT (PROPERTY- DAMAGE-ONLY ACCIDENT),REAR-END,45.64592966,-110.9311725
C000090E,314+0.399,,GALLATIN,February,2015,12:20,WED,NON-JUNCTION,MEDIAN,CLOUDY,SLUSH,DAYLIGHT,NON-INJURY ACCIDENT (PROPERTY- DAMAGE-ONLY ACCIDENT),FIXED OBJECT,45.64547135,-110.9298479
C000090E,314+0.405,,GALLATIN,July,2014,13:50,THU,ACCELERATION/DECELERATION LANE,ON ROADWAY,CLEAR,DRY,DAYLIGHT,NON-INJURY ACCIDENT (PROPERTY- DAMAGE-ONLY ACCIDENT),OTHER,45.64542726,-110.9297499
C000090E,314+0.517,,GALLATIN,December,2016,22:18,SAT,NON-JUNCTION,ON ROADWAY,SNOW,SNOW,DARK-NOT LIGHTED,NON-INJURY ACCIDENT (PROPERTY- DAMAGE-ONLY ACCIDENT),WILD ANIMAL,45.64421991,-110.9281829
C000090E,314+0.555,,GALLATIN,September,2014,18:05,WED,NON-JUNCTION,SHOULDER,RAIN,WET,DAYLIGHT,NON-INJURY ACCIDENT (PROPERTY- DAMAGE-ONLY ACCIDENT),REAR-END,45.64386268,-110.927586
C000090E,314+0.567,,GALLATIN,November,2016,14:50,TUE,NON-JUNCTION,ON ROADWAY,SNOW,ICE/FROST,DAYLIGHT,NON-INJURY ACCIDENT (PROPERTY- DAMAGE-ONLY ACCIDENT),RIGHT ANGLE,45.64373034,-110.9274523
C000090E,314+0.623,NOT IN CITY LIMITS,GALLATIN,FEBRUARY,2017,5:50,SUN,NON-JUNCTION,ROADSIDE RIGHT,CLOUDY,ICE/FROST,DAWN,NON-INCAPACITATING EVIDENT INJURY ACCIDENT,FIXED OBJECT,45.643285,-110.9264283
C000090E,314+0.672,,GALLATIN,June,2015,14:20,FRI,NON-JUNCTION,ON ROADWAY,CLEAR,DRY,DAYLIGHT,NON-INJURY ACCIDENT (PROPERTY- DAMAGE-ONLY ACCIDENT),"SIDESWIPE, SAME DIRECTION",45.64293372,-110.9255369
C000090E,314+0.753,NOT IN CITY LIMITS,GALLATIN,OCTOBER,2017,3:35,SUN,NON-JUNCTION,ON ROADWAY,CLEAR,DRY,DARK-NOT LIGHTED,NON-INJURY ACCIDENT (PROPERTY- DAMAGE-ONLY ACCIDENT),WILD ANIMAL,45.64250637,-110.9239994
C000090E,314+0.815,BOZEMAN,GALLATIN,April,2014,7:20,SUN,NON-JUNCTION,SHOULDER,SNOW,ICE/FROST,DAYLIGHT,NON-INJURY ACCIDENT (PROPERTY- DAMAGE-ONLY ACCIDENT),FIXED OBJECT,45.64213802,-110.9228322
C000090E,314+0.908,NOT IN CITY LIMITS,GALLATIN,DECEMBER,2017,11:02,TUE,NON-JUNCTION,ROADSIDE RIGHT,CLEAR,ICE/FROST,DAYLIGHT,NON-INCAPACITATING EVIDENT INJURY ACCIDENT,FIXED OBJECT,45.64165992,-110.9211519
C000090E,314+0.983,,GALLATIN,December,2015,20:40,SUN,NON-JUNCTION,ON ROADWAY,CLOUDY,DRY,DARK-NOT LIGHTED,NON-INJURY ACCIDENT (PROPERTY- DAMAGE-ONLY ACCIDENT),NOT FIXED OBJECT OR DEBRIS,45.64116084,-110.919772
C000090E,315+0.003,,GALLATIN,December,2015,9:45,WED,NON-JUNCTION,ON ROADWAY,CLEAR,ICE/FROST,DAYLIGHT,NON-INCAPACITATING EVIDENT INJURY ACCIDENT,FIXED OBJECT,45.64104,-110.91929
C000090E,315+0.003,NOT IN CITY LIMITS,GALLATIN,DECEMBER,2017,12:45,SUN,NON-JUNCTION,ON ROADWAY,SNOW,SNOW,DAYLIGHT,NON-INJURY ACCIDENT (PROPERTY- DAMAGE-ONLY ACCIDENT),REAR-END,45.64104,-110.91929
C000090E,315+0.009,,GALLATIN,November,2016,5:25,MON,NON-JUNCTION,ON ROADWAY,SNOW,SNOW,DARK-NOT LIGHTED,NON-INJURY ACCIDENT (PROPERTY- DAMAGE-ONLY ACCIDENT),"SIDESWIPE, SAME DIRECTION",45.64099165,-110.9191666
C000090E,315+0.046,,GALLATIN,January,2014,1:46,WED,NON-JUNCTION,ON ROADWAY,SNOW,ICE/FROST,DAYLIGHT,NON-INJURY ACCIDENT (PROPERTY- DAMAGE-ONLY ACCIDENT),FIXED OBJECT,45.64067982,-110.9184403
C000090E,315+0.127,,GALLATIN,November,2014,15:14,SUN,NON-JUNCTION,ON ROADWAY,CLEAR,ICE/FROST,DAYLIGHT,NON-INJURY ACCIDENT (PROPERTY- DAMAGE-ONLY ACCIDENT),FIXED OBJECT,45.64022217,-110.9168899
C000090E,315+0.158,NOT IN CITY LIMITS,GALLATIN,DECEMBER,2017,15:45,THU,NON-JUNCTION,ROADSIDE RIGHT,"FOG, SMOG, SMOKE",ICE/FROST,DAYLIGHT,INCAPACITATING INJURY ACCIDENT,ROLL OVER,45.64000895,-110.9163988
C000090E,315+0.170,NOT IN CITY LIMITS,GALLATIN,DECEMBER,2017,13:20,SUN,NON-JUNCTION,ON ROADWAY,SNOW,SNOW,DAYLIGHT,NON-INJURY ACCIDENT (PROPERTY- DAMAGE-ONLY ACCIDENT),"SIDESWIPE, SAME DIRECTION",45.63988305,-110.9162259
C000090E,315+0.177,,GALLATIN,September,2014,11:50,FRI,NON-JUNCTION,ON ROADWAY,CLEAR,DRY,DAYLIGHT,NON-INJURY ACCIDENT (PROPERTY- DAMAGE-ONLY ACCIDENT),WILD ANIMAL,45.63992414,-110.9160652
C000090E,315+0.190,,GALLATIN,December,2013,13:35,FRI,NON-JUNCTION,SHOULDER,CLOUDY,SNOW,DAYLIGHT,NON-INJURY ACCIDENT (PROPERTY- DAMAGE-ONLY ACCIDENT),FIXED OBJECT,45.64000357,-110.9160088
C000090E,315+0.200,,GALLATIN,December,2013,3:05,THU,NON-JUNCTION,ROADSIDE RIGHT,CLEAR,ICE/FROST,DARK-NOT LIGHTED,NON-INJURY ACCIDENT (PROPERTY- DAMAGE-ONLY ACCIDENT),FIXED OBJECT,45.63998312,-110.9157014
C000090E,315+0.230,,GALLATIN,November,2013,15:58,FRI,NON-JUNCTION,ON ROADWAY,CLEAR,ICE/FROST,DAYLIGHT,NON-INJURY ACCIDENT (PROPERTY- DAMAGE-ONLY ACCIDENT),FIXED OBJECT,45.63981573,-110.9152575
C000090E,315+0.230,,GALLATIN,December,2013,11:00,FRI,NON-JUNCTION,ON ROADWAY,CLOUDY,ICE/FROST,DAYLIGHT,NON-INJURY ACCIDENT (PROPERTY- DAMAGE-ONLY ACCIDENT),FIXED OBJECT,45.63982884,-110.9152758
C000090E,315+0.257,,GALLATIN,December,2016,15:07,WED,NON-JUNCTION,ROADSIDE RIGHT,CLEAR,DRY,DAYLIGHT,NON-INJURY ACCIDENT (PROPERTY- DAMAGE-ONLY ACCIDENT),FIXED OBJECT,45.63953805,-110.9144429
C000090E,315+0.264,NOT IN CITY LIMITS,GALLATIN,DECEMBER,2017,12:15,FRI,NON-JUNCTION,ROADSIDE LEFT,CLEAR,ICE/FROST,DAYLIGHT,NON-INJURY ACCIDENT (PROPERTY- DAMAGE-ONLY ACCIDENT),FIXED OBJECT,45.63952503,-110.9143038
C000090E,315+0.270,NOT IN CITY LIMITS,GALLATIN,NOVEMBER,2017,13:13,SUN,NON-JUNCTION,ROADSIDE RIGHT,CLEAR,SLUSH,DAYLIGHT,NON-INJURY ACCIDENT (PROPERTY- DAMAGE-ONLY ACCIDENT),FIXED OBJECT,45.6393274,-110.9142739
C000090E,315+0.270,NOT IN CITY LIMITS,GALLATIN,OCTOBER,2017,15:57,FRI,NON-JUNCTION,ROADSIDE RIGHT,SLEET/HAIL/FREEZING RAIN/DRIZZLE,SLUSH,DAYLIGHT,NON-INJURY ACCIDENT (PROPERTY- DAMAGE-ONLY ACCIDENT),ROLL OVER,45.63938141,-110.9142303
C000090E,315+0.282,,GALLATIN,January,2015,22:40,WED,NON-JUNCTION,ROADSIDE RIGHT,CLEAR,DRY,DARK-NOT LIGHTED,NON-INCAPACITATING EVIDENT INJURY ACCIDENT,FIXED OBJECT,45.63942983,-110.9139666
C000090E,315+0.301,NOT IN CITY LIMITS,GALLATIN,DECEMBER,2017,7:30,FRI,NON-JUNCTION,ROADSIDE LEFT,CLEAR,ICE/FROST,DAYLIGHT,NON-INJURY ACCIDENT (PROPERTY- DAMAGE-ONLY ACCIDENT),FIXED OBJECT,45.63947761,-110.913536
C000090E,315+0.307,NOT IN CITY LIMITS,GALLATIN,DECEMBER,2017,16:13,SUN,NON-JUNCTION,ON ROADWAY,CLEAR,SLUSH,DAYLIGHT,NON-INJURY ACCIDENT (PROPERTY- DAMAGE-ONLY ACCIDENT),"SIDESWIPE, SAME DIRECTION",45.63931718,-110.9134338
C000090E,315+0.320,,GALLATIN,February,2014,19:00,FRI,NON-JUNCTION,ROADSIDE RIGHT,CLOUDY,ICE/FROST,DARK-NOT LIGHTED,NON-INJURY ACCIDENT (PROPERTY- DAMAGE-ONLY ACCIDENT),FIXED OBJECT,45.63935478,-110.9132302
C000090E,315+0.326,NOT IN CITY LIMITS,GALLATIN,DECEMBER,2017,10:40,THU,NON-JUNCTION,ROADSIDE LEFT,CLOUDY,ICE/FROST,DAYLIGHT,NON-INJURY ACCIDENT (PROPERTY- DAMAGE-ONLY ACCIDENT),FIXED OBJECT,45.63942439,-110.9130922
C000090E,315+0.326,NOT IN CITY LIMITS,GALLATIN,DECEMBER,2017,17:15,TUE,NON-JUNCTION,ON ROADWAY,CLOUDY,DRY,DARK-NOT LIGHTED,NON-INJURY ACCIDENT (PROPERTY- DAMAGE-ONLY ACCIDENT),"SIDESWIPE, SAME DIRECTION",45.63935816,-110.9130718
C000090E,315+0.350,,GALLATIN,November,2013,15:30,SAT,NON-JUNCTION,ROADSIDE RIGHT,SNOW,ICE/FROST,DAYLIGHT,POSSIBLE INJURY ACCIDENT,ROLL OVER,45.63950837,-110.912382
C000090E,315+0.351,NOT IN CITY LIMITS,GALLATIN,APRIL,2017,9:50,SUN,NON-JUNCTION,ROADSIDE RIGHT,SNOW,SLUSH,DAYLIGHT,NON-INCAPACITATING EVIDENT INJURY ACCIDENT,ROLL OVER,45.63950032,-110.9126057
C000090E,315+0.357,NOT IN CITY LIMITS,GALLATIN,NOVEMBER,2017,15:45,SUN,NON-JUNCTION,ROADSIDE RIGHT,CLOUDY,ICE/FROST,DAYLIGHT,NON-INJURY ACCIDENT (PROPERTY- DAMAGE-ONLY ACCIDENT),FIXED OBJECT,45.63918055,-110.9124503
C000090E,315+0.370,,GALLATIN,November,2013,8:17,MON,NON-JUNCTION,SHOULDER,CLEAR,ICE/FROST,DAYLIGHT,NON-INJURY ACCIDENT (PROPERTY- DAMAGE-ONLY ACCIDENT),FIXED OBJECT,45.63947425,-110.9120199
C000090E,315+0.370,,GALLATIN,January,2014,16:40,WED,NON-JUNCTION,MEDIAN,SNOW,ICE/FROST,DAYLIGHT,NON-INJURY ACCIDENT (PROPERTY- DAMAGE-ONLY ACCIDENT),FIXED OBJECT,45.63956645,-110.9121634
C000090E,315+0.376,,GALLATIN,November,2014,16:34,SUN,NON-JUNCTION,SHOULDER,CLOUDY,ICE/FROST,DUSK,NON-INJURY ACCIDENT (PROPERTY- DAMAGE-ONLY ACCIDENT),FIXED OBJECT,45.63947037,-110.9120113
C000090E,315+0.388,,GALLATIN,December,2016,15:50,MON,NON-JUNCTION,ROADSIDE RIGHT,CLOUDY,ICE/FROST,DAYLIGHT,NON-INJURY ACCIDENT (PROPERTY- DAMAGE-ONLY ACCIDENT),ROLL OVER,45.63954926,-110.9117737
C000090E,315+0.406,,GALLATIN,February,2015,8:30,WED,NON-JUNCTION,MEDIAN,CLOUDY,SLUSH,DAYLIGHT,NON-INJURY ACCIDENT (PROPERTY- DAMAGE-ONLY ACCIDENT),FIXED OBJECT,45.6396211,-110.9113848
C000090E,315+0.413,,GALLATIN,February,2016,11:18,SAT,NON-JUNCTION,MEDIAN,CLOUDY,SLUSH,DAYLIGHT,NON-INJURY ACCIDENT (PROPERTY- DAMAGE-ONLY ACCIDENT),FIXED OBJECT,45.63965138,-110.9113085
C000090E,315+0.413,,GALLATIN,February,2016,11:20,SAT,NON-JUNCTION,ON ROADWAY,CLOUDY,SLUSH,DAYLIGHT,POSSIBLE INJURY ACCIDENT,REAR-END,45.63966384,-110.911313
C000090E,315+0.450,,GALLATIN,January,2013,17:15,MON,NON-JUNCTION,ON ROADWAY,CLEAR,DRY,DUSK,NON-INJURY ACCIDENT (PROPERTY- DAMAGE-ONLY ACCIDENT),WILD ANIMAL,45.64002333,-110.91078
C000090E,315+0.531,,GALLATIN,February,2016,10:40,SAT,NON-JUNCTION,ROADSIDE RIGHT,SEVERE CROSSWINDS,SLUSH,DAYLIGHT,POSSIBLE INJURY ACCIDENT,FIXED OBJECT,45.64039931,-110.9091176
C000090E,315+0.540,,GALLATIN,November,2013,12:15,FRI,NON-JUNCTION,MEDIAN,CLEAR,ICE/FROST,DAYLIGHT,NON-INJURY ACCIDENT (PROPERTY- DAMAGE-ONLY ACCIDENT),FIXED OBJECT,45.64047333,-110.9087417
C000090E,315+0.606,NOT IN CITY LIMITS,GALLATIN,JANUARY,2017,15:12,THU,NON-JUNCTION,ROADSIDE LEFT,CLOUDY,ICE/FROST,DAYLIGHT,NON-INJURY ACCIDENT (PROPERTY- DAMAGE-ONLY ACCIDENT),FIXED OBJECT,45.64085836,-110.9077584