MDT_CORRIDOR_ID,SMS_REFPOST_OFFSET,CITY,COUNTY,Month,Year,SMS_TIME,SMT_CRASH_OCC_DAY_OF_WEEK,JUNCTION_RELATED,ROADWAY_RELATED,WEATHER_COND,ROAD_COND,LIGHT_COND,CRASH_SEVERITY,COLLISION_TYPE,LATITUDE,LONGITUDE
C000090E,315+0.660,,GALLATIN,November,2013,5:35,MON,NON-JUNCTION,MEDIAN,CLOUDY,ICE/FROST,DARK-NOT LIGHTED,NON-INJURY ACCIDENT (PROPERTY- DAMAGE-ONLY ACCIDENT),FIXED OBJECT,45.64124,-110.906595
C000090E,315+0.661,,GALLATIN,November,2015,17:46,WED,NON-JUNCTION,ROADSIDE RIGHT,BLOWING SNOW,ICE/FROST,DARK-NOT LIGHTED,NON-INJURY ACCIDENT (PROPERTY- DAMAGE-ONLY ACCIDENT),ROLL OVER,45.64114333,-110.9066217
C000090E,315+0.673,,GALLATIN,October,2016,8:17,TUE,NON-JUNCTION,ROADSIDE RIGHT,SLEET/HAIL/FREEZING RAIN/DRIZZLE,SLUSH,DAYLIGHT,NON-INCAPACITATING EVIDENT INJURY ACCIDENT,ROLL OVER,45.64117254,-110.9063914
C000090E,315+0.686,,GALLATIN,April,2015,9:30,TUE,NON-JUNCTION,ROADSIDE RIGHT,CLOUDY,ICE/FROST,DAYLIGHT,NON-INJURY ACCIDENT (PROPERTY- DAMAGE-ONLY ACCIDENT),FIXED OBJECT,45.64139354,-110.9062757
C000090E,315+0.704,NOT IN CITY LIMITS,GALLATIN,FEBRUARY,2017,13:39,SUN,NON-JUNCTION,ROADSIDE RIGHT,SLEET/HAIL/FREEZING RAIN/DRIZZLE,WET,DAYLIGHT,NON-INJURY ACCIDENT (PROPERTY- DAMAGE-ONLY ACCIDENT),FIXED OBJECT,45.64148896,-110.9058778
C000090E,315+0.735,,GALLATIN,November,2014,16:25,TUE,NON-JUNCTION,ROADSIDE RIGHT,SNOW,SNOW,DARK-NOT LIGHTED,NON-INJURY ACCIDENT (PROPERTY- DAMAGE-ONLY ACCIDENT),FIXED OBJECT,45.64163797,-110.9053317
C000090E,315+0.740,,GALLATIN,April,2013,10:30,SAT,NON-JUNCTION,SHOULDER,SNOW,SLUSH,DAYLIGHT,POSSIBLE INJURY ACCIDENT,ROLL OVER,45.641845,-110.90537
C000090E,315+0.890,,GALLATIN,March,2013,15:00,SUN,NON-JUNCTION,SHOULDER,CLOUDY,SNOW,DAYLIGHT,NON-INJURY ACCIDENT (PROPERTY- DAMAGE-ONLY ACCIDENT),FIXED OBJECT,45.64262167,-110.9022917
C000090E,315+0.960,NOT IN CITY LIMITS,GALLATIN,NOVEMBER,2017,4:45,TUE,NON-JUNCTION,ROADSIDE RIGHT,CLOUDY,ICE/FROST,DARK-NOT LIGHTED,POSSIBLE INJURY ACCIDENT,ROLL OVER,45.64302651,-110.9011299
C000090E,315+0.991,,GALLATIN,November,2016,1:02,THU,NON-JUNCTION,ROADSIDE RIGHT,CLOUDY,ICE/FROST,DARK-NOT LIGHTED,NON-INJURY ACCIDENT (PROPERTY- DAMAGE-ONLY ACCIDENT),FIXED OBJECT,45.64320399,-110.9005422
C000090E,316+0.003,,GALLATIN,April,2014,7:35,WED,NON-JUNCTION,ROADSIDE RIGHT,SNOW,ICE/FROST,DAYLIGHT,NON-INCAPACITATING EVIDENT INJURY ACCIDENT,FIXED OBJECT,45.64336748,-110.899992
C000090E,316+0.003,,GALLATIN,November,2014,11:32,SUN,NON-JUNCTION,ON ROADWAY,CLEAR,SNOW,DAYLIGHT,NON-INJURY ACCIDENT (PROPERTY- DAMAGE-ONLY ACCIDENT),REAR-END,45.64337,-110.89999
C000090E,316+0.003,,GALLATIN,December,2015,20:58,SAT,NON-JUNCTION,ON ROADWAY,CLEAR,ICE/FROST,DARK-NOT LIGHTED,NON-INJURY ACCIDENT (PROPERTY- DAMAGE-ONLY ACCIDENT),FIXED OBJECT,45.64337,-110.89999
C000090E,316+0.003,,GALLATIN,December,2016,8:45,SUN,NON-JUNCTION,ON ROADWAY,SNOW,ICE/FROST,DAYLIGHT,NON-INJURY ACCIDENT (PROPERTY- DAMAGE-ONLY ACCIDENT),FIXED OBJECT,45.64337,-110.89999
C000090E,316+0.003,NOT IN CITY LIMITS,GALLATIN,DECEMBER,2017,12:58,WED,NON-JUNCTION,ROADSIDE LEFT,CLOUDY,ICE/FROST,DAYLIGHT,NON-INJURY ACCIDENT (PROPERTY- DAMAGE-ONLY ACCIDENT),FIXED OBJECT,45.64337,-110.89999
C000090E,316+0.139,,GALLATIN,August,2015,3:35,THU,NON-JUNCTION,ON ROADWAY,CLEAR,DRY,DARK-NOT LIGHTED,NON-INJURY ACCIDENT (PROPERTY- DAMAGE-ONLY ACCIDENT),FIXED OBJECT,45.64417464,-110.8973631
C000090E,316+0.245,,GALLATIN,April,2016,1:15,FRI,NON-JUNCTION,ROADSIDE LEFT,CLOUDY,ICE/FROST,DARK-NOT LIGHTED,POSSIBLE INJURY ACCIDENT,FIXED OBJECT,45.64480866,-110.895368
C000090E,316+0.251,,GALLATIN,November,2014,7:03,MON,NON-JUNCTION,SHOULDER,SNOW,ICE/FROST,DAYLIGHT,NON-INJURY ACCIDENT (PROPERTY- DAMAGE-ONLY ACCIDENT),FIXED OBJECT,45.64480866,-110.895286
C000090E,316+0.257,,GALLATIN,April,2015,3:20,WED,NON-JUNCTION,ROADSIDE RIGHT,CLOUDY,ICE/FROST,DARK-NOT LIGHTED,NON-INJURY ACCIDENT (PROPERTY- DAMAGE-ONLY ACCIDENT),ROLL OVER,45.64484965,-110.8951016
C000090E,316+0.369,,GALLATIN,August,2015,17:50,MON,NON-JUNCTION,ON ROADWAY,CLEAR,DRY,DAYLIGHT,NON-INJURY ACCIDENT (PROPERTY- DAMAGE-ONLY ACCIDENT),REAR-END,45.645505,-110.89307
C000090E,316+0.381,,GALLATIN,November,2015,10:40,TUE,NON-JUNCTION,ON ROADWAY,SNOW,SLUSH,DAYLIGHT,NON-INJURY ACCIDENT (PROPERTY- DAMAGE-ONLY ACCIDENT),"SIDESWIPE, SAME DIRECTION",45.64562146,-110.8927862
C000090E,316+0.381,BOZEMAN,GALLATIN,February,2016,9:10,SAT,NON-JUNCTION,MEDIAN,SEVERE CROSSWINDS,SLUSH,DAYLIGHT,NON-INJURY ACCIDENT (PROPERTY- DAMAGE-ONLY ACCIDENT),FIXED OBJECT,45.64567267,-110.8928135
C000090E,316+0.413,,GALLATIN,December,2016,11:25,MON,NON-JUNCTION,ON ROADWAY,CLOUDY,ICE/FROST,DAYLIGHT,POSSIBLE INJURY ACCIDENT,RIGHT ANGLE,45.64583512,-110.8921974
C000090E,316+0.510,,GALLATIN,June,2013,4:45,THU,NON-JUNCTION,ON ROADWAY,CLEAR,DRY,DARK-LIGHTED,NON-INJURY ACCIDENT (PROPERTY- DAMAGE-ONLY ACCIDENT),WILD ANIMAL,45.64640692,-110.8903819
C000090E,316+0.575,NOT IN CITY LIMITS,GALLATIN,DECEMBER,2017,10:54,SAT,NON-JUNCTION,ON ROADWAY,BLOWING SNOW,SNOW,DAYLIGHT,POSSIBLE INJURY ACCIDENT,"SIDESWIPE, SAME DIRECTION",45.64671764,-110.8891662
C000090E,316+0.594,NOT IN CITY LIMITS,GALLATIN,DECEMBER,2017,10:24,SAT,NON-JUNCTION,ON ROADWAY,BLOWING SNOW,SNOW,DAYLIGHT,NON-INJURY ACCIDENT (PROPERTY- DAMAGE-ONLY ACCIDENT),REAR-END,45.64676812,-110.8888149
C000090E,316+0.610,,GALLATIN,April,2013,5:06,SUN,NON-JUNCTION,SHOULDER,"FOG, SMOG, SMOKE",WET,DARK-NOT LIGHTED,NON-INJURY ACCIDENT (PROPERTY- DAMAGE-ONLY ACCIDENT),FIXED OBJECT,45.64681833,-110.88842
C000090E,316+0.750,,GALLATIN,January,2013,14:01,SAT,NON-JUNCTION,ON ROADWAY,SNOW,ICE/FROST,DAYLIGHT,NON-INJURY ACCIDENT (PROPERTY- DAMAGE-ONLY ACCIDENT),FIXED OBJECT,45.64690892,-110.8854915
C000090E,316+0.780,,GALLATIN,December,2014,11:20,SUN,NON-JUNCTION,ROADSIDE RIGHT,SLEET/HAIL/FREEZING RAIN/DRIZZLE,SLUSH,DAYLIGHT,NON-INJURY ACCIDENT (PROPERTY- DAMAGE-ONLY ACCIDENT),FIXED OBJECT,45.64679618,-110.8848836
C000090E,316+0.780,NOT IN CITY LIMITS,GALLATIN,MARCH,2017,6:05,TUE,NON-JUNCTION,ROADSIDE RIGHT,CLOUDY,ICE/FROST,DARK-NOT LIGHTED,NON-INJURY ACCIDENT (PROPERTY- DAMAGE-ONLY ACCIDENT),FIXED OBJECT,45.6467998,-110.8849422
C000090E,316+0.800,,GALLATIN,October,2013,11:50,THU,NON-JUNCTION,ON ROADWAY,CLOUDY,SNOW,DAYLIGHT,NON-INJURY ACCIDENT (PROPERTY- DAMAGE-ONLY ACCIDENT),"SIDESWIPE, SAME DIRECTION",45.64669375,-110.8844055
C000090E,316+0.805,NOT IN CITY LIMITS,GALLATIN,NOVEMBER,2017,18:00,SAT,NON-JUNCTION,ROADSIDE LEFT,CLOUDY,ICE/FROST,DAYLIGHT,NON-INJURY ACCIDENT (PROPERTY- DAMAGE-ONLY ACCIDENT),FIXED OBJECT,45.64669402,-110.8844668
C000090E,316+0.820,,GALLATIN,January,2013,16:08,SAT,NON-JUNCTION,ON ROADWAY,SNOW,ICE/FROST,DAYLIGHT,NON-INJURY ACCIDENT (PROPERTY- DAMAGE-ONLY ACCIDENT),FIXED OBJECT,45.64669833,-110.8839967
C000090E,316+0.854,,GALLATIN,January,2015,16:00,SAT,NON-JUNCTION,ON ROADWAY,CLOUDY,ICE/FROST,DAYLIGHT,POSSIBLE INJURY ACCIDENT,FIXED OBJECT,45.64661,-110.8834
C000090E,316+0.898,,GALLATIN,March,2015,7:18,TUE,NON-JUNCTION,ON ROADWAY,CLEAR,ICE/FROST,DAWN,POSSIBLE INJURY ACCIDENT,FIXED OBJECT,45.64640692,-110.8825203
C000090E,316+0.923,NOT IN CITY LIMITS,GALLATIN,OCTOBER,2017,7:35,THU,NON-JUNCTION,ON ROADWAY,CLOUDY,WET,DAYLIGHT,NON-INCAPACITATING EVIDENT INJURY ACCIDENT,FIXED OBJECT,45.64641399,-110.8820099
C000090E,316+0.985,NOT IN CITY LIMITS,GALLATIN,DECEMBER,2017,19:50,SUN,NON-JUNCTION,ROADSIDE LEFT,CLOUDY,ICE/FROST,DARK-NOT LIGHTED,NON-INJURY ACCIDENT (PROPERTY- DAMAGE-ONLY ACCIDENT),FIXED OBJECT,45.64625178,-110.8807976
C000090E,316+1.004,NOT IN CITY LIMITS,GALLATIN,AUGUST,2017,6:20,THU,NON-JUNCTION,ON ROADWAY,CLOUDY,DRY,DAWN,NON-INJURY ACCIDENT (PROPERTY- DAMAGE-ONLY ACCIDENT),"SIDESWIPE, SAME DIRECTION",45.64618,-110.88036
C000090E,317+0.220,,GALLATIN,May,2013,17:50,MON,NON-JUNCTION,ON ROADWAY,CLOUDY,DRY,DAYLIGHT,NON-INJURY ACCIDENT (PROPERTY- DAMAGE-ONLY ACCIDENT),NOT FIXED OBJECT OR DEBRIS,45.64656744,-110.8757995
C000090E,317+0.221,,GALLATIN,March,2014,22:30,FRI,NON-JUNCTION,ON ROADWAY,CLOUDY,ICE/FROST,DARK-NOT LIGHTED,NON-INJURY ACCIDENT (PROPERTY- DAMAGE-ONLY ACCIDENT),FIXED OBJECT,45.64659799,-110.8758855
C000090E,317+0.228,NOT IN CITY LIMITS,GALLATIN,APRIL,2017,9:15,THU,NON-JUNCTION,ROADSIDE RIGHT,SNOW,SLUSH,DAYLIGHT,NON-INJURY ACCIDENT (PROPERTY- DAMAGE-ONLY ACCIDENT),FIXED OBJECT,45.64662038,-110.8757169
C000090E,317+0.234,NOT IN CITY LIMITS,GALLATIN,FEBRUARY,2017,7:15,WED,NON-JUNCTION,ROADSIDE LEFT,SNOW,ICE/FROST,DAYLIGHT,NON-INJURY ACCIDENT (PROPERTY- DAMAGE-ONLY ACCIDENT),FIXED OBJECT,45.64666666,-110.8756217
C000090E,317+0.234,NOT IN CITY LIMITS,GALLATIN,FEBRUARY,2017,7:25,WED,NON-JUNCTION,ROADSIDE LEFT,SNOW,ICE/FROST,DAYLIGHT,NON-INJURY ACCIDENT (PROPERTY- DAMAGE-ONLY ACCIDENT),FIXED OBJECT,45.646685,-110.8756233
C000090E,317+0.271,,GALLATIN,January,2015,15:20,THU,NON-JUNCTION,SHOULDER,RAIN,ICE/FROST,DAYLIGHT,NON-INJURY ACCIDENT (PROPERTY- DAMAGE-ONLY ACCIDENT),FIXED OBJECT,45.64697961,-110.8750022
C000090E,317+0.290,,GALLATIN,April,2015,6:25,FRI,NON-JUNCTION,ROADSIDE LEFT,CLEAR,ICE/FROST,DAYLIGHT,NON-INJURY ACCIDENT (PROPERTY- DAMAGE-ONLY ACCIDENT),FIXED OBJECT,45.64712064,-110.8747203
C000090E,317+0.433,,GALLATIN,November,2014,19:00,TUE,NON-JUNCTION,ON ROADWAY,SNOW,SNOW,DARK-NOT LIGHTED,NON-INJURY ACCIDENT (PROPERTY- DAMAGE-ONLY ACCIDENT),RIGHT ANGLE,45.64824635,-110.872207
C000090E,317+0.440,,GALLATIN,January,2013,6:25,SUN,NON-JUNCTION,ON ROADWAY,SNOW,SNOW,DARK-NOT LIGHTED,POSSIBLE INJURY ACCIDENT,"SIDESWIPE, SAME DIRECTION",45.648435,-110.87229
C000090E,317+0.470,,GALLATIN,February,2013,18:00,MON,NON-JUNCTION,ON ROADWAY,CLEAR,DRY,DARK-NOT LIGHTED,NON-INJURY ACCIDENT (PROPERTY- DAMAGE-ONLY ACCIDENT),NOT FIXED OBJECT OR DEBRIS,45.64861667,-110.8716383
C000090E,317+0.483,,GALLATIN,February,2016,16:35,THU,NON-JUNCTION,ON ROADWAY,CLEAR,DRY,DAYLIGHT,NON-INJURY ACCIDENT (PROPERTY- DAMAGE-ONLY ACCIDENT),"SIDESWIPE, SAME DIRECTION",45.64857549,-110.8712847
C000090E,317+0.490,,GALLATIN,June,2013,16:48,THU,NON-JUNCTION,ON ROADWAY,CLEAR,DRY,DAYLIGHT,NON-INJURY ACCIDENT (PROPERTY- DAMAGE-ONLY ACCIDENT),ROLL OVER,45.64864724,-110.8713257
C000090E,317+0.619,,GALLATIN,March,2014,7:42,FRI,NON-JUNCTION,SHOULDER,SNOW,SNOW,DAYLIGHT,NON-INCAPACITATING EVIDENT INJURY ACCIDENT,FIXED OBJECT,45.648415,-110.8684883
C000090E,317+0.670,,GALLATIN,March,2013,11:25,SUN,NON-JUNCTION,SHOULDER,CLOUDY,SNOW,DAYLIGHT,NON-INJURY ACCIDENT (PROPERTY- DAMAGE-ONLY ACCIDENT),FIXED OBJECT,45.64823771,-110.8673874
C000090E,317+0.719,,GALLATIN,June,2015,19:05,THU,NON-JUNCTION,ON ROADWAY,CLOUDY,DRY,DAYLIGHT,NON-INJURY ACCIDENT (PROPERTY- DAMAGE-ONLY ACCIDENT),WILD ANIMAL,45.64810045,-110.8665501
C000090E,317+0.740,,GALLATIN,August,2013,7:25,MON,NON-JUNCTION,MEDIAN,CLEAR,DRY,DAYLIGHT,NON-INJURY ACCIDENT (PROPERTY- DAMAGE-ONLY ACCIDENT),FIXED OBJECT,45.64823736,-110.8661553
C000090E,317+0.781,,GALLATIN,June,2016,11:50,THU,NON-JUNCTION,ON ROADWAY,CLOUDY,DRY,DAYLIGHT,NON-INJURY ACCIDENT (PROPERTY- DAMAGE-ONLY ACCIDENT),"SIDESWIPE, SAME DIRECTION",45.64810562,-110.8651733
C000090E,317+0.790,,GALLATIN,April,2013,21:30,THU,NON-JUNCTION,SHOULDER,CLEAR,DRY,DARK-NOT LIGHTED,POSSIBLE INJURY ACCIDENT,FIXED OBJECT,45.64832957,-110.8651102
C000090E,317+0.860,,GALLATIN,September,2013,11:30,TUE,NON-JUNCTION,SHOULDER,CLEAR,DRY,DAYLIGHT,NON-INJURY ACCIDENT (PROPERTY- DAMAGE-ONLY ACCIDENT),FIXED OBJECT,45.64856183,-110.8636417
C000090E,317+0.892,BOZEMAN,GALLATIN,December,2015,13:50,TUE,NON-JUNCTION,ROADSIDE LEFT,CLOUDY,ICE/FROST,DAYLIGHT,NON-INJURY ACCIDENT (PROPERTY- DAMAGE-ONLY ACCIDENT),FIXED OBJECT,45.64872234,-110.8630885
C000090E,317+0.900,,GALLATIN,July,2013,5:35,MON,NON-JUNCTION,ON ROADWAY,CLOUDY,DRY,DAWN,NON-INJURY ACCIDENT (PROPERTY- DAMAGE-ONLY ACCIDENT),WILD ANIMAL,45.64888167,-110.8631517
C000090E,317+0.930,,GALLATIN,September,2013,20:11,SAT,NON-JUNCTION,ON ROADWAY,CLOUDY,DRY,DAYLIGHT,NON-INCAPACITATING EVIDENT INJURY ACCIDENT,REAR-END,45.64917656,-110.8625557
C000090E,318+0.000,,GALLATIN,March,2015,6:35,TUE,NON-JUNCTION,ON ROADWAY,CLEAR,ICE/FROST,DAWN,NON-INJURY ACCIDENT (PROPERTY- DAMAGE-ONLY ACCIDENT),FIXED OBJECT,45.6496,-110.86117
C000090E,318+0.000,NOT IN CITY LIMITS,GALLATIN,JUNE,2017,9:30,FRI,NON-JUNCTION,ON ROADWAY,CLOUDY,WET,DAYLIGHT,NON-INJURY ACCIDENT (PROPERTY- DAMAGE-ONLY ACCIDENT),"SIDESWIPE, SAME DIRECTION",45.6496,-110.86117
C000090E,318+0.000,NOT IN CITY LIMITS,GALLATIN,OCTOBER,2017,16:01,FRI,NON-JUNCTION,ROADSIDE RIGHT,SNOW,SLUSH,DAYLIGHT,NON-INJURY ACCIDENT (PROPERTY- DAMAGE-ONLY ACCIDENT),ROLL OVER,45.6496,-110.86117
C000090E,318+0.044,,GALLATIN,July,2015,7:30,MON,NON-JUNCTION,ON ROADWAY,CLEAR,DRY,DAYLIGHT,NON-INJURY ACCIDENT (PROPERTY- DAMAGE-ONLY ACCIDENT),HEAD ON,45.64899894,-110.8595914
C000090E,318+0.144,,GALLATIN,December,2016,13:20,FRI,NON-JUNCTION,ON ROADWAY,CLOUDY,SNOW,DAYLIGHT,NON-INJURY ACCIDENT (PROPERTY- DAMAGE-ONLY ACCIDENT),FIXED OBJECT,45.65076,-110.8587
C000090E,318+0.440,,GALLATIN,November,2013,23:55,MON,NON-JUNCTION,ON ROADWAY,CLEAR,DRY,DARK-LIGHTED,NON-INJURY ACCIDENT (PROPERTY- DAMAGE-ONLY ACCIDENT),WILD ANIMAL,45.65316198,-110.8535536
C000090E,318+0.442,,GALLATIN,February,2015,8:45,SUN,NON-JUNCTION,SHOULDER,SNOW,SLUSH,DAYLIGHT,NON-INJURY ACCIDENT (PROPERTY- DAMAGE-ONLY ACCIDENT),FIXED OBJECT,45.65314488,-110.8536287
C000090E,318+0.450,,GALLATIN,December,2013,14:03,SUN,NON-JUNCTION,ROADSIDE RIGHT,SNOW,SNOW,DAYLIGHT,NON-INJURY ACCIDENT (PROPERTY- DAMAGE-ONLY ACCIDENT),FIXED OBJECT,45.65327106,-110.8537356
C000090E,318+0.585,,GALLATIN,November,2016,7:45,THU,NON-JUNCTION,ROADSIDE RIGHT,CLOUDY,ICE/FROST,DAYLIGHT,NON-INCAPACITATING EVIDENT INJURY ACCIDENT,ROLL OVER,45.65433141,-110.851233
C000090E,318+0.600,,GALLATIN,December,2013,15:19,SUN,NON-JUNCTION,ROADSIDE RIGHT,SNOW,SNOW,DAYLIGHT,NON-INJURY ACCIDENT (PROPERTY- DAMAGE-ONLY ACCIDENT),ROLL OVER,45.65471142,-110.8513251
C000090E,318+0.647,,GALLATIN,September,2015,3:20,SUN,NON-JUNCTION,ON ROADWAY,CLOUDY,DRY,DARK-NOT LIGHTED,NON-INCAPACITATING EVIDENT INJURY ACCIDENT,REAR-END,45.65500167,-110.8502367
C000090E,318+0.672,,GALLATIN,June,2015,9:47,TUE,NON-JUNCTION,ON ROADWAY,CLOUDY,DRY,DAYLIGHT,NON-INJURY ACCIDENT (PROPERTY- DAMAGE-ONLY ACCIDENT),WILD ANIMAL,45.65527246,-110.8498721
C000090E,318+0.840,,GALLATIN,December,2014,18:20,SUN,NON-JUNCTION,ON ROADWAY,SNOW,SNOW,DARK-NOT LIGHTED,NON-INJURY ACCIDENT (PROPERTY- DAMAGE-ONLY ACCIDENT),REAR-END,45.65701422,-110.8475703
C000090E,318+0.908,,GALLATIN,March,2015,7:00,TUE,NON-JUNCTION,ON ROADWAY,RAIN,ICE/FROST,DAYLIGHT,NON-INJURY ACCIDENT (PROPERTY- DAMAGE-ONLY ACCIDENT),"SIDESWIPE, SAME DIRECTION",45.6577416,-110.8466619
C000090E,318+0.951,,GALLATIN,July,2015,5:35,SAT,NON-JUNCTION,SHOULDER,CLOUDY,DRY,DARK-LIGHTED,POSSIBLE INJURY ACCIDENT,"SIDESWIPE, SAME DIRECTION",45.65826284,-110.8461144
C000090E,319+0.001,,GALLATIN,June,2016,5:10,THU,NON-JUNCTION,ON ROADWAY,CLOUDY,DRY,DARK-NOT LIGHTED,NON-INJURY ACCIDENT (PROPERTY- DAMAGE-ONLY ACCIDENT),WILD ANIMAL,45.65835,-110.84587
C000090E,319+0.051,,GALLATIN,November,2016,23:08,WED,NON-JUNCTION,MEDIAN,CLOUDY,ICE/FROST,DARK-NOT LIGHTED,POSSIBLE INJURY ACCIDENT,ROLL OVER,45.65897011,-110.8452616
C000090E,319+0.088,NOT IN CITY LIMITS,GALLATIN,NOVEMBER,2017,13:45,WED,NON-JUNCTION,ROADSIDE LEFT,CLEAR,WET,DAYLIGHT,NON-INJURY ACCIDENT (PROPERTY- DAMAGE-ONLY ACCIDENT),FIXED OBJECT,45.65929117,-110.8446699
C000090E,319+0.130,,GALLATIN,February,2013,19:25,TUE,NON-JUNCTION,ON ROADWAY,SEVERE CROSSWINDS,ICE/FROST,DARK-NOT LIGHTED,NON-INJURY ACCIDENT (PROPERTY- DAMAGE-ONLY ACCIDENT),JACKKNIFE,45.6599204,-110.8444421
C000090E,319+0.193,,GALLATIN,January,2016,6:00,SUN,NON-JUNCTION,MEDIAN,SNOW,ICE/FROST,DARK-NOT LIGHTED,NON-INJURY ACCIDENT (PROPERTY- DAMAGE-ONLY ACCIDENT),ROLL OVER,45.66046915,-110.8433112
C000090E,319+0.281,NOT IN CITY LIMITS,GALLATIN,SEPTEMBER,2017,4:00,SAT,NON-JUNCTION,ON ROADWAY,"FOG, SMOG, SMOKE",DRY,DARK-NOT LIGHTED,NON-INJURY ACCIDENT (PROPERTY- DAMAGE-ONLY ACCIDENT),NOT FIXED OBJECT OR DEBRIS,45.66135135,-110.8420378
C000090E,319+0.299,NOT IN CITY LIMITS,GALLATIN,SEPTEMBER,2017,4:00,SAT,NON-JUNCTION,ON ROADWAY,"FOG, SMOG, SMOKE",DRY,DARK-NOT LIGHTED,NON-INJURY ACCIDENT (PROPERTY- DAMAGE-ONLY ACCIDENT),NOT FIXED OBJECT OR DEBRIS,45.66157674,-110.8417374
C000090E,319+0.523,,GALLATIN,April,2016,20:06,THU,NON-JUNCTION,ON ROADWAY,SNOW,SLUSH,DUSK,NON-INJURY ACCIDENT (PROPERTY- DAMAGE-ONLY ACCIDENT),ROLL OVER,45.66381724,-110.8384243
C000090E,319+0.592,,GALLATIN,April,2014,7:25,WED,NON-JUNCTION,ON ROADWAY,CLEAR,ICE/FROST,DAYLIGHT,NON-INJURY ACCIDENT (PROPERTY- DAMAGE-ONLY ACCIDENT),FIXED OBJECT,45.66430603,-110.8371406
C000090E,319+0.691,,GALLATIN,May,2016,9:42,TUE,NON-JUNCTION,ROADSIDE LEFT,SNOW,SLUSH,DAYLIGHT,NON-INCAPACITATING EVIDENT INJURY ACCIDENT,ROLL OVER,45.66513845,-110.8354282
C000090E,319+0.748,,GALLATIN,March,2016,6:55,TUE,NON-JUNCTION,MEDIAN,CLOUDY,ICE/FROST,DAWN,NON-INJURY ACCIDENT (PROPERTY- DAMAGE-ONLY ACCIDENT),ROLL OVER,45.66538456,-110.8343949
C000090E,319+0.778,NOT IN CITY LIMITS,GALLATIN,OCTOBER,2017,18:55,SUN,NON-JUNCTION,MEDIAN,CLOUDY,ICE/FROST,DARK-NOT LIGHTED,NON-INJURY ACCIDENT (PROPERTY- DAMAGE-ONLY ACCIDENT),ROLL OVER,45.6656313,-110.8338468
C000090E,319+0.784,,GALLATIN,April,2014,7:00,WED,NON-JUNCTION,SHOULDER,CLOUDY,ICE/FROST,DAYLIGHT,NON-INJURY ACCIDENT (PROPERTY- DAMAGE-ONLY ACCIDENT),FIXED OBJECT,45.66563998,-110.8336494
C000090E,319+0.791,,GALLATIN,November,2016,18:00,WED,NON-JUNCTION,MEDIAN,CLOUDY,ICE/FROST,DARK-NOT LIGHTED,INCAPACITATING INJURY ACCIDENT,ROLL OVER,45.66575787,-110.8335514
C000090E,319+0.850,,GALLATIN,November,2013,19:10,FRI,NON-JUNCTION,ON ROADWAY,CLEAR,DRY,DARK-NOT LIGHTED,NON-INJURY ACCIDENT (PROPERTY- DAMAGE-ONLY ACCIDENT),WILD ANIMAL,45.66628833,-110.8327717
C000090E,319+0.878,NOT IN CITY LIMITS,GALLATIN,MARCH,2017,16:50,SAT,NON-JUNCTION,ROADSIDE LEFT,SEVERE CROSSWINDS,DRY,DAYLIGHT,POSSIBLE INJURY ACCIDENT,ROLL OVER,45.66621333,-110.83195
C000090E,319+0.930,,GALLATIN,June,2013,5:45,THU,ENTRANCE/EXIT RAMP,ON ROADWAY,CLEAR,DRY,DAYLIGHT,NON-INJURY ACCIDENT (PROPERTY- DAMAGE-ONLY ACCIDENT),WILD ANIMAL,45.66656624,-110.8312939
C000090E,319+0.959,,GALLATIN,June,2015,7:00,FRI,NON-JUNCTION,MEDIAN,CLOUDY,DRY,DAYLIGHT,NON-INCAPACITATING EVIDENT INJURY ACCIDENT,ROLL OVER,45.66647739,-110.830208
C000090E,320+0.000,,GALLATIN,June,2013,5:00,WED,NON-JUNCTION,ON ROADWAY,CLEAR,DRY,DARK-NOT LIGHTED,NON-INJURY ACCIDENT (PROPERTY- DAMAGE-ONLY ACCIDENT),WILD ANIMAL,45.6665346,-110.829414
C000090E,320+0.002,,GALLATIN,September,2014,14:54,SAT,NON-JUNCTION,ON ROADWAY,CLEAR,DRY,DAYLIGHT,NON-INCAPACITATING EVIDENT INJURY ACCIDENT,REAR-END,45.66653,-110.82955
C000090E,320+0.002,,GALLATIN,November,2014,16:55,TUE,NON-JUNCTION,ON ROADWAY,BLOWING SNOW,ICE/FROST,DARK-NOT LIGHTED,NON-INJURY ACCIDENT (PROPERTY- DAMAGE-ONLY ACCIDENT),OTHER,45.66651475,-110.8295322
C000090E,320+0.002,,GALLATIN,March,2016,14:46,THU,NON-JUNCTION,ROADSIDE RIGHT,RAIN,WET,DAYLIGHT,NON-INJURY ACCIDENT (PROPERTY- DAMAGE-ONLY ACCIDENT),FIXED OBJECT,45.66653,-110.82955
C000090E,320+0.002,,GALLATIN,July,2016,3:30,SAT,NON-JUNCTION,ON ROADWAY,CLEAR,DRY,DARK-NOT LIGHTED,NON-INJURY ACCIDENT (PROPERTY- DAMAGE-ONLY ACCIDENT),WILD ANIMAL,45.66653,-110.82955
C000090E,320+0.002,,GALLATIN,April,2016,5:30,THU,NON-JUNCTION,SHOULDER,BLOWING SNOW,SNOW,DARK-NOT LIGHTED,NON-INCAPACITATING EVIDENT INJURY ACCIDENT,REAR-END,45.66653,-110.82955
C000090E,320+0.002,NOT IN CITY LIMITS,GALLATIN,NOVEMBER,2017,21:48,THU,NON-JUNCTION,ROADSIDE LEFT,CLEAR,ICE/FROST,DARK-NOT LIGHTED,UNKNOWN,FIXED OBJECT,45.66653,-110.82955