MDT_CORRIDOR_ID,SMS_REFPOST_OFFSET,CITY,COUNTY,Month,Year,SMS_TIME,SMT_CRASH_OCC_DAY_OF_WEEK,JUNCTION_RELATED,ROADWAY_RELATED,WEATHER_COND,ROAD_COND,LIGHT_COND,CRASH_SEVERITY,COLLISION_TYPE,LATITUDE,LONGITUDE
C000090E,320+0.021,,GALLATIN,February,2014,16:00,FRI,NON-JUNCTION,SHOULDER,SNOW,ICE/FROST,DAYLIGHT,NON-INJURY ACCIDENT (PROPERTY- DAMAGE-ONLY ACCIDENT),FIXED OBJECT,45.66657734,-110.8290693
C000090E,320+0.145,,GALLATIN,February,2014,12:45,FRI,NON-JUNCTION,ROADSIDE RIGHT,SNOW,SNOW,DAYLIGHT,NON-INJURY ACCIDENT (PROPERTY- DAMAGE-ONLY ACCIDENT),FIXED OBJECT,45.66679833,-110.82657
C000090E,320+0.230,,GALLATIN,January,2013,14:50,MON,NON-JUNCTION,MEDIAN,SNOW,ICE/FROST,DAYLIGHT,NON-INCAPACITATING EVIDENT INJURY ACCIDENT,ROLL OVER,45.66689333,-110.824795
C000090E,320+0.269,,GALLATIN,March,2015,20:59,TUE,NON-JUNCTION,MEDIAN,CLOUDY,WET,DARK-NOT LIGHTED,INCAPACITATING INJURY ACCIDENT,ROLL OVER,45.66697,-110.824
C000090E,320+0.412,,GALLATIN,November,2014,15:40,TUE,NON-JUNCTION,SHOULDER,SNOW,SNOW,DAYLIGHT,NON-INJURY ACCIDENT (PROPERTY- DAMAGE-ONLY ACCIDENT),FIXED OBJECT,45.6669593,-110.821148
C000090E,320+0.493,,GALLATIN,March,2014,17:00,THU,NON-JUNCTION,ON ROADWAY,SNOW,SLUSH,DAYLIGHT,NON-INJURY ACCIDENT (PROPERTY- DAMAGE-ONLY ACCIDENT),"SIDESWIPE, SAME DIRECTION",45.66692138,-110.8193548
C000090E,320+0.493,,GALLATIN,April,2015,17:15,SUN,NON-JUNCTION,MEDIAN,SNOW,SLUSH,DAYLIGHT,NON-INCAPACITATING EVIDENT INJURY ACCIDENT,ROLL OVER,45.66690772,-110.8194299
C000090E,320+0.520,,GALLATIN,May,2013,7:00,TUE,NON-JUNCTION,ON ROADWAY,CLEAR,DRY,DAYLIGHT,NON-INCAPACITATING EVIDENT INJURY ACCIDENT,ROLL OVER,45.66690772,-110.8188084
C000090E,320+0.568,,GALLATIN,December,2014,17:40,SUN,NON-JUNCTION,ROADSIDE RIGHT,CLOUDY,ICE/FROST,DARK-NOT LIGHTED,NON-INJURY ACCIDENT (PROPERTY- DAMAGE-ONLY ACCIDENT),FIXED OBJECT,45.66696681,-110.8179055
C000090E,320+0.600,,GALLATIN,July,2013,5:00,FRI,NON-JUNCTION,ROADSIDE RIGHT,CLEAR,DRY,DAWN,NON-INJURY ACCIDENT (PROPERTY- DAMAGE-ONLY ACCIDENT),FIXED OBJECT,45.66699992,-110.8171008
C000090E,320+0.617,,GALLATIN,November,2015,8:50,WED,NON-JUNCTION,ROADSIDE LEFT,CLOUDY,ICE/FROST,DAYLIGHT,NON-INJURY ACCIDENT (PROPERTY- DAMAGE-ONLY ACCIDENT),ROLL OVER,45.66706292,-110.8168942
C000090E,320+0.617,NOT IN CITY LIMITS,GALLATIN,OCTOBER,2017,23:05,MON,NON-JUNCTION,ROADSIDE RIGHT,SNOW,ICE/FROST,DARK-NOT LIGHTED,NON-INJURY ACCIDENT (PROPERTY- DAMAGE-ONLY ACCIDENT),ROLL OVER,45.6669937,-110.8169047
C000090E,320+0.642,,GALLATIN,June,2015,10:20,TUE,NON-JUNCTION,ON ROADWAY,CLOUDY,DRY,DAYLIGHT,NON-INJURY ACCIDENT (PROPERTY- DAMAGE-ONLY ACCIDENT),"SIDESWIPE, SAME DIRECTION",45.66704434,-110.8163017
C000090E,320+0.661,NOT IN CITY LIMITS,GALLATIN,DECEMBER,2017,18:10,WED,NON-JUNCTION,ON ROADWAY,SNOW,ICE/FROST,DARK-NOT LIGHTED,NON-INJURY ACCIDENT (PROPERTY- DAMAGE-ONLY ACCIDENT),ROLL OVER,45.66713654,-110.8159738
C000090E,320+0.692,,GALLATIN,October,2015,5:00,SAT,NON-JUNCTION,MEDIAN,RAIN,WET,DARK-NOT LIGHTED,NON-INCAPACITATING EVIDENT INJURY ACCIDENT,ROLL OVER,45.66714758,-110.8154006
C000090E,320+0.710,,GALLATIN,April,2013,7:26,FRI,NON-JUNCTION,ON ROADWAY,CLEAR,DRY,DAYLIGHT,INCAPACITATING INJURY ACCIDENT,REAR-END,45.667075,-110.81484
C000090E,320+0.785,NOT IN CITY LIMITS,GALLATIN,JANUARY,2017,9:40,TUE,NON-JUNCTION,ROADSIDE RIGHT,CLOUDY,ICE/FROST,DAYLIGHT,NON-INJURY ACCIDENT (PROPERTY- DAMAGE-ONLY ACCIDENT),ROLL OVER,45.667115,-110.8133933
C000090E,320+0.791,,GALLATIN,January,2016,15:44,WED,NON-JUNCTION,ON ROADWAY,CLOUDY,DRY,DAYLIGHT,NON-INCAPACITATING EVIDENT INJURY ACCIDENT,REAR-END,45.66714655,-110.813252
C000090E,320+0.872,,GALLATIN,March,2016,20:35,THU,NON-JUNCTION,MEDIAN,CLOUDY,ICE/FROST,DARK-NOT LIGHTED,NON-INCAPACITATING EVIDENT INJURY ACCIDENT,ROLL OVER,45.66732499,-110.8116574
C000090E,320+0.927,,GALLATIN,April,2016,20:38,THU,NON-JUNCTION,MEDIAN,SLEET/HAIL/FREEZING RAIN/DRIZZLE,SLUSH,DARK-NOT LIGHTED,NON-INJURY ACCIDENT (PROPERTY- DAMAGE-ONLY ACCIDENT),FIXED OBJECT,45.66737,-110.810545
C000090E,320+0.990,BOZEMAN,GALLATIN,August,2015,18:45,TUE,NON-JUNCTION,ON ROADWAY,CLEAR,DRY,DAYLIGHT,NON-INJURY ACCIDENT (PROPERTY- DAMAGE-ONLY ACCIDENT),"SIDESWIPE, SAME DIRECTION",45.66731407,-110.8092256
C000090E,320+0.990,,GALLATIN,November,2016,12:20,THU,NON-JUNCTION,ON ROADWAY,CLEAR,DRY,DAYLIGHT,POSSIBLE INJURY ACCIDENT,REAR-END,45.66737523,-110.8091937
C000090E,320+0.990,NOT IN CITY LIMITS,GALLATIN,OCTOBER,2017,16:40,WED,NON-JUNCTION,ON ROADWAY,CLOUDY,DRY,DAYLIGHT,NON-INJURY ACCIDENT (PROPERTY- DAMAGE-ONLY ACCIDENT),"SIDESWIPE, SAME DIRECTION",45.66739605,-110.8091437
C000090E,320+1.002,,GALLATIN,March,2016,11:25,SAT,NON-JUNCTION,ON ROADWAY,CLEAR,DRY,DAYLIGHT,NON-INJURY ACCIDENT (PROPERTY- DAMAGE-ONLY ACCIDENT),"SIDESWIPE, SAME DIRECTION",45.66739935,-110.808972
C000090E,321+0.002,,GALLATIN,October,2016,11:45,TUE,NON-JUNCTION,ROADSIDE LEFT,SNOW,SLUSH,DAYLIGHT,POSSIBLE INJURY ACCIDENT,FIXED OBJECT,45.66738,-110.80885
C000090E,321+0.002,,GALLATIN,April,2016,6:22,THU,NON-JUNCTION,ON ROADWAY,SNOW,ICE/FROST,DAYLIGHT,NON-INJURY ACCIDENT (PROPERTY- DAMAGE-ONLY ACCIDENT),"SIDESWIPE, SAME DIRECTION",45.66738,-110.80885
C000090E,321+0.020,,GALLATIN,February,2013,5:50,SUN,NON-JUNCTION,MEDIAN,CLOUDY,SNOW,DARK-LIGHTED,NON-INJURY ACCIDENT (PROPERTY- DAMAGE-ONLY ACCIDENT),ROLL OVER,45.66744391,-110.8083172
C000090E,321+0.083,,GALLATIN,October,2015,19:40,FRI,NON-JUNCTION,ON ROADWAY,CLEAR,DRY,DARK-LIGHTED,NON-INCAPACITATING EVIDENT INJURY ACCIDENT,WILD ANIMAL,45.66731407,-110.8071902
C000090E,321+0.120,,GALLATIN,April,2013,8:45,MON,NON-JUNCTION,MEDIAN,SNOW,ICE/FROST,DAYLIGHT,NON-INJURY ACCIDENT (PROPERTY- DAMAGE-ONLY ACCIDENT),ROLL OVER,45.66748146,-110.8063023
C000090E,321+0.130,,GALLATIN,March,2013,17:25,SUN,NON-JUNCTION,ROADSIDE RIGHT,CLEAR,ICE/FROST,DAYLIGHT,INCAPACITATING INJURY ACCIDENT,FIXED OBJECT,45.66704434,-110.8060428
C000090E,321+0.133,,GALLATIN,December,2015,0:30,FRI,NON-JUNCTION,MEDIAN,CLEAR,ICE/FROST,DARK-NOT LIGHTED,NON-INJURY ACCIDENT (PROPERTY- DAMAGE-ONLY ACCIDENT),ROLL OVER,45.6672834,-110.8061042
C000090E,321+0.139,,GALLATIN,March,2014,22:35,FRI,CROSSOVER-RELATED,SHOULDER,BLOWING SNOW,WET,DARK-NOT LIGHTED,NON-INJURY ACCIDENT (PROPERTY- DAMAGE-ONLY ACCIDENT),NOT FIXED OBJECT OR DEBRIS,45.66723553,-110.8059949
C000090E,321+0.140,,GALLATIN,March,2013,15:24,SUN,NON-JUNCTION,ON ROADWAY,CLOUDY,SNOW,DAYLIGHT,NON-INJURY ACCIDENT (PROPERTY- DAMAGE-ONLY ACCIDENT),FIXED OBJECT,45.66759167,-110.8058567
C000090E,321+0.151,,GALLATIN,January,2014,10:40,THU,NON-JUNCTION,ROADSIDE LEFT,CLEAR,SNOW,DAYLIGHT,NON-INJURY ACCIDENT (PROPERTY- DAMAGE-ONLY ACCIDENT),ROLL OVER,45.66715356,-110.8057901
C000090E,321+0.164,,GALLATIN,June,2015,15:55,TUE,NON-JUNCTION,SHOULDER,CLOUDY,DRY,DAYLIGHT,NON-INJURY ACCIDENT (PROPERTY- DAMAGE-ONLY ACCIDENT),"SIDESWIPE, SAME DIRECTION",45.66703403,-110.8055168
C000090E,321+0.170,,GALLATIN,September,2013,14:58,FRI,NON-JUNCTION,ON ROADWAY,CLEAR,DRY,DAYLIGHT,NON-INJURY ACCIDENT (PROPERTY- DAMAGE-ONLY ACCIDENT),"SIDESWIPE, SAME DIRECTION",45.66694891,-110.8052318
C000090E,321+0.183,NOT IN CITY LIMITS,GALLATIN,MARCH,2017,6:30,WED,NON-JUNCTION,ROADSIDE RIGHT,CLOUDY,ICE/FROST,DAWN,NON-INJURY ACCIDENT (PROPERTY- DAMAGE-ONLY ACCIDENT),"SIDESWIPE, SAME DIRECTION",45.66679076,-110.8051996
C000090E,321+0.201,,GALLATIN,February,2016,16:20,THU,NON-JUNCTION,MEDIAN,SNOW,ICE/FROST,DAYLIGHT,NON-INJURY ACCIDENT (PROPERTY- DAMAGE-ONLY ACCIDENT),ROLL OVER,45.66682918,-110.8048475
C000090E,321+0.201,NOT IN CITY LIMITS,GALLATIN,MARCH,2017,14:21,WED,NON-JUNCTION,ROADSIDE RIGHT,SEVERE CROSSWINDS,ICE/FROST,DAYLIGHT,NON-INJURY ACCIDENT (PROPERTY- DAMAGE-ONLY ACCIDENT),ROLL OVER,45.66673,-110.80494
C000090E,321+0.201,NOT IN CITY LIMITS,GALLATIN,NOVEMBER,2017,5:15,WED,NON-JUNCTION,ROADSIDE LEFT,BLOWING SNOW,ICE/FROST,DARK-NOT LIGHTED,NON-INJURY ACCIDENT (PROPERTY- DAMAGE-ONLY ACCIDENT),ROLL OVER,45.66683458,-110.8048225
C000090E,321+0.230,,GALLATIN,January,2013,20:24,FRI,NON-JUNCTION,ROADSIDE RIGHT,BLOWING SNOW,SNOW,DARK-NOT LIGHTED,NON-INJURY ACCIDENT (PROPERTY- DAMAGE-ONLY ACCIDENT),"SIDESWIPE, SAME DIRECTION",45.66645667,-110.8042417
C000090E,321+0.239,,GALLATIN,February,2016,5:15,MON,NON-JUNCTION,ROADSIDE RIGHT,BLOWING SNOW,ICE/FROST,DARK-NOT LIGHTED,NON-INJURY ACCIDENT (PROPERTY- DAMAGE-ONLY ACCIDENT),ROLL OVER,45.66640908,-110.8042532
C000090E,321+0.239,NOT IN CITY LIMITS,GALLATIN,MARCH,2017,14:30,WED,NON-JUNCTION,ON ROADWAY,CLOUDY,ICE/FROST,DAYLIGHT,NON-INJURY ACCIDENT (PROPERTY- DAMAGE-ONLY ACCIDENT),"SIDESWIPE, SAME DIRECTION",45.66652525,-110.8042259
C000090E,321+0.276,NOT IN CITY LIMITS,GALLATIN,OCTOBER,2017,23:35,MON,NON-JUNCTION,SHOULDER,BLOWING SNOW,ICE/FROST,DARK-NOT LIGHTED,NON-INJURY ACCIDENT (PROPERTY- DAMAGE-ONLY ACCIDENT),"SIDESWIPE, SAME DIRECTION",45.66610654,-110.8037123
C000090E,321+0.301,NOT IN CITY LIMITS,GALLATIN,MARCH,2017,13:50,WED,NON-JUNCTION,ROADSIDE RIGHT,CLOUDY,ICE/FROST,DAYLIGHT,NON-INJURY ACCIDENT (PROPERTY- DAMAGE-ONLY ACCIDENT),FIXED OBJECT,45.66587934,-110.8032809
C000090E,321+0.338,,GALLATIN,February,2016,17:07,THU,NON-JUNCTION,ON ROADWAY,BLOWING SNOW,SLUSH,DAYLIGHT,NON-INJURY ACCIDENT (PROPERTY- DAMAGE-ONLY ACCIDENT),REAR TO REAR,45.66550408,-110.8027437
C000090E,321+0.363,,GALLATIN,December,2016,13:50,FRI,NON-JUNCTION,ON ROADWAY,CLEAR,ICE/FROST,DAYLIGHT,NON-INJURY ACCIDENT (PROPERTY- DAMAGE-ONLY ACCIDENT),"SIDESWIPE, SAME DIRECTION",45.66524793,-110.8023203
C000090E,321+0.469,NOT IN CITY LIMITS,GALLATIN,JANUARY,2017,14:47,TUE,NON-JUNCTION,ON ROADWAY,SNOW,ICE/FROST,DAYLIGHT,NON-INJURY ACCIDENT (PROPERTY- DAMAGE-ONLY ACCIDENT),REAR-END,45.66419915,-110.800709
C000090E,321+0.500,,GALLATIN,September,2013,15:45,SUN,NON-JUNCTION,ON ROADWAY,CLEAR,DRY,DAYLIGHT,NON-INJURY ACCIDENT (PROPERTY- DAMAGE-ONLY ACCIDENT),JACKKNIFE,45.66391667,-110.8000167
C000090E,321+0.510,,GALLATIN,December,2013,15:12,FRI,NON-JUNCTION,SHOULDER,CLOUDY,SNOW,DAYLIGHT,NON-INJURY ACCIDENT (PROPERTY- DAMAGE-ONLY ACCIDENT),FIXED OBJECT,45.66387081,-110.7999364
C000090E,321+0.531,NOT IN CITY LIMITS,GALLATIN,MAY,2017,15:31,WED,NON-JUNCTION,SHOULDER,SNOW,SLUSH,DAYLIGHT,NON-INJURY ACCIDENT (PROPERTY- DAMAGE-ONLY ACCIDENT),FIXED OBJECT,45.6637692,-110.7996292
C000090E,321+0.544,,GALLATIN,March,2016,8:35,WED,NON-JUNCTION,ROADSIDE RIGHT,CLOUDY,SLUSH,DAYLIGHT,NON-INJURY ACCIDENT (PROPERTY- DAMAGE-ONLY ACCIDENT),FIXED OBJECT,45.66369499,-110.7993901
C000090E,321+0.557,,GALLATIN,December,2015,6:15,WED,NON-JUNCTION,ON ROADWAY,CLEAR,ICE/FROST,DARK-NOT LIGHTED,NON-INJURY ACCIDENT (PROPERTY- DAMAGE-ONLY ACCIDENT),FIXED OBJECT,45.66373508,-110.7991033
C000090E,321+0.557,NOT IN CITY LIMITS,GALLATIN,JUNE,2017,20:15,SAT,NON-JUNCTION,ROADSIDE LEFT,SLEET/HAIL/FREEZING RAIN/DRIZZLE,OTHER,DAYLIGHT,POSSIBLE INJURY ACCIDENT,ROLL OVER,45.66369187,-110.7990361
C000090E,321+0.557,NOT IN CITY LIMITS,GALLATIN,NOVEMBER,2017,2:30,SAT,NON-JUNCTION,ROADSIDE LEFT,BLOWING SNOW,SNOW,DARK-NOT LIGHTED,NON-INJURY ACCIDENT (PROPERTY- DAMAGE-ONLY ACCIDENT),NOT FIXED OBJECT OR DEBRIS,45.66368297,-110.799142
C000090E,321+0.562,,GALLATIN,April,2016,10:50,TUE,NON-JUNCTION,MEDIAN,SNOW,SLUSH,DAYLIGHT,NON-INJURY ACCIDENT (PROPERTY- DAMAGE-ONLY ACCIDENT),FIXED OBJECT,45.66363833,-110.7990053
C000090E,321+0.562,NOT IN CITY LIMITS,GALLATIN,JUNE,2017,20:15,SAT,NON-JUNCTION,ROADSIDE LEFT,SLEET/HAIL/FREEZING RAIN/DRIZZLE,OTHER,DAYLIGHT,NON-INJURY ACCIDENT (PROPERTY- DAMAGE-ONLY ACCIDENT),LOST CONTROL,45.66367277,-110.7990229
C000090E,321+0.575,NOT IN CITY LIMITS,GALLATIN,FEBRUARY,2017,20:35,WED,NON-JUNCTION,ROADSIDE LEFT,CLOUDY,ICE/FROST,DARK-NOT LIGHTED,POSSIBLE INJURY ACCIDENT,ROLL OVER,45.66359641,-110.7987718
C000090E,321+0.581,,GALLATIN,November,2015,20:16,MON,NON-JUNCTION,SHOULDER,SNOW,SLUSH,DARK-NOT LIGHTED,NON-INJURY ACCIDENT (PROPERTY- DAMAGE-ONLY ACCIDENT),FIXED OBJECT,45.66350857,-110.7987035
C000090E,321+0.587,,GALLATIN,June,2014,1:00,SUN,NON-JUNCTION,ON ROADWAY,CLEAR,DRY,DARK-NOT LIGHTED,NON-INJURY ACCIDENT (PROPERTY- DAMAGE-ONLY ACCIDENT),WILD ANIMAL,45.6634926,-110.7985773
C000090E,321+0.600,,GALLATIN,December,2013,16:55,THU,NON-JUNCTION,MEDIAN,CLEAR,ICE/FROST,DAYLIGHT,NON-INJURY ACCIDENT (PROPERTY- DAMAGE-ONLY ACCIDENT),FIXED OBJECT,45.66348948,-110.7980951
C000090E,321+0.600,,GALLATIN,December,2014,19:00,SUN,NON-JUNCTION,ON ROADWAY,CLOUDY,ICE/FROST,DARK-NOT LIGHTED,NON-INJURY ACCIDENT (PROPERTY- DAMAGE-ONLY ACCIDENT),RIGHT ANGLE,45.66343599,-110.7982792
C000090E,321+0.607,,GALLATIN,March,2014,12:12,SAT,NON-JUNCTION,ON ROADWAY,BLOWING SNOW,DRY,DAYLIGHT,NON-INJURY ACCIDENT (PROPERTY- DAMAGE-ONLY ACCIDENT),REAR-END,45.66341667,-110.7981133
C000090E,321+0.619,,GALLATIN,April,2016,11:15,TUE,NON-JUNCTION,ON ROADWAY,SNOW,SLUSH,DAYLIGHT,NON-INJURY ACCIDENT (PROPERTY- DAMAGE-ONLY ACCIDENT),"SIDESWIPE, SAME DIRECTION",45.66346682,-110.7978273
C000090E,321+0.625,NOT IN CITY LIMITS,GALLATIN,JUNE,2017,20:15,SAT,NON-JUNCTION,ROADSIDE LEFT,RAIN,SLUSH,DAYLIGHT,NON-INJURY ACCIDENT (PROPERTY- DAMAGE-ONLY ACCIDENT),LOST CONTROL,45.66337346,-110.7977304
C000090E,321+0.630,,GALLATIN,October,2013,15:30,SUN,NON-JUNCTION,MEDIAN,CLOUDY,SNOW,DAYLIGHT,NON-INJURY ACCIDENT (PROPERTY- DAMAGE-ONLY ACCIDENT),FIXED OBJECT,45.66341903,-110.7975267
C000090E,321+0.644,,GALLATIN,June,2014,16:00,SUN,NON-JUNCTION,ROADSIDE RIGHT,RAIN,WET,DAYLIGHT,NON-INJURY ACCIDENT (PROPERTY- DAMAGE-ONLY ACCIDENT),FIXED OBJECT,45.66341749,-110.7973274
C000090E,321+0.669,NOT IN CITY LIMITS,GALLATIN,FEBRUARY,2017,20:20,FRI,NON-JUNCTION,MEDIAN,CLOUDY,ICE/FROST,DARK-NOT LIGHTED,NON-INJURY ACCIDENT (PROPERTY- DAMAGE-ONLY ACCIDENT),ROLL OVER,45.6633033,-110.7968457
C000090E,321+0.706,,GALLATIN,March,2016,7:30,MON,NON-JUNCTION,ROADSIDE LEFT,SNOW,ICE/FROST,DAYLIGHT,NON-INCAPACITATING EVIDENT INJURY ACCIDENT,FIXED OBJECT,45.66323882,-110.7961506
C000090E,321+0.718,,GALLATIN,February,2014,11:40,THU,NON-JUNCTION,ROADSIDE RIGHT,SNOW,SLUSH,DAYLIGHT,NON-INJURY ACCIDENT (PROPERTY- DAMAGE-ONLY ACCIDENT),FIXED OBJECT,45.66315455,-110.7957906
C000090E,321+0.718,,GALLATIN,December,2014,18:45,SUN,NON-JUNCTION,ON ROADWAY,CLOUDY,ICE/FROST,DARK-NOT LIGHTED,NON-INJURY ACCIDENT (PROPERTY- DAMAGE-ONLY ACCIDENT),RIGHT ANGLE,45.66312395,-110.7958638
C000090W,277+0.549,,GALLATIN,January,2015,18:05,SUN,NON-JUNCTION,ON ROADWAY,SNOW,ICE/FROST,DARK-LIGHTED,NON-INJURY ACCIDENT (PROPERTY- DAMAGE-ONLY ACCIDENT),REAR-END,45.90873333,-111.5462067
C000090W,277+0.555,,GALLATIN,February,2015,16:50,THU,NON-JUNCTION,SHOULDER,CLEAR,DRY,DAYLIGHT,NON-INJURY ACCIDENT (PROPERTY- DAMAGE-ONLY ACCIDENT),FIXED OBJECT,45.90862898,-111.5460515
C000090W,277+0.773,,GALLATIN,March,2014,6:22,TUE,NON-JUNCTION,ROADSIDE LEFT,CLOUDY,ICE/FROST,DARK-NOT LIGHTED,INCAPACITATING INJURY ACCIDENT,ROLL OVER,45.90589833,-111.543825
C000090W,277+0.965,,GALLATIN,January,2016,9:40,THU,NON-JUNCTION,SHOULDER,SNOW,SNOW,DAYLIGHT,NON-INJURY ACCIDENT (PROPERTY- DAMAGE-ONLY ACCIDENT),FIXED OBJECT,45.90401647,-111.5408612
C000090W,278+0.000,,GALLATIN,December,2015,9:25,WED,NON-JUNCTION,SHOULDER,CLEAR,ICE/FROST,DAYLIGHT,POSSIBLE INJURY ACCIDENT,FIXED OBJECT,45.90355973,-111.5399261
C000090W,278+0.037,,GALLATIN,December,2015,14:20,WED,NON-JUNCTION,ON ROADWAY,SNOW,ICE/FROST,DAYLIGHT,NON-INJURY ACCIDENT (PROPERTY- DAMAGE-ONLY ACCIDENT),"SIDESWIPE, SAME DIRECTION",45.90329529,-111.539252
C000090W,278+0.125,,GALLATIN,October,2014,21:15,SAT,ENTRANCE/EXIT RAMP,ON ROADWAY,CLOUDY,DRY,DARK-NOT LIGHTED,NON-INCAPACITATING EVIDENT INJURY ACCIDENT,WILD ANIMAL,45.90261413,-111.53772
C000090W,278+0.293,,GALLATIN,November,2016,18:05,SAT,NON-JUNCTION,ON ROADWAY,CLEAR,DRY,DARK-LIGHTED,NON-INJURY ACCIDENT (PROPERTY- DAMAGE-ONLY ACCIDENT),WILD ANIMAL,45.90184,-111.5344283
C000090W,278+0.367,,GALLATIN,February,2016,19:15,FRI,NON-JUNCTION,ON ROADWAY,CLOUDY,DRY,DARK-NOT LIGHTED,NON-INJURY ACCIDENT (PROPERTY- DAMAGE-ONLY ACCIDENT),WILD ANIMAL,45.90135699,-111.5330071
C000090W,278+0.473,NOT IN CITY LIMITS,GALLATIN,JUNE,2017,7:35,MON,NON-JUNCTION,ON ROADWAY,CLEAR,DRY,DAYLIGHT,NON-INJURY ACCIDENT (PROPERTY- DAMAGE-ONLY ACCIDENT),WILD ANIMAL,45.90083633,-111.5309178
C000090W,278+0.564,,GALLATIN,July,2016,9:18,SAT,NON-JUNCTION,ON ROADWAY,CLEAR,DRY,DAYLIGHT,NON-INJURY ACCIDENT (PROPERTY- DAMAGE-ONLY ACCIDENT),FIXED OBJECT,45.90023523,-111.5291923
C000090W,278+0.803,THREE FORKS,GALLATIN,May,2015,11:55,TUE,NON-JUNCTION,ON ROADWAY,CLEAR,DRY,DAYLIGHT,NON-INJURY ACCIDENT (PROPERTY- DAMAGE-ONLY ACCIDENT),FIXED OBJECT,45.89902827,-111.5246674
C000090W,278+0.803,,GALLATIN,October,2016,6:49,TUE,NON-JUNCTION,ROADSIDE LEFT,BLOWING SNOW,ICE/FROST,DARK-NOT LIGHTED,NON-INCAPACITATING EVIDENT INJURY ACCIDENT,FIXED OBJECT,45.8990317,-111.5245582
C000090W,278+0.809,,GALLATIN,December,2015,12:45,FRI,NON-JUNCTION,ON ROADWAY,CLOUDY,ICE/FROST,DAYLIGHT,NON-INJURY ACCIDENT (PROPERTY- DAMAGE-ONLY ACCIDENT),REAR-END,45.89906582,-111.5244489
C000090W,278+0.821,,GALLATIN,January,2016,17:00,SAT,NON-JUNCTION,ROADSIDE RIGHT,SNOW,ICE/FROST,DUSK,NON-INJURY ACCIDENT (PROPERTY- DAMAGE-ONLY ACCIDENT),FIXED OBJECT,45.8989053,-111.5242372
C000090W,279+0.035,,GALLATIN,January,2016,19:30,TUE,NON-JUNCTION,ON ROADWAY,CLOUDY,DRY,DARK-NOT LIGHTED,NON-INJURY ACCIDENT (PROPERTY- DAMAGE-ONLY ACCIDENT),WILD ANIMAL,45.89826669,-111.5206444
C000090W,279+0.272,,GALLATIN,May,2015,22:30,SAT,NON-JUNCTION,ON ROADWAY,CLEAR,DRY,DARK-NOT LIGHTED,NON-INJURY ACCIDENT (PROPERTY- DAMAGE-ONLY ACCIDENT),WILD ANIMAL,45.89785327,-111.5158165
C000090W,279+0.427,,GALLATIN,May,2014,22:48,FRI,NON-JUNCTION,ON ROADWAY,CLEAR,DRY,DARK-NOT LIGHTED,NON-INJURY ACCIDENT (PROPERTY- DAMAGE-ONLY ACCIDENT),NOT FIXED OBJECT OR DEBRIS,45.89770706,-111.5125732
C000090W,279+0.464,,GALLATIN,August,2015,5:45,MON,NON-JUNCTION,ON ROADWAY,CLEAR,DRY,DAWN,NON-INJURY ACCIDENT (PROPERTY- DAMAGE-ONLY ACCIDENT),OTHER,45.89769714,-111.5118554
C000090W,279+0.477,,GALLATIN,November,2016,22:55,SAT,NON-JUNCTION,ON ROADWAY,CLEAR,DRY,DARK-NOT LIGHTED,NON-INJURY ACCIDENT (PROPERTY- DAMAGE-ONLY ACCIDENT),WILD ANIMAL,45.89780086,-111.5115404
C000090W,279+0.607,,GALLATIN,December,2014,4:00,WED,NON-JUNCTION,ROADSIDE RIGHT,SNOW,SNOW,DARK-NOT LIGHTED,NON-INJURY ACCIDENT (PROPERTY- DAMAGE-ONLY ACCIDENT),FIXED OBJECT,45.89769337,-111.5088187
C000090W,279+0.620,NOT IN CITY LIMITS,GALLATIN,AUGUST,2017,4:12,TUE,NON-JUNCTION,ROADSIDE LEFT,CLEAR,DRY,DARK-NOT LIGHTED,NON-INJURY ACCIDENT (PROPERTY- DAMAGE-ONLY ACCIDENT),FIXED OBJECT,45.89772543,-111.5085591
C000090W,279+0.788,,GALLATIN,January,2015,17:55,SUN,NON-JUNCTION,ON ROADWAY,CLOUDY,DRY,DARK-NOT LIGHTED,NON-INJURY ACCIDENT (PROPERTY- DAMAGE-ONLY ACCIDENT),NOT FIXED OBJECT OR DEBRIS,45.89741343,-111.5051435
C000090W,279+0.788,,GALLATIN,January,2015,17:55,SUN,NON-JUNCTION,ON ROADWAY,CLOUDY,DRY,DARK-NOT LIGHTED,NON-INJURY ACCIDENT (PROPERTY- DAMAGE-ONLY ACCIDENT),NOT FIXED OBJECT OR DEBRIS,45.89741255,-111.5051428
C000090W,279+0.788,,GALLATIN,January,2015,17:55,SUN,NON-JUNCTION,ON ROADWAY,CLOUDY,DRY,DARK-NOT LIGHTED,NON-INJURY ACCIDENT (PROPERTY- DAMAGE-ONLY ACCIDENT),NOT FIXED OBJECT OR DEBRIS,45.89740141,-111.5051071
C000090W,279+0.831,,GALLATIN,November,2016,19:28,MON,NON-JUNCTION,ON ROADWAY,CLEAR,DRY,DARK-NOT LIGHTED,NON-INJURY ACCIDENT (PROPERTY- DAMAGE-ONLY ACCIDENT),WILD ANIMAL,45.89730163,-111.5042181
C000090W,279+0.925,,GALLATIN,October,2014,16:40,SAT,NON-JUNCTION,ON ROADWAY,CLEAR,DRY,DAYLIGHT,NON-INJURY ACCIDENT (PROPERTY- DAMAGE-ONLY ACCIDENT),LOST CONTROL,45.89706214,-111.5023746