MDT_CORRIDOR_ID,SMS_REFPOST_OFFSET,CITY,COUNTY,Month,Year,SMS_TIME,SMT_CRASH_OCC_DAY_OF_WEEK,JUNCTION_RELATED,ROADWAY_RELATED,WEATHER_COND,ROAD_COND,LIGHT_COND,CRASH_SEVERITY,COLLISION_TYPE,LATITUDE,LONGITUDE
C000090W,280+0.587,,GALLATIN,March,2015,10:20,FRI,NON-JUNCTION,ON ROADWAY,CLEAR,DRY,DARK-LIGHTED,NON-INJURY ACCIDENT (PROPERTY- DAMAGE-ONLY ACCIDENT),WILD ANIMAL,45.89465004,-111.4881491
C000090W,280+0.643,,GALLATIN,July,2014,18:00,SAT,NON-JUNCTION,ON ROADWAY,CLEAR,DRY,DAYLIGHT,NON-INJURY ACCIDENT (PROPERTY- DAMAGE-ONLY ACCIDENT),NOT FIXED OBJECT OR DEBRIS,45.89440078,-111.4871219
C000090W,282+0.237,NOT IN CITY LIMITS,GALLATIN,JULY,2017,22:15,MON,NON-JUNCTION,ON ROADWAY,CLOUDY,DRY,DARK-NOT LIGHTED,NON-INJURY ACCIDENT (PROPERTY- DAMAGE-ONLY ACCIDENT),WILD ANIMAL,45.887265,-111.4559017
C000090W,282+0.361,,GALLATIN,December,2015,11:48,TUE,NON-JUNCTION,ON ROADWAY,CLEAR,ICE/FROST,DAYLIGHT,NON-INJURY ACCIDENT (PROPERTY- DAMAGE-ONLY ACCIDENT),"SIDESWIPE, SAME DIRECTION",45.885943,-111.4541026
C000090W,282+0.709,,GALLATIN,June,2016,4:00,MON,NON-JUNCTION,ON ROADWAY,CLEAR,DRY,DARK-NOT LIGHTED,NON-INJURY ACCIDENT (PROPERTY- DAMAGE-ONLY ACCIDENT),WILD ANIMAL,45.88304051,-111.4482289
C000090W,282+0.740,NOT IN CITY LIMITS,GALLATIN,NOVEMBER,2017,23:00,THU,NON-JUNCTION,ON ROADWAY,SLEET/HAIL/FREEZING RAIN/DRIZZLE,WET,DARK-NOT LIGHTED,NON-INJURY ACCIDENT (PROPERTY- DAMAGE-ONLY ACCIDENT),WILD ANIMAL,45.88293865,-111.4476388
C000090W,282+0.765,NOT IN CITY LIMITS,GALLATIN,APRIL,2017,0:45,SUN,NON-JUNCTION,ROADSIDE RIGHT,RAIN,WET,DARK-NOT LIGHTED,NON-INCAPACITATING EVIDENT INJURY ACCIDENT,ROLL OVER,45.882905,-111.4470917
C000090W,282+0.827,,GALLATIN,June,2015,20:25,SUN,NON-JUNCTION,ON ROADWAY,RAIN,WET,DUSK,NON-INJURY ACCIDENT (PROPERTY- DAMAGE-ONLY ACCIDENT),WILD ANIMAL,45.88245825,-111.4459973
C000090W,282+0.858,NOT IN CITY LIMITS,GALLATIN,JULY,2017,2:50,TUE,NON-JUNCTION,ROADSIDE RIGHT,CLOUDY,DRY,DARK-NOT LIGHTED,NON-INJURY ACCIDENT (PROPERTY- DAMAGE-ONLY ACCIDENT),FIXED OBJECT,45.8825531,-111.4452362
C000090W,282+0.927,,GALLATIN,December,2014,0:10,WED,NON-JUNCTION,ON ROADWAY,CLEAR,ICE/FROST,DARK-NOT LIGHTED,NON-INJURY ACCIDENT (PROPERTY- DAMAGE-ONLY ACCIDENT),WILD ANIMAL,45.88224,-111.44383
C000090W,282+0.927,,GALLATIN,May,2016,5:15,FRI,NON-JUNCTION,ON ROADWAY,CLEAR,DRY,DAYLIGHT,NON-INJURY ACCIDENT (PROPERTY- DAMAGE-ONLY ACCIDENT),WILD ANIMAL,45.88224,-111.44383
C000090W,283+0.127,,GALLATIN,July,2015,21:50,THU,NON-JUNCTION,ON ROADWAY,CLOUDY,DRY,DARK-NOT LIGHTED,NON-INCAPACITATING EVIDENT INJURY ACCIDENT,WILD ANIMAL,45.88208257,-111.4411752
C000090W,283+0.239,THREE FORKS,GALLATIN,JUNE,2017,20:58,SAT,NON-JUNCTION,ON ROADWAY,CLOUDY,DRY,DAYLIGHT,NON-INJURY ACCIDENT (PROPERTY- DAMAGE-ONLY ACCIDENT),WILD ANIMAL,45.8821475,-111.438825
C000090W,283+0.463,NOT IN CITY LIMITS,GALLATIN,DECEMBER,2017,11:10,FRI,NON-JUNCTION,ROADSIDE RIGHT,SNOW,SNOW,DAYLIGHT,NON-INJURY ACCIDENT (PROPERTY- DAMAGE-ONLY ACCIDENT),FIXED OBJECT,45.88199501,-111.4342701
C000090W,283+0.606,NOT IN CITY LIMITS,GALLATIN,JUNE,2017,5:15,WED,NON-JUNCTION,ON ROADWAY,CLEAR,DRY,DAWN,NON-INJURY ACCIDENT (PROPERTY- DAMAGE-ONLY ACCIDENT),WILD ANIMAL,45.88204158,-111.4312646
C000090W,283+0.687,,GALLATIN,July,2015,3:46,SAT,NON-JUNCTION,ON ROADWAY,CLOUDY,DRY,DARK-NOT LIGHTED,NON-INJURY ACCIDENT (PROPERTY- DAMAGE-ONLY ACCIDENT),WILD ANIMAL,45.88194938,-111.4296459
C000090W,283+0.749,NOT IN CITY LIMITS,GALLATIN,JANUARY,2017,0:00,TUE,NON-JUNCTION,ROADSIDE RIGHT,SNOW,ICE/FROST,DAYLIGHT,NON-INJURY ACCIDENT (PROPERTY- DAMAGE-ONLY ACCIDENT),FIXED OBJECT,45.88180332,-111.4282716
C000090W,283+0.843,,GALLATIN,January,2015,13:25,FRI,NON-JUNCTION,ON ROADWAY,CLOUDY,DRY,DAYLIGHT,NON-INJURY ACCIDENT (PROPERTY- DAMAGE-ONLY ACCIDENT),WILD ANIMAL,45.8814907,-111.4264271
C000090W,283+0.861,,GALLATIN,February,2014,10:00,FRI,NON-JUNCTION,ROADSIDE RIGHT,SNOW,ICE/FROST,DAYLIGHT,INCAPACITATING INJURY ACCIDENT,ROLL OVER,45.881415,-111.4260383
C000090W,283+0.936,,GALLATIN,December,2016,12:50,THU,NON-JUNCTION,ROADSIDE RIGHT,SNOW,ICE/FROST,DAYLIGHT,NON-INJURY ACCIDENT (PROPERTY- DAMAGE-ONLY ACCIDENT),ROLL OVER,45.88111917,-111.4246035
C000090W,284+0.350,,GALLATIN,July,2016,9:10,SUN,NON-JUNCTION,ROADSIDE RIGHT,CLEAR,DRY,DAYLIGHT,NON-INJURY ACCIDENT (PROPERTY- DAMAGE-ONLY ACCIDENT),FIXED OBJECT,45.87910134,-111.4160848
C000090W,284+0.593,,GALLATIN,November,2014,9:30,WED,NON-JUNCTION,ROADSIDE RIGHT,CLOUDY,SNOW,DAYLIGHT,NON-INJURY ACCIDENT (PROPERTY- DAMAGE-ONLY ACCIDENT),FIXED OBJECT,45.87785543,-111.4112929
C000090W,284+0.668,NOT IN CITY LIMITS,GALLATIN,DECEMBER,2017,9:45,MON,NON-JUNCTION,MEDIAN,CLOUDY,ICE/FROST,DAYLIGHT,NON-INJURY ACCIDENT (PROPERTY- DAMAGE-ONLY ACCIDENT),FIXED OBJECT,45.87765659,-111.4098793
C000090W,284+0.736,,GALLATIN,June,2014,19:10,FRI,NON-JUNCTION,SHOULDER,CLEAR,DRY,DAYLIGHT,NON-INJURY ACCIDENT (PROPERTY- DAMAGE-ONLY ACCIDENT),FIXED OBJECT,45.87723492,-111.4084898
C000090W,284+1.003,,GALLATIN,December,2015,10:09,MON,NON-JUNCTION,ON ROADWAY,BLOWING SNOW,ICE/FROST,DAYLIGHT,NON-INCAPACITATING EVIDENT INJURY ACCIDENT,REAR-END,45.87597,-111.40329
C000090W,285+0.335,NOT IN CITY LIMITS,GALLATIN,JUNE,2017,14:00,TUE,NON-JUNCTION,ON ROADWAY,CLOUDY,WET,DAYLIGHT,NON-INJURY ACCIDENT (PROPERTY- DAMAGE-ONLY ACCIDENT),REAR-END,45.87444107,-111.3966966
C000090W,285+0.385,,GALLATIN,December,2015,15:19,MON,NON-JUNCTION,ON ROADWAY,CLOUDY,ICE/FROST,DAYLIGHT,POSSIBLE INJURY ACCIDENT,JACKKNIFE,45.87421099,-111.3956768
C000090W,285+0.391,,GALLATIN,August,2016,18:00,FRI,NON-JUNCTION,ON ROADWAY,CLEAR,DRY,DAYLIGHT,NON-INJURY ACCIDENT (PROPERTY- DAMAGE-ONLY ACCIDENT),FIRE/ EXPLOSION,45.87416371,-111.3956462
C000090W,285+0.447,,GALLATIN,August,2016,15:17,FRI,NON-JUNCTION,ON ROADWAY,CLOUDY,DRY,DAYLIGHT,NON-INCAPACITATING EVIDENT INJURY ACCIDENT,OTHER,45.8738867,-111.394575
C000090W,285+0.460,,GALLATIN,July,2014,6:30,MON,NON-JUNCTION,ON ROADWAY,CLOUDY,DRY,DAWN,NON-INJURY ACCIDENT (PROPERTY- DAMAGE-ONLY ACCIDENT),WILD ANIMAL,45.87387323,-111.3941772
C000090W,285+0.715,NOT IN CITY LIMITS,GALLATIN,JULY,2017,0:30,SAT,NON-JUNCTION,ROADSIDE RIGHT,CLOUDY,WET,DARK-NOT LIGHTED,NON-INJURY ACCIDENT (PROPERTY- DAMAGE-ONLY ACCIDENT),FIXED OBJECT,45.87266957,-111.3892472
C000090W,285+0.745,,GALLATIN,December,2015,5:30,SUN,NON-JUNCTION,ON ROADWAY,CLEAR,DRY,DARK-NOT LIGHTED,NON-INJURY ACCIDENT (PROPERTY- DAMAGE-ONLY ACCIDENT),WILD ANIMAL,45.87257475,-111.3886172
C000090W,285+0.814,NOT IN CITY LIMITS,GALLATIN,JULY,2017,0:15,SUN,NON-JUNCTION,ON ROADWAY,CLEAR,DRY,DARK-NOT LIGHTED,NON-INJURY ACCIDENT (PROPERTY- DAMAGE-ONLY ACCIDENT),WILD ANIMAL,45.87226039,-111.3873225
C000090W,286+0.048,NOT IN CITY LIMITS,GALLATIN,APRIL,2017,11:45,TUE,NON-JUNCTION,ROADSIDE RIGHT,SLEET/HAIL/FREEZING RAIN/DRIZZLE,SLUSH,DAYLIGHT,INCAPACITATING INJURY ACCIDENT,ROLL OVER,45.87084333,-111.3828656
C000090W,286+0.358,,GALLATIN,June,2016,21:50,SAT,NON-JUNCTION,ON ROADWAY,CLEAR,DRY,DUSK,NON-INJURY ACCIDENT (PROPERTY- DAMAGE-ONLY ACCIDENT),WILD ANIMAL,45.86859925,-111.3771976
C000090W,286+0.563,,GALLATIN,August,2016,9:40,MON,NON-JUNCTION,ON ROADWAY,CLEAR,DRY,DAYLIGHT,NON-INJURY ACCIDENT (PROPERTY- DAMAGE-ONLY ACCIDENT),WILD ANIMAL,45.86732479,-111.3734743
C000090W,286+0.589,NOT IN CITY LIMITS,GALLATIN,MARCH,2017,15:12,SAT,NON-JUNCTION,ON ROADWAY,CLOUDY,DRY,DAYLIGHT,NON-INCAPACITATING EVIDENT INJURY ACCIDENT,NOT FIXED OBJECT OR DEBRIS,45.86705976,-111.3729551
C000090W,286+0.595,,GALLATIN,January,2016,21:30,FRI,NON-JUNCTION,ON ROADWAY,CLEAR,DRY,DARK-NOT LIGHTED,NON-INJURY ACCIDENT (PROPERTY- DAMAGE-ONLY ACCIDENT),WILD ANIMAL,45.86706711,-111.3729106
C000090W,286+0.682,,GALLATIN,June,2015,16:51,SAT,NON-JUNCTION,ON ROADWAY,CLEAR,DRY,DAYLIGHT,NON-INJURY ACCIDENT (PROPERTY- DAMAGE-ONLY ACCIDENT),NOT FIXED OBJECT OR DEBRIS,45.86650667,-111.37133
C000090W,287+0.002,,GALLATIN,July,2015,9:40,MON,NON-JUNCTION,ON ROADWAY,CLOUDY,DRY,DAYLIGHT,NON-INJURY ACCIDENT (PROPERTY- DAMAGE-ONLY ACCIDENT),WILD ANIMAL,45.8643,-111.36555
C000090W,287+0.002,,GALLATIN,December,2015,13:15,MON,NON-JUNCTION,ROADSIDE RIGHT,SNOW,ICE/FROST,DAYLIGHT,NON-INJURY ACCIDENT (PROPERTY- DAMAGE-ONLY ACCIDENT),JACKKNIFE,45.8643,-111.36555
C000090W,287+0.052,,GALLATIN,December,2015,13:18,MON,NON-JUNCTION,ROADSIDE RIGHT,SNOW,ICE/FROST,DAYLIGHT,NON-INJURY ACCIDENT (PROPERTY- DAMAGE-ONLY ACCIDENT),JACKKNIFE,45.863945,-111.3645717
C000090W,287+0.083,,GALLATIN,June,2015,13:55,THU,NON-JUNCTION,ON ROADWAY,CLEAR,DRY,DAYLIGHT,INCAPACITATING INJURY ACCIDENT,WILD ANIMAL,45.86368034,-111.3641259
C000090W,287+0.095,,GALLATIN,December,2015,17:45,TUE,NON-JUNCTION,ON ROADWAY,CLOUDY,DRY,DARK-NOT LIGHTED,NON-INCAPACITATING EVIDENT INJURY ACCIDENT,REAR-END,45.86366158,-111.3637482
C000090W,287+0.269,NOT IN CITY LIMITS,GALLATIN,APRIL,2017,23:45,FRI,NON-JUNCTION,ON ROADWAY,BLOWING SNOW,SLUSH,DARK-NOT LIGHTED,NON-INJURY ACCIDENT (PROPERTY- DAMAGE-ONLY ACCIDENT),"SIDESWIPE, SAME DIRECTION",45.86247772,-111.3605712
C000090W,287+0.886,,GALLATIN,July,2015,8:05,WED,NON-JUNCTION,ON ROADWAY,CLEAR,DRY,DAYLIGHT,NON-INCAPACITATING EVIDENT INJURY ACCIDENT,ROLL OVER,45.85767671,-111.3499208
C000090W,287+0.985,,GALLATIN,August,2015,12:10,THU,NON-JUNCTION,ROADSIDE RIGHT,CLOUDY,DRY,DAYLIGHT,NON-INCAPACITATING EVIDENT INJURY ACCIDENT,ROLL OVER,45.85660259,-111.3485715
C000090W,288+0.002,,GALLATIN,September,2015,14:57,SUN,NON-JUNCTION,ON ROADWAY,CLOUDY,DRY,DAYLIGHT,NON-INJURY ACCIDENT (PROPERTY- DAMAGE-ONLY ACCIDENT),OTHER,45.85631,-111.34833
C000090W,288+0.002,NOT IN CITY LIMITS,GALLATIN,DECEMBER,2017,11:28,THU,NON-JUNCTION,ROADSIDE RIGHT,"FOG, SMOG, SMOKE",ICE/FROST,DAYLIGHT,NON-INJURY ACCIDENT (PROPERTY- DAMAGE-ONLY ACCIDENT),FIXED OBJECT,45.85631,-111.34833
C000090W,288+0.305,,GALLATIN,March,2015,16:40,FRI,NON-JUNCTION,ROADSIDE RIGHT,CLEAR,DRY,DAYLIGHT,INCAPACITATING INJURY ACCIDENT,ROLL OVER,45.85285054,-111.344513
C000090W,288+0.312,NOT IN CITY LIMITS,GALLATIN,JANUARY,2017,5:30,WED,NON-JUNCTION,ROADSIDE RIGHT,BLOWING SNOW,SNOW,DARK-NOT LIGHTED,NON-INCAPACITATING EVIDENT INJURY ACCIDENT,ROLL OVER,45.85273878,-111.3443485
C000090W,288+0.430,,GALLATIN,June,2014,11:01,WED,NON-JUNCTION,MEDIAN,CLOUDY,DRY,DAYLIGHT,NON-INCAPACITATING EVIDENT INJURY ACCIDENT,ROLL OVER,45.85154,-111.3427
C000090W,288+0.548,,GALLATIN,August,2015,21:50,SAT,NON-JUNCTION,ON ROADWAY,CLEAR,DRY,DARK-NOT LIGHTED,NON-INJURY ACCIDENT (PROPERTY- DAMAGE-ONLY ACCIDENT),WILD ANIMAL,45.85066835,-111.3405416
C000090W,288+0.728,,GALLATIN,June,2015,2:25,TUE,NON-JUNCTION,ROADSIDE LEFT,CLOUDY,DRY,DARK-LIGHTED,NON-INJURY ACCIDENT (PROPERTY- DAMAGE-ONLY ACCIDENT),FIXED OBJECT,45.84962,-111.3371
C000090W,288+0.859,,GALLATIN,October,2015,17:35,SUN,ENTRANCE/EXIT RAMP,GORE,CLEAR,DRY,DAYLIGHT,NON-INJURY ACCIDENT (PROPERTY- DAMAGE-ONLY ACCIDENT),"SIDESWIPE, SAME DIRECTION",45.84919667,-111.3344817
C000090W,288+0.903,NOT IN CITY LIMITS,GALLATIN,JUNE,2017,13:00,MON,NON-JUNCTION,ON ROADWAY,CLOUDY,DRY,DAYLIGHT,NON-INJURY ACCIDENT (PROPERTY- DAMAGE-ONLY ACCIDENT),NOT FIXED OBJECT OR DEBRIS,45.84909962,-111.3336134
C000090W,289+0.000,,GALLATIN,May,2016,5:30,WED,NON-JUNCTION,ROADSIDE LEFT,CLOUDY,ICE/FROST,DAYLIGHT,NON-INJURY ACCIDENT (PROPERTY- DAMAGE-ONLY ACCIDENT),FIXED OBJECT,45.84885,-111.33196
C000090W,289+0.261,,GALLATIN,April,2015,0:35,TUE,NON-JUNCTION,MEDIAN,CLOUDY,ICE/FROST,DARK-NOT LIGHTED,NON-INJURY ACCIDENT (PROPERTY- DAMAGE-ONLY ACCIDENT),ROLL OVER,45.84812,-111.3267317
C000090W,289+0.739,,GALLATIN,June,2014,2:56,SUN,NON-JUNCTION,ON ROADWAY,CLOUDY,DRY,DARK-NOT LIGHTED,NON-INCAPACITATING EVIDENT INJURY ACCIDENT,WILD ANIMAL,45.84679282,-111.3170106
C000090W,289+0.888,NOT IN CITY LIMITS,GALLATIN,MARCH,2017,11:50,SUN,NON-JUNCTION,ON ROADWAY,CLOUDY,DRY,DAYLIGHT,NON-INJURY ACCIDENT (PROPERTY- DAMAGE-ONLY ACCIDENT),NOT FIXED OBJECT OR DEBRIS,45.84601974,-111.3141403
C000090W,290+0.271,,GALLATIN,November,2016,21:15,MON,NON-JUNCTION,ON ROADWAY,CLEAR,DRY,DARK-NOT LIGHTED,NON-INJURY ACCIDENT (PROPERTY- DAMAGE-ONLY ACCIDENT),WILD ANIMAL,45.84271511,-111.3072787
C000090W,291+0.001,,GALLATIN,May,2016,5:45,WED,NON-JUNCTION,ON ROADWAY,"FOG, SMOG, SMOKE",ICE/FROST,DARK-NOT LIGHTED,NON-INJURY ACCIDENT (PROPERTY- DAMAGE-ONLY ACCIDENT),WILD ANIMAL,45.83633,-111.29537
C000090W,291+0.106,NOT IN CITY LIMITS,GALLATIN,NOVEMBER,2017,4:40,MON,NON-JUNCTION,ON ROADWAY,CLOUDY,DRY,DARK-NOT LIGHTED,NON-INJURY ACCIDENT (PROPERTY- DAMAGE-ONLY ACCIDENT),WILD ANIMAL,45.83539303,-111.293588
C000090W,291+0.230,NOT IN CITY LIMITS,GALLATIN,AUGUST,2017,0:10,MON,NON-JUNCTION,ROADSIDE RIGHT,CLOUDY,DRY,DARK-NOT LIGHTED,NON-INJURY ACCIDENT (PROPERTY- DAMAGE-ONLY ACCIDENT),FIXED OBJECT,45.8343785,-111.2915599
C000090W,291+0.349,,GALLATIN,August,2015,12:25,SAT,NON-JUNCTION,ON ROADWAY,CLOUDY,DRY,DAYLIGHT,NON-INJURY ACCIDENT (PROPERTY- DAMAGE-ONLY ACCIDENT),REAR-END,45.83329667,-111.2896
C000090W,291+0.355,,GALLATIN,August,2015,11:47,SAT,NON-JUNCTION,ROADSIDE LEFT,CLOUDY,DRY,DAYLIGHT,NON-INCAPACITATING EVIDENT INJURY ACCIDENT,ROLL OVER,45.83325333,-111.289535
C000090W,291+0.423,NOT IN CITY LIMITS,GALLATIN,JUNE,2017,18:45,WED,NON-JUNCTION,ON ROADWAY,CLEAR,DRY,DAYLIGHT,NON-INJURY ACCIDENT (PROPERTY- DAMAGE-ONLY ACCIDENT),NOT FIXED OBJECT OR DEBRIS,45.83262886,-111.2883916
C000090W,291+0.504,BOZEMAN,GALLATIN,JULY,2017,22:00,FRI,NON-JUNCTION,ON ROADWAY,CLOUDY,DRY,DARK-NOT LIGHTED,NON-INJURY ACCIDENT (PROPERTY- DAMAGE-ONLY ACCIDENT),WILD ANIMAL,45.83194127,-111.2871209
C000090W,291+0.616,NOT IN CITY LIMITS,GALLATIN,AUGUST,2017,8:55,SUN,NON-JUNCTION,ROADSIDE RIGHT,CLEAR,DRY,DAYLIGHT,INCAPACITATING INJURY ACCIDENT,ROLL OVER,45.83085167,-111.2852833
C000090W,291+0.958,,GALLATIN,June,2015,21:20,FRI,NON-JUNCTION,ON ROADWAY,CLOUDY,DRY,DAYLIGHT,NON-INJURY ACCIDENT (PROPERTY- DAMAGE-ONLY ACCIDENT),WILD ANIMAL,45.82788502,-111.279689
C000090W,292+0.162,NOT IN CITY LIMITS,GALLATIN,JULY,2017,7:50,SAT,NON-JUNCTION,ON ROADWAY,CLEAR,DRY,DAYLIGHT,NON-INJURY ACCIDENT (PROPERTY- DAMAGE-ONLY ACCIDENT),"SIDESWIPE, SAME DIRECTION",45.82620531,-111.2762254
C000090W,292+0.349,,GALLATIN,January,2014,14:37,WED,NON-JUNCTION,ROADSIDE RIGHT,SNOW,ICE/FROST,DAYLIGHT,NON-INJURY ACCIDENT (PROPERTY- DAMAGE-ONLY ACCIDENT),FIXED OBJECT,45.82452,-111.2731817
C000090W,292+0.361,NOT IN CITY LIMITS,GALLATIN,NOVEMBER,2017,15:40,SAT,NON-JUNCTION,ROADSIDE LEFT,CLEAR,ICE/FROST,DAYLIGHT,NON-INJURY ACCIDENT (PROPERTY- DAMAGE-ONLY ACCIDENT),FIXED OBJECT,45.82435957,-111.2730779
C000090W,292+0.380,,GALLATIN,June,2014,14:13,FRI,NON-JUNCTION,SHOULDER,SLEET/HAIL/FREEZING RAIN/DRIZZLE,SLUSH,DAYLIGHT,NON-INJURY ACCIDENT (PROPERTY- DAMAGE-ONLY ACCIDENT),FIXED OBJECT,45.82417963,-111.2726471
C000090W,292+0.448,,GALLATIN,April,2015,14:05,THU,NON-JUNCTION,SHOULDER,CLOUDY,DRY,DAYLIGHT,NON-INJURY ACCIDENT (PROPERTY- DAMAGE-ONLY ACCIDENT),FIXED OBJECT,45.823655,-111.2715233
C000090W,292+0.622,NOT IN CITY LIMITS,GALLATIN,NOVEMBER,2017,20:30,TUE,NON-JUNCTION,ON ROADWAY,CLOUDY,DRY,DARK-NOT LIGHTED,NON-INJURY ACCIDENT (PROPERTY- DAMAGE-ONLY ACCIDENT),WILD ANIMAL,45.82214179,-111.2685981
C000090W,292+0.709,,GALLATIN,August,2015,1:00,SAT,NON-JUNCTION,ON ROADWAY,CLEAR,DRY,DAYLIGHT,NON-INJURY ACCIDENT (PROPERTY- DAMAGE-ONLY ACCIDENT),WILD ANIMAL,45.82139619,-111.2671172
C000090W,292+0.796,,GALLATIN,November,2014,9:01,SAT,NON-JUNCTION,ON ROADWAY,CLOUDY,DRY,DAYLIGHT,NON-INJURY ACCIDENT (PROPERTY- DAMAGE-ONLY ACCIDENT),"SIDESWIPE, SAME DIRECTION",45.820685,-111.2657133
C000090W,292+0.958,,GALLATIN,January,2014,13:50,SAT,NON-JUNCTION,SHOULDER,SEVERE CROSSWINDS,DRY,DAYLIGHT,NON-INJURY ACCIDENT (PROPERTY- DAMAGE-ONLY ACCIDENT),ROLL OVER,45.81928833,-111.2630367
C000090W,292+0.958,,GALLATIN,June,2016,18:10,WED,NON-JUNCTION,ON ROADWAY,CLOUDY,DRY,DAYLIGHT,NON-INJURY ACCIDENT (PROPERTY- DAMAGE-ONLY ACCIDENT),FIRE/ EXPLOSION,45.81927702,-111.2630128
C000090W,293+0.079,NOT IN CITY LIMITS,GALLATIN,NOVEMBER,2017,22:38,TUE,NON-JUNCTION,ON ROADWAY,CLEAR,DRY,DARK-NOT LIGHTED,NON-INJURY ACCIDENT (PROPERTY- DAMAGE-ONLY ACCIDENT),WILD ANIMAL,45.8182323,-111.2609879
C000090W,293+0.614,NOT IN CITY LIMITS,GALLATIN,FEBRUARY,2017,1:54,SAT,NON-JUNCTION,ROADSIDE RIGHT,CLEAR,DRY,DARK-NOT LIGHTED,NON-INCAPACITATING EVIDENT INJURY ACCIDENT,ROLL OVER,45.81350662,-111.2521001
C000090W,293+0.857,NOT IN CITY LIMITS,GALLATIN,MARCH,2017,18:40,FRI,NON-JUNCTION,ROADSIDE RIGHT,CLEAR,DRY,DUSK,POSSIBLE INJURY ACCIDENT,ROLL OVER,45.811575,-111.24793
C000090W,293+0.981,NOT IN CITY LIMITS,GALLATIN,OCTOBER,2017,5:15,THU,NON-JUNCTION,ON ROADWAY,"FOG, SMOG, SMOKE",DRY,DARK-NOT LIGHTED,NON-INJURY ACCIDENT (PROPERTY- DAMAGE-ONLY ACCIDENT),WILD ANIMAL,45.81052611,-111.2459196
C000090W,294+0.002,,GALLATIN,July,2014,19:10,MON,NON-JUNCTION,ON ROADWAY,CLOUDY,DRY,DAYLIGHT,NON-INJURY ACCIDENT (PROPERTY- DAMAGE-ONLY ACCIDENT),WILD ANIMAL,45.81034,-111.24566
C000090W,294+0.002,,GALLATIN,January,2016,18:40,SUN,NON-JUNCTION,ON ROADWAY,CLOUDY,DRY,DARK-NOT LIGHTED,NON-INJURY ACCIDENT (PROPERTY- DAMAGE-ONLY ACCIDENT),RIGHT ANGLE,45.81034,-111.24566
C000090W,294+0.109,BELGRADE,GALLATIN,March,2015,2:00,SUN,NON-JUNCTION,MEDIAN,CLEAR,DRY,DARK-NOT LIGHTED,NON-INJURY ACCIDENT (PROPERTY- DAMAGE-ONLY ACCIDENT),FIXED OBJECT,45.80936152,-111.2438442
C000090W,294+0.190,,GALLATIN,September,2015,11:47,MON,NON-JUNCTION,MEDIAN,CLEAR,DRY,DAYLIGHT,NON-INCAPACITATING EVIDENT INJURY ACCIDENT,ROLL OVER,45.80863403,-111.2425495
C000090W,294+0.307,,GALLATIN,November,2014,20:05,SAT,NON-JUNCTION,ON ROADWAY,CLEAR,DRY,DARK-NOT LIGHTED,NON-INCAPACITATING EVIDENT INJURY ACCIDENT,REAR-END,45.80770181,-111.2405452
C000090W,294+0.388,,GALLATIN,August,2016,21:55,WED,NON-JUNCTION,MEDIAN,CLEAR,DRY,DARK-NOT LIGHTED,FATAL ACCIDENT,ROLL OVER,45.80703766,-111.239186
C000090W,294+0.668,,GALLATIN,July,2016,12:40,SUN,NON-JUNCTION,ON ROADWAY,CLOUDY,DRY,DAYLIGHT,NON-INJURY ACCIDENT (PROPERTY- DAMAGE-ONLY ACCIDENT),OTHER,45.80461465,-111.2344892
C000090W,295+0.113,NOT IN CITY LIMITS,GALLATIN,JANUARY,2017,16:00,TUE,NON-JUNCTION,MEDIAN,SNOW,ICE/FROST,DAYLIGHT,NON-INJURY ACCIDENT (PROPERTY- DAMAGE-ONLY ACCIDENT),ROLL OVER,45.80076498,-111.2271072
C000090W,295+0.511,,GALLATIN,March,2016,17:30,FRI,NON-JUNCTION,ON ROADWAY,CLOUDY,DRY,DAYLIGHT,POSSIBLE INJURY ACCIDENT,REAR-END,45.79740167,-111.2204417
C000090W,295+0.754,NOT IN CITY LIMITS,GALLATIN,JULY,2017,19:02,WED,NON-JUNCTION,ON ROADWAY,CLEAR,DRY,DAYLIGHT,NON-INCAPACITATING EVIDENT INJURY ACCIDENT,REAR-END,45.79529591,-111.2163641
C000090W,296+0.000,,GALLATIN,July,2014,22:00,SUN,NON-JUNCTION,ON ROADWAY,CLEAR,DRY,DARK-NOT LIGHTED,NON-INJURY ACCIDENT (PROPERTY- DAMAGE-ONLY ACCIDENT),WILD ANIMAL,45.79312,-111.2123
C000090W,296+0.000,NOT IN CITY LIMITS,GALLATIN,SEPTEMBER,2017,6:25,FRI,NON-JUNCTION,ON ROADWAY,CLOUDY,DRY,DARK-NOT LIGHTED,NON-INJURY ACCIDENT (PROPERTY- DAMAGE-ONLY ACCIDENT),WILD ANIMAL,45.79312,-111.2123
C000090W,296+0.367,,GALLATIN,September,2016,11:37,FRI,NON-JUNCTION,ON ROADWAY,CLOUDY,DRY,DAYLIGHT,NON-INCAPACITATING EVIDENT INJURY ACCIDENT,REAR-END,45.78987663,-111.2062367
C000090W,296+0.460,,GALLATIN,October,2016,2:05,FRI,NON-JUNCTION,SHOULDER,CLOUDY,DRY,DARK-NOT LIGHTED,POSSIBLE INJURY ACCIDENT,REAR-END,45.78896123,-111.2048571
C000090W,296+0.473,NOT IN CITY LIMITS,GALLATIN,FEBRUARY,2017,1:05,THU,NON-JUNCTION,MEDIAN,CLEAR,ICE/FROST,DARK-NOT LIGHTED,NON-INJURY ACCIDENT (PROPERTY- DAMAGE-ONLY ACCIDENT),NOT FIXED OBJECT OR DEBRIS,45.788795,-111.204795
C000090W,296+0.522,,GALLATIN,December,2016,17:45,WED,NON-JUNCTION,ON ROADWAY,CLEAR,DRY,DARK-NOT LIGHTED,NON-INJURY ACCIDENT (PROPERTY- DAMAGE-ONLY ACCIDENT),NOT FIXED OBJECT OR DEBRIS,45.78824496,-111.2040473