MDT_CORRIDOR_ID,SMS_REFPOST_OFFSET,CITY,COUNTY,Month,Year,SMS_TIME,SMT_CRASH_OCC_DAY_OF_WEEK,JUNCTION_RELATED,ROADWAY_RELATED,WEATHER_COND,ROAD_COND,LIGHT_COND,CRASH_SEVERITY,COLLISION_TYPE,LATITUDE,LONGITUDE
C000090W,296+0.522,,GALLATIN,December,2016,17:45,WED,NON-JUNCTION,ON ROADWAY,CLEAR,DRY,DARK-NOT LIGHTED,NON-INJURY ACCIDENT (PROPERTY- DAMAGE-ONLY ACCIDENT),REAR-END,45.78825182,-111.204029
C000090W,296+0.784,,GALLATIN,April,2016,12:22,FRI,NON-JUNCTION,MEDIAN,SLEET/HAIL/FREEZING RAIN/DRIZZLE,WET,DAYLIGHT,NON-INCAPACITATING EVIDENT INJURY ACCIDENT,ROLL OVER,45.78492618,-111.2016249
C000090W,297+0.072,,GALLATIN,March,2016,0:24,SAT,NON-JUNCTION,MEDIAN,CLEAR,DRY,DARK-NOT LIGHTED,FATAL ACCIDENT,ROLL OVER,45.78080333,-111.2002083
C000090W,297+0.110,,GALLATIN,December,2016,18:00,FRI,NON-JUNCTION,MEDIAN,CLEAR,ICE/FROST,DARK-NOT LIGHTED,POSSIBLE INJURY ACCIDENT,ROLL OVER,45.78023978,-111.2002382
C000090W,297+0.277,NOT IN CITY LIMITS,GALLATIN,OCTOBER,2017,15:20,FRI,NON-JUNCTION,ON ROADWAY,CLOUDY,DRY,DAYLIGHT,NON-INJURY ACCIDENT (PROPERTY- DAMAGE-ONLY ACCIDENT),NOT FIXED OBJECT OR DEBRIS,45.77795637,-111.1992567
C000090W,297+0.327,,GALLATIN,June,2015,18:50,MON,NON-JUNCTION,ON ROADWAY,CLOUDY,DRY,DAYLIGHT,NON-INJURY ACCIDENT (PROPERTY- DAMAGE-ONLY ACCIDENT),NOT FIXED OBJECT OR DEBRIS,45.77725667,-111.199145
C000090W,297+0.842,NOT IN CITY LIMITS,GALLATIN,APRIL,2017,8:55,SAT,NON-JUNCTION,ROADSIDE RIGHT,CLEAR,SLUSH,DAYLIGHT,NON-INCAPACITATING EVIDENT INJURY ACCIDENT,ROLL OVER,45.77136419,-111.1928395
C000090W,297+0.874,,GALLATIN,October,2014,6:40,FRI,NON-JUNCTION,SHOULDER,CLEAR,DRY,DAYLIGHT,NON-INCAPACITATING EVIDENT INJURY ACCIDENT,ROLL OVER,45.77109545,-111.1922968
C000090W,298+0.003,,GALLATIN,August,2015,17:10,MON,INTERSECTION-RELATED,ON ROADWAY,CLEAR,DRY,DAYLIGHT,NON-INJURY ACCIDENT (PROPERTY- DAMAGE-ONLY ACCIDENT),REAR-END,45.77018,-111.19015
C000090W,298+0.246,,GALLATIN,March,2016,9:40,THU,NON-JUNCTION,ROADSIDE LEFT,CLEAR,DRY,DAYLIGHT,NON-INJURY ACCIDENT (PROPERTY- DAMAGE-ONLY ACCIDENT),FIXED OBJECT,45.76855456,-111.1856784
C000090W,298+0.264,BELGRADE,GALLATIN,September,2016,20:45,SAT,NON-JUNCTION,ON ROADWAY,CLEAR,WET,DARK-LIGHTED,NON-INJURY ACCIDENT (PROPERTY- DAMAGE-ONLY ACCIDENT),FIXED OBJECT,45.76846595,-111.1853126
C000090W,298+0.264,BELGRADE,GALLATIN,December,2016,13:25,FRI,INTERSECTION-RELATED,ON ROADWAY,CLEAR,DRY,DAYLIGHT,NON-INJURY ACCIDENT (PROPERTY- DAMAGE-ONLY ACCIDENT),REAR-END,45.76846195,-111.1852755
C000090W,298+0.277,BELGRADE,GALLATIN,May,2016,17:39,TUE,INTERSECTION-RELATED,ON ROADWAY,CLOUDY,DRY,DAYLIGHT,NON-INJURY ACCIDENT (PROPERTY- DAMAGE-ONLY ACCIDENT),REAR-END,45.7683497,-111.1850841
C000090W,298+0.277,BELGRADE,GALLATIN,March,2016,12:45,MON,NON-JUNCTION,ON ROADWAY,CLEAR,DRY,DAYLIGHT,NON-INJURY ACCIDENT (PROPERTY- DAMAGE-ONLY ACCIDENT),NOT FIXED OBJECT OR DEBRIS,45.76840833,-111.1850716
C000090W,298+0.277,BELGRADE,GALLATIN,APRIL,2017,18:00,WED,INTERSECTION,ON ROADWAY,CLEAR,DRY,DAYLIGHT,NON-INJURY ACCIDENT (PROPERTY- DAMAGE-ONLY ACCIDENT),REAR-END,45.76844765,-111.1850585
C000090W,298+0.544,,GALLATIN,August,2016,21:59,WED,NON-JUNCTION,ON ROADWAY,CLEAR,DRY,DARK-NOT LIGHTED,POSSIBLE INJURY ACCIDENT,REAR-END,45.76666603,-111.1801186
C000090W,298+0.594,,GALLATIN,December,2015,15:35,MON,NON-JUNCTION,SHOULDER,SNOW,ICE/FROST,DAYLIGHT,NON-INJURY ACCIDENT (PROPERTY- DAMAGE-ONLY ACCIDENT),FIXED OBJECT,45.7663761,-111.1791869
C000090W,298+0.631,NOT IN CITY LIMITS,GALLATIN,MARCH,2017,21:45,THU,NON-JUNCTION,ROADSIDE RIGHT,CLOUDY,ICE/FROST,DARK-NOT LIGHTED,NON-INJURY ACCIDENT (PROPERTY- DAMAGE-ONLY ACCIDENT),FIXED OBJECT,45.76611501,-111.178455
C000090W,298+0.637,,GALLATIN,November,2016,16:10,TUE,ENTRANCE/EXIT RAMP,ON ROADWAY,CLOUDY,DRY,DAYLIGHT,NON-INJURY ACCIDENT (PROPERTY- DAMAGE-ONLY ACCIDENT),REAR-END,45.76612129,-111.1783978
C000090W,298+0.718,NOT IN CITY LIMITS,GALLATIN,AUGUST,2017,17:20,TUE,NON-JUNCTION,ON ROADWAY,CLEAR,DRY,DAYLIGHT,NON-INJURY ACCIDENT (PROPERTY- DAMAGE-ONLY ACCIDENT),REAR-END,45.76555845,-111.1769463
C000090W,298+0.767,,GALLATIN,January,2015,7:10,SUN,NON-JUNCTION,SHOULDER,CLEAR,WET,DAWN,NON-INJURY ACCIDENT (PROPERTY- DAMAGE-ONLY ACCIDENT),FIXED OBJECT,45.76526927,-111.1759453
C000090W,298+0.804,,GALLATIN,August,2016,5:00,FRI,NON-JUNCTION,ON ROADWAY,CLEAR,DRY,DARK-NOT LIGHTED,NON-INJURY ACCIDENT (PROPERTY- DAMAGE-ONLY ACCIDENT),REAR-END,45.76502368,-111.1753208
C000090W,298+0.861,NOT IN CITY LIMITS,GALLATIN,JULY,2017,18:45,THU,NON-JUNCTION,ON ROADWAY,CLOUDY,DRY,DAYLIGHT,INCAPACITATING INJURY ACCIDENT,"SIDESWIPE, SAME DIRECTION",45.76469774,-111.1742128
C000090W,298+0.917,NOT IN CITY LIMITS,GALLATIN,AUGUST,2017,17:45,TUE,NON-JUNCTION,ON ROADWAY,CLOUDY,DRY,DAYLIGHT,NON-INJURY ACCIDENT (PROPERTY- DAMAGE-ONLY ACCIDENT),"SIDESWIPE, SAME DIRECTION",45.76422184,-111.173166
C000090W,298+0.923,,GALLATIN,May,2014,21:35,SAT,NON-JUNCTION,ON ROADWAY,CLOUDY,DRY,DARK-NOT LIGHTED,NON-INJURY ACCIDENT (PROPERTY- DAMAGE-ONLY ACCIDENT),REAR-END,45.7642507,-111.1731382
C000090W,298+0.935,,GALLATIN,February,2014,10:00,FRI,NON-JUNCTION,ON ROADWAY,SNOW,ICE/FROST,DAYLIGHT,UNKNOWN,"SIDESWIPE, SAME DIRECTION",45.76416463,-111.1728143
C000090W,298+0.954,NOT IN CITY LIMITS,GALLATIN,JUNE,2017,22:00,FRI,NON-JUNCTION,ON ROADWAY,CLOUDY,DRY,DARK-NOT LIGHTED,NON-INJURY ACCIDENT (PROPERTY- DAMAGE-ONLY ACCIDENT),WILD ANIMAL,45.76394496,-111.1725726
C000090W,298+0.954,NOT IN CITY LIMITS,GALLATIN,JUNE,2017,22:00,FRI,NON-JUNCTION,ON ROADWAY,CLOUDY,DRY,DARK-NOT LIGHTED,NON-INJURY ACCIDENT (PROPERTY- DAMAGE-ONLY ACCIDENT),WILD ANIMAL,45.76397678,-111.1725389
C000090W,299+0.001,NOT IN CITY LIMITS,GALLATIN,DECEMBER,2017,5:00,SAT,NON-JUNCTION,ON ROADWAY,SNOW,SNOW,DARK-LIGHTED,NON-INJURY ACCIDENT (PROPERTY- DAMAGE-ONLY ACCIDENT),FIXED OBJECT,45.76372,-111.17172
C000090W,299+0.119,,GALLATIN,October,2016,8:45,TUE,NON-JUNCTION,ON ROADWAY,SNOW,SLUSH,DAYLIGHT,NON-INCAPACITATING EVIDENT INJURY ACCIDENT,RIGHT ANGLE,45.76300891,-111.1695063
C000090W,299+0.237,BELGRADE,GALLATIN,June,2016,13:55,TUE,ENTRANCE/EXIT RAMP,ON ROADWAY,CLEAR,DRY,DAYLIGHT,INCAPACITATING INJURY ACCIDENT,PEDESTRIAN,45.76230343,-111.1672346
C000090W,299+0.280,BELGRADE,GALLATIN,March,2016,16:49,WED,INTERSECTION,ON ROADWAY,CLEAR,DRY,DAYLIGHT,NON-INJURY ACCIDENT (PROPERTY- DAMAGE-ONLY ACCIDENT),REAR-END,45.76195039,-111.1665777
C000090W,299+0.498,,GALLATIN,August,2014,2:00,TUE,UNKNOWN,ROADSIDE LEFT,RAIN,WET,DARK-NOT LIGHTED,NON-INJURY ACCIDENT (PROPERTY- DAMAGE-ONLY ACCIDENT),ROLL OVER,45.76115996,-111.1620989
C000090W,299+0.498,BELGRADE,GALLATIN,May,2016,14:40,SUN,NON-JUNCTION,ON ROADWAY,CLEAR,DRY,DAYLIGHT,NON-INJURY ACCIDENT (PROPERTY- DAMAGE-ONLY ACCIDENT),"SIDESWIPE, SAME DIRECTION",45.76049614,-111.1625282
C000090W,299+0.498,NOT IN CITY LIMITS,GALLATIN,NOVEMBER,2017,4:40,THU,NON-JUNCTION,ROADSIDE LEFT,SNOW,SNOW,DARK-NOT LIGHTED,NON-INJURY ACCIDENT (PROPERTY- DAMAGE-ONLY ACCIDENT),FIXED OBJECT,45.7604866,-111.1625214
C000090W,299+0.585,NOT IN CITY LIMITS,GALLATIN,APRIL,2017,4:58,TUE,NON-JUNCTION,SHOULDER,"FOG, SMOG, SMOKE",ICE/FROST,DARK-LIGHTED,NON-INJURY ACCIDENT (PROPERTY- DAMAGE-ONLY ACCIDENT),ROLL OVER,45.75996082,-111.1609151
C000090W,299+0.896,BELGRADE,GALLATIN,October,2016,15:25,FRI,NON-JUNCTION,ON ROADWAY,RAIN,WET,DAYLIGHT,NON-INJURY ACCIDENT (PROPERTY- DAMAGE-ONLY ACCIDENT),"SIDESWIPE, SAME DIRECTION",45.75789604,-111.155161
C000090W,299+0.989,,GALLATIN,October,2016,5:36,WED,NON-JUNCTION,ON ROADWAY,CLOUDY,DRY,DARK-NOT LIGHTED,NON-INJURY ACCIDENT (PROPERTY- DAMAGE-ONLY ACCIDENT),WILD ANIMAL,45.75729,-111.15341
C000090W,300+0.029,,GALLATIN,June,2014,15:50,FRI,NON-JUNCTION,ON ROADWAY,RAIN,WET,DAYLIGHT,NON-INJURY ACCIDENT (PROPERTY- DAMAGE-ONLY ACCIDENT),REAR-END,45.75710833,-111.152845
C000090W,300+0.078,,GALLATIN,July,2015,22:15,TUE,NON-JUNCTION,ON ROADWAY,CLOUDY,DRY,DARK-LIGHTED,NON-INJURY ACCIDENT (PROPERTY- DAMAGE-ONLY ACCIDENT),WILD ANIMAL,45.75683664,-111.151905
C000090W,300+0.469,NOT IN CITY LIMITS,GALLATIN,NOVEMBER,2017,7:43,THU,NON-JUNCTION,ON ROADWAY,CLOUDY,ICE/FROST,DAYLIGHT,NON-INJURY ACCIDENT (PROPERTY- DAMAGE-ONLY ACCIDENT),"SIDESWIPE, SAME DIRECTION",45.75430055,-111.1447243
C000090W,300+0.712,NOT IN CITY LIMITS,GALLATIN,DECEMBER,2017,11:45,WED,NON-JUNCTION,ROADSIDE RIGHT,SNOW,ICE/FROST,DAYLIGHT,NON-INJURY ACCIDENT (PROPERTY- DAMAGE-ONLY ACCIDENT),FIXED OBJECT,45.75267019,-111.1402343
C000090W,300+0.867,,GALLATIN,June,2016,7:00,THU,NON-JUNCTION,ON ROADWAY,CLEAR,DRY,DAYLIGHT,NON-INJURY ACCIDENT (PROPERTY- DAMAGE-ONLY ACCIDENT),WILD ANIMAL,45.75169727,-111.1374313
C000090W,300+0.979,,GALLATIN,November,2015,21:37,SUN,NON-JUNCTION,ON ROADWAY,CLEAR,DRY,DARK-NOT LIGHTED,NON-INJURY ACCIDENT (PROPERTY- DAMAGE-ONLY ACCIDENT),WILD ANIMAL,45.75097754,-111.1352721
C000090W,301+0.003,,GALLATIN,June,2015,20:00,MON,NON-JUNCTION,ON ROADWAY,CLEAR,DRY,DAYLIGHT,NON-INJURY ACCIDENT (PROPERTY- DAMAGE-ONLY ACCIDENT),WILD ANIMAL,45.75078928,-111.1349095
C000090W,301+0.003,NOT IN CITY LIMITS,GALLATIN,DECEMBER,2017,9:30,MON,NON-JUNCTION,MEDIAN,SNOW,ICE/FROST,DAYLIGHT,NON-INJURY ACCIDENT (PROPERTY- DAMAGE-ONLY ACCIDENT),ROLL OVER,45.75079,-111.13491
C000090W,301+0.040,,GALLATIN,October,2014,20:30,TUE,NON-JUNCTION,ON ROADWAY,CLOUDY,DRY,DARK-NOT LIGHTED,NON-INJURY ACCIDENT (PROPERTY- DAMAGE-ONLY ACCIDENT),WILD ANIMAL,45.7504887,-111.1341446
C000090W,301+0.264,,GALLATIN,August,2014,17:54,MON,NON-JUNCTION,ON ROADWAY,CLOUDY,WET,DAYLIGHT,NON-INJURY ACCIDENT (PROPERTY- DAMAGE-ONLY ACCIDENT),WILD ANIMAL,45.74910667,-111.1300567
C000090W,301+0.295,NOT IN CITY LIMITS,GALLATIN,FEBRUARY,2017,6:04,THU,NON-JUNCTION,MEDIAN,CLOUDY,ICE/FROST,DARK-NOT LIGHTED,NON-INJURY ACCIDENT (PROPERTY- DAMAGE-ONLY ACCIDENT),ROLL OVER,45.74880788,-111.1294556
C000090W,301+0.513,NOT IN CITY LIMITS,GALLATIN,FEBRUARY,2017,7:50,SAT,NON-JUNCTION,ROADSIDE RIGHT,CLOUDY,ICE/FROST,DAYLIGHT,NON-INJURY ACCIDENT (PROPERTY- DAMAGE-ONLY ACCIDENT),FIXED OBJECT,45.74748537,-111.1253827
C000090W,301+0.600,,GALLATIN,July,2015,23:20,THU,NON-JUNCTION,ON ROADWAY,CLEAR,DRY,DARK-NOT LIGHTED,NON-INJURY ACCIDENT (PROPERTY- DAMAGE-ONLY ACCIDENT),WILD ANIMAL,45.74693,-111.1238533
C000090W,301+0.762,NOT IN CITY LIMITS,GALLATIN,JUNE,2017,13:35,THU,NON-JUNCTION,ROADSIDE RIGHT,SLEET/HAIL/FREEZING RAIN/DRIZZLE,SLUSH,DAYLIGHT,NON-INJURY ACCIDENT (PROPERTY- DAMAGE-ONLY ACCIDENT),FIXED OBJECT,45.74573039,-111.1210027
C000090W,301+0.786,,GALLATIN,April,2016,18:15,WED,NON-JUNCTION,SHOULDER,CLEAR,DRY,DAYLIGHT,NON-INJURY ACCIDENT (PROPERTY- DAMAGE-ONLY ACCIDENT),FIXED OBJECT,45.74553005,-111.1205661
C000090W,301+0.904,,GALLATIN,November,2015,20:05,TUE,NON-JUNCTION,ON ROADWAY,SNOW,ICE/FROST,DARK-NOT LIGHTED,NON-INJURY ACCIDENT (PROPERTY- DAMAGE-ONLY ACCIDENT),RIGHT ANGLE,45.74456697,-111.1185034
C000090W,301+0.904,,GALLATIN,November,2015,19:50,TUE,NON-JUNCTION,ROADSIDE RIGHT,SNOW,ICE/FROST,DARK-NOT LIGHTED,NON-INCAPACITATING EVIDENT INJURY ACCIDENT,ROLL OVER,45.74456697,-111.1185034
C000090W,301+0.923,NOT IN CITY LIMITS,GALLATIN,DECEMBER,2017,8:54,THU,NON-JUNCTION,ON ROADWAY,"FOG, SMOG, SMOKE",ICE/FROST,DAYLIGHT,NON-INJURY ACCIDENT (PROPERTY- DAMAGE-ONLY ACCIDENT),REAR-END,45.74443241,-111.1182284
C000090W,301+0.966,NOT IN CITY LIMITS,GALLATIN,DECEMBER,2017,18:35,FRI,NON-JUNCTION,ON ROADWAY,CLEAR,DRY,DARK-NOT LIGHTED,NON-INJURY ACCIDENT (PROPERTY- DAMAGE-ONLY ACCIDENT),WILD ANIMAL,45.74402272,-111.1174521
C000090W,302+0.002,NOT IN CITY LIMITS,GALLATIN,DECEMBER,2017,16:50,SAT,NON-JUNCTION,ON ROADWAY,CLOUDY,ICE/FROST,DARK-NOT LIGHTED,NON-INJURY ACCIDENT (PROPERTY- DAMAGE-ONLY ACCIDENT),RIGHT ANGLE,45.7437,-111.11691
C000090W,302+0.045,,GALLATIN,December,2014,17:55,SUN,NON-JUNCTION,ON ROADWAY,SNOW,SNOW,DARK-NOT LIGHTED,NON-INJURY ACCIDENT (PROPERTY- DAMAGE-ONLY ACCIDENT),FIXED OBJECT,45.74336667,-111.116175
C000090W,302+0.083,,GALLATIN,August,2015,5:25,MON,NON-JUNCTION,ON ROADWAY,CLOUDY,DRY,DAYLIGHT,NON-INJURY ACCIDENT (PROPERTY- DAMAGE-ONLY ACCIDENT),WILD ANIMAL,45.74304666,-111.115545
C000090W,302+0.157,,GALLATIN,June,2015,8:45,THU,NON-JUNCTION,ON ROADWAY,CLEAR,DRY,DAYLIGHT,NON-INJURY ACCIDENT (PROPERTY- DAMAGE-ONLY ACCIDENT),WILD ANIMAL,45.74236421,-111.1143028
C000090W,302+0.188,,GALLATIN,June,2014,2:05,WED,NON-JUNCTION,ON ROADWAY,RAIN,WET,DARK-NOT LIGHTED,NON-INJURY ACCIDENT (PROPERTY- DAMAGE-ONLY ACCIDENT),"SIDESWIPE, SAME DIRECTION",45.74205688,-111.1138389
C000090W,302+0.188,,GALLATIN,July,2014,15:52,THU,NON-JUNCTION,ON ROADWAY,CLOUDY,DRY,DAYLIGHT,NON-INJURY ACCIDENT (PROPERTY- DAMAGE-ONLY ACCIDENT),REAR-END,45.74200798,-111.1138312
C000090W,302+0.338,NOT IN CITY LIMITS,GALLATIN,DECEMBER,2017,11:05,WED,NON-JUNCTION,ROADSIDE RIGHT,SNOW,ICE/FROST,DAYLIGHT,NON-INJURY ACCIDENT (PROPERTY- DAMAGE-ONLY ACCIDENT),FIXED OBJECT,45.74085957,-111.1113061
C000090W,302+0.388,NOT IN CITY LIMITS,GALLATIN,DECEMBER,2017,22:42,SUN,NON-JUNCTION,MEDIAN,CLOUDY,ICE/FROST,DARK-NOT LIGHTED,NON-INJURY ACCIDENT (PROPERTY- DAMAGE-ONLY ACCIDENT),JACKKNIFE,45.74037121,-111.1105106
C000090W,302+0.475,NOT IN CITY LIMITS,GALLATIN,JANUARY,2017,11:25,TUE,NON-JUNCTION,ON ROADWAY,SNOW,ICE/FROST,DAYLIGHT,NON-INJURY ACCIDENT (PROPERTY- DAMAGE-ONLY ACCIDENT),REAR-END,45.73963,-111.1089683
C000090W,302+0.580,,GALLATIN,November,2016,19:00,FRI,NON-JUNCTION,ON ROADWAY,CLEAR,DRY,DARK-NOT LIGHTED,NON-INJURY ACCIDENT (PROPERTY- DAMAGE-ONLY ACCIDENT),WILD ANIMAL,45.73873167,-111.10728
C000090W,302+0.599,NOT IN CITY LIMITS,GALLATIN,SEPTEMBER,2017,0:30,SAT,NON-JUNCTION,ON ROADWAY,CLEAR,DRY,DARK-NOT LIGHTED,NON-INJURY ACCIDENT (PROPERTY- DAMAGE-ONLY ACCIDENT),WILD ANIMAL,45.73852659,-111.1069177
C000090W,302+0.687,,GALLATIN,October,2015,7:10,FRI,NON-JUNCTION,ON ROADWAY,CLOUDY,DRY,DAWN,NON-INCAPACITATING EVIDENT INJURY ACCIDENT,WILD ANIMAL,45.7378187,-111.1054168
C000090W,302+0.742,,GALLATIN,October,2015,4:20,SAT,NON-JUNCTION,ON ROADWAY,CLEAR,DRY,DARK-NOT LIGHTED,NON-INJURY ACCIDENT (PROPERTY- DAMAGE-ONLY ACCIDENT),WILD ANIMAL,45.73733,-111.1045483
C000090W,302+0.774,,GALLATIN,July,2014,21:20,WED,NON-JUNCTION,ON ROADWAY,CLEAR,DRY,DUSK,NON-INJURY ACCIDENT (PROPERTY- DAMAGE-ONLY ACCIDENT),WILD ANIMAL,45.73707422,-111.1039961
C000090W,302+0.774,,GALLATIN,June,2016,16:51,FRI,NON-JUNCTION,ON ROADWAY,CLOUDY,DRY,DAYLIGHT,NON-INJURY ACCIDENT (PROPERTY- DAMAGE-ONLY ACCIDENT),REAR-END,45.7369865,-111.104091
C000090W,302+0.805,NOT IN CITY LIMITS,GALLATIN,MAY,2017,21:10,MON,NON-JUNCTION,ON ROADWAY,CLOUDY,DRY,DUSK,NON-INJURY ACCIDENT (PROPERTY- DAMAGE-ONLY ACCIDENT),WILD ANIMAL,45.73678748,-111.1035426
C000090W,302+0.805,NOT IN CITY LIMITS,GALLATIN,OCTOBER,2017,8:05,TUE,NON-JUNCTION,ON ROADWAY,SNOW,WET,DAYLIGHT,NON-INJURY ACCIDENT (PROPERTY- DAMAGE-ONLY ACCIDENT),RIGHT ANGLE,45.73677538,-111.1035818
C000090W,302+0.867,,GALLATIN,November,2015,4:36,FRI,INTERSECTION-RELATED,ROADSIDE LEFT,CLOUDY,ICE/FROST,DARK-NOT LIGHTED,NON-INJURY ACCIDENT (PROPERTY- DAMAGE-ONLY ACCIDENT),FIXED OBJECT,45.73620678,-111.1025549
C000090W,303+0.000,,GALLATIN,July,2016,15:14,SAT,NON-JUNCTION,MEDIAN,CLEAR,DRY,DAYLIGHT,NON-INJURY ACCIDENT (PROPERTY- DAMAGE-ONLY ACCIDENT),ROLL OVER,45.73507,-111.10025
C000090W,303+0.000,,GALLATIN,May,2016,19:00,SUN,NON-JUNCTION,ON ROADWAY,CLEAR,DRY,DAYLIGHT,NON-INJURY ACCIDENT (PROPERTY- DAMAGE-ONLY ACCIDENT),WILD ANIMAL,45.73507,-111.10025
C000090W,303+0.000,,GALLATIN,December,2016,11:07,THU,NON-JUNCTION,ROADSIDE RIGHT,SNOW,ICE/FROST,DAYLIGHT,NON-INJURY ACCIDENT (PROPERTY- DAMAGE-ONLY ACCIDENT),FIXED OBJECT,45.73507,-111.10025
C000090W,303+0.057,NOT IN CITY LIMITS,GALLATIN,OCTOBER,2017,17:15,FRI,NON-JUNCTION,ON ROADWAY,CLOUDY,DRY,DAYLIGHT,NON-INJURY ACCIDENT (PROPERTY- DAMAGE-ONLY ACCIDENT),REAR-END,45.73452319,-111.0993038
C000090W,303+0.069,,GALLATIN,March,2014,20:55,FRI,NON-JUNCTION,ON ROADWAY,CLEAR,DRY,DARK-NOT LIGHTED,FATAL ACCIDENT,REAR-END,45.73452319,-111.0991262
C000090W,303+0.094,,GALLATIN,September,2015,13:38,MON,NON-JUNCTION,MEDIAN,CLEAR,DRY,DAYLIGHT,NON-INJURY ACCIDENT (PROPERTY- DAMAGE-ONLY ACCIDENT),FIXED OBJECT,45.73416794,-111.0987653
C000090W,303+0.131,,GALLATIN,June,2016,22:10,FRI,NON-JUNCTION,ON ROADWAY,CLEAR,DRY,DARK-NOT LIGHTED,NON-INJURY ACCIDENT (PROPERTY- DAMAGE-ONLY ACCIDENT),WILD ANIMAL,45.73391095,-111.0980583
C000090W,303+0.374,NOT IN CITY LIMITS,GALLATIN,DECEMBER,2017,12:45,FRI,NON-JUNCTION,ROADSIDE RIGHT,CLEAR,DRY,DAYLIGHT,NON-INJURY ACCIDENT (PROPERTY- DAMAGE-ONLY ACCIDENT),FIXED OBJECT,45.73211214,-111.0937372
C000090W,303+0.398,NOT IN CITY LIMITS,GALLATIN,APRIL,2017,17:45,THU,NON-JUNCTION,ON ROADWAY,CLOUDY,DRY,DAYLIGHT,NON-INJURY ACCIDENT (PROPERTY- DAMAGE-ONLY ACCIDENT),REAR-END,45.73162514,-111.0936
C000090W,303+0.398,NOT IN CITY LIMITS,GALLATIN,FEBRUARY,2017,1:32,TUE,NON-JUNCTION,MEDIAN,CLOUDY,ICE/FROST,DARK-NOT LIGHTED,INCAPACITATING INJURY ACCIDENT,ROLL OVER,45.73158646,-111.0936584
C000090W,303+0.436,,GALLATIN,October,2016,18:20,THU,NON-JUNCTION,ON ROADWAY,CLOUDY,DRY,DAYLIGHT,NON-INJURY ACCIDENT (PROPERTY- DAMAGE-ONLY ACCIDENT),NOT FIXED OBJECT OR DEBRIS,45.73136649,-111.0930212
C000090W,303+0.492,,GALLATIN,November,2016,21:55,MON,NON-JUNCTION,ON ROADWAY,SNOW,WET,DARK-NOT LIGHTED,NON-INJURY ACCIDENT (PROPERTY- DAMAGE-ONLY ACCIDENT),FIXED OBJECT,45.73083868,-111.0920339
C000090W,303+0.498,NOT IN CITY LIMITS,GALLATIN,NOVEMBER,2017,20:30,WED,NON-JUNCTION,ON ROADWAY,SNOW,SNOW,DARK-NOT LIGHTED,NON-INCAPACITATING EVIDENT INJURY ACCIDENT,HEAD ON,45.73078916,-111.0919396
C000090W,303+0.579,NOT IN CITY LIMITS,GALLATIN,DECEMBER,2017,13:00,WED,NON-JUNCTION,ON ROADWAY,SNOW,SNOW,DAYLIGHT,NON-INCAPACITATING EVIDENT INJURY ACCIDENT,REAR-END,45.73007667,-111.0906158
C000090W,303+0.585,,GALLATIN,December,2015,17:05,MON,NON-JUNCTION,ON ROADWAY,SNOW,ICE/FROST,DARK-LIGHTED,NON-INJURY ACCIDENT (PROPERTY- DAMAGE-ONLY ACCIDENT),FIXED OBJECT,45.72998,-111.0906
C000090W,303+0.592,NOT IN CITY LIMITS,GALLATIN,NOVEMBER,2017,20:32,WED,NON-JUNCTION,ON ROADWAY,SNOW,SNOW,DARK-NOT LIGHTED,NON-INJURY ACCIDENT (PROPERTY- DAMAGE-ONLY ACCIDENT),"SIDESWIPE, SAME DIRECTION",45.72996904,-111.090425
C000090W,303+0.599,,GALLATIN,January,2015,6:30,TUE,NON-JUNCTION,SHOULDER,CLEAR,DRY,DARK-NOT LIGHTED,NON-INCAPACITATING EVIDENT INJURY ACCIDENT,ROLL OVER,45.72990258,-111.0903084
C000090W,303+0.604,,GALLATIN,June,2016,16:59,FRI,NON-JUNCTION,ON ROADWAY,CLEAR,DRY,DAYLIGHT,NON-INJURY ACCIDENT (PROPERTY- DAMAGE-ONLY ACCIDENT),REAR-END,45.72981509,-111.0902128
C000090W,303+0.610,,GALLATIN,February,2014,10:30,SAT,NON-JUNCTION,ON ROADWAY,CLOUDY,SNOW,DAYLIGHT,NON-INCAPACITATING EVIDENT INJURY ACCIDENT,REAR-END,45.7298227,-111.090193
C000090W,303+0.616,,GALLATIN,December,2014,8:47,WED,NON-JUNCTION,ROADSIDE LEFT,CLOUDY,ICE/FROST,DAYLIGHT,POSSIBLE INJURY ACCIDENT,FIXED OBJECT,45.72974542,-111.0900284
C000090W,303+0.616,NOT IN CITY LIMITS,GALLATIN,OCTOBER,2017,17:25,FRI,NON-JUNCTION,ON ROADWAY,CLEAR,DRY,DAYLIGHT,NON-INJURY ACCIDENT (PROPERTY- DAMAGE-ONLY ACCIDENT),REAR-END,45.7297352,-111.0900625
C000090W,303+0.685,,GALLATIN,November,2016,22:30,WED,NON-JUNCTION,ON ROADWAY,CLOUDY,ICE/FROST,DARK-NOT LIGHTED,NON-INJURY ACCIDENT (PROPERTY- DAMAGE-ONLY ACCIDENT),REAR-END,45.72916484,-111.0889742
C000090W,303+0.691,,GALLATIN,November,2016,23:00,WED,NON-JUNCTION,ROADSIDE LEFT,CLOUDY,ICE/FROST,DARK-NOT LIGHTED,NON-INJURY ACCIDENT (PROPERTY- DAMAGE-ONLY ACCIDENT),FIXED OBJECT,45.72910527,-111.0887616
C000090W,303+0.722,,GALLATIN,May,2016,6:45,WED,NON-JUNCTION,MEDIAN,CLEAR,ICE/FROST,DAYLIGHT,NON-INJURY ACCIDENT (PROPERTY- DAMAGE-ONLY ACCIDENT),ROLL OVER,45.72888342,-111.0882646