MDT_CORRIDOR_ID,SMS_REFPOST_OFFSET,CITY,COUNTY,Month,Year,SMS_TIME,SMT_CRASH_OCC_DAY_OF_WEEK,JUNCTION_RELATED,ROADWAY_RELATED,WEATHER_COND,ROAD_COND,LIGHT_COND,CRASH_SEVERITY,COLLISION_TYPE,LATITUDE,LONGITUDE
C000090W,303+0.728,,GALLATIN,July,2015,17:30,SAT,NON-JUNCTION,ON ROADWAY,CLEAR,DRY,DAYLIGHT,NON-INJURY ACCIDENT (PROPERTY- DAMAGE-ONLY ACCIDENT),WILD ANIMAL,45.728745,-111.0882233
C000090W,303+0.728,,GALLATIN,July,2015,17:30,SAT,NON-JUNCTION,ON ROADWAY,CLEAR,DRY,DAYLIGHT,POSSIBLE INJURY ACCIDENT,REAR-END,45.728745,-111.0882233
C000090W,303+0.741,,GALLATIN,March,2014,5:00,MON,NON-JUNCTION,SHOULDER,SNOW,ICE/FROST,DARK-NOT LIGHTED,NON-INCAPACITATING EVIDENT INJURY ACCIDENT,ROLL OVER,45.72865271,-111.0880431
C000090W,303+0.741,,GALLATIN,May,2016,6:48,WED,NON-JUNCTION,MEDIAN,CLOUDY,ICE/FROST,DAYLIGHT,INCAPACITATING INJURY ACCIDENT,RIGHT ANGLE,45.72869639,-111.0878793
C000090W,303+0.840,,GALLATIN,June,2016,9:25,MON,NON-JUNCTION,ON ROADWAY,CLEAR,DRY,DAYLIGHT,NON-INCAPACITATING EVIDENT INJURY ACCIDENT,ROLL OVER,45.72777417,-111.0863397
C000090W,303+0.896,,GALLATIN,December,2016,10:25,THU,NON-JUNCTION,ON ROADWAY,SNOW,SNOW,DAYLIGHT,NON-INJURY ACCIDENT (PROPERTY- DAMAGE-ONLY ACCIDENT),"SIDESWIPE, SAME DIRECTION",45.72737563,-111.0853401
C000090W,303+0.915,,GALLATIN,July,2016,12:02,TUE,NON-JUNCTION,ROADSIDE RIGHT,CLEAR,DRY,DAYLIGHT,POSSIBLE INJURY ACCIDENT,FIXED OBJECT,45.72722626,-111.0850296
C000090W,303+0.945,,GALLATIN,November,2014,17:35,FRI,NON-JUNCTION,ROADSIDE RIGHT,SNOW,SNOW,DARK-NOT LIGHTED,NON-INJURY ACCIDENT (PROPERTY- DAMAGE-ONLY ACCIDENT),FIXED OBJECT,45.72695534,-111.0845574
C000090W,304+0.001,NOT IN CITY LIMITS,GALLATIN,FEBRUARY,2017,23:40,FRI,NON-JUNCTION,ROADSIDE RIGHT,SNOW,SNOW,DARK-NOT LIGHTED,NON-INCAPACITATING EVIDENT INJURY ACCIDENT,ROLL OVER,45.7265,-111.08373
C000090W,304+0.187,,GALLATIN,November,2015,21:47,FRI,NON-JUNCTION,ON ROADWAY,CLEAR,DRY,DARK-NOT LIGHTED,NON-INJURY ACCIDENT (PROPERTY- DAMAGE-ONLY ACCIDENT),WILD ANIMAL,45.72495179,-111.0806393
C000090W,304+0.255,,GALLATIN,November,2014,20:54,SAT,NON-JUNCTION,ON ROADWAY,SNOW,SNOW,DARK-NOT LIGHTED,NON-INJURY ACCIDENT (PROPERTY- DAMAGE-ONLY ACCIDENT),REAR-END,45.72423333,-111.0795117
C000090W,304+0.554,NOT IN CITY LIMITS,GALLATIN,FEBRUARY,2017,9:57,WED,NON-JUNCTION,ROADSIDE RIGHT,CLEAR,ICE/FROST,DAYLIGHT,NON-INCAPACITATING EVIDENT INJURY ACCIDENT,ROLL OVER,45.72174237,-111.0744972
C000090W,304+0.560,BOZEMAN,GALLATIN,January,2015,14:38,TUE,NON-JUNCTION,ON ROADWAY,CLEAR,DRY,DAYLIGHT,NON-INJURY ACCIDENT (PROPERTY- DAMAGE-ONLY ACCIDENT),"SIDESWIPE, SAME DIRECTION",45.72169611,-111.0744419
C000090W,304+0.610,NOT IN CITY LIMITS,GALLATIN,DECEMBER,2017,20:00,SUN,NON-JUNCTION,SHOULDER,CLEAR,ICE/FROST,DARK-NOT LIGHTED,NON-INJURY ACCIDENT (PROPERTY- DAMAGE-ONLY ACCIDENT),REAR-END,45.72128232,-111.0735991
C000090W,304+0.616,NOT IN CITY LIMITS,GALLATIN,JANUARY,2017,21:20,MON,NON-JUNCTION,ROADSIDE RIGHT,CLOUDY,ICE/FROST,DARK-NOT LIGHTED,NON-INJURY ACCIDENT (PROPERTY- DAMAGE-ONLY ACCIDENT),ROLL OVER,45.72124339,-111.0735111
C000090W,304+0.709,BOZEMAN,GALLATIN,December,2016,13:20,THU,NON-JUNCTION,ROADSIDE RIGHT,SNOW,DRY,DAYLIGHT,NON-INJURY ACCIDENT (PROPERTY- DAMAGE-ONLY ACCIDENT),FIXED OBJECT,45.72046858,-111.0719382
C000090W,304+0.728,BOZEMAN,GALLATIN,April,2016,1:12,FRI,NON-JUNCTION,ON ROADWAY,CLOUDY,DRY,DARK-NOT LIGHTED,NON-INJURY ACCIDENT (PROPERTY- DAMAGE-ONLY ACCIDENT),WILD ANIMAL,45.72024054,-111.0715891
C000090W,304+0.734,BOZEMAN,GALLATIN,April,2016,1:12,FRI,NON-JUNCTION,ON ROADWAY,CLEAR,DRY,DARK-NOT LIGHTED,NON-INJURY ACCIDENT (PROPERTY- DAMAGE-ONLY ACCIDENT),WILD ANIMAL,45.72020189,-111.0715064
C000090W,304+0.746,BOZEMAN,GALLATIN,November,2014,7:10,WED,ENTRANCE/EXIT RAMP,ON ROADWAY,CLOUDY,DRY,DAYLIGHT,NON-INJURY ACCIDENT (PROPERTY- DAMAGE-ONLY ACCIDENT),"SIDESWIPE, SAME DIRECTION",45.72009743,-111.0713482
C000090W,304+0.765,BOZEMAN,GALLATIN,December,2015,15:19,TUE,NON-JUNCTION,SHOULDER,CLOUDY,DRY,DAYLIGHT,NON-INJURY ACCIDENT (PROPERTY- DAMAGE-ONLY ACCIDENT),FIXED OBJECT,45.71995293,-111.0710593
C000090W,304+0.790,NOT IN CITY LIMITS,GALLATIN,NOVEMBER,2017,17:14,FRI,NON-JUNCTION,ROADSIDE RIGHT,CLOUDY,ICE/FROST,DAYLIGHT,NON-INJURY ACCIDENT (PROPERTY- DAMAGE-ONLY ACCIDENT),FIXED OBJECT,45.71962827,-111.0706673
C000090W,304+0.852,BOZEMAN,GALLATIN,December,2015,8:15,THU,NON-JUNCTION,ROADSIDE RIGHT,CLOUDY,ICE/FROST,DAYLIGHT,NON-INJURY ACCIDENT (PROPERTY- DAMAGE-ONLY ACCIDENT),ROLL OVER,45.71918556,-111.0695163
C000090W,304+0.890,BOZEMAN,GALLATIN,September,2014,14:52,SUN,ENTRANCE/EXIT RAMP,ON ROADWAY,CLEAR,DRY,DAYLIGHT,NON-INJURY ACCIDENT (PROPERTY- DAMAGE-ONLY ACCIDENT),"SIDESWIPE, SAME DIRECTION",45.71878642,-111.0689709
C000090W,305+0.001,NOT IN CITY LIMITS,GALLATIN,DECEMBER,2017,18:15,FRI,ENTRANCE/EXIT RAMP,ON ROADWAY,SLEET/HAIL/FREEZING RAIN/DRIZZLE,ICE/FROST,DARK-LIGHTED,NON-INCAPACITATING EVIDENT INJURY ACCIDENT,RIGHT ANGLE,45.71785,-111.06715
C000090W,305+0.175,BOZEMAN,GALLATIN,December,2014,9:59,SUN,NON-JUNCTION,SHOULDER,SNOW,ICE/FROST,DAYLIGHT,NON-INJURY ACCIDENT (PROPERTY- DAMAGE-ONLY ACCIDENT),FIXED OBJECT,45.71599994,-111.0646577
C000090W,305+0.237,BOZEMAN,GALLATIN,August,2014,13:11,SUN,ENTRANCE/EXIT RAMP,ON ROADWAY,CLEAR,DRY,DAYLIGHT,NON-INJURY ACCIDENT (PROPERTY- DAMAGE-ONLY ACCIDENT),"LEFT TURN, SAME DIRECTION",45.71524254,-111.0639559
C000090W,305+0.237,BOZEMAN,GALLATIN,November,2015,18:25,MON,ENTRANCE/EXIT RAMP,ON ROADWAY,CLOUDY,DRY,DARK-NOT LIGHTED,NON-INJURY ACCIDENT (PROPERTY- DAMAGE-ONLY ACCIDENT),WILD ANIMAL,45.71526,-111.06398
C000090W,305+0.241,BOZEMAN,GALLATIN,May,2016,8:06,WED,INTERSECTION-RELATED,ON ROADWAY,CLEAR,DRY,DAYLIGHT,NON-INJURY ACCIDENT (PROPERTY- DAMAGE-ONLY ACCIDENT),REAR-END,45.71521959,-111.063966
C000090W,305+0.292,BOZEMAN,GALLATIN,DECEMBER,2017,15:45,SUN,NON-JUNCTION,ON ROADWAY,CLOUDY,SLUSH,DAYLIGHT,NON-INJURY ACCIDENT (PROPERTY- DAMAGE-ONLY ACCIDENT),"SIDESWIPE, SAME DIRECTION",45.71458355,-111.0633128
C000090W,305+0.349,NOT IN CITY LIMITS,GALLATIN,APRIL,2017,18:35,SUN,THROUGH ROADWAY,ON ROADWAY,CLEAR,DRY,DAYLIGHT,NON-INJURY ACCIDENT (PROPERTY- DAMAGE-ONLY ACCIDENT),WILD ANIMAL,45.71388577,-111.0628988
C000090W,305+0.411,BOZEMAN,GALLATIN,JANUARY,2017,0:43,FRI,ENTRANCE/EXIT RAMP,MEDIAN,CLEAR,DRY,DARK-LIGHTED,NON-INCAPACITATING EVIDENT INJURY ACCIDENT,FIXED OBJECT,45.71303096,-111.0622352
C000090W,305+0.492,BOZEMAN,GALLATIN,November,2014,12:34,WED,ENTRANCE/EXIT RAMP,GORE,CLEAR,ICE/FROST,DAYLIGHT,NON-INJURY ACCIDENT (PROPERTY- DAMAGE-ONLY ACCIDENT),FIXED OBJECT,45.71188724,-111.0618344
C000090W,305+0.567,BOZEMAN,GALLATIN,NOVEMBER,2017,22:04,WED,NON-JUNCTION,ROADSIDE RIGHT,SNOW,SNOW,DARK-LIGHTED,UNKNOWN,FIXED OBJECT,45.71086477,-111.0614726
C000090W,305+0.629,BOZEMAN,GALLATIN,December,2015,19:25,MON,NON-JUNCTION,ON ROADWAY,CLOUDY,WET,DARK-NOT LIGHTED,NON-INCAPACITATING EVIDENT INJURY ACCIDENT,"SIDESWIPE, SAME DIRECTION",45.71000277,-111.0613074
C000090W,305+0.629,BOZEMAN,GALLATIN,December,2015,19:30,MON,NON-JUNCTION,ON ROADWAY,CLOUDY,WET,DARK-NOT LIGHTED,NON-INCAPACITATING EVIDENT INJURY ACCIDENT,HEAD ON,45.710013,-111.0613142
C000090W,305+0.666,BOZEMAN,GALLATIN,FEBRUARY,2017,18:49,THU,NON-JUNCTION,ROADSIDE RIGHT,CLOUDY,DRY,DUSK,FATAL ACCIDENT,ROLL OVER,45.70947,-111.0612467
C000090W,305+0.710,BOZEMAN,GALLATIN,July,2016,16:38,SAT,NON-JUNCTION,ROADSIDE LEFT,CLEAR,DRY,DAYLIGHT,NON-INJURY ACCIDENT (PROPERTY- DAMAGE-ONLY ACCIDENT),FIXED OBJECT,45.70877852,-111.0611859
C000090W,305+0.710,BOZEMAN,GALLATIN,December,2016,21:55,FRI,NON-JUNCTION,ON ROADWAY,SNOW,SNOW,DARK-NOT LIGHTED,NON-INJURY ACCIDENT (PROPERTY- DAMAGE-ONLY ACCIDENT),"SIDESWIPE, SAME DIRECTION",45.70877426,-111.061213
C000090W,305+0.778,BOZEMAN,GALLATIN,FEBRUARY,2017,7:15,FRI,NON-JUNCTION,MEDIAN,SNOW,ICE/FROST,DAYLIGHT,NON-INJURY ACCIDENT (PROPERTY- DAMAGE-ONLY ACCIDENT),HEAD ON,45.70783584,-111.0611627
C000090W,305+0.816,BOZEMAN,GALLATIN,October,2014,0:45,TUE,NON-JUNCTION,SHOULDER,CLEAR,DRY,DARK-NOT LIGHTED,NON-INCAPACITATING EVIDENT INJURY ACCIDENT,FIXED OBJECT,45.70727756,-111.061082
C000090W,305+0.859,NOT IN CITY LIMITS,GALLATIN,FEBRUARY,2017,9:10,WED,NON-JUNCTION,MEDIAN,CLOUDY,SNOW,DAYLIGHT,NON-INJURY ACCIDENT (PROPERTY- DAMAGE-ONLY ACCIDENT),ROLL OVER,45.70667436,-111.0609968
C000090W,306+0.001,BOZEMAN,GALLATIN,FEBRUARY,2017,9:02,THU,NON-JUNCTION,ON ROADWAY,CLOUDY,ICE/FROST,DAYLIGHT,NON-INJURY ACCIDENT (PROPERTY- DAMAGE-ONLY ACCIDENT),REAR-END,45.70451,-111.05995
C000090W,306+0.007,BOZEMAN,GALLATIN,April,2016,11:25,WED,NON-JUNCTION,ON ROADWAY,CLOUDY,DRY,DAYLIGHT,NON-INJURY ACCIDENT (PROPERTY- DAMAGE-ONLY ACCIDENT),NOT FIXED OBJECT OR DEBRIS,45.70444641,-111.0599823
C000090W,306+0.013,BOZEMAN,GALLATIN,April,2016,21:00,FRI,NON-JUNCTION,ON ROADWAY,CLEAR,DRY,DARK-NOT LIGHTED,NON-INJURY ACCIDENT (PROPERTY- DAMAGE-ONLY ACCIDENT),WILD ANIMAL,45.70434054,-111.0597843
C000090W,306+0.050,BOZEMAN,GALLATIN,June,2016,0:22,TUE,NON-JUNCTION,ON ROADWAY,CLEAR,DRY,DARK-NOT LIGHTED,NON-INJURY ACCIDENT (PROPERTY- DAMAGE-ONLY ACCIDENT),NOT FIXED OBJECT OR DEBRIS,45.70388237,-111.0595583
C000090W,306+0.199,BOZEMAN,GALLATIN,November,2016,21:00,THU,NON-JUNCTION,ON ROADWAY,CLEAR,DRY,DARK-NOT LIGHTED,NON-INJURY ACCIDENT (PROPERTY- DAMAGE-ONLY ACCIDENT),WILD ANIMAL,45.70204166,-111.0578333
C000090W,306+0.205,BOZEMAN,GALLATIN,July,2015,22:00,TUE,NON-JUNCTION,ON ROADWAY,CLOUDY,DRY,DARK-NOT LIGHTED,NON-INJURY ACCIDENT (PROPERTY- DAMAGE-ONLY ACCIDENT),WILD ANIMAL,45.70197333,-111.0578283
C000090W,306+0.299,BOZEMAN,GALLATIN,JANUARY,2017,9:50,FRI,NON-JUNCTION,ROADSIDE LEFT,CLEAR,ICE/FROST,DAYLIGHT,NON-INJURY ACCIDENT (PROPERTY- DAMAGE-ONLY ACCIDENT),FIXED OBJECT,45.70085252,-111.0567126
C000090W,306+0.348,BOZEMAN,GALLATIN,DECEMBER,2017,13:33,THU,NON-JUNCTION,ON ROADWAY,CLEAR,ICE/FROST,DAYLIGHT,NON-INJURY ACCIDENT (PROPERTY- DAMAGE-ONLY ACCIDENT),REAR-END,45.70044162,-111.0558052
C000090W,306+0.361,BOZEMAN,GALLATIN,December,2014,7:30,TUE,NON-JUNCTION,ROADSIDE RIGHT,CLEAR,ICE/FROST,DAWN,NON-INJURY ACCIDENT (PROPERTY- DAMAGE-ONLY ACCIDENT),FIXED OBJECT,45.70031853,-111.0556985
C000090W,306+0.373,BOZEMAN,GALLATIN,JANUARY,2017,7:22,FRI,NON-JUNCTION,ROADSIDE RIGHT,CLEAR,ICE/FROST,DAWN,NON-INJURY ACCIDENT (PROPERTY- DAMAGE-ONLY ACCIDENT),ROLL OVER,45.70017963,-111.0554742
C000090W,306+0.380,BOZEMAN,GALLATIN,DECEMBER,2017,17:48,SAT,NON-JUNCTION,ON ROADWAY,SNOW,ICE/FROST,DARK-LIGHTED,NON-INJURY ACCIDENT (PROPERTY- DAMAGE-ONLY ACCIDENT),REAR-END,45.700143,-111.055311
C000090W,306+0.485,BOZEMAN,GALLATIN,NOVEMBER,2017,18:43,WED,NON-JUNCTION,ON ROADWAY,SNOW,SNOW,DARK-NOT LIGHTED,NON-INJURY ACCIDENT (PROPERTY- DAMAGE-ONLY ACCIDENT),RIGHT ANGLE,45.69924596,-111.0536401
C000090W,306+0.597,BOZEMAN,GALLATIN,JUNE,2017,21:02,FRI,NON-JUNCTION,MEDIAN,CLEAR,DRY,DAYLIGHT,NON-INJURY ACCIDENT (PROPERTY- DAMAGE-ONLY ACCIDENT),FIXED OBJECT,45.69831811,-111.0516896
C000090W,306+0.672,BOZEMAN,GALLATIN,DECEMBER,2017,7:22,THU,NON-JUNCTION,ON ROADWAY,CLOUDY,ICE/FROST,DARK-NOT LIGHTED,NON-INJURY ACCIDENT (PROPERTY- DAMAGE-ONLY ACCIDENT),"SIDESWIPE, SAME DIRECTION",45.69794406,-111.0502835
C000090W,306+0.834,BOZEMAN,GALLATIN,FEBRUARY,2017,15:40,TUE,NON-JUNCTION,ON ROADWAY,CLEAR,DRY,DAYLIGHT,NON-INJURY ACCIDENT (PROPERTY- DAMAGE-ONLY ACCIDENT),LOST CONTROL,45.69737213,-111.0470422
C000090W,306+0.871,BOZEMAN,GALLATIN,September,2014,11:14,WED,INTERSECTION-RELATED,ON ROADWAY,CLEAR,DRY,DAYLIGHT,NON-INJURY ACCIDENT (PROPERTY- DAMAGE-ONLY ACCIDENT),"SIDESWIPE, SAME DIRECTION",45.69711947,-111.0462909
C000090W,306+0.871,BOZEMAN,GALLATIN,July,2016,17:00,FRI,NON-JUNCTION,ON ROADWAY,CLEAR,DRY,DAYLIGHT,NON-INJURY ACCIDENT (PROPERTY- DAMAGE-ONLY ACCIDENT),REAR-END,45.69711082,-111.0463561
C000090W,307+0.002,BOZEMAN,GALLATIN,OCTOBER,2017,12:10,THU,NON-JUNCTION,ON ROADWAY,CLOUDY,DRY,DAYLIGHT,NON-INJURY ACCIDENT (PROPERTY- DAMAGE-ONLY ACCIDENT),LOST CONTROL,45.69665,-111.04402
C000090W,307+0.145,BOZEMAN,GALLATIN,December,2016,17:05,FRI,NON-JUNCTION,MEDIAN,SNOW,ICE/FROST,DUSK,NON-INJURY ACCIDENT (PROPERTY- DAMAGE-ONLY ACCIDENT),FIXED OBJECT,45.69610952,-111.0414641
C000090W,307+0.152,BOZEMAN,GALLATIN,December,2016,11:15,SUN,NON-JUNCTION,MEDIAN,CLEAR,ICE/FROST,DAYLIGHT,NON-INJURY ACCIDENT (PROPERTY- DAMAGE-ONLY ACCIDENT),FIXED OBJECT,45.69579304,-111.0410554
C000090W,307+0.152,BOZEMAN,GALLATIN,OCTOBER,2017,5:15,SUN,NON-JUNCTION,ON ROADWAY,CLOUDY,DRY,DARK-NOT LIGHTED,NON-INJURY ACCIDENT (PROPERTY- DAMAGE-ONLY ACCIDENT),WILD ANIMAL,45.69606343,-111.0409904
C000090W,307+0.270,BOZEMAN,GALLATIN,February,2015,18:10,SUN,NON-JUNCTION,ON ROADWAY,CLEAR,DRY,DUSK,NON-INJURY ACCIDENT (PROPERTY- DAMAGE-ONLY ACCIDENT),NOT FIXED OBJECT OR DEBRIS,45.69556524,-111.0386392
C000090W,307+0.288,BOZEMAN,GALLATIN,December,2014,18:05,WED,NON-JUNCTION,ROADSIDE RIGHT,SNOW,SLUSH,DARK-NOT LIGHTED,NON-INJURY ACCIDENT (PROPERTY- DAMAGE-ONLY ACCIDENT),FIXED OBJECT,45.69547922,-111.0383555
C000090W,307+0.332,BOZEMAN,GALLATIN,May,2014,1:30,MON,NON-JUNCTION,ON ROADWAY,CLEAR,DRY,DARK-NOT LIGHTED,NON-INJURY ACCIDENT (PROPERTY- DAMAGE-ONLY ACCIDENT),WILD ANIMAL,45.69526328,-111.037511
C000090W,307+0.419,BOZEMAN,GALLATIN,September,2016,22:25,SUN,NON-JUNCTION,ON ROADWAY,CLOUDY,WET,DARK-NOT LIGHTED,NON-INJURY ACCIDENT (PROPERTY- DAMAGE-ONLY ACCIDENT),DOMESTIC ANIMAL,45.69482278,-111.0357387
C000090W,307+0.444,BOZEMAN,GALLATIN,March,2016,5:30,WED,NON-JUNCTION,ROADSIDE LEFT,CLOUDY,ICE/FROST,DARK-NOT LIGHTED,NON-INJURY ACCIDENT (PROPERTY- DAMAGE-ONLY ACCIDENT),FIXED OBJECT,45.69503,-111.0351
C000090W,307+0.450,BOZEMAN,GALLATIN,December,2016,9:00,SAT,NON-JUNCTION,MEDIAN,CLOUDY,ICE/FROST,DAYLIGHT,NON-INJURY ACCIDENT (PROPERTY- DAMAGE-ONLY ACCIDENT),FIXED OBJECT,45.69469633,-111.035141
C000090W,307+0.481,BOZEMAN,GALLATIN,November,2016,2:57,THU,NON-JUNCTION,ROADSIDE RIGHT,CLOUDY,ICE/FROST,DARK-NOT LIGHTED,NON-INJURY ACCIDENT (PROPERTY- DAMAGE-ONLY ACCIDENT),ROLL OVER,45.69455445,-111.0344786
C000090W,307+0.531,BOZEMAN,GALLATIN,APRIL,2017,7:50,SAT,NON-JUNCTION,SHOULDER,CLEAR,ICE/FROST,DAYLIGHT,NON-INJURY ACCIDENT (PROPERTY- DAMAGE-ONLY ACCIDENT),FIXED OBJECT,45.6942762,-111.033595
C000090W,307+0.537,BOZEMAN,GALLATIN,November,2016,0:45,THU,NON-JUNCTION,ROADSIDE RIGHT,CLOUDY,ICE/FROST,DARK-NOT LIGHTED,NON-INJURY ACCIDENT (PROPERTY- DAMAGE-ONLY ACCIDENT),ROLL OVER,45.69429618,-111.0334614
C000090W,307+0.568,NOT IN CITY LIMITS,GALLATIN,NOVEMBER,2017,12:00,SAT,NON-JUNCTION,ON ROADWAY,CLOUDY,ICE/FROST,DAYLIGHT,NON-INJURY ACCIDENT (PROPERTY- DAMAGE-ONLY ACCIDENT),RIGHT ANGLE,45.69404748,-111.0328529
C000090W,307+0.575,BOZEMAN,GALLATIN,May,2014,9:05,WED,NON-JUNCTION,MEDIAN,CLEAR,OTHER,DAYLIGHT,NON-INJURY ACCIDENT (PROPERTY- DAMAGE-ONLY ACCIDENT),FIXED OBJECT,45.69403038,-111.032764
C000090W,307+0.593,BOZEMAN,GALLATIN,November,2014,15:06,TUE,NON-JUNCTION,SHOULDER,CLEAR,ICE/FROST,DAYLIGHT,NON-INJURY ACCIDENT (PROPERTY- DAMAGE-ONLY ACCIDENT),RIGHT ANGLE,45.69396107,-111.0324033
C000090W,307+0.693,BOZEMAN,GALLATIN,October,2016,18:16,THU,NON-JUNCTION,ROADSIDE LEFT,CLOUDY,DRY,DARK-NOT LIGHTED,NON-INJURY ACCIDENT (PROPERTY- DAMAGE-ONLY ACCIDENT),FIXED OBJECT,45.69343693,-111.0304432
C000090W,307+0.693,BOZEMAN,GALLATIN,July,2016,18:05,FRI,NON-JUNCTION,ON ROADWAY,CLEAR,DRY,DAYLIGHT,NON-INJURY ACCIDENT (PROPERTY- DAMAGE-ONLY ACCIDENT),REAR-END,45.69372302,-111.0303189
C000090W,307+0.749,BOZEMAN,GALLATIN,March,2016,15:10,TUE,NON-JUNCTION,SHOULDER,SNOW,SNOW,DAYLIGHT,NON-INJURY ACCIDENT (PROPERTY- DAMAGE-ONLY ACCIDENT),FIXED OBJECT,45.69311894,-111.029439
C000090W,307+0.749,BOZEMAN,GALLATIN,AUGUST,2017,17:20,FRI,NON-JUNCTION,ON ROADWAY,CLEAR,DRY,DAYLIGHT,NON-INJURY ACCIDENT (PROPERTY- DAMAGE-ONLY ACCIDENT),FIXED OBJECT,45.6932085,-111.0293963
C000090W,308+0.019,BOZEMAN,GALLATIN,January,2016,22:41,FRI,NON-JUNCTION,ROADSIDE RIGHT,CLOUDY,ICE/FROST,DARK-NOT LIGHTED,NON-INCAPACITATING EVIDENT INJURY ACCIDENT,FIXED OBJECT,45.69134834,-111.023425
C000090W,308+0.225,BOZEMAN,GALLATIN,March,2016,7:22,THU,NON-JUNCTION,MEDIAN,CLOUDY,SNOW,DAYLIGHT,NON-INJURY ACCIDENT (PROPERTY- DAMAGE-ONLY ACCIDENT),FIXED OBJECT,45.68944054,-111.0201282
C000090W,308+0.268,BOZEMAN,GALLATIN,June,2015,21:40,MON,NON-JUNCTION,ON ROADWAY,CLOUDY,DRY,DARK-NOT LIGHTED,NON-INJURY ACCIDENT (PROPERTY- DAMAGE-ONLY ACCIDENT),WILD ANIMAL,45.68914338,-111.0193916
C000090W,308+0.280,BOZEMAN,GALLATIN,AUGUST,2017,19:45,WED,NON-JUNCTION,ON ROADWAY,CLEAR,DRY,DAYLIGHT,NON-INJURY ACCIDENT (PROPERTY- DAMAGE-ONLY ACCIDENT),OTHER,45.68894306,-111.0191981
C000090W,308+0.598,BOZEMAN,GALLATIN,March,2016,20:15,THU,NON-JUNCTION,ON ROADWAY,CLOUDY,DRY,DARK-NOT LIGHTED,NON-INJURY ACCIDENT (PROPERTY- DAMAGE-ONLY ACCIDENT),"SIDESWIPE, SAME DIRECTION",45.68525017,-111.0153198
C000090W,308+0.604,BOZEMAN,GALLATIN,November,2015,18:45,WED,NON-JUNCTION,ON ROADWAY,CLOUDY,ICE/FROST,DARK-NOT LIGHTED,NON-INJURY ACCIDENT (PROPERTY- DAMAGE-ONLY ACCIDENT),WILD ANIMAL,45.68523651,-111.0152241
C000090W,308+0.622,BOZEMAN,GALLATIN,August,2015,20:40,FRI,NON-JUNCTION,ON ROADWAY,CLOUDY,DRY,DARK-NOT LIGHTED,NON-INJURY ACCIDENT (PROPERTY- DAMAGE-ONLY ACCIDENT),WILD ANIMAL,45.68501067,-111.015043
C000090W,308+0.622,BOZEMAN,GALLATIN,OCTOBER,2017,6:25,MON,NON-JUNCTION,ON ROADWAY,CLOUDY,DRY,DARK-NOT LIGHTED,NON-INJURY ACCIDENT (PROPERTY- DAMAGE-ONLY ACCIDENT),WILD ANIMAL,45.68498057,-111.0150462
C000090W,308+0.641,BOZEMAN,GALLATIN,November,2015,10:30,MON,NON-JUNCTION,ROADSIDE LEFT,CLOUDY,SLUSH,DAYLIGHT,NON-INJURY ACCIDENT (PROPERTY- DAMAGE-ONLY ACCIDENT),FIXED OBJECT,45.68476399,-111.0147555
C000090W,308+0.660,BOZEMAN,GALLATIN,APRIL,2017,20:50,WED,NON-JUNCTION,ON ROADWAY,CLOUDY,DRY,DARK-NOT LIGHTED,NON-INJURY ACCIDENT (PROPERTY- DAMAGE-ONLY ACCIDENT),WILD ANIMAL,45.68451956,-111.0146942
C000090W,308+0.666,BOZEMAN,GALLATIN,March,2016,6:48,SAT,NON-JUNCTION,SHOULDER,CLEAR,DRY,DAWN,INCAPACITATING INJURY ACCIDENT,ROLL OVER,45.68445104,-111.0145343
C000090W,308+0.679,BOZEMAN,GALLATIN,January,2015,5:00,FRI,NON-JUNCTION,ON ROADWAY,CLEAR,DRY,DARK-NOT LIGHTED,NON-INJURY ACCIDENT (PROPERTY- DAMAGE-ONLY ACCIDENT),WILD ANIMAL,45.6843009,-111.0144591
C000090W,308+0.728,BOZEMAN,GALLATIN,September,2015,23:30,TUE,NON-JUNCTION,ON ROADWAY,CLOUDY,WET,DARK-NOT LIGHTED,NON-INJURY ACCIDENT (PROPERTY- DAMAGE-ONLY ACCIDENT),WILD ANIMAL,45.68373045,-111.0139059
C000090W,308+0.753,BOZEMAN,GALLATIN,October,2015,16:25,SUN,ACCELERATION/DECELERATION LANE,ON ROADWAY,CLOUDY,DRY,DAYLIGHT,NON-INJURY ACCIDENT (PROPERTY- DAMAGE-ONLY ACCIDENT),"SIDESWIPE, SAME DIRECTION",45.68343,-111.0136133
C000090W,308+0.841,BOZEMAN,GALLATIN,May,2015,10:07,TUE,NON-JUNCTION,MEDIAN,CLOUDY,DRY,DAYLIGHT,NON-INJURY ACCIDENT (PROPERTY- DAMAGE-ONLY ACCIDENT),LOST CONTROL,45.68226376,-111.0128538
C000090W,308+0.934,BOZEMAN,GALLATIN,February,2015,22:38,MON,NON-JUNCTION,MEDIAN,CLOUDY,DRY,DARK-NOT LIGHTED,NON-INJURY ACCIDENT (PROPERTY- DAMAGE-ONLY ACCIDENT),ROLL OVER,45.68103651,-111.0121964
C000090W,309+0.000,BOZEMAN,GALLATIN,November,2016,15:25,TUE,NON-JUNCTION,MEDIAN,CLOUDY,ICE/FROST,DAYLIGHT,NON-INJURY ACCIDENT (PROPERTY- DAMAGE-ONLY ACCIDENT),FIXED OBJECT,45.68065,-111.01205
C000090W,309+0.000,BOZEMAN,GALLATIN,AUGUST,2017,10:28,WED,NON-JUNCTION,SHOULDER,CLOUDY,DRY,DAYLIGHT,NON-INCAPACITATING EVIDENT INJURY ACCIDENT,"SIDESWIPE, SAME DIRECTION",45.6806466,-111.012055
C000090W,309+0.000,NOT IN CITY LIMITS,GALLATIN,OCTOBER,2017,4:20,MON,NON-JUNCTION,ON ROADWAY,CLOUDY,DRY,DARK-NOT LIGHTED,NON-INJURY ACCIDENT (PROPERTY- DAMAGE-ONLY ACCIDENT),WILD ANIMAL,45.68065,-111.01205