MDT_CORRIDOR_ID,SMS_REFPOST_OFFSET,CITY,COUNTY,Month,Year,SMS_TIME,SMT_CRASH_OCC_DAY_OF_WEEK,JUNCTION_RELATED,ROADWAY_RELATED,WEATHER_COND,ROAD_COND,LIGHT_COND,CRASH_SEVERITY,COLLISION_TYPE,LATITUDE,LONGITUDE
C000090W,309+0.019,BOZEMAN,GALLATIN,November,2016,16:45,THU,NON-JUNCTION,ROADSIDE RIGHT,CLOUDY,ICE/FROST,DAYLIGHT,NON-INJURY ACCIDENT (PROPERTY- DAMAGE-ONLY ACCIDENT),FIXED OBJECT,45.68039667,-111.0119867
C000090W,309+0.032,NOT IN CITY LIMITS,GALLATIN,JANUARY,2017,10:07,THU,NON-JUNCTION,ROADSIDE LEFT,CLOUDY,ICE/FROST,DAYLIGHT,NON-INCAPACITATING EVIDENT INJURY ACCIDENT,ROLL OVER,45.67984751,-111.0119244
C000090W,309+0.056,BOZEMAN,GALLATIN,November,2015,17:37,TUE,NON-JUNCTION,SHOULDER,CLOUDY,ICE/FROST,DARK-LIGHTED,NON-INJURY ACCIDENT (PROPERTY- DAMAGE-ONLY ACCIDENT),FIXED OBJECT,45.67983387,-111.0119047
C000090W,309+0.070,BOZEMAN,GALLATIN,DECEMBER,2017,10:20,SAT,NON-JUNCTION,ON ROADWAY,CLEAR,ICE/FROST,DAYLIGHT,NON-INCAPACITATING EVIDENT INJURY ACCIDENT,RIGHT ANGLE,45.67968891,-111.0119534
C000090W,309+0.076,BOZEMAN,GALLATIN,April,2016,1:16,FRI,NON-JUNCTION,SHOULDER,CLEAR,ICE/FROST,DARK-UNKNOWN LIGHTING,NON-INJURY ACCIDENT (PROPERTY- DAMAGE-ONLY ACCIDENT),FIXED OBJECT,45.67952246,-111.0119373
C000090W,309+0.082,BOZEMAN,GALLATIN,November,2016,18:20,MON,NON-JUNCTION,ROADSIDE LEFT,SNOW,ICE/FROST,DARK-UNKNOWN LIGHTING,NON-INJURY ACCIDENT (PROPERTY- DAMAGE-ONLY ACCIDENT),FIXED OBJECT,45.67945627,-111.0119662
C000090W,309+0.095,BOZEMAN,GALLATIN,November,2015,17:06,TUE,ACCELERATION/DECELERATION LANE,SHOULDER,CLOUDY,ICE/FROST,DUSK,NON-INJURY ACCIDENT (PROPERTY- DAMAGE-ONLY ACCIDENT),"SIDESWIPE, SAME DIRECTION",45.67931813,-111.0118637
C000090W,309+0.101,BOZEMAN,GALLATIN,AUGUST,2017,14:05,THU,NON-JUNCTION,ON ROADWAY,CLEAR,DRY,DAYLIGHT,NON-INJURY ACCIDENT (PROPERTY- DAMAGE-ONLY ACCIDENT),"SIDESWIPE, SAME DIRECTION",45.67916106,-111.0119251
C000090W,309+0.119,BOZEMAN,GALLATIN,DECEMBER,2017,15:20,SAT,NON-JUNCTION,ON ROADWAY,CLEAR,ICE/FROST,DAYLIGHT,NON-INJURY ACCIDENT (PROPERTY- DAMAGE-ONLY ACCIDENT),REAR-END,45.67892853,-111.0118686
C000090W,309+0.119,BOZEMAN,GALLATIN,NOVEMBER,2017,14:42,SAT,ACCELERATION/DECELERATION LANE,SHOULDER,CLOUDY,SLUSH,DAYLIGHT,NON-INJURY ACCIDENT (PROPERTY- DAMAGE-ONLY ACCIDENT),FIXED OBJECT,45.67895672,-111.0119387
C000090W,309+0.150,BOZEMAN,GALLATIN,August,2014,11:18,THU,ENTRANCE/EXIT RAMP,ON ROADWAY,RAIN,WET,DAYLIGHT,NON-INJURY ACCIDENT (PROPERTY- DAMAGE-ONLY ACCIDENT),REAR-END,45.67854169,-111.0116789
C000090W,309+0.163,BOZEMAN,GALLATIN,January,2016,1:45,SUN,NON-JUNCTION,ON ROADWAY,CLOUDY,ICE/FROST,DARK-LIGHTED,POSSIBLE INJURY ACCIDENT,FIXED OBJECT,45.67835024,-111.0118325
C000090W,309+0.324,BOZEMAN,GALLATIN,December,2016,13:15,THU,ENTRANCE/EXIT RAMP,GORE,CLOUDY,ICE/FROST,DAYLIGHT,NON-INJURY ACCIDENT (PROPERTY- DAMAGE-ONLY ACCIDENT),FIXED OBJECT,45.67610216,-111.0109427
C000090W,309+0.330,BOZEMAN,GALLATIN,November,2016,22:34,WED,NON-JUNCTION,GORE,SLEET/HAIL/FREEZING RAIN/DRIZZLE,ICE/FROST,DARK-LIGHTED,POSSIBLE INJURY ACCIDENT,FIXED OBJECT,45.67597098,-111.0109313
C000090W,309+0.373,BOZEMAN,GALLATIN,February,2016,9:30,SAT,NON-JUNCTION,ROADSIDE RIGHT,SNOW,SLUSH,DAYLIGHT,NON-INJURY ACCIDENT (PROPERTY- DAMAGE-ONLY ACCIDENT),FIXED OBJECT,45.675442,-111.0104771
C000090W,309+0.393,BOZEMAN,GALLATIN,November,2015,22:00,SAT,NON-JUNCTION,ON ROADWAY,CLEAR,WET,DARK-LIGHTED,NON-INJURY ACCIDENT (PROPERTY- DAMAGE-ONLY ACCIDENT),WILD ANIMAL,45.67516884,-111.0102927
C000090W,309+0.417,BOZEMAN,GALLATIN,June,2015,23:00,SAT,NON-JUNCTION,ON ROADWAY,CLEAR,DRY,DARK-LIGHTED,NON-INJURY ACCIDENT (PROPERTY- DAMAGE-ONLY ACCIDENT),WILD ANIMAL,45.67488166,-111.0099233
C000090W,309+0.461,BOZEMAN,GALLATIN,DECEMBER,2017,16:58,WED,NON-JUNCTION,ROADSIDE LEFT,CLOUDY,ICE/FROST,DARK-LIGHTED,NON-INJURY ACCIDENT (PROPERTY- DAMAGE-ONLY ACCIDENT),FIXED OBJECT,45.67435703,-111.0094001
C000090W,309+0.467,BOZEMAN,GALLATIN,February,2015,14:20,WED,NON-JUNCTION,ON ROADWAY,CLOUDY,DRY,DAYLIGHT,INCAPACITATING INJURY ACCIDENT,PEDESTRIAN,45.674325,-111.0093067
C000090W,309+0.473,BOZEMAN,GALLATIN,May,2014,6:05,MON,NON-JUNCTION,SHOULDER,CLOUDY,WET,DAWN,NON-INJURY ACCIDENT (PROPERTY- DAMAGE-ONLY ACCIDENT),FIXED OBJECT,45.67425697,-111.0091862
C000090W,309+0.492,BOZEMAN,GALLATIN,December,2016,17:40,SAT,NON-JUNCTION,ROADSIDE RIGHT,CLOUDY,SNOW,DARK-NOT LIGHTED,NON-INJURY ACCIDENT (PROPERTY- DAMAGE-ONLY ACCIDENT),FIXED OBJECT,45.67407428,-111.0089153
C000090W,309+0.529,NOT IN CITY LIMITS,GALLATIN,NOVEMBER,2017,8:10,FRI,NON-JUNCTION,ON ROADWAY,CLOUDY,DRY,DAYLIGHT,NON-INJURY ACCIDENT (PROPERTY- DAMAGE-ONLY ACCIDENT),WILD ANIMAL,45.67371455,-111.0083681
C000090W,309+0.715,NOT IN CITY LIMITS,GALLATIN,MARCH,2017,0:30,TUE,NON-JUNCTION,ON ROADWAY,CLOUDY,DRY,DARK-NOT LIGHTED,NON-INJURY ACCIDENT (PROPERTY- DAMAGE-ONLY ACCIDENT),WILD ANIMAL,45.6727339,-111.0049379
C000090W,309+0.722,BOZEMAN,GALLATIN,November,2016,14:00,FRI,NON-JUNCTION,ON ROADWAY,CLEAR,DRY,DAYLIGHT,NON-INJURY ACCIDENT (PROPERTY- DAMAGE-ONLY ACCIDENT),FIRE/ EXPLOSION,45.6725567,-111.0047767
C000090W,309+0.747,BOZEMAN,GALLATIN,February,2014,23:20,FRI,NON-JUNCTION,ON ROADWAY,CLEAR,DRY,DARK-NOT LIGHTED,NON-INJURY ACCIDENT (PROPERTY- DAMAGE-ONLY ACCIDENT),WILD ANIMAL,45.67239577,-111.0043164
C000090W,309+0.796,BOZEMAN,GALLATIN,January,2016,18:00,TUE,NON-JUNCTION,ON ROADWAY,CLOUDY,DRY,DARK-NOT LIGHTED,NON-INJURY ACCIDENT (PROPERTY- DAMAGE-ONLY ACCIDENT),WILD ANIMAL,45.67207614,-111.0034234
C000090W,309+0.833,BOZEMAN,GALLATIN,November,2015,18:15,MON,NON-JUNCTION,ON ROADWAY,CLEAR,DRY,DARK-NOT LIGHTED,NON-INJURY ACCIDENT (PROPERTY- DAMAGE-ONLY ACCIDENT),WILD ANIMAL,45.67196487,-111.0026449
C000090W,309+0.833,BOZEMAN,GALLATIN,January,2016,17:50,SUN,NON-JUNCTION,ON ROADWAY,CLEAR,DRY,DARK-NOT LIGHTED,NON-INJURY ACCIDENT (PROPERTY- DAMAGE-ONLY ACCIDENT),WILD ANIMAL,45.67201061,-111.002719
C000090W,310+0.031,BOZEMAN,GALLATIN,June,2014,21:49,SAT,NON-JUNCTION,ON ROADWAY,RAIN,WET,DARK-NOT LIGHTED,NON-INJURY ACCIDENT (PROPERTY- DAMAGE-ONLY ACCIDENT),WILD ANIMAL,45.67106,-110.9989767
C000090W,310+0.206,BOZEMAN,GALLATIN,December,2016,17:20,TUE,NON-JUNCTION,ON ROADWAY,CLOUDY,DRY,DARK-NOT LIGHTED,NON-INJURY ACCIDENT (PROPERTY- DAMAGE-ONLY ACCIDENT),WILD ANIMAL,45.67009667,-110.9956
C000090W,310+0.218,BOZEMAN,GALLATIN,September,2016,0:40,FRI,NON-JUNCTION,ON ROADWAY,CLEAR,DRY,DARK-NOT LIGHTED,NON-INJURY ACCIDENT (PROPERTY- DAMAGE-ONLY ACCIDENT),WILD ANIMAL,45.67017082,-110.9952704
C000090W,310+0.305,BOZEMAN,GALLATIN,NOVEMBER,2017,17:50,WED,NON-JUNCTION,ON ROADWAY,CLOUDY,DRY,DARK-NOT LIGHTED,NON-INJURY ACCIDENT (PROPERTY- DAMAGE-ONLY ACCIDENT),WILD ANIMAL,45.66972037,-110.9936082
C000090W,310+0.368,NOT IN CITY LIMITS,GALLATIN,SEPTEMBER,2017,5:40,THU,NON-JUNCTION,ON ROADWAY,CLEAR,DRY,DARK-NOT LIGHTED,NON-INJURY ACCIDENT (PROPERTY- DAMAGE-ONLY ACCIDENT),WILD ANIMAL,45.66939095,-110.9923435
C000090W,310+0.467,BOZEMAN,GALLATIN,NOVEMBER,2017,17:38,THU,NON-JUNCTION,ON ROADWAY,CLEAR,DRY,DARK-NOT LIGHTED,NON-INCAPACITATING EVIDENT INJURY ACCIDENT,WILD ANIMAL,45.6689258,-110.990394
C000090W,310+0.517,NOT IN CITY LIMITS,GALLATIN,OCTOBER,2017,7:00,MON,NON-JUNCTION,ON ROADWAY,CLEAR,DRY,DAWN,NON-INJURY ACCIDENT (PROPERTY- DAMAGE-ONLY ACCIDENT),WILD ANIMAL,45.66871079,-110.9895115
C000090W,310+0.654,,GALLATIN,June,2015,19:15,MON,NON-JUNCTION,ON ROADWAY,RAIN,WET,DAYLIGHT,NON-INJURY ACCIDENT (PROPERTY- DAMAGE-ONLY ACCIDENT),WILD ANIMAL,45.66805781,-110.9867543
C000090W,310+0.992,NOT IN CITY LIMITS,GALLATIN,SEPTEMBER,2017,6:45,THU,NON-JUNCTION,ON ROADWAY,CLOUDY,DRY,DARK-NOT LIGHTED,NON-INJURY ACCIDENT (PROPERTY- DAMAGE-ONLY ACCIDENT),WILD ANIMAL,45.66637153,-110.9803014
C000090W,311+0.322,,GALLATIN,September,2015,15:08,FRI,NON-JUNCTION,ON ROADWAY,CLEAR,DRY,DAYLIGHT,POSSIBLE INJURY ACCIDENT,"SIDESWIPE, SAME DIRECTION",45.66479585,-110.9737257
C000090W,311+0.322,NOT IN CITY LIMITS,GALLATIN,NOVEMBER,2017,8:20,TUE,NON-JUNCTION,ROADSIDE RIGHT,CLEAR,ICE/FROST,DAYLIGHT,NON-INJURY ACCIDENT (PROPERTY- DAMAGE-ONLY ACCIDENT),FIXED OBJECT,45.66484184,-110.9737815
C000090W,312+0.083,,GALLATIN,February,2014,10:56,SUN,INTERSECTION-RELATED,ON ROADWAY,BLOWING SNOW,ICE/FROST,DAYLIGHT,NON-INCAPACITATING EVIDENT INJURY ACCIDENT,REAR-END,45.66406169,-110.9697843
C000090W,312+0.500,,GALLATIN,August,2015,17:35,SUN,NON-JUNCTION,ON ROADWAY,CLEAR,DRY,DAYLIGHT,NON-INJURY ACCIDENT (PROPERTY- DAMAGE-ONLY ACCIDENT),OTHER,45.66268232,-110.9613956
C000090W,312+0.562,NOT IN CITY LIMITS,GALLATIN,NOVEMBER,2017,14:25,TUE,NON-JUNCTION,ON ROADWAY,CLOUDY,DRY,DAYLIGHT,NON-INJURY ACCIDENT (PROPERTY- DAMAGE-ONLY ACCIDENT),WILD ANIMAL,45.66240664,-110.9602479
C000090W,312+0.599,NOT IN CITY LIMITS,GALLATIN,NOVEMBER,2017,11:15,WED,NON-JUNCTION,ON ROADWAY,SLEET/HAIL/FREEZING RAIN/DRIZZLE,SLUSH,DAYLIGHT,NON-INJURY ACCIDENT (PROPERTY- DAMAGE-ONLY ACCIDENT),"SIDESWIPE, SAME DIRECTION",45.66233369,-110.9594353
C000090W,312+0.661,,GALLATIN,October,2015,8:00,TUE,NON-JUNCTION,ON ROADWAY,CLEAR,DRY,DAYLIGHT,NON-INJURY ACCIDENT (PROPERTY- DAMAGE-ONLY ACCIDENT),WILD ANIMAL,45.66219667,-110.95816
C000090W,312+0.829,,GALLATIN,May,2015,21:40,WED,NON-JUNCTION,ON ROADWAY,CLOUDY,DRY,DARK-NOT LIGHTED,NON-INJURY ACCIDENT (PROPERTY- DAMAGE-ONLY ACCIDENT),WILD ANIMAL,45.66160508,-110.954765
C000090W,312+0.866,,GALLATIN,November,2016,15:44,WED,NON-JUNCTION,ON ROADWAY,CLEAR,DRY,DAYLIGHT,NON-INJURY ACCIDENT (PROPERTY- DAMAGE-ONLY ACCIDENT),WILD ANIMAL,45.66151034,-110.9541092
C000090W,312+0.873,,GALLATIN,January,2014,7:00,SUN,NON-JUNCTION,ROADSIDE RIGHT,CLEAR,ICE/FROST,DARK-NOT LIGHTED,POSSIBLE INJURY ACCIDENT,ROLL OVER,45.66129683,-110.953988
C000090W,312+0.941,,GALLATIN,October,2015,20:25,THU,INTERSECTION,ON ROADWAY,CLOUDY,DRY,DARK-NOT LIGHTED,NON-INJURY ACCIDENT (PROPERTY- DAMAGE-ONLY ACCIDENT),WILD ANIMAL,45.66095371,-110.9526643
C000090W,312+1.028,NOT IN CITY LIMITS,GALLATIN,NOVEMBER,2017,9:00,TUE,NON-JUNCTION,ROADSIDE RIGHT,SNOW,SLUSH,DAYLIGHT,NON-INJURY ACCIDENT (PROPERTY- DAMAGE-ONLY ACCIDENT),FIXED OBJECT,45.66016346,-110.9512332
C000090W,312+1.047,,GALLATIN,July,2014,8:40,SAT,NON-JUNCTION,MEDIAN,CLEAR,DRY,DAYLIGHT,NON-INCAPACITATING EVIDENT INJURY ACCIDENT,ROLL OVER,45.65996204,-110.9510605
C000090W,312+1.072,NOT IN CITY LIMITS,GALLATIN,JANUARY,2017,16:41,WED,ENTRANCE/EXIT RAMP,ROADSIDE RIGHT,CLOUDY,SNOW,DAYLIGHT,NON-INJURY ACCIDENT (PROPERTY- DAMAGE-ONLY ACCIDENT),FIXED OBJECT,45.65972,-110.95062
C000090W,312+1.072,NOT IN CITY LIMITS,GALLATIN,NOVEMBER,2017,7:15,WED,NON-JUNCTION,ON ROADWAY,CLOUDY,ICE/FROST,DAWN,NON-INJURY ACCIDENT (PROPERTY- DAMAGE-ONLY ACCIDENT),HEAD ON,45.65972,-110.95062
C000090W,312+1.072,NOT IN CITY LIMITS,GALLATIN,NOVEMBER,2017,7:15,WED,NON-JUNCTION,ON ROADWAY,CLOUDY,ICE/FROST,DAWN,NON-INJURY ACCIDENT (PROPERTY- DAMAGE-ONLY ACCIDENT),RIGHT ANGLE,45.65972,-110.95062
C000090W,312+1.072,NOT IN CITY LIMITS,GALLATIN,NOVEMBER,2017,7:15,WED,NON-JUNCTION,ON ROADWAY,SNOW,ICE/FROST,DAYLIGHT,NON-INJURY ACCIDENT (PROPERTY- DAMAGE-ONLY ACCIDENT),REAR-END,45.65972,-110.95062
C000090W,313+0.123,,GALLATIN,August,2014,20:30,FRI,NON-JUNCTION,ON ROADWAY,CLOUDY,DRY,DUSK,NON-INJURY ACCIDENT (PROPERTY- DAMAGE-ONLY ACCIDENT),WILD ANIMAL,45.65833809,-110.9491143
C000090W,313+0.141,,GALLATIN,February,2015,7:35,MON,NON-JUNCTION,ROADSIDE RIGHT,CLEAR,ICE/FROST,DAYLIGHT,NON-INJURY ACCIDENT (PROPERTY- DAMAGE-ONLY ACCIDENT),FIXED OBJECT,45.65813222,-110.9488431
C000090W,313+0.216,,GALLATIN,January,2016,20:00,MON,NON-JUNCTION,ROADSIDE LEFT,CLOUDY,DRY,DARK-NOT LIGHTED,NON-INJURY ACCIDENT (PROPERTY- DAMAGE-ONLY ACCIDENT),ROLL OVER,45.65724296,-110.9480014
C000090W,313+0.222,,GALLATIN,December,2014,7:45,TUE,NON-JUNCTION,ON ROADWAY,CLEAR,ICE/FROST,DAYLIGHT,NON-INJURY ACCIDENT (PROPERTY- DAMAGE-ONLY ACCIDENT),WILD ANIMAL,45.65711769,-110.9478259
C000090W,313+0.229,,GALLATIN,December,2014,7:34,TUE,NON-JUNCTION,ON ROADWAY,CLEAR,ICE/FROST,DAWN,NON-INJURY ACCIDENT (PROPERTY- DAMAGE-ONLY ACCIDENT),WILD ANIMAL,45.65703614,-110.9477764
C000090W,313+0.247,,GALLATIN,May,2016,5:08,THU,NON-JUNCTION,ON ROADWAY,CLOUDY,DRY,DARK-NOT LIGHTED,NON-INJURY ACCIDENT (PROPERTY- DAMAGE-ONLY ACCIDENT),WILD ANIMAL,45.65682638,-110.9476121
C000090W,313+0.272,,GALLATIN,May,2016,20:55,SUN,NON-JUNCTION,ON ROADWAY,CLOUDY,DRY,DARK-NOT LIGHTED,NON-INJURY ACCIDENT (PROPERTY- DAMAGE-ONLY ACCIDENT),WILD ANIMAL,45.65655061,-110.9472894
C000090W,313+0.340,NOT IN CITY LIMITS,GALLATIN,MAY,2017,15:31,TUE,NON-JUNCTION,ON ROADWAY,CLOUDY,DRY,DAYLIGHT,NON-INJURY ACCIDENT (PROPERTY- DAMAGE-ONLY ACCIDENT),LOST CONTROL,45.65571687,-110.9466524
C000090W,313+0.402,NOT IN CITY LIMITS,GALLATIN,SEPTEMBER,2017,4:15,FRI,NON-JUNCTION,ROADSIDE RIGHT,SLEET/HAIL/FREEZING RAIN/DRIZZLE,SLUSH,DARK-NOT LIGHTED,NON-INJURY ACCIDENT (PROPERTY- DAMAGE-ONLY ACCIDENT),FIXED OBJECT,45.65497637,-110.9458669
C000090W,313+0.602,,GALLATIN,July,2016,9:20,THU,NON-JUNCTION,ON ROADWAY,CLEAR,DRY,DAYLIGHT,POSSIBLE INJURY ACCIDENT,REAR-END,45.6525439,-110.9435848
C000090W,313+0.645,NOT IN CITY LIMITS,GALLATIN,NOVEMBER,2017,7:15,WED,NON-JUNCTION,ON ROADWAY,SNOW,ICE/FROST,DAYLIGHT,NON-INJURY ACCIDENT (PROPERTY- DAMAGE-ONLY ACCIDENT),RIGHT ANGLE,45.65202129,-110.9431929
C000090W,313+0.931,NOT IN CITY LIMITS,GALLATIN,JULY,2017,13:24,SUN,NON-JUNCTION,ON ROADWAY,CLOUDY,DRY,DAYLIGHT,NON-INJURY ACCIDENT (PROPERTY- DAMAGE-ONLY ACCIDENT),LOST CONTROL,45.6487299,-110.9396294
C000090W,314+0.002,,GALLATIN,December,2014,23:17,SAT,NON-JUNCTION,ON ROADWAY,SNOW,SNOW,DARK-NOT LIGHTED,NON-INJURY ACCIDENT (PROPERTY- DAMAGE-ONLY ACCIDENT),ROLL OVER,45.64796,-110.93746
C000090W,314+0.021,,GALLATIN,June,2016,10:45,SUN,NON-JUNCTION,ON ROADWAY,CLEAR,DRY,DAYLIGHT,NON-INJURY ACCIDENT (PROPERTY- DAMAGE-ONLY ACCIDENT),WILD ANIMAL,45.64777292,-110.9370389
C000090W,314+0.282,,GALLATIN,December,2014,16:30,SUN,CROSSOVER-RELATED,ROADSIDE RIGHT,SNOW,ICE/FROST,DUSK,NON-INJURY ACCIDENT (PROPERTY- DAMAGE-ONLY ACCIDENT),ROLL OVER,45.64640692,-110.9319983
C000090W,314+0.381,NOT IN CITY LIMITS,GALLATIN,JULY,2017,7:48,WED,NON-JUNCTION,ON ROADWAY,CLEAR,DRY,DAYLIGHT,NON-INJURY ACCIDENT (PROPERTY- DAMAGE-ONLY ACCIDENT),WILD ANIMAL,45.64577782,-110.9302471
C000090W,314+0.463,NOT IN CITY LIMITS,GALLATIN,FEBRUARY,2017,10:30,THU,NON-JUNCTION,ROADSIDE LEFT,SNOW,ICE/FROST,DAYLIGHT,NON-INJURY ACCIDENT (PROPERTY- DAMAGE-ONLY ACCIDENT),FIXED OBJECT,45.64500102,-110.9289304
C000090W,314+0.525,,GALLATIN,January,2015,12:30,THU,NON-JUNCTION,ON ROADWAY,SLEET/HAIL/FREEZING RAIN/DRIZZLE,ICE/FROST,DAYLIGHT,NON-INJURY ACCIDENT (PROPERTY- DAMAGE-ONLY ACCIDENT),FIXED OBJECT,45.64432833,-110.9280517
C000090W,314+0.525,NOT IN CITY LIMITS,GALLATIN,DECEMBER,2017,18:00,MON,NON-JUNCTION,SHOULDER,CLOUDY,ICE/FROST,DARK-NOT LIGHTED,NON-INJURY ACCIDENT (PROPERTY- DAMAGE-ONLY ACCIDENT),FIXED OBJECT,45.64435101,-110.9281665
C000090W,314+0.568,,GALLATIN,December,2015,16:25,SUN,NON-JUNCTION,ROADSIDE LEFT,CLEAR,DRY,DAYLIGHT,NON-INJURY ACCIDENT (PROPERTY- DAMAGE-ONLY ACCIDENT),FIXED OBJECT,45.64394333,-110.9274933
C000090W,314+0.587,,GALLATIN,February,2015,14:00,WED,NON-JUNCTION,ON ROADWAY,CLOUDY,SLUSH,DAYLIGHT,NON-INJURY ACCIDENT (PROPERTY- DAMAGE-ONLY ACCIDENT),"SIDESWIPE, SAME DIRECTION",45.64371583,-110.9271693
C000090W,314+0.599,,GALLATIN,March,2014,11:25,SAT,NON-JUNCTION,ROADSIDE RIGHT,CLOUDY,DRY,DAYLIGHT,NON-INJURY ACCIDENT (PROPERTY- DAMAGE-ONLY ACCIDENT),FIXED OBJECT,45.64364752,-110.9269712
C000090W,314+0.636,NOT IN CITY LIMITS,GALLATIN,AUGUST,2017,11:45,FRI,NON-JUNCTION,ON ROADWAY,CLEAR,DRY,DAYLIGHT,NON-INCAPACITATING EVIDENT INJURY ACCIDENT,WILD ANIMAL,45.64335938,-110.9263403
C000090W,314+0.793,NOT IN CITY LIMITS,GALLATIN,JUNE,2017,14:35,SUN,NON-JUNCTION,ON ROADWAY,CLOUDY,DRY,DAYLIGHT,NON-INJURY ACCIDENT (PROPERTY- DAMAGE-ONLY ACCIDENT),WILD ANIMAL,45.64253448,-110.923362
C000090W,314+0.892,NOT IN CITY LIMITS,GALLATIN,DECEMBER,2017,13:05,WED,NON-JUNCTION,ROADSIDE RIGHT,CLEAR,ICE/FROST,DAYLIGHT,NON-INCAPACITATING EVIDENT INJURY ACCIDENT,FIXED OBJECT,45.64193121,-110.9214422
C000090W,315+0.000,NOT IN CITY LIMITS,GALLATIN,DECEMBER,2017,23:05,FRI,NON-JUNCTION,ROADSIDE RIGHT,CLOUDY,ICE/FROST,DARK-NOT LIGHTED,NON-INCAPACITATING EVIDENT INJURY ACCIDENT,FIXED OBJECT,45.64124,-110.91951
C000090W,315+0.000,NOT IN CITY LIMITS,GALLATIN,DECEMBER,2017,23:07,FRI,NON-JUNCTION,ON ROADWAY,CLOUDY,ICE/FROST,DARK-NOT LIGHTED,NON-INCAPACITATING EVIDENT INJURY ACCIDENT,RIGHT ANGLE,45.64124,-110.91951
C000090W,315+0.130,NOT IN CITY LIMITS,GALLATIN,APRIL,2017,13:13,SAT,NON-JUNCTION,SHOULDER,CLEAR,DRY,DAYLIGHT,NON-INJURY ACCIDENT (PROPERTY- DAMAGE-ONLY ACCIDENT),FIXED OBJECT,45.64035536,-110.9171358
C000090W,315+0.136,NOT IN CITY LIMITS,GALLATIN,NOVEMBER,2017,17:10,THU,NON-JUNCTION,ROADSIDE LEFT,SNOW,ICE/FROST,DAYLIGHT,NON-INJURY ACCIDENT (PROPERTY- DAMAGE-ONLY ACCIDENT),FIXED OBJECT,45.64029745,-110.9169776
C000090W,315+0.149,NOT IN CITY LIMITS,GALLATIN,MARCH,2017,7:15,MON,NON-JUNCTION,OFF ROADWAY LOCATION UNKNOWN,CLOUDY,DRY,DAYLIGHT,NON-INJURY ACCIDENT (PROPERTY- DAMAGE-ONLY ACCIDENT),FIXED OBJECT,45.64034377,-110.9166759
C000090W,315+0.161,NOT IN CITY LIMITS,GALLATIN,DECEMBER,2017,16:35,FRI,NON-JUNCTION,ROADSIDE LEFT,CLEAR,ICE/FROST,DAYLIGHT,NON-INJURY ACCIDENT (PROPERTY- DAMAGE-ONLY ACCIDENT),FIXED OBJECT,45.64023675,-110.9165366
C000090W,315+0.174,,GALLATIN,November,2015,9:55,TUE,NON-JUNCTION,ON ROADWAY,SNOW,ICE/FROST,DAYLIGHT,INCAPACITATING INJURY ACCIDENT,ROLL OVER,45.64017052,-110.9162605
C000090W,315+0.174,NOT IN CITY LIMITS,GALLATIN,APRIL,2017,6:24,THU,NON-JUNCTION,ROADSIDE LEFT,CLEAR,SLUSH,DAWN,NON-INJURY ACCIDENT (PROPERTY- DAMAGE-ONLY ACCIDENT),FIXED OBJECT,45.64019012,-110.9162063
C000090W,315+0.186,,GALLATIN,August,2015,4:00,SAT,NON-JUNCTION,ON ROADWAY,CLEAR,DRY,DARK-NOT LIGHTED,NON-INJURY ACCIDENT (PROPERTY- DAMAGE-ONLY ACCIDENT),FIXED OBJECT,45.64009205,-110.9160878
C000090W,315+0.193,,GALLATIN,February,2014,1:20,SAT,NON-JUNCTION,ROADSIDE RIGHT,SNOW,ICE/FROST,DARK-NOT LIGHTED,NON-INJURY ACCIDENT (PROPERTY- DAMAGE-ONLY ACCIDENT),FIXED OBJECT,45.64004799,-110.9159268
C000090W,315+0.199,,GALLATIN,February,2016,1:12,WED,NON-JUNCTION,ROADSIDE RIGHT,SNOW,ICE/FROST,DARK-NOT LIGHTED,NON-INJURY ACCIDENT (PROPERTY- DAMAGE-ONLY ACCIDENT),FIXED OBJECT,45.63996258,-110.9157971
C000090W,315+0.211,NOT IN CITY LIMITS,GALLATIN,NOVEMBER,2017,19:05,SAT,NON-JUNCTION,ROADSIDE LEFT,CLEAR,ICE/FROST,DARK-NOT LIGHTED,NON-INJURY ACCIDENT (PROPERTY- DAMAGE-ONLY ACCIDENT),FIXED OBJECT,45.6399043,-110.9155468
C000090W,315+0.261,,GALLATIN,February,2014,8:00,WED,NON-JUNCTION,ROADSIDE RIGHT,CLOUDY,ICE/FROST,DAYLIGHT,NON-INJURY ACCIDENT (PROPERTY- DAMAGE-ONLY ACCIDENT),FIXED OBJECT,45.63971167,-110.9146283
C000090W,315+0.267,,GALLATIN,December,2014,17:23,MON,NON-JUNCTION,ROADSIDE LEFT,CLOUDY,SLUSH,DARK-NOT LIGHTED,NON-INCAPACITATING EVIDENT INJURY ACCIDENT,FIXED OBJECT,45.63963492,-110.9144881
C000090W,315+0.273,NOT IN CITY LIMITS,GALLATIN,DECEMBER,2017,16:15,SAT,NON-JUNCTION,ROADSIDE LEFT,CLEAR,ICE/FROST,DAYLIGHT,NON-INJURY ACCIDENT (PROPERTY- DAMAGE-ONLY ACCIDENT),FIXED OBJECT,45.63962188,-110.9143543
C000090W,315+0.279,NOT IN CITY LIMITS,GALLATIN,DECEMBER,2017,8:30,SAT,NON-JUNCTION,ROADSIDE RIGHT,SNOW,ICE/FROST,DAYLIGHT,NON-INJURY ACCIDENT (PROPERTY- DAMAGE-ONLY ACCIDENT),FIXED OBJECT,45.63960438,-110.9143233
C000090W,315+0.286,NOT IN CITY LIMITS,GALLATIN,DECEMBER,2017,23:15,FRI,NON-JUNCTION,ON ROADWAY,CLEAR,ICE/FROST,DARK-NOT LIGHTED,NON-INCAPACITATING EVIDENT INJURY ACCIDENT,REAR-END,45.63954467,-110.9141178