MDT_CORRIDOR_ID,SMS_REFPOST_OFFSET,CITY,COUNTY,Month,Year,SMS_TIME,SMT_CRASH_OCC_DAY_OF_WEEK,JUNCTION_RELATED,ROADWAY_RELATED,WEATHER_COND,ROAD_COND,LIGHT_COND,CRASH_SEVERITY,COLLISION_TYPE,LATITUDE,LONGITUDE
C000090W,315+0.286,NOT IN CITY LIMITS,GALLATIN,JANUARY,2017,13:35,THU,NON-JUNCTION,SEPARATOR,CLEAR,SNOW,DAYLIGHT,NON-INJURY ACCIDENT (PROPERTY- DAMAGE-ONLY ACCIDENT),FIXED OBJECT,45.63958009,-110.9141241
C000090W,315+0.305,,GALLATIN,December,2015,18:00,SAT,NON-JUNCTION,ON ROADWAY,CLOUDY,ICE/FROST,DARK-NOT LIGHTED,NON-INJURY ACCIDENT (PROPERTY- DAMAGE-ONLY ACCIDENT),FIXED OBJECT,45.63955279,-110.9137548
C000090W,315+0.324,,GALLATIN,August,2016,17:05,SAT,NON-JUNCTION,ON ROADWAY,CLEAR,DRY,DAYLIGHT,NON-INJURY ACCIDENT (PROPERTY- DAMAGE-ONLY ACCIDENT),NOT FIXED OBJECT OR DEBRIS,45.63960744,-110.9133177
C000090W,315+0.342,NOT IN CITY LIMITS,GALLATIN,DECEMBER,2017,6:45,SUN,NON-JUNCTION,ROADSIDE RIGHT,CLOUDY,ICE/FROST,DARK-NOT LIGHTED,NON-INJURY ACCIDENT (PROPERTY- DAMAGE-ONLY ACCIDENT),FIXED OBJECT,45.639593,-110.9129724
C000090W,315+0.416,,GALLATIN,November,2016,14:20,TUE,NON-JUNCTION,ON ROADWAY,SNOW,ICE/FROST,DAYLIGHT,NON-INJURY ACCIDENT (PROPERTY- DAMAGE-ONLY ACCIDENT),FIXED OBJECT,45.63972008,-110.9115144
C000090W,315+0.503,,GALLATIN,August,2015,9:45,SAT,NON-JUNCTION,ROADSIDE RIGHT,CLEAR,DRY,DAYLIGHT,FATAL ACCIDENT,ROLL OVER,45.64035536,-110.9098616
C000090W,315+0.641,,GALLATIN,February,2014,11:35,SAT,NON-JUNCTION,ON ROADWAY,SNOW,SNOW,DAYLIGHT,NON-INJURY ACCIDENT (PROPERTY- DAMAGE-ONLY ACCIDENT),"SIDESWIPE, SAME DIRECTION",45.64120914,-110.9072594
C000090W,315+0.672,,GALLATIN,February,2016,20:52,WED,NON-JUNCTION,ON ROADWAY,CLEAR,DRY,DARK-NOT LIGHTED,NON-INJURY ACCIDENT (PROPERTY- DAMAGE-ONLY ACCIDENT),WILD ANIMAL,45.64129602,-110.9066456
C000090W,315+0.690,NOT IN CITY LIMITS,GALLATIN,DECEMBER,2017,5:30,SAT,NON-JUNCTION,ON ROADWAY,SNOW,SNOW,DARK-NOT LIGHTED,NON-INJURY ACCIDENT (PROPERTY- DAMAGE-ONLY ACCIDENT),RIGHT ANGLE,45.64151794,-110.9063962
C000090W,315+0.722,,GALLATIN,October,2016,14:40,SUN,NON-JUNCTION,MEDIAN,CLOUDY,DRY,DAYLIGHT,NON-INJURY ACCIDENT (PROPERTY- DAMAGE-ONLY ACCIDENT),FIXED OBJECT,45.64160919,-110.9057922
C000090W,315+0.778,,GALLATIN,December,2016,21:40,SAT,NON-JUNCTION,ON ROADWAY,CLEAR,ICE/FROST,DARK-NOT LIGHTED,NON-INJURY ACCIDENT (PROPERTY- DAMAGE-ONLY ACCIDENT),NOT FIXED OBJECT OR DEBRIS,45.64197072,-110.9047185
C000090W,315+0.872,,GALLATIN,February,2016,11:20,SAT,NON-JUNCTION,MEDIAN,SEVERE CROSSWINDS,SLUSH,DAYLIGHT,POSSIBLE INJURY ACCIDENT,FIXED OBJECT,45.64261764,-110.9030545
C000090W,316+0.002,,GALLATIN,August,2016,11:43,MON,NON-JUNCTION,ROADSIDE RIGHT,CLOUDY,DRY,DAYLIGHT,NON-INCAPACITATING EVIDENT INJURY ACCIDENT,FIXED OBJECT,45.64325,-110.90081
C000090W,316+0.002,,GALLATIN,October,2016,8:15,TUE,NON-JUNCTION,ROADSIDE RIGHT,SLEET/HAIL/FREEZING RAIN/DRIZZLE,SLUSH,DAYLIGHT,POSSIBLE INJURY ACCIDENT,ROLL OVER,45.64325,-110.90081
C000090W,316+0.263,,GALLATIN,June,2016,17:32,SAT,NON-JUNCTION,ROADSIDE RIGHT,CLEAR,DRY,DAYLIGHT,NON-INJURY ACCIDENT (PROPERTY- DAMAGE-ONLY ACCIDENT),ROLL OVER,45.64491033,-110.8958851
C000090W,316+0.313,BOZEMAN,GALLATIN,JULY,2017,2:25,WED,ENTRANCE/EXIT RAMP,ROADSIDE RIGHT,CLEAR,DRY,DARK-LIGHTED,NON-INJURY ACCIDENT (PROPERTY- DAMAGE-ONLY ACCIDENT),ROLL OVER,45.64518533,-110.8950148
C000090W,316+0.500,,GALLATIN,May,2016,13:30,TUE,NON-JUNCTION,ON ROADWAY,CLEAR,DRY,DAYLIGHT,POSSIBLE INJURY ACCIDENT,FIXED OBJECT,45.64611437,-110.891397
C000090W,316+0.524,NOT IN CITY LIMITS,GALLATIN,DECEMBER,2017,11:10,THU,NON-JUNCTION,ON ROADWAY,CLOUDY,SLUSH,DAYLIGHT,NON-INJURY ACCIDENT (PROPERTY- DAMAGE-ONLY ACCIDENT),FIXED OBJECT,45.64638664,-110.8909071
C000090W,316+0.543,,GALLATIN,May,2016,14:40,TUE,NON-JUNCTION,ROADSIDE LEFT,BLOWING SNOW,SLUSH,DAYLIGHT,NON-INJURY ACCIDENT (PROPERTY- DAMAGE-ONLY ACCIDENT),FIXED OBJECT,45.64645095,-110.8906365
C000090W,316+0.598,,GALLATIN,March,2014,20:30,TUE,NON-JUNCTION,ON ROADWAY,CLEAR,ICE/FROST,DARK-NOT LIGHTED,POSSIBLE INJURY ACCIDENT,FIXED OBJECT,45.64669375,-110.889494
C000090W,316+0.729,NOT IN CITY LIMITS,GALLATIN,DECEMBER,2017,13:00,SAT,NON-JUNCTION,ROADSIDE LEFT,SNOW,SNOW,DAYLIGHT,NON-INJURY ACCIDENT (PROPERTY- DAMAGE-ONLY ACCIDENT),FIXED OBJECT,45.64702734,-110.8868851
C000090W,316+0.916,NOT IN CITY LIMITS,GALLATIN,NOVEMBER,2017,14:50,WED,NON-JUNCTION,ROADSIDE RIGHT,CLEAR,WET,DAYLIGHT,NON-INJURY ACCIDENT (PROPERTY- DAMAGE-ONLY ACCIDENT),FIXED OBJECT,45.64666646,-110.8830899
C000090W,316+0.941,NOT IN CITY LIMITS,GALLATIN,NOVEMBER,2017,6:40,TUE,NON-JUNCTION,ROADSIDE LEFT,CLOUDY,ICE/FROST,DARK-NOT LIGHTED,NON-INJURY ACCIDENT (PROPERTY- DAMAGE-ONLY ACCIDENT),FIXED OBJECT,45.64659133,-110.8826092
C000090W,317+0.000,,GALLATIN,May,2016,15:00,TUE,NON-JUNCTION,ON ROADWAY,SNOW,SLUSH,DAYLIGHT,NON-INCAPACITATING EVIDENT INJURY ACCIDENT,FIXED OBJECT,45.64632,-110.88053
C000090W,317+0.074,,GALLATIN,June,2015,14:27,TUE,NON-JUNCTION,ON ROADWAY,CLEAR,DRY,DAYLIGHT,NON-INJURY ACCIDENT (PROPERTY- DAMAGE-ONLY ACCIDENT),WILD ANIMAL,45.64628186,-110.8789843
C000090W,317+0.081,NOT IN CITY LIMITS,GALLATIN,APRIL,2017,8:15,THU,NON-JUNCTION,ON ROADWAY,CLEAR,DRY,DAYLIGHT,NON-INJURY ACCIDENT (PROPERTY- DAMAGE-ONLY ACCIDENT),"SIDESWIPE, SAME DIRECTION",45.64646836,-110.8788662
C000090W,317+0.093,NOT IN CITY LIMITS,GALLATIN,OCTOBER,2017,23:30,TUE,NON-JUNCTION,ROADSIDE LEFT,SNOW,SLUSH,DARK-NOT LIGHTED,NON-INJURY ACCIDENT (PROPERTY- DAMAGE-ONLY ACCIDENT),FIXED OBJECT,45.64625556,-110.8786054
C000090W,317+0.124,,GALLATIN,June,2015,14:37,TUE,NON-JUNCTION,ON ROADWAY,CLEAR,DRY,DAYLIGHT,NON-INCAPACITATING EVIDENT INJURY ACCIDENT,REAR-END,45.64629419,-110.8779509
C000090W,317+0.137,,GALLATIN,March,2016,21:20,THU,NON-JUNCTION,SHOULDER,SNOW,SLUSH,DARK-NOT LIGHTED,NON-INJURY ACCIDENT (PROPERTY- DAMAGE-ONLY ACCIDENT),ROLL OVER,45.64636004,-110.8777895
C000090W,317+0.180,NOT IN CITY LIMITS,GALLATIN,MARCH,2017,19:25,SUN,NON-JUNCTION,ON ROADWAY,RAIN,WET,DARK-NOT LIGHTED,NON-INJURY ACCIDENT (PROPERTY- DAMAGE-ONLY ACCIDENT),NOT FIXED OBJECT OR DEBRIS,45.6465298,-110.876906
C000090W,317+0.192,NOT IN CITY LIMITS,GALLATIN,MARCH,2017,16:20,WED,NON-JUNCTION,ON ROADWAY,CLOUDY,DRY,DAYLIGHT,NON-INJURY ACCIDENT (PROPERTY- DAMAGE-ONLY ACCIDENT),NOT FIXED OBJECT OR DEBRIS,45.64657079,-110.8766942
C000090W,317+0.236,,GALLATIN,April,2015,6:46,FRI,NON-JUNCTION,ON ROADWAY,CLEAR,ICE/FROST,DAYLIGHT,NON-INJURY ACCIDENT (PROPERTY- DAMAGE-ONLY ACCIDENT),REAR-END,45.64672451,-110.875738
C000090W,317+0.255,,GALLATIN,November,2015,11:02,MON,NON-JUNCTION,SHOULDER,SNOW,ICE/FROST,DAYLIGHT,NON-INJURY ACCIDENT (PROPERTY- DAMAGE-ONLY ACCIDENT),FIXED OBJECT,45.64696156,-110.8755371
C000090W,317+0.292,,GALLATIN,March,2014,9:52,THU,NON-JUNCTION,MEDIAN,CLEAR,ICE/FROST,DAYLIGHT,NON-INJURY ACCIDENT (PROPERTY- DAMAGE-ONLY ACCIDENT),FIXED OBJECT,45.6471685,-110.8747203
C000090W,317+0.329,,GALLATIN,March,2014,9:55,THU,NON-JUNCTION,ROADSIDE RIGHT,CLEAR,DRY,DAYLIGHT,NON-INJURY ACCIDENT (PROPERTY- DAMAGE-ONLY ACCIDENT),FIXED OBJECT,45.64756807,-110.8742012
C000090W,317+0.329,,GALLATIN,November,2014,12:55,SUN,NON-JUNCTION,ON ROADWAY,CLEAR,ICE/FROST,DAYLIGHT,NON-INJURY ACCIDENT (PROPERTY- DAMAGE-ONLY ACCIDENT),FIXED OBJECT,45.64751584,-110.8741773
C000090W,317+0.373,,GALLATIN,February,2015,17:10,WED,NON-JUNCTION,ROADSIDE RIGHT,SNOW,ICE/FROST,DAYLIGHT,NON-INJURY ACCIDENT (PROPERTY- DAMAGE-ONLY ACCIDENT),FIXED OBJECT,45.64790485,-110.8735131
C000090W,317+0.385,,GALLATIN,April,2016,10:36,WED,NON-JUNCTION,SHOULDER,SNOW,SLUSH,DAYLIGHT,POSSIBLE INJURY ACCIDENT,FIXED OBJECT,45.64797286,-110.8731778
C000090W,317+0.385,NOT IN CITY LIMITS,GALLATIN,AUGUST,2017,13:20,SUN,NON-JUNCTION,ROADSIDE RIGHT,CLEAR,DRY,DAYLIGHT,POSSIBLE INJURY ACCIDENT,ROLL OVER,45.64799183,-110.8732713
C000090W,317+0.391,,GALLATIN,July,2016,13:23,SUN,NON-JUNCTION,ROADSIDE RIGHT,CLOUDY,DRY,DAYLIGHT,INCAPACITATING INJURY ACCIDENT,FIXED OBJECT,45.64804753,-110.8731723
C000090W,317+0.410,,GALLATIN,November,2014,13:34,TUE,NON-JUNCTION,ROADSIDE RIGHT,CLOUDY,SNOW,DAYLIGHT,NON-INJURY ACCIDENT (PROPERTY- DAMAGE-ONLY ACCIDENT),FIXED OBJECT,45.64827222,-110.8728156
C000090W,317+0.429,,GALLATIN,December,2014,8:40,MON,NON-JUNCTION,MEDIAN,CLEAR,ICE/FROST,DAYLIGHT,NON-INJURY ACCIDENT (PROPERTY- DAMAGE-ONLY ACCIDENT),FIXED OBJECT,45.64838956,-110.8725304
C000090W,317+0.442,,GALLATIN,September,2015,13:50,SAT,NON-JUNCTION,ROADSIDE RIGHT,CLOUDY,DRY,DAYLIGHT,INCAPACITATING INJURY ACCIDENT,ROLL OVER,45.64843,-110.8723
C000090W,317+0.454,,GALLATIN,September,2015,12:00,FRI,NON-JUNCTION,ON ROADWAY,CLEAR,DRY,DAYLIGHT,NON-INJURY ACCIDENT (PROPERTY- DAMAGE-ONLY ACCIDENT),OTHER,45.64851725,-110.8720653
C000090W,317+0.454,NOT IN CITY LIMITS,GALLATIN,FEBRUARY,2017,14:55,MON,NON-JUNCTION,ON ROADWAY,CLEAR,WET,DAYLIGHT,NON-INJURY ACCIDENT (PROPERTY- DAMAGE-ONLY ACCIDENT),FIXED OBJECT,45.64852411,-110.8719736
C000090W,317+0.466,,GALLATIN,October,2014,13:40,SAT,NON-JUNCTION,ROADSIDE RIGHT,CLEAR,DRY,DAYLIGHT,FATAL ACCIDENT,ROLL OVER,45.64854129,-110.871756
C000090W,317+0.473,,GALLATIN,July,2014,16:10,WED,NON-JUNCTION,MEDIAN,CLEAR,DRY,DAYLIGHT,NON-INJURY ACCIDENT (PROPERTY- DAMAGE-ONLY ACCIDENT),ROLL OVER,45.64862412,-110.871723
C000090W,317+0.473,,GALLATIN,October,2015,22:26,WED,NON-JUNCTION,ON ROADWAY,CLOUDY,DRY,DARK-NOT LIGHTED,NON-INJURY ACCIDENT (PROPERTY- DAMAGE-ONLY ACCIDENT),NOT FIXED OBJECT OR DEBRIS,45.64866769,-110.871715
C000090W,317+0.485,NOT IN CITY LIMITS,GALLATIN,JANUARY,2017,16:20,WED,NON-JUNCTION,ROADSIDE RIGHT,CLOUDY,WET,DAYLIGHT,NON-INJURY ACCIDENT (PROPERTY- DAMAGE-ONLY ACCIDENT),ROLL OVER,45.64867511,-110.8713916
C000090W,317+0.491,,GALLATIN,August,2015,22:57,MON,NON-JUNCTION,SHOULDER,CLEAR,DRY,DARK-NOT LIGHTED,NON-INJURY ACCIDENT (PROPERTY- DAMAGE-ONLY ACCIDENT),ROLL OVER,45.64869667,-110.8712567
C000090W,317+0.535,,GALLATIN,October,2014,14:05,FRI,NON-JUNCTION,ON ROADWAY,CLOUDY,ICE/FROST,DAYLIGHT,NON-INJURY ACCIDENT (PROPERTY- DAMAGE-ONLY ACCIDENT),FIXED OBJECT,45.64873843,-110.8703696
C000090W,317+0.634,,GALLATIN,January,2014,15:40,WED,NON-JUNCTION,ROADSIDE RIGHT,SNOW,ICE/FROST,DAYLIGHT,NON-INCAPACITATING EVIDENT INJURY ACCIDENT,FIXED OBJECT,45.64848667,-110.8683183
C000090W,317+0.646,,GALLATIN,December,2014,9:27,TUE,NON-JUNCTION,ROADSIDE RIGHT,CLEAR,WET,DAYLIGHT,NON-INJURY ACCIDENT (PROPERTY- DAMAGE-ONLY ACCIDENT),FIXED OBJECT,45.6484025,-110.8681138
C000090W,317+0.659,NOT IN CITY LIMITS,GALLATIN,NOVEMBER,2017,3:45,TUE,NON-JUNCTION,ROADSIDE LEFT,CLOUDY,ICE/FROST,DARK-NOT LIGHTED,NON-INJURY ACCIDENT (PROPERTY- DAMAGE-ONLY ACCIDENT),FIXED OBJECT,45.64840997,-110.86791
C000090W,317+0.671,,GALLATIN,December,2016,20:20,THU,NON-JUNCTION,ROADSIDE RIGHT,CLOUDY,DRY,DARK-NOT LIGHTED,NON-INJURY ACCIDENT (PROPERTY- DAMAGE-ONLY ACCIDENT),FIXED OBJECT,45.64844372,-110.86767
C000090W,317+0.709,,GALLATIN,May,2016,5:15,THU,NON-JUNCTION,ROADSIDE LEFT,CLEAR,DRY,DAWN,NON-INCAPACITATING EVIDENT INJURY ACCIDENT,FIXED OBJECT,45.64836917,-110.8668307
C000090W,317+0.709,,GALLATIN,December,2016,12:45,FRI,NON-JUNCTION,ON ROADWAY,SNOW,ICE/FROST,DAYLIGHT,NON-INJURY ACCIDENT (PROPERTY- DAMAGE-ONLY ACCIDENT),FIXED OBJECT,45.64831283,-110.8668564
C000090W,317+0.728,NOT IN CITY LIMITS,GALLATIN,MAY,2017,17:20,THU,NON-JUNCTION,MEDIAN,RAIN,WET,DAYLIGHT,NON-INCAPACITATING EVIDENT INJURY ACCIDENT,FIXED OBJECT,45.64816666,-110.8665161
C000090W,317+0.765,,GALLATIN,February,2015,11:50,WED,NON-JUNCTION,ROADSIDE RIGHT,CLOUDY,DRY,DAYLIGHT,NON-INJURY ACCIDENT (PROPERTY- DAMAGE-ONLY ACCIDENT),FIXED OBJECT,45.64823167,-110.8657433
C000090W,317+0.771,,GALLATIN,December,2015,9:50,WED,NON-JUNCTION,ROADSIDE RIGHT,CLOUDY,ICE/FROST,DAYLIGHT,NON-INJURY ACCIDENT (PROPERTY- DAMAGE-ONLY ACCIDENT),FIXED OBJECT,45.64829517,-110.8655882
C000090W,317+0.778,,GALLATIN,January,2014,9:10,WED,NON-JUNCTION,SHOULDER,SNOW,ICE/FROST,DAYLIGHT,NON-INCAPACITATING EVIDENT INJURY ACCIDENT,ROLL OVER,45.64822446,-110.8655251
C000090W,317+0.877,,GALLATIN,June,2015,12:40,TUE,NON-JUNCTION,SHOULDER,CLEAR,DRY,DAYLIGHT,NON-INJURY ACCIDENT (PROPERTY- DAMAGE-ONLY ACCIDENT),FIRE/ EXPLOSION,45.64871621,-110.8636131
C000090W,317+0.889,,GALLATIN,November,2016,15:30,THU,NON-JUNCTION,ON ROADWAY,CLOUDY,ICE/FROST,DAYLIGHT,NON-INJURY ACCIDENT (PROPERTY- DAMAGE-ONLY ACCIDENT),FIXED OBJECT,45.64880282,-110.8633819
C000090W,317+0.989,,GALLATIN,March,2016,22:14,THU,NON-JUNCTION,SHOULDER,CLOUDY,SLUSH,DARK-NOT LIGHTED,NON-INJURY ACCIDENT (PROPERTY- DAMAGE-ONLY ACCIDENT),FIXED OBJECT,45.64961723,-110.8616427
C000090W,318+0.006,,GALLATIN,April,2016,12:30,FRI,NON-JUNCTION,ROADSIDE RIGHT,SNOW,WET,DAYLIGHT,NON-INJURY ACCIDENT (PROPERTY- DAMAGE-ONLY ACCIDENT),FIXED OBJECT,45.64966595,-110.861433
C000090W,318+0.099,NOT IN CITY LIMITS,GALLATIN,NOVEMBER,2017,3:20,TUE,NON-JUNCTION,ROADSIDE LEFT,CLOUDY,ICE/FROST,DARK-NOT LIGHTED,NON-INJURY ACCIDENT (PROPERTY- DAMAGE-ONLY ACCIDENT),FIXED OBJECT,45.65040887,-110.8598464
C000090W,318+0.286,NOT IN CITY LIMITS,GALLATIN,OCTOBER,2017,18:06,SUN,NON-JUNCTION,ON ROADWAY,BLOWING SNOW,SLUSH,DAYLIGHT,NON-INCAPACITATING EVIDENT INJURY ACCIDENT,FIXED OBJECT,45.65193939,-110.8566208
C000090W,318+0.367,,GALLATIN,January,2016,11:30,MON,NON-JUNCTION,ROADSIDE RIGHT,SNOW,SLUSH,DAYLIGHT,NON-INJURY ACCIDENT (PROPERTY- DAMAGE-ONLY ACCIDENT),FIXED OBJECT,45.65255748,-110.8551655
C000090W,318+0.410,NOT IN CITY LIMITS,GALLATIN,SEPTEMBER,2017,8:20,FRI,NON-JUNCTION,ROADSIDE LEFT,CLOUDY,SLUSH,DAYLIGHT,NON-INJURY ACCIDENT (PROPERTY- DAMAGE-ONLY ACCIDENT),FIXED OBJECT,45.65289561,-110.8544347
C000090W,318+0.423,,GALLATIN,November,2014,13:40,TUE,NON-JUNCTION,ROADSIDE RIGHT,SNOW,SLUSH,DAYLIGHT,NON-INJURY ACCIDENT (PROPERTY- DAMAGE-ONLY ACCIDENT),FIXED OBJECT,45.65304229,-110.8542522
C000090W,318+0.441,NOT IN CITY LIMITS,GALLATIN,NOVEMBER,2017,10:26,SAT,NON-JUNCTION,ON ROADWAY,SNOW,SLUSH,DAYLIGHT,NON-INJURY ACCIDENT (PROPERTY- DAMAGE-ONLY ACCIDENT),FIXED OBJECT,45.65317772,-110.8539657
C000090W,318+0.466,,GALLATIN,November,2015,3:00,THU,NON-JUNCTION,ROADSIDE RIGHT,CLOUDY,DRY,DARK-NOT LIGHTED,POSSIBLE INJURY ACCIDENT,ROLL OVER,45.65342332,-110.8535033
C000090W,318+0.479,NOT IN CITY LIMITS,GALLATIN,NOVEMBER,2017,4:40,WED,NON-JUNCTION,ROADSIDE LEFT,SNOW,SLUSH,DARK-NOT LIGHTED,NON-INCAPACITATING EVIDENT INJURY ACCIDENT,FIXED OBJECT,45.65346028,-110.8532571
C000090W,318+0.585,,GALLATIN,November,2015,10:45,WED,NON-JUNCTION,MEDIAN,CLOUDY,SLUSH,DAYLIGHT,NON-INJURY ACCIDENT (PROPERTY- DAMAGE-ONLY ACCIDENT),FIXED OBJECT,45.65442869,-110.851628
C000090W,318+0.597,,GALLATIN,October,2016,3:40,MON,NON-JUNCTION,ON ROADWAY,CLOUDY,WET,DARK-NOT LIGHTED,NON-INJURY ACCIDENT (PROPERTY- DAMAGE-ONLY ACCIDENT),WILD ANIMAL,45.65459881,-110.8515297
C000090W,318+0.597,,GALLATIN,October,2016,3:45,MON,NON-JUNCTION,ON ROADWAY,CLOUDY,WET,DARK-NOT LIGHTED,NON-INJURY ACCIDENT (PROPERTY- DAMAGE-ONLY ACCIDENT),NOT FIXED OBJECT OR DEBRIS,45.65461361,-110.8515103
C000090W,318+0.603,,GALLATIN,December,2014,8:30,WED,NON-JUNCTION,ROADSIDE RIGHT,CLEAR,ICE/FROST,DAYLIGHT,NON-INJURY ACCIDENT (PROPERTY- DAMAGE-ONLY ACCIDENT),FIXED OBJECT,45.65462543,-110.8513708
C000090W,318+0.796,,GALLATIN,July,2016,0:00,TUE,NON-JUNCTION,ROADSIDE RIGHT,UNKNOWN,DRY,UNKNOWN,NON-INJURY ACCIDENT (PROPERTY- DAMAGE-ONLY ACCIDENT),FIXED OBJECT,45.65670722,-110.8487571
C000090W,318+0.946,,GALLATIN,June,2015,22:55,TUE,NON-JUNCTION,ON ROADWAY,CLEAR,DRY,DARK-NOT LIGHTED,NON-INJURY ACCIDENT (PROPERTY- DAMAGE-ONLY ACCIDENT),WILD ANIMAL,45.65832,-110.8467
C000090W,319+0.000,,GALLATIN,November,2014,5:00,MON,NON-JUNCTION,SHOULDER,SNOW,ICE/FROST,DARK-NOT LIGHTED,NON-INJURY ACCIDENT (PROPERTY- DAMAGE-ONLY ACCIDENT),ROLL OVER,45.65848,-110.8463
C000090W,319+0.031,,GALLATIN,May,2014,17:10,TUE,NON-JUNCTION,ON ROADWAY,CLOUDY,DRY,DAYLIGHT,NON-INJURY ACCIDENT (PROPERTY- DAMAGE-ONLY ACCIDENT),OTHER,45.65889195,-110.8459204
C000090W,319+0.056,,GALLATIN,November,2015,23:45,TUE,NON-JUNCTION,ON ROADWAY,SNOW,ICE/FROST,DARK-NOT LIGHTED,NON-INJURY ACCIDENT (PROPERTY- DAMAGE-ONLY ACCIDENT),REAR-END,45.65915203,-110.8455964
C000090W,319+0.100,NOT IN CITY LIMITS,GALLATIN,DECEMBER,2017,13:15,MON,NON-JUNCTION,MEDIAN,CLOUDY,ICE/FROST,DAYLIGHT,NON-INJURY ACCIDENT (PROPERTY- DAMAGE-ONLY ACCIDENT),ROLL OVER,45.65951938,-110.8449419
C000090W,319+0.995,,GALLATIN,December,2014,8:36,MON,NON-JUNCTION,ON ROADWAY,BLOWING SNOW,SNOW,DAYLIGHT,INCAPACITATING INJURY ACCIDENT,REAR-END,45.66681,-110.82996
C000090W,319+0.995,,GALLATIN,June,2015,8:50,SAT,NON-JUNCTION,ROADSIDE RIGHT,CLEAR,DRY,DAYLIGHT,NON-INCAPACITATING EVIDENT INJURY ACCIDENT,ROLL OVER,45.66680864,-110.829962
C000090W,320+0.058,NOT IN CITY LIMITS,GALLATIN,MAY,2017,9:16,WED,NON-JUNCTION,ON ROADWAY,CLEAR,DRY,DAYLIGHT,NON-INJURY ACCIDENT (PROPERTY- DAMAGE-ONLY ACCIDENT),WILD ANIMAL,45.66688176,-110.828756
C000090W,320+0.138,,GALLATIN,May,2015,14:45,SUN,NON-JUNCTION,ON ROADWAY,CLEAR,DRY,DAYLIGHT,NON-INCAPACITATING EVIDENT INJURY ACCIDENT,ROLL OVER,45.66718088,-110.8271344
C000090W,320+0.145,,GALLATIN,July,2015,14:07,SUN,NON-JUNCTION,ROADSIDE RIGHT,CLEAR,DRY,DAYLIGHT,INCAPACITATING INJURY ACCIDENT,ROLL OVER,45.66719266,-110.827056
C000090W,320+0.256,,GALLATIN,September,2016,9:05,SUN,NON-JUNCTION,ROADSIDE RIGHT,CLOUDY,DRY,DAYLIGHT,NON-INJURY ACCIDENT (PROPERTY- DAMAGE-ONLY ACCIDENT),FIXED OBJECT,45.66724172,-110.824748
C000090W,320+0.425,NOT IN CITY LIMITS,GALLATIN,AUGUST,2017,10:50,FRI,NON-JUNCTION,ON ROADWAY,CLEAR,DRY,DAYLIGHT,NON-INCAPACITATING EVIDENT INJURY ACCIDENT,ROLL OVER,45.66722201,-110.8211988
C000090W,320+0.443,,GALLATIN,May,2015,21:15,MON,NON-JUNCTION,ON ROADWAY,CLOUDY,DRY,DARK-NOT LIGHTED,NON-INJURY ACCIDENT (PROPERTY- DAMAGE-ONLY ACCIDENT),WILD ANIMAL,45.66725,-110.8209
C000090W,320+0.463,NOT IN CITY LIMITS,GALLATIN,DECEMBER,2017,18:50,WED,NON-JUNCTION,ON ROADWAY,CLOUDY,ICE/FROST,DARK-NOT LIGHTED,NON-INJURY ACCIDENT (PROPERTY- DAMAGE-ONLY ACCIDENT),JACKKNIFE,45.66731048,-110.8205012
C000090W,320+0.475,,GALLATIN,July,2015,23:00,THU,NON-JUNCTION,ON ROADWAY,CLEAR,WET,DARK-NOT LIGHTED,NON-INCAPACITATING EVIDENT INJURY ACCIDENT,WILD ANIMAL,45.66727333,-110.820185
C000090W,320+0.506,,GALLATIN,September,2014,16:30,MON,NON-JUNCTION,ON ROADWAY,CLOUDY,DRY,DAYLIGHT,NON-INJURY ACCIDENT (PROPERTY- DAMAGE-ONLY ACCIDENT),FIXED OBJECT,45.66726293,-110.8196112
C000090W,320+0.531,,GALLATIN,December,2014,8:00,TUE,NON-JUNCTION,ON ROADWAY,CLEAR,ICE/FROST,DAYLIGHT,NON-INJURY ACCIDENT (PROPERTY- DAMAGE-ONLY ACCIDENT),FIRE/ EXPLOSION,45.66720667,-110.819025
C000090W,320+0.568,,GALLATIN,July,2016,18:40,SUN,NON-JUNCTION,MEDIAN,CLEAR,DRY,DAYLIGHT,NON-INJURY ACCIDENT (PROPERTY- DAMAGE-ONLY ACCIDENT),JACKKNIFE,45.66733461,-110.818303
C000090W,320+0.599,,GALLATIN,January,2014,3:00,WED,NON-JUNCTION,ROADSIDE RIGHT,SNOW,SNOW,DARK-NOT LIGHTED,NON-INJURY ACCIDENT (PROPERTY- DAMAGE-ONLY ACCIDENT),ROLL OVER,45.6673414,-110.8176746
C000090W,320+0.624,,GALLATIN,February,2015,8:11,SUN,NON-JUNCTION,SHOULDER,SNOW,SNOW,DAYLIGHT,NON-INJURY ACCIDENT (PROPERTY- DAMAGE-ONLY ACCIDENT),FIXED OBJECT,45.66738239,-110.8171008
C000090W,320+0.680,,GALLATIN,February,2015,20:45,SUN,NON-JUNCTION,ROADSIDE RIGHT,SNOW,ICE/FROST,DARK-NOT LIGHTED,NON-INCAPACITATING EVIDENT INJURY ACCIDENT,ROLL OVER,45.66744047,-110.8160285
C000090W,320+0.730,NOT IN CITY LIMITS,GALLATIN,JULY,2017,22:01,MON,NON-JUNCTION,ON ROADWAY,CLOUDY,DRY,DUSK,NON-INJURY ACCIDENT (PROPERTY- DAMAGE-ONLY ACCIDENT),WILD ANIMAL,45.66737253,-110.8149064