MDT_CORRIDOR_ID,SMS_REFPOST_OFFSET,CITY,COUNTY,Month,Year,SMS_TIME,SMT_CRASH_OCC_DAY_OF_WEEK,JUNCTION_RELATED,ROADWAY_RELATED,WEATHER_COND,ROAD_COND,LIGHT_COND,CRASH_SEVERITY,COLLISION_TYPE,LATITUDE,LONGITUDE
C000090W,320+1.010,,GALLATIN,March,2014,11:15,SUN,NON-JUNCTION,ROADSIDE RIGHT,SNOW,SLUSH,DAYLIGHT,NON-INJURY ACCIDENT (PROPERTY- DAMAGE-ONLY ACCIDENT),FIXED OBJECT,45.66774784,-110.8091642
C000090W,320+1.023,,GALLATIN,July,2016,17:00,SAT,NON-JUNCTION,ON ROADWAY,CLOUDY,WET,DAYLIGHT,POSSIBLE INJURY ACCIDENT,REAR-END,45.6677,-110.80889
C000090W,320+1.023,NOT IN CITY LIMITS,GALLATIN,JANUARY,2017,14:55,MON,NON-JUNCTION,ROADSIDE LEFT,SNOW,ICE/FROST,DAYLIGHT,NON-INCAPACITATING EVIDENT INJURY ACCIDENT,FIXED OBJECT,45.6677,-110.80889
C000090W,320+1.023,NOT IN CITY LIMITS,GALLATIN,JANUARY,2017,14:55,MON,NON-JUNCTION,ROADSIDE RIGHT,BLOWING SNOW,ICE/FROST,DAYLIGHT,POSSIBLE INJURY ACCIDENT,ROLL OVER,45.6677,-110.80889
C000090W,321+0.009,,GALLATIN,May,2016,18:00,THU,NON-JUNCTION,ON ROADWAY,CLOUDY,DRY,DAYLIGHT,NON-INCAPACITATING EVIDENT INJURY ACCIDENT,FIRE/ EXPLOSION,45.66775148,-110.8087361
C000090W,321+0.027,,GALLATIN,March,2014,19:00,SUN,NON-JUNCTION,ROADSIDE RIGHT,CLOUDY,ICE/FROST,DARK-NOT LIGHTED,NON-INJURY ACCIDENT (PROPERTY- DAMAGE-ONLY ACCIDENT),FIXED OBJECT,45.66776833,-110.8082517
C000090W,321+0.027,,GALLATIN,December,2016,13:28,FRI,NON-JUNCTION,SHOULDER,BLOWING SNOW,ICE/FROST,DAYLIGHT,NON-INCAPACITATING EVIDENT INJURY ACCIDENT,ROLL OVER,45.66777073,-110.8083728
C000090W,321+0.121,,GALLATIN,February,2014,16:35,FRI,NON-JUNCTION,SHOULDER,SNOW,SNOW,DAYLIGHT,NON-INJURY ACCIDENT (PROPERTY- DAMAGE-ONLY ACCIDENT),FIXED OBJECT,45.66768667,-110.8063817
C000090W,321+0.133,NOT IN CITY LIMITS,GALLATIN,APRIL,2017,3:45,TUE,NON-JUNCTION,ROADSIDE LEFT,SNOW,ICE/FROST,DARK-NOT LIGHTED,NON-INJURY ACCIDENT (PROPERTY- DAMAGE-ONLY ACCIDENT),ROLL OVER,45.66738462,-110.806156
C000090W,321+0.358,,GALLATIN,November,2014,0:00,SUN,NON-JUNCTION,ROADSIDE RIGHT,CLOUDY,ICE/FROST,DAYLIGHT,NON-INJURY ACCIDENT (PROPERTY- DAMAGE-ONLY ACCIDENT),FIXED OBJECT,45.66572612,-110.8023203
C000090W,321+0.420,,GALLATIN,December,2016,9:30,THU,NON-JUNCTION,ROADSIDE LEFT,SNOW,ICE/FROST,DAYLIGHT,NON-INCAPACITATING EVIDENT INJURY ACCIDENT,FIXED OBJECT,45.66505665,-110.8015434
C000090W,321+0.506,NOT IN CITY LIMITS,GALLATIN,JANUARY,2017,7:05,THU,NON-JUNCTION,ROADSIDE RIGHT,SNOW,ICE/FROST,DUSK,NON-INJURY ACCIDENT (PROPERTY- DAMAGE-ONLY ACCIDENT),FIXED OBJECT,45.66441125,-110.8000458
C000090W,321+0.512,,GALLATIN,February,2014,13:35,TUE,NON-JUNCTION,SHOULDER,SNOW,SNOW,DAYLIGHT,NON-INJURY ACCIDENT (PROPERTY- DAMAGE-ONLY ACCIDENT),FIXED OBJECT,45.66427471,-110.8000117
C000090W,321+0.574,NOT IN CITY LIMITS,GALLATIN,NOVEMBER,2017,7:25,WED,NON-JUNCTION,ROADSIDE RIGHT,CLOUDY,ICE/FROST,DAYLIGHT,NON-INJURY ACCIDENT (PROPERTY- DAMAGE-ONLY ACCIDENT),FIXED OBJECT,45.66392935,-110.7987879
C000090W,321+0.586,,GALLATIN,December,2016,14:03,FRI,NON-JUNCTION,ON ROADWAY,SNOW,ICE/FROST,DAYLIGHT,NON-INJURY ACCIDENT (PROPERTY- DAMAGE-ONLY ACCIDENT),FIXED OBJECT,45.66383182,-110.7985772
C000090W,321+0.636,,GALLATIN,March,2014,2:43,TUE,NON-JUNCTION,ON ROADWAY,SNOW,SNOW,DARK-NOT LIGHTED,NON-INJURY ACCIDENT (PROPERTY- DAMAGE-ONLY ACCIDENT),RIGHT ANGLE,45.6637,-110.797525
C000180N,000+0.156,BELGRADE,GALLATIN,November,2014,8:22,TUE,INTERSECTION,ON ROADWAY,CLEAR,ICE/FROST,DAYLIGHT,NON-INJURY ACCIDENT (PROPERTY- DAMAGE-ONLY ACCIDENT),RIGHT ANGLE,45.78093857,-111.1739267
C000181N,000+0.000,BELGRADE,GALLATIN,March,2013,19:05,WED,INTERSECTION,ON ROADWAY,CLEAR,DRY,DAYLIGHT,NON-INJURY ACCIDENT (PROPERTY- DAMAGE-ONLY ACCIDENT),"LEFT TURN, OPPOSITE DIRECTION",45.77813547,-111.1809084
C000181N,000+0.000,BELGRADE,GALLATIN,April,2014,12:45,SAT,INTERSECTION,ROADSIDE RIGHT,CLEAR,DRY,DAYLIGHT,NON-INJURY ACCIDENT (PROPERTY- DAMAGE-ONLY ACCIDENT),OTHER,45.77813547,-111.1809084
C000181N,000+0.000,BELGRADE,GALLATIN,November,2014,18:30,FRI,INTERSECTION,ON ROADWAY,CLEAR,DRY,DARK-LIGHTED,NON-INJURY ACCIDENT (PROPERTY- DAMAGE-ONLY ACCIDENT),RIGHT ANGLE,45.77813547,-111.1809084
C000181N,000+0.000,BELGRADE,GALLATIN,February,2015,8:55,TUE,INTERSECTION,SHOULDER,CLOUDY,DRY,DAYLIGHT,NON-INJURY ACCIDENT (PROPERTY- DAMAGE-ONLY ACCIDENT),FIXED OBJECT,45.77813547,-111.1809084
C000181N,000+0.000,BELGRADE,GALLATIN,DECEMBER,2017,12:28,WED,INTERSECTION,ROADSIDE LEFT,"FOG, SMOG, SMOKE",ICE/FROST,DAYLIGHT,NON-INJURY ACCIDENT (PROPERTY- DAMAGE-ONLY ACCIDENT),FIXED OBJECT,45.77816206,-111.1808944
C000181N,000+0.005,BELGRADE,GALLATIN,August,2016,14:40,FRI,INTERSECTION-RELATED,ON ROADWAY,CLEAR,DRY,DAYLIGHT,NON-INJURY ACCIDENT (PROPERTY- DAMAGE-ONLY ACCIDENT),HEAD ON,45.77817407,-111.1808626
C000181N,000+0.005,BELGRADE,GALLATIN,OCTOBER,2017,12:14,TUE,INTERSECTION,ON ROADWAY,CLEAR,DRY,DAYLIGHT,NON-INJURY ACCIDENT (PROPERTY- DAMAGE-ONLY ACCIDENT),REAR-END,45.77816381,-111.1808715
C000181N,000+0.092,BELGRADE,GALLATIN,December,2016,12:30,THU,INTERSECTION,ON ROADWAY,CLEAR,ICE/FROST,DAYLIGHT,NON-INCAPACITATING EVIDENT INJURY ACCIDENT,BICYCLE,45.77920771,-111.1798076
C000181N,000+0.267,BELGRADE,GALLATIN,January,2015,15:50,MON,INTERSECTION,ON ROADWAY,CLEAR,ICE/FROST,DAYLIGHT,NON-INJURY ACCIDENT (PROPERTY- DAMAGE-ONLY ACCIDENT),REAR-END,45.78125241,-111.1776191
C000181N,000+0.319,BELGRADE,GALLATIN,December,2014,12:45,FRI,INTERSECTION-RELATED,ON ROADWAY,CLOUDY,SNOW,DAYLIGHT,POSSIBLE INJURY ACCIDENT,REAR-END,45.78228521,-111.1765155
C000181N,000+0.535,HAVRE,GALLATIN,May,2014,13:57,FRI,INTERSECTION,ON ROADWAY,CLEAR,DRY,DAYLIGHT,NON-INJURY ACCIDENT (PROPERTY- DAMAGE-ONLY ACCIDENT),RIGHT ANGLE,48.54795975,-109.6777892
C000182N,000+0.000,BELGRADE,GALLATIN,December,2016,15:26,WED,INTERSECTION,ON ROADWAY,CLEAR,ICE/FROST,DAYLIGHT,NON-INJURY ACCIDENT (PROPERTY- DAMAGE-ONLY ACCIDENT),"SIDESWIPE, OPPOSITE DIRECTION",45.77749849,-111.1795741
C000182N,000+0.000,BELGRADE,GALLATIN,JULY,2017,8:45,THU,INTERSECTION,IN PARKING LANE OR ZONE,CLEAR,DRY,DAYLIGHT,UNKNOWN,REAR TO FRONT,45.7775664,-111.1795506
C000182N,000+0.178,BELGRADE,GALLATIN,May,2013,15:40,TUE,INTERSECTION,ON ROADWAY,CLOUDY,DRY,DAYLIGHT,NON-INJURY ACCIDENT (PROPERTY- DAMAGE-ONLY ACCIDENT),RIGHT ANGLE,45.77954898,-111.1774311
C000182N,000+0.268,BELGRADE,GALLATIN,JANUARY,2017,12:39,MON,INTERSECTION,ON ROADWAY,CLEAR,ICE/FROST,DAYLIGHT,NON-INJURY ACCIDENT (PROPERTY- DAMAGE-ONLY ACCIDENT),RIGHT ANGLE,45.78060996,-111.1762904
C000182N,000+0.535,BELGRADE,GALLATIN,January,2015,16:10,FRI,INTERSECTION,ON ROADWAY,CLEAR,DRY,DAYLIGHT,NON-INJURY ACCIDENT (PROPERTY- DAMAGE-ONLY ACCIDENT),RIGHT ANGLE,45.78370616,-111.1730391
C000182N,000+0.645,BELGRADE,GALLATIN,January,2013,17:00,FRI,INTERSECTION,ON ROADWAY,CLOUDY,ICE/FROST,DUSK,NON-INJURY ACCIDENT (PROPERTY- DAMAGE-ONLY ACCIDENT),"SIDESWIPE, OPPOSITE DIRECTION",45.78528695,-111.1729383
C000183N,000+0.000,BELGRADE,GALLATIN,April,2013,11:40,FRI,INTERSECTION,ON ROADWAY,CLEAR,DRY,DAYLIGHT,NON-INJURY ACCIDENT (PROPERTY- DAMAGE-ONLY ACCIDENT),RIGHT ANGLE,45.77291841,-111.1824023
C000183N,000+0.024,BELGRADE,GALLATIN,September,2015,18:08,FRI,INTERSECTION-RELATED,ON ROADWAY,CLEAR,DRY,DAYLIGHT,INCAPACITATING INJURY ACCIDENT,FIXED OBJECT,45.77321574,-111.182119
C000184N,000+0.000,,GALLATIN,October,2015,9:40,SUN,INTERSECTION,ON ROADWAY,CLOUDY,DRY,DAYLIGHT,NON-INJURY ACCIDENT (PROPERTY- DAMAGE-ONLY ACCIDENT),BACKING VEHICLE,45.78174333,-111.1685933
C000184N,000+0.204,BELGRADE,GALLATIN,November,2016,15:35,WED,NON-JUNCTION,OFF ROADWAY LOCATION UNKNOWN,CLEAR,DRY,DAYLIGHT,NON-INJURY ACCIDENT (PROPERTY- DAMAGE-ONLY ACCIDENT),FIXED OBJECT,45.77943846,-111.1720523
C000184N,000+0.304,MEDICINE LAKE,GALLATIN,June,2014,23:04,SAT,NON-JUNCTION,ON ROADWAY,CLEAR,DRY,DARK-LIGHTED,NON-INJURY ACCIDENT (PROPERTY- DAMAGE-ONLY ACCIDENT),"SIDESWIPE, SAME DIRECTION",48.50131437,-104.504034
C000184N,000+0.431,BELGRADE,GALLATIN,January,2016,12:05,SUN,NON-JUNCTION,SHOULDER,CLEAR,ICE/FROST,DAYLIGHT,NON-INJURY ACCIDENT (PROPERTY- DAMAGE-ONLY ACCIDENT),OTHER,45.77670146,-111.1747673
C000184N,000+0.519,BELGRADE,GALLATIN,DECEMBER,2017,15:50,WED,INTERSECTION-RELATED,ON ROADWAY,CLEAR,SNOW,DAYLIGHT,NON-INJURY ACCIDENT (PROPERTY- DAMAGE-ONLY ACCIDENT),RIGHT ANGLE,45.77578365,-111.1759535
C000186N,000+0.000,BELGRADE,GALLATIN,July,2014,15:10,THU,INTERSECTION,ON ROADWAY,CLEAR,DRY,DAYLIGHT,NON-INJURY ACCIDENT (PROPERTY- DAMAGE-ONLY ACCIDENT),OTHER,45.77541091,-111.1700922
C000187N,000+0.000,BELGRADE,GALLATIN,AUGUST,2017,15:13,MON,INTERSECTION,ON ROADWAY,CLEAR,DRY,DAYLIGHT,NON-INJURY ACCIDENT (PROPERTY- DAMAGE-ONLY ACCIDENT),RIGHT ANGLE,45.7677826,-111.1661492
C000187N,000+0.269,BELGRADE,GALLATIN,February,2016,7:55,FRI,NON-JUNCTION,ON ROADWAY,CLEAR,DRY,DAYLIGHT,NON-INJURY ACCIDENT (PROPERTY- DAMAGE-ONLY ACCIDENT),REAR TO FRONT,45.77007694,-111.1705796
C000187N,000+0.464,,GALLATIN,July,2015,16:43,SAT,NON-JUNCTION,SHOULDER,CLEAR,DRY,DAYLIGHT,NON-INJURY ACCIDENT (PROPERTY- DAMAGE-ONLY ACCIDENT),PARKED VEHICLE,45.77174995,-111.17393
C000188N,000+0.000,BELGRADE,GALLATIN,June,2014,18:35,MON,INTERSECTION-RELATED,ON ROADWAY,CLOUDY,DRY,DAYLIGHT,NON-INJURY ACCIDENT (PROPERTY- DAMAGE-ONLY ACCIDENT),REAR-END,45.77600376,-111.1849391
C000188N,000+0.000,BELGRADE,GALLATIN,March,2014,17:10,TUE,INTERSECTION-RELATED,ON ROADWAY,CLEAR,DRY,DAYLIGHT,NON-INJURY ACCIDENT (PROPERTY- DAMAGE-ONLY ACCIDENT),REAR-END,45.77600376,-111.1849391
C000188N,000+0.000,BELGRADE,GALLATIN,April,2015,17:35,FRI,INTERSECTION,ON ROADWAY,CLEAR,DRY,DAYLIGHT,NON-INJURY ACCIDENT (PROPERTY- DAMAGE-ONLY ACCIDENT),REAR-END,45.77600376,-111.1849391
C000188N,000+0.261,BELGRADE,GALLATIN,June,2014,15:18,WED,INTERSECTION,ON ROADWAY,CLEAR,DRY,DAYLIGHT,POSSIBLE INJURY ACCIDENT,RIGHT ANGLE,45.77423017,-111.1810015
C000188N,000+0.300,BELGRADE,GALLATIN,September,2013,19:00,WED,INTERSECTION,ON ROADWAY,CLEAR,DRY,DUSK,NON-INJURY ACCIDENT (PROPERTY- DAMAGE-ONLY ACCIDENT),FIXED OBJECT,45.77363515,-111.1798198
C000188N,000+0.300,BELGRADE,GALLATIN,June,2013,10:10,WED,INTERSECTION,ON ROADWAY,CLEAR,DRY,DAYLIGHT,NON-INJURY ACCIDENT (PROPERTY- DAMAGE-ONLY ACCIDENT),FIXED OBJECT,45.77363515,-111.1798198
C000189N,000+0.000,BELGRADE,GALLATIN,October,2013,8:43,FRI,INTERSECTION,ON ROADWAY,CLEAR,DRY,DAYLIGHT,NON-INJURY ACCIDENT (PROPERTY- DAMAGE-ONLY ACCIDENT),REAR-END,45.77490124,-111.1849578
C000189N,000+0.000,BELGRADE,GALLATIN,March,2013,21:50,SAT,INTERSECTION-RELATED,ON ROADWAY,CLEAR,DRY,DARK-NOT LIGHTED,NON-INJURY ACCIDENT (PROPERTY- DAMAGE-ONLY ACCIDENT),REAR-END,45.77490124,-111.1849578
C000189N,000+0.000,BELGRADE,GALLATIN,January,2013,0:42,THU,NON-JUNCTION,ON ROADWAY,CLEAR,DRY,DARK-NOT LIGHTED,NON-INJURY ACCIDENT (PROPERTY- DAMAGE-ONLY ACCIDENT),REAR-END,45.774905,-111.1849
C000189N,000+0.000,BELGRADE,GALLATIN,April,2013,15:50,MON,INTERSECTION,ON ROADWAY,,DRY,DAYLIGHT,NON-INJURY ACCIDENT (PROPERTY- DAMAGE-ONLY ACCIDENT),REAR-END,45.77490124,-111.1849578
C000189N,000+0.000,BELGRADE,GALLATIN,JUNE,2017,11:34,THU,INTERSECTION,ON ROADWAY,CLEAR,DRY,DAYLIGHT,NON-INJURY ACCIDENT (PROPERTY- DAMAGE-ONLY ACCIDENT),REAR-END,45.77490943,-111.1850002
C000189N,000+0.089,BELGRADE,GALLATIN,March,2014,18:10,MON,NON-JUNCTION,ON ROADWAY,CLEAR,DRY,DAYLIGHT,NON-INJURY ACCIDENT (PROPERTY- DAMAGE-ONLY ACCIDENT),"RIGHT TURN, SAME DIRECTION",45.7742129,-111.1833789
C000191N,000+0.228,BELGRADE,GALLATIN,February,2014,1:34,SUN,INTERSECTION,ROADSIDE LEFT,BLOWING SNOW,ICE/FROST,DARK-NOT LIGHTED,NON-INJURY ACCIDENT (PROPERTY- DAMAGE-ONLY ACCIDENT),FIXED OBJECT,45.77195988,-111.174578
C000192N,000+0.070,BELGRADE,GALLATIN,January,2014,20:00,WED,NON-JUNCTION,ON ROADWAY,CLEAR,DRY,DARK-NOT LIGHTED,NON-INJURY ACCIDENT (PROPERTY- DAMAGE-ONLY ACCIDENT),RIGHT ANGLE,45.76712152,-111.1763309
C000194N,000+0.042,BELGRADE,GALLATIN,August,2016,18:19,WED,NON-JUNCTION,SHOULDER,CLEAR,DRY,DAYLIGHT,NON-INJURY ACCIDENT (PROPERTY- DAMAGE-ONLY ACCIDENT),REAR TO SIDE,45.77059706,-111.170823
C000194N,000+0.067,BELGRADE,GALLATIN,November,2014,8:25,WED,INTERSECTION,ON ROADWAY,CLEAR,ICE/FROST,DAYLIGHT,NON-INJURY ACCIDENT (PROPERTY- DAMAGE-ONLY ACCIDENT),RIGHT ANGLE,45.77031731,-111.1710554
C000194N,000+0.067,BELGRADE,GALLATIN,October,2014,17:25,WED,INTERSECTION,ON ROADWAY,CLOUDY,DRY,DAYLIGHT,NON-INJURY ACCIDENT (PROPERTY- DAMAGE-ONLY ACCIDENT),RIGHT ANGLE,45.77031731,-111.1710554
C000194N,000+0.203,BELGRADE,GALLATIN,June,2013,20:22,WED,INTERSECTION,ON ROADWAY,CLOUDY,DRY,DAYLIGHT,POSSIBLE INJURY ACCIDENT,RIGHT ANGLE,45.76873013,-111.1727311
C000194N,000+0.203,BELGRADE,GALLATIN,January,2016,12:40,WED,THROUGH ROADWAY,SHOULDER,CLEAR,SNOW,DAYLIGHT,NON-INJURY ACCIDENT (PROPERTY- DAMAGE-ONLY ACCIDENT),REAR-END,45.76873698,-111.1726893
C000195N,000+0.000,BELGRADE,GALLATIN,July,2016,12:18,FRI,INTERSECTION-RELATED,ON ROADWAY,CLEAR,DRY,DAYLIGHT,NON-INJURY ACCIDENT (PROPERTY- DAMAGE-ONLY ACCIDENT),REAR-END,45.77286338,-111.1735988
C000195N,000+0.010,BELGRADE,GALLATIN,December,2016,14:50,SAT,NON-JUNCTION,ON ROADWAY,CLEAR,SNOW,DAYLIGHT,NON-INJURY ACCIDENT (PROPERTY- DAMAGE-ONLY ACCIDENT),RIGHT ANGLE,45.77285477,-111.1736404
C000195N,000+0.149,WOLF POINT,GALLATIN,March,2014,15:57,WED,INTERSECTION,ON ROADWAY,CLOUDY,SNOW,DAYLIGHT,POSSIBLE INJURY ACCIDENT,RIGHT ANGLE,48.085086,-105.64274
C000195N,000+0.240,BELGRADE,GALLATIN,December,2013,15:30,WED,NON-JUNCTION,ON ROADWAY,CLEAR,DRY,DAYLIGHT,POSSIBLE INJURY ACCIDENT,REAR-END,45.77281519,-111.1786801
C000195N,000+0.336,BELGRADE,GALLATIN,September,2014,9:13,FRI,INTERSECTION,ON ROADWAY,CLEAR,DRY,DAYLIGHT,POSSIBLE INJURY ACCIDENT,BICYCLE,45.77290752,-111.1805836
C000195N,000+0.336,BELGRADE,GALLATIN,January,2016,15:50,WED,INTERSECTION,ON ROADWAY,CLEAR,WET,DAYLIGHT,INCAPACITATING INJURY ACCIDENT,RIGHT ANGLE,45.77290108,-111.1805813
C000195N,000+0.336,BELGRADE,GALLATIN,JUNE,2017,10:35,FRI,INTERSECTION,ON ROADWAY,CLEAR,DRY,DAYLIGHT,NON-INJURY ACCIDENT (PROPERTY- DAMAGE-ONLY ACCIDENT),RIGHT ANGLE,45.77295093,-111.180598
C000198N,000+0.005,BELGRADE,GALLATIN,JULY,2017,18:59,SUN,INTERSECTION,ON ROADWAY,CLOUDY,DRY,DAYLIGHT,NON-INCAPACITATING EVIDENT INJURY ACCIDENT,RIGHT ANGLE,45.77013589,-111.1766309
C000198N,000+0.104,HELENA,GALLATIN,February,2014,17:20,THU,NON-JUNCTION,ON ROADWAY,CLOUDY,ICE/FROST,DAYLIGHT,NON-INJURY ACCIDENT (PROPERTY- DAMAGE-ONLY ACCIDENT),RIGHT ANGLE,46.60293421,-112.0178339
C000198N,000+0.135,HELENA,GALLATIN,January,2014,12:23,WED,INTERSECTION,ON ROADWAY,SNOW,SNOW,DAYLIGHT,NON-INJURY ACCIDENT (PROPERTY- DAMAGE-ONLY ACCIDENT),RIGHT ANGLE,46.60292461,-112.0187709
C000198N,000+0.199,BELGRADE,GALLATIN,July,2013,19:00,WED,INTERSECTION,ON ROADWAY,CLOUDY,DRY,DAYLIGHT,NON-INJURY ACCIDENT (PROPERTY- DAMAGE-ONLY ACCIDENT),RIGHT ANGLE,45.7702181,-111.1806185
C000198N,000+0.202,BELGRADE,GALLATIN,December,2016,11:15,SUN,NON-JUNCTION,IN PARKING LANE OR ZONE,CLEAR,SNOW,DAYLIGHT,NON-INJURY ACCIDENT (PROPERTY- DAMAGE-ONLY ACCIDENT),FIXED OBJECT,45.7702181,-111.1806185
C000199W,000+0.151,BELGRADE,GALLATIN,December,2013,16:50,WED,INTERSECTION,ON ROADWAY,BLOWING SNOW,ICE/FROST,DUSK,POSSIBLE INJURY ACCIDENT,RIGHT ANGLE,45.76932335,-111.1805223
C000199W,000+0.219,BELGRADE,GALLATIN,January,2016,16:59,SAT,INTERSECTION,ON ROADWAY,CLEAR,ICE/FROST,DAYLIGHT,NON-INJURY ACCIDENT (PROPERTY- DAMAGE-ONLY ACCIDENT),"SIDESWIPE, OPPOSITE DIRECTION",45.76935537,-111.1819188
C000205E,000+0.020,,GALLATIN,October,2015,16:40,MON,RAILWAY GRADE CROSSING,OUTSIDE RIGHT-OF-WAY (TRAFFICWAY),CLOUDY,DRY,DAYLIGHT,NON-INJURY ACCIDENT (PROPERTY- DAMAGE-ONLY ACCIDENT),RAILWAY VEHICLE,45.75121273,-111.1303606
C000205E,000+0.319,,GALLATIN,October,2015,11:00,MON,NON-JUNCTION,ON ROADWAY,RAIN,WET,DAYLIGHT,NON-INJURY ACCIDENT (PROPERTY- DAMAGE-ONLY ACCIDENT),FIXED OBJECT,45.90149166,-111.5290644
C000205E,000+0.540,,GALLATIN,July,2013,7:10,FRI,NON-JUNCTION,ON ROADWAY,CLEAR,DRY,DAYLIGHT,NON-INJURY ACCIDENT (PROPERTY- DAMAGE-ONLY ACCIDENT),WILD ANIMAL,45.901175,-111.524645
C000205E,000+0.599,,GALLATIN,January,2015,17:35,THU,NON-JUNCTION,ON ROADWAY,CLEAR,DRY,DUSK,POSSIBLE INJURY ACCIDENT,FIXED OBJECT,45.90126038,-111.5235253
C000205E,000+0.915,NOT IN CITY LIMITS,GALLATIN,SEPTEMBER,2017,14:10,THU,NON-JUNCTION,ROADSIDE RIGHT,RAIN,WET,DAYLIGHT,NON-INJURY ACCIDENT (PROPERTY- DAMAGE-ONLY ACCIDENT),IMMERSION,45.9006736,-111.5170024
C000205E,001+0.415,,GALLATIN,January,2015,21:20,THU,NON-JUNCTION,ROADSIDE RIGHT,CLEAR,DRY,DARK-NOT LIGHTED,NON-INCAPACITATING EVIDENT INJURY ACCIDENT,FIXED OBJECT,45.89880288,-111.5069568
C000205E,001+0.620,NOT IN CITY LIMITS,GALLATIN,SEPTEMBER,2017,20:20,WED,NON-JUNCTION,ON ROADWAY,CLOUDY,DRY,DARK-NOT LIGHTED,NON-INJURY ACCIDENT (PROPERTY- DAMAGE-ONLY ACCIDENT),WILD ANIMAL,45.89817968,-111.5028051
C000205E,001+0.873,NOT IN CITY LIMITS,GALLATIN,MARCH,2017,21:25,SAT,INTERSECTION-RELATED,ROADSIDE RIGHT,CLOUDY,DRY,DARK-NOT LIGHTED,NON-INJURY ACCIDENT (PROPERTY- DAMAGE-ONLY ACCIDENT),FIXED OBJECT,45.89724273,-111.497738
C000205E,002+0.000,,GALLATIN,June,2013,17:35,TUE,DRIVEWAY/ALLEY ACCESS RELATED,ON ROADWAY,CLEAR,DRY,DAYLIGHT,POSSIBLE INJURY ACCIDENT,"SIDESWIPE, SAME DIRECTION",45.89712264,-111.4971759
C000205E,002+0.186,NOT IN CITY LIMITS,GALLATIN,AUGUST,2017,1:00,THU,NON-JUNCTION,ROADSIDE RIGHT,CLEAR,DRY,DARK-NOT LIGHTED,POSSIBLE INJURY ACCIDENT,FIXED OBJECT,45.89649832,-111.4934892
C000205E,002+0.330,,GALLATIN,June,2013,7:17,SUN,DRIVEWAY/ALLEY ACCESS RELATED,ON ROADWAY,"FOG, SMOG, SMOKE",DRY,DAYLIGHT,POSSIBLE INJURY ACCIDENT,REAR-END,45.89606082,-111.4904329
C000205E,002+0.372,,GALLATIN,July,2016,16:10,WED,NON-JUNCTION,ON ROADWAY,CLOUDY,DRY,DAYLIGHT,NON-INCAPACITATING EVIDENT INJURY ACCIDENT,FIXED OBJECT,45.89592973,-111.4897444
C000205E,002+0.806,NOT IN CITY LIMITS,GALLATIN,APRIL,2017,18:50,MON,NON-JUNCTION,SHOULDER,CLOUDY,DRY,DAYLIGHT,NON-INJURY ACCIDENT (PROPERTY- DAMAGE-ONLY ACCIDENT),ROLL OVER,45.89439608,-111.4810206
C000205E,002+0.830,,GALLATIN,March,2013,8:30,SAT,NON-JUNCTION,SHOULDER,CLOUDY,DRY,DAYLIGHT,NON-INJURY ACCIDENT (PROPERTY- DAMAGE-ONLY ACCIDENT),ROLL OVER,45.89425737,-111.4803532
C000205E,002+0.844,,GALLATIN,October,2015,8:26,FRI,NON-JUNCTION,ROADSIDE RIGHT,CLEAR,DRY,DAYLIGHT,NON-INJURY ACCIDENT (PROPERTY- DAMAGE-ONLY ACCIDENT),ROLL OVER,45.89423166,-111.4802767
C000205E,002+0.912,NOT IN CITY LIMITS,GALLATIN,JUNE,2017,7:10,TUE,NON-JUNCTION,ROADSIDE RIGHT,CLOUDY,DRY,DAYLIGHT,INCAPACITATING INJURY ACCIDENT,ROLL OVER,45.89407524,-111.478891
C000205E,003+0.010,NOT IN CITY LIMITS,GALLATIN,AUGUST,2017,0:01,FRI,NON-JUNCTION,ROADSIDE RIGHT,UNKNOWN,DRY,UNKNOWN,NON-INJURY ACCIDENT (PROPERTY- DAMAGE-ONLY ACCIDENT),FIXED OBJECT,45.89368386,-111.4769524
C000205E,003+0.953,,GALLATIN,November,2016,21:40,TUE,NON-JUNCTION,ON ROADWAY,CLEAR,DRY,DARK-NOT LIGHTED,NON-INJURY ACCIDENT (PROPERTY- DAMAGE-ONLY ACCIDENT),DOMESTIC ANIMAL,45.89048632,-111.4580672
C000205E,003+0.960,,GALLATIN,May,2013,10:25,MON,DRIVEWAY/ALLEY ACCESS RELATED,ON ROADWAY,CLEAR,DRY,DAYLIGHT,NON-INJURY ACCIDENT (PROPERTY- DAMAGE-ONLY ACCIDENT),"LEFT TURN, SAME DIRECTION",45.89038812,-111.4578341
C000205E,004+0.287,,GALLATIN,July,2015,21:30,SUN,NON-JUNCTION,ROADSIDE LEFT,CLEAR,DRY,DARK-NOT LIGHTED,NON-INJURY ACCIDENT (PROPERTY- DAMAGE-ONLY ACCIDENT),FIXED OBJECT,45.88951167,-111.450675
C000205E,004+0.621,THREE FORKS,GALLATIN,January,2016,2:15,THU,NON-JUNCTION,OFF ROADWAY LOCATION UNKNOWN,SNOW,SNOW,DARK-NOT LIGHTED,NON-INJURY ACCIDENT (PROPERTY- DAMAGE-ONLY ACCIDENT),FIXED OBJECT,45.88650818,-111.4453001
C000205E,004+0.634,,GALLATIN,September,2016,18:15,TUE,NON-JUNCTION,ROADSIDE RIGHT,CLOUDY,DRY,DAYLIGHT,POSSIBLE INJURY ACCIDENT,FIXED OBJECT,45.88630407,-111.4451565