MDT_CORRIDOR_ID,SMS_REFPOST_OFFSET,CITY,COUNTY,Month,Year,SMS_TIME,SMT_CRASH_OCC_DAY_OF_WEEK,JUNCTION_RELATED,ROADWAY_RELATED,WEATHER_COND,ROAD_COND,LIGHT_COND,CRASH_SEVERITY,COLLISION_TYPE,LATITUDE,LONGITUDE
C000205E,004+0.689,NOT IN CITY LIMITS,GALLATIN,FEBRUARY,2017,18:30,THU,INTERSECTION,ON ROADWAY,CLEAR,ICE/FROST,DARK-NOT LIGHTED,NON-INCAPACITATING EVIDENT INJURY ACCIDENT,WILD ANIMAL,45.88602093,-111.4441753
C000205E,004+0.770,,GALLATIN,March,2013,10:30,MON,INTERSECTION,ROADSIDE RIGHT,CLOUDY,DRY,DAYLIGHT,UNKNOWN,FIXED OBJECT,45.88567187,-111.4425959
C000205E,004+0.782,,GALLATIN,October,2014,6:25,TUE,INTERSECTION-RELATED,OFF ROADWAY LOCATION UNKNOWN,CLEAR,DRY,DARK-NOT LIGHTED,NON-INJURY ACCIDENT (PROPERTY- DAMAGE-ONLY ACCIDENT),ROLL OVER,45.88566156,-111.4422954
C000205E,004+0.912,,GALLATIN,May,2016,22:30,TUE,NON-JUNCTION,ON ROADWAY,CLOUDY,DRY,DARK-NOT LIGHTED,NON-INJURY ACCIDENT (PROPERTY- DAMAGE-ONLY ACCIDENT),DOMESTIC ANIMAL,45.88512705,-111.4397074
C000205E,005+0.122,,GALLATIN,October,2014,14:30,WED,INTERSECTION-RELATED,ON ROADWAY,CLOUDY,DRY,DAYLIGHT,NON-INJURY ACCIDENT (PROPERTY- DAMAGE-ONLY ACCIDENT),FIXED OBJECT,45.88450385,-111.4358272
C000205E,005+0.433,,GALLATIN,August,2015,14:15,FRI,INTERSECTION-RELATED,ON ROADWAY,CLEAR,DRY,DAYLIGHT,NON-INJURY ACCIDENT (PROPERTY- DAMAGE-ONLY ACCIDENT),REAR-END,45.88441833,-111.4294333
C000205E,005+0.693,,GALLATIN,September,2015,20:12,SUN,NON-JUNCTION,ROADSIDE RIGHT,CLEAR,DRY,DARK-NOT LIGHTED,NON-INJURY ACCIDENT (PROPERTY- DAMAGE-ONLY ACCIDENT),FIXED OBJECT,45.88525885,-111.4244271
C000205E,005+0.768,NOT IN CITY LIMITS,GALLATIN,DECEMBER,2017,23:30,TUE,NON-JUNCTION,ROADSIDE RIGHT,CLEAR,DRY,DARK-NOT LIGHTED,POSSIBLE INJURY ACCIDENT,ROLL OVER,45.88589345,-111.4231839
C000205E,006+0.127,,GALLATIN,May,2015,13:40,SUN,NON-JUNCTION,SHOULDER,CLEAR,DRY,DAYLIGHT,NON-INCAPACITATING EVIDENT INJURY ACCIDENT,FIXED OBJECT,45.88461833,-111.4174533
C000205E,006+0.152,NOT IN CITY LIMITS,GALLATIN,OCTOBER,2017,6:55,MON,NON-JUNCTION,ROADSIDE RIGHT,CLEAR,DRY,DARK-NOT LIGHTED,NON-INJURY ACCIDENT (PROPERTY- DAMAGE-ONLY ACCIDENT),FIXED OBJECT,45.88428016,-111.4171274
C000205E,006+0.196,,GALLATIN,February,2014,13:28,SUN,NON-JUNCTION,SHOULDER,CLEAR,ICE/FROST,DAYLIGHT,NON-INJURY ACCIDENT (PROPERTY- DAMAGE-ONLY ACCIDENT),FIXED OBJECT,45.8839711,-111.4163885
C000205E,006+0.310,,GALLATIN,August,2013,1:00,SAT,NON-JUNCTION,ROADSIDE LEFT,CLOUDY,DRY,DARK-NOT LIGHTED,NON-INJURY ACCIDENT (PROPERTY- DAMAGE-ONLY ACCIDENT),ROLL OVER,45.88264333,-111.4144067
C000205E,006+0.561,,GALLATIN,July,2014,3:00,THU,NON-JUNCTION,ROADSIDE LEFT,CLEAR,DRY,DARK-NOT LIGHTED,NON-INCAPACITATING EVIDENT INJURY ACCIDENT,ROLL OVER,45.88182986,-111.4095309
C000205E,006+0.734,NOT IN CITY LIMITS,GALLATIN,JULY,2017,0:20,TUE,NON-JUNCTION,ROADSIDE RIGHT,CLEAR,DRY,DARK-NOT LIGHTED,UNKNOWN,FIXED OBJECT,45.88174147,-111.4060262
C000205E,006+0.800,,GALLATIN,April,2013,7:00,TUE,NON-JUNCTION,ROADSIDE LEFT,CLEAR,DRY,DAYLIGHT,POSSIBLE INJURY ACCIDENT,ROLL OVER,45.88182333,-111.4045283
C000205E,006+0.983,NOT IN CITY LIMITS,GALLATIN,MARCH,2017,11:25,TUE,NON-JUNCTION,SHOULDER,CLEAR,DRY,DAYLIGHT,FATAL ACCIDENT,HEAD ON,45.88192812,-111.4008823
C000205E,007+0.049,,GALLATIN,November,2016,18:30,THU,NON-JUNCTION,ON ROADWAY,CLEAR,DRY,DARK-NOT LIGHTED,NON-INJURY ACCIDENT (PROPERTY- DAMAGE-ONLY ACCIDENT),WILD ANIMAL,45.88191306,-111.3991401
C000205E,007+0.098,,GALLATIN,April,2015,2:00,SUN,NON-JUNCTION,ROADSIDE LEFT,CLEAR,DRY,DARK-NOT LIGHTED,NON-INJURY ACCIDENT (PROPERTY- DAMAGE-ONLY ACCIDENT),FIXED OBJECT,45.88208257,-111.3981587
C000205E,007+0.184,,GALLATIN,January,2014,15:20,SUN,NON-JUNCTION,SHOULDER,CLOUDY,DRY,DAYLIGHT,NON-INCAPACITATING EVIDENT INJURY ACCIDENT,ROLL OVER,45.88193916,-111.3963555
C000205E,007+0.210,,GALLATIN,December,2013,21:30,WED,NON-JUNCTION,OFF ROADWAY LOCATION UNKNOWN,CLEAR,DRY,DARK-NOT LIGHTED,NON-INJURY ACCIDENT (PROPERTY- DAMAGE-ONLY ACCIDENT),FIXED OBJECT,45.88196333,-111.3956917
C000205E,007+0.228,NOT IN CITY LIMITS,GALLATIN,DECEMBER,2017,17:40,FRI,NON-JUNCTION,ON ROADWAY,CLEAR,DRY,DARK-NOT LIGHTED,NON-INJURY ACCIDENT (PROPERTY- DAMAGE-ONLY ACCIDENT),WILD ANIMAL,45.88195961,-111.3954471
C000205E,007+0.234,,GALLATIN,June,2014,4:25,SAT,NON-JUNCTION,ON ROADWAY,CLOUDY,DRY,DARK-NOT LIGHTED,NON-INJURY ACCIDENT (PROPERTY- DAMAGE-ONLY ACCIDENT),WILD ANIMAL,45.88197,-111.3953817
C000205E,007+0.370,,GALLATIN,December,2013,7:15,SAT,NON-JUNCTION,ON ROADWAY,CLEAR,DRY,DAWN,POSSIBLE INJURY ACCIDENT,WILD ANIMAL,45.88204833,-111.3924383
C000205E,007+0.710,,GALLATIN,October,2013,5:00,SUN,NON-JUNCTION,ROADSIDE RIGHT,CLEAR,DRY,DARK-NOT LIGHTED,NON-INJURY ACCIDENT (PROPERTY- DAMAGE-ONLY ACCIDENT),FIXED OBJECT,45.88227281,-111.3854894
C000205E,007+0.798,NOT IN CITY LIMITS,GALLATIN,OCTOBER,2017,5:45,TUE,NON-JUNCTION,ON ROADWAY,CLEAR,DRY,DARK-NOT LIGHTED,NON-INJURY ACCIDENT (PROPERTY- DAMAGE-ONLY ACCIDENT),WILD ANIMAL,45.88224422,-111.3836462
C000205E,007+0.972,NOT IN CITY LIMITS,GALLATIN,JULY,2017,0:10,TUE,NON-JUNCTION,ROADSIDE RIGHT,CLEAR,DRY,DARK-NOT LIGHTED,NON-INCAPACITATING EVIDENT INJURY ACCIDENT,ROLL OVER,45.88159081,-111.3801816
C000205E,008+0.010,,GALLATIN,June,2013,16:15,FRI,NON-JUNCTION,ROADSIDE LEFT,CLEAR,DRY,DAYLIGHT,NON-INJURY ACCIDENT (PROPERTY- DAMAGE-ONLY ACCIDENT),ROLL OVER,45.87572029,-111.3694992
C000205E,008+0.446,,GALLATIN,June,2016,18:05,SAT,NON-JUNCTION,ROADSIDE LEFT,CLEAR,DRY,DAYLIGHT,NON-INJURY ACCIDENT (PROPERTY- DAMAGE-ONLY ACCIDENT),FIXED OBJECT,45.87751685,-111.3724051
C000205E,008+0.483,NOT IN CITY LIMITS,GALLATIN,APRIL,2017,12:35,TUE,NON-JUNCTION,OFF ROADWAY LOCATION UNKNOWN,RAIN,SLUSH,DAYLIGHT,NON-INJURY ACCIDENT (PROPERTY- DAMAGE-ONLY ACCIDENT),ROLL OVER,45.8772038,-111.3717861
C000205E,008+0.818,,GALLATIN,December,2015,18:09,THU,NON-JUNCTION,ON ROADWAY,CLOUDY,SNOW,DARK-LIGHTED,NON-INJURY ACCIDENT (PROPERTY- DAMAGE-ONLY ACCIDENT),"SIDESWIPE, OPPOSITE DIRECTION",45.87421185,-111.3662651
C000205E,008+0.870,,GALLATIN,October,2013,1:30,SAT,NON-JUNCTION,ROADSIDE LEFT,CLEAR,DRY,DARK-NOT LIGHTED,NON-INJURY ACCIDENT (PROPERTY- DAMAGE-ONLY ACCIDENT),FIXED OBJECT,45.8736746,-111.3654216
C000205E,008+0.992,,GALLATIN,December,2016,19:50,SUN,NON-JUNCTION,ON ROADWAY,CLOUDY,DRY,DARK-NOT LIGHTED,NON-INJURY ACCIDENT (PROPERTY- DAMAGE-ONLY ACCIDENT),WILD ANIMAL,45.87268763,-111.363475
C000205E,009+0.170,,GALLATIN,August,2013,21:30,TUE,NON-JUNCTION,ON ROADWAY,CLOUDY,DRY,DARK-NOT LIGHTED,NON-INJURY ACCIDENT (PROPERTY- DAMAGE-ONLY ACCIDENT),WILD ANIMAL,45.87106892,-111.3603809
C000205E,009+0.422,NOT IN CITY LIMITS,GALLATIN,JULY,2017,0:05,TUE,NON-JUNCTION,ROADSIDE LEFT,CLEAR,DRY,DARK-NOT LIGHTED,NON-INJURY ACCIDENT (PROPERTY- DAMAGE-ONLY ACCIDENT),FIXED OBJECT,45.868926,-111.356369
C000205E,009+0.527,,GALLATIN,April,2014,5:32,TUE,NON-JUNCTION,ON ROADWAY,CLEAR,DRY,DARK-NOT LIGHTED,NON-INJURY ACCIDENT (PROPERTY- DAMAGE-ONLY ACCIDENT),FIXED OBJECT,45.86798333,-111.3546383
C000205E,009+0.639,MANHATTAN,GALLATIN,January,2014,11:50,THU,NON-JUNCTION,ROADSIDE LEFT,CLEAR,DRY,DARK-NOT LIGHTED,NON-INJURY ACCIDENT (PROPERTY- DAMAGE-ONLY ACCIDENT),FIXED OBJECT,45.86700152,-111.3527925
C000205E,009+0.936,NOT IN CITY LIMITS,GALLATIN,JUNE,2017,20:55,SUN,NON-JUNCTION,ROADSIDE RIGHT,CLEAR,DRY,DUSK,NON-INCAPACITATING EVIDENT INJURY ACCIDENT,FIXED OBJECT,45.86442387,-111.347885
C000205E,010+0.784,MANHATTAN,GALLATIN,September,2015,15:00,FRI,NON-JUNCTION,SHOULDER,RAIN,WET,DAYLIGHT,NON-INJURY ACCIDENT (PROPERTY- DAMAGE-ONLY ACCIDENT),PARKED VEHICLE,45.85682868,-111.3336258
C000205E,010+0.820,MANHATTAN,GALLATIN,SEPTEMBER,2017,17:05,TUE,INTERSECTION,ON ROADWAY,CLEAR,DRY,DAYLIGHT,NON-INJURY ACCIDENT (PROPERTY- DAMAGE-ONLY ACCIDENT),"SIDESWIPE, OPPOSITE DIRECTION",45.85643287,-111.3330333
C000205E,010+0.828,MANHATTAN,GALLATIN,October,2013,17:15,MON,INTERSECTION-RELATED,ON ROADWAY,CLEAR,DRY,DAYLIGHT,NON-INJURY ACCIDENT (PROPERTY- DAMAGE-ONLY ACCIDENT),REAR-END,45.85640182,-111.332956
C000205E,010+0.828,MANHATTAN,GALLATIN,May,2013,17:35,WED,INTERSECTION-RELATED,ON ROADWAY,CLEAR,DRY,DAYLIGHT,NON-INJURY ACCIDENT (PROPERTY- DAMAGE-ONLY ACCIDENT),REAR-END,45.85640182,-111.332956
C000205E,010+0.828,MANHATTAN,GALLATIN,June,2015,9:30,TUE,INTERSECTION,ON ROADWAY,CLEAR,DRY,DAYLIGHT,NON-INJURY ACCIDENT (PROPERTY- DAMAGE-ONLY ACCIDENT),OTHER,45.85643272,-111.332983
C000205E,010+0.838,MANHATTAN,GALLATIN,September,2016,17:15,SUN,OTHER LOCATION,IN PARKING LANE OR ZONE,CLOUDY,DRY,DAYLIGHT,NON-INJURY ACCIDENT (PROPERTY- DAMAGE-ONLY ACCIDENT),REAR TO REAR,45.85639072,-111.3328085
C000205E,010+0.838,MANHATTAN,GALLATIN,January,2016,17:10,WED,SHARED-USE PATH OR TRAIL,ON ROADWAY,CLOUDY,WET,DUSK,NON-INJURY ACCIDENT (PROPERTY- DAMAGE-ONLY ACCIDENT),"SIDESWIPE, SAME DIRECTION",45.85633303,-111.3327985
C000205E,010+0.844,MANHATTAN,GALLATIN,May,2016,13:45,TUE,NON-JUNCTION,ON ROADWAY,CLEAR,DRY,DAYLIGHT,NON-INJURY ACCIDENT (PROPERTY- DAMAGE-ONLY ACCIDENT),REAR TO SIDE,45.85628956,-111.3326538
C000205E,010+0.856,MANHATTAN,GALLATIN,FEBRUARY,2017,12:40,MON,NON-JUNCTION,ON ROADWAY,CLEAR,DRY,DAYLIGHT,NON-INJURY ACCIDENT (PROPERTY- DAMAGE-ONLY ACCIDENT),RIGHT ANGLE,45.85640182,-111.332956
C000205E,010+0.924,MANHATTAN,GALLATIN,November,2016,22:10,SAT,NON-JUNCTION,ROADSIDE RIGHT,CLEAR,DRY,DARK-LIGHTED,NON-INJURY ACCIDENT (PROPERTY- DAMAGE-ONLY ACCIDENT),RIGHT ANGLE,45.85562645,-111.3313396
C000205E,011+1.063,NOT IN CITY LIMITS,GALLATIN,APRIL,2017,7:33,TUE,NON-JUNCTION,ON ROADWAY,"FOG, SMOG, SMOKE",ICE/FROST,DAYLIGHT,NON-INJURY ACCIDENT (PROPERTY- DAMAGE-ONLY ACCIDENT),NOT FIXED OBJECT OR DEBRIS,45.84641813,-111.3121096
C000205E,012+0.106,NOT IN CITY LIMITS,GALLATIN,JULY,2017,4:30,SUN,NON-JUNCTION,ROADSIDE LEFT,CLEAR,DRY,DARK-NOT LIGHTED,NON-INJURY ACCIDENT (PROPERTY- DAMAGE-ONLY ACCIDENT),ROLL OVER,45.84565333,-111.3097169
C000205E,012+0.150,,GALLATIN,June,2013,22:45,THU,NON-JUNCTION,ON ROADWAY,CLEAR,DRY,DARK-NOT LIGHTED,NON-INJURY ACCIDENT (PROPERTY- DAMAGE-ONLY ACCIDENT),WILD ANIMAL,45.8449468,-111.3093662
C000205E,012+0.214,,GALLATIN,December,2014,9:30,WED,DRIVEWAY/ALLEY ACCESS RELATED,ON ROADWAY,CLOUDY,ICE/FROST,DAYLIGHT,POSSIBLE INJURY ACCIDENT,REAR-END,45.84453,-111.3082783
C000205E,012+0.243,,GALLATIN,June,2016,23:15,SUN,NON-JUNCTION,ON ROADWAY,CLEAR,DRY,DARK-NOT LIGHTED,NON-INJURY ACCIDENT (PROPERTY- DAMAGE-ONLY ACCIDENT),WILD ANIMAL,45.84425631,-111.3077381
C000205E,012+0.290,,GALLATIN,October,2016,20:00,SUN,NON-JUNCTION,ON ROADWAY,CLOUDY,DRY,DARK-NOT LIGHTED,NON-INCAPACITATING EVIDENT INJURY ACCIDENT,WILD ANIMAL,45.84372711,-111.3071671
C000205E,012+0.315,,GALLATIN,November,2015,18:00,MON,NON-JUNCTION,ON ROADWAY,CLEAR,DRY,DARK-NOT LIGHTED,NON-INJURY ACCIDENT (PROPERTY- DAMAGE-ONLY ACCIDENT),WILD ANIMAL,45.84355348,-111.306641
C000205E,012+0.476,,GALLATIN,June,2014,16:00,THU,NON-JUNCTION,ON ROADWAY,RAIN,WET,DAYLIGHT,NON-INJURY ACCIDENT (PROPERTY- DAMAGE-ONLY ACCIDENT),WILD ANIMAL,45.84216114,-111.3040814
C000205E,012+0.820,,GALLATIN,September,2013,6:45,FRI,NON-JUNCTION,ON ROADWAY,CLEAR,DRY,DARK-LIGHTED,NON-INJURY ACCIDENT (PROPERTY- DAMAGE-ONLY ACCIDENT),WILD ANIMAL,45.83910089,-111.2983012
C000205E,012+0.920,,GALLATIN,March,2013,2:59,MON,NON-JUNCTION,ROADSIDE RIGHT,CLEAR,DRY,DARK-NOT LIGHTED,POSSIBLE INJURY ACCIDENT,ROLL OVER,45.83822667,-111.2964983
C000205E,013+0.090,,GALLATIN,February,2013,23:50,SUN,NON-JUNCTION,ON ROADWAY,CLEAR,DRY,DARK-NOT LIGHTED,NON-INCAPACITATING EVIDENT INJURY ACCIDENT,FIXED OBJECT,45.83717333,-111.2942767
C000205E,013+0.142,NOT IN CITY LIMITS,GALLATIN,FEBRUARY,2017,23:15,TUE,NON-JUNCTION,ROADSIDE LEFT,SNOW,SNOW,DARK-NOT LIGHTED,NON-INCAPACITATING EVIDENT INJURY ACCIDENT,ROLL OVER,45.83674676,-111.2934802
C000205E,013+0.341,,GALLATIN,April,2016,6:35,SAT,NON-JUNCTION,ON ROADWAY,CLEAR,DRY,DAWN,NON-INJURY ACCIDENT (PROPERTY- DAMAGE-ONLY ACCIDENT),WILD ANIMAL,45.83492699,-111.2903237
C000205E,013+0.414,NOT IN CITY LIMITS,GALLATIN,FEBRUARY,2017,19:18,SUN,NON-JUNCTION,ON ROADWAY,CLEAR,DRY,DARK-NOT LIGHTED,NON-INJURY ACCIDENT (PROPERTY- DAMAGE-ONLY ACCIDENT),WILD ANIMAL,45.8343695,-111.288931
C000205E,013+0.452,,GALLATIN,November,2016,23:00,SUN,NON-JUNCTION,ON ROADWAY,CLEAR,DRY,DARK-NOT LIGHTED,NON-INJURY ACCIDENT (PROPERTY- DAMAGE-ONLY ACCIDENT),WILD ANIMAL,45.83398272,-111.2883677
C000205E,013+0.805,,GALLATIN,August,2015,4:38,SAT,NON-JUNCTION,ROADSIDE LEFT,CLEAR,DRY,DARK-NOT LIGHTED,NON-INJURY ACCIDENT (PROPERTY- DAMAGE-ONLY ACCIDENT),FIXED OBJECT,45.83088,-111.28257
C000205E,014+0.000,,GALLATIN,October,2014,16:00,THU,NON-JUNCTION,ON ROADWAY,CLOUDY,DRY,DAYLIGHT,NON-INJURY ACCIDENT (PROPERTY- DAMAGE-ONLY ACCIDENT),FIXED OBJECT,45.82933,-111.27969
C000205E,014+0.201,,GALLATIN,January,2016,21:15,TUE,NON-JUNCTION,ON ROADWAY,CLOUDY,DRY,DARK-NOT LIGHTED,NON-INJURY ACCIDENT (PROPERTY- DAMAGE-ONLY ACCIDENT),WILD ANIMAL,45.82761169,-111.2762311
C000205E,014+0.288,,GALLATIN,August,2016,13:25,WED,NON-JUNCTION,ON ROADWAY,CLEAR,DRY,DAYLIGHT,NON-INJURY ACCIDENT (PROPERTY- DAMAGE-ONLY ACCIDENT),WILD ANIMAL,45.82675991,-111.2749742
C000205E,014+0.294,,GALLATIN,October,2014,19:50,FRI,NON-JUNCTION,ON ROADWAY,CLEAR,DRY,DARK-NOT LIGHTED,NON-INJURY ACCIDENT (PROPERTY- DAMAGE-ONLY ACCIDENT),WILD ANIMAL,45.82674097,-111.2749352
C000205E,014+0.300,,GALLATIN,July,2013,5:55,TUE,NON-JUNCTION,ON ROADWAY,CLEAR,DRY,DAWN,NON-INJURY ACCIDENT (PROPERTY- DAMAGE-ONLY ACCIDENT),WILD ANIMAL,45.82674223,-111.2746581
C000205E,014+0.524,,GALLATIN,September,2015,7:00,SAT,NON-JUNCTION,ROADSIDE RIGHT,CLEAR,DRY,DAWN,NON-INJURY ACCIDENT (PROPERTY- DAMAGE-ONLY ACCIDENT),FIXED OBJECT,45.82477081,-111.2709814
C000205E,014+0.549,,GALLATIN,November,2016,6:50,MON,NON-JUNCTION,ON ROADWAY,CLOUDY,DRY,DAYLIGHT,NON-INJURY ACCIDENT (PROPERTY- DAMAGE-ONLY ACCIDENT),WILD ANIMAL,45.82455187,-111.2706663
C000205E,014+0.554,,GALLATIN,March,2016,15:10,SAT,NON-JUNCTION,OFF ROADWAY LOCATION UNKNOWN,CLEAR,DRY,DAYLIGHT,INCAPACITATING INJURY ACCIDENT,FIXED OBJECT,45.82417963,-111.2708713
C000205E,014+0.554,,GALLATIN,May,2016,7:50,WED,NON-JUNCTION,ON ROADWAY,CLEAR,ICE/FROST,DAYLIGHT,NON-INCAPACITATING EVIDENT INJURY ACCIDENT,FIXED OBJECT,45.82430254,-111.27069
C000205E,014+0.629,,GALLATIN,February,2016,12:06,THU,INTERSECTION-RELATED,ROADSIDE RIGHT,CLOUDY,DRY,DAYLIGHT,NON-INJURY ACCIDENT (PROPERTY- DAMAGE-ONLY ACCIDENT),FIXED OBJECT,45.8238835,-111.2692052
C000205E,014+0.635,NOT IN CITY LIMITS,GALLATIN,OCTOBER,2017,11:42,TUE,INTERSECTION,ON ROADWAY,CLOUDY,DRY,DAYLIGHT,NON-INJURY ACCIDENT (PROPERTY- DAMAGE-ONLY ACCIDENT),RIGHT ANGLE,45.82378891,-111.2691659
C000205E,014+0.735,NOT IN CITY LIMITS,GALLATIN,NOVEMBER,2017,17:25,WED,NON-JUNCTION,ON ROADWAY,CLOUDY,DRY,DARK-NOT LIGHTED,NON-INJURY ACCIDENT (PROPERTY- DAMAGE-ONLY ACCIDENT),DOMESTIC ANIMAL,45.82291682,-111.2675298
C000205E,014+0.827,,GALLATIN,September,2015,12:54,THU,NON-JUNCTION,SHOULDER,CLOUDY,DRY,DAYLIGHT,NON-INJURY ACCIDENT (PROPERTY- DAMAGE-ONLY ACCIDENT),FIXED OBJECT,45.82211014,-111.2659877
C000205E,014+0.982,,GALLATIN,February,2016,19:15,WED,NON-JUNCTION,ON ROADWAY,CLOUDY,DRY,DARK-NOT LIGHTED,NON-INJURY ACCIDENT (PROPERTY- DAMAGE-ONLY ACCIDENT),WILD ANIMAL,45.82091144,-111.2633581
C000205E,015+0.114,,GALLATIN,September,2015,5:45,MON,NON-JUNCTION,ON ROADWAY,CLEAR,DRY,DAYLIGHT,NON-INJURY ACCIDENT (PROPERTY- DAMAGE-ONLY ACCIDENT),WILD ANIMAL,45.81942219,-111.2608015
C000205E,015+0.144,,GALLATIN,October,2014,19:50,THU,NON-JUNCTION,ROADSIDE LEFT,CLEAR,DRY,DARK-NOT LIGHTED,NON-INJURY ACCIDENT (PROPERTY- DAMAGE-ONLY ACCIDENT),ROLL OVER,45.81917656,-111.2602708
C000205E,015+0.144,,GALLATIN,November,2015,18:44,MON,NON-JUNCTION,ON ROADWAY,CLEAR,DRY,DARK-NOT LIGHTED,NON-INJURY ACCIDENT (PROPERTY- DAMAGE-ONLY ACCIDENT),DOMESTIC ANIMAL,45.81916968,-111.2602708
C000205E,015+0.256,,GALLATIN,October,2016,11:20,MON,NON-JUNCTION,ON ROADWAY,CLOUDY,DRY,DAYLIGHT,POSSIBLE INJURY ACCIDENT,OTHER,45.81796744,-111.2585707
C000205E,015+0.294,,GALLATIN,March,2014,7:34,MON,INTERSECTION,ON ROADWAY,CLOUDY,DRY,DAYLIGHT,UNKNOWN,"SIDESWIPE, OPPOSITE DIRECTION",45.81766706,-111.2580237
C000205E,015+0.446,NOT IN CITY LIMITS,GALLATIN,FEBRUARY,2017,15:55,WED,INTERSECTION,ON ROADWAY,CLOUDY,ICE/FROST,DAYLIGHT,NON-INJURY ACCIDENT (PROPERTY- DAMAGE-ONLY ACCIDENT),RIGHT ANGLE,45.81630143,-111.25531
C000205E,015+0.744,,GALLATIN,May,2016,17:40,TUE,NON-JUNCTION,ON ROADWAY,CLEAR,DRY,DAYLIGHT,NON-INJURY ACCIDENT (PROPERTY- DAMAGE-ONLY ACCIDENT),REAR-END,45.81381532,-111.2504041
C000205E,015+0.871,NOT IN CITY LIMITS,GALLATIN,JANUARY,2017,7:22,WED,NON-JUNCTION,ON ROADWAY,CLEAR,DRY,DAWN,NON-INJURY ACCIDENT (PROPERTY- DAMAGE-ONLY ACCIDENT),WILD ANIMAL,45.81273991,-111.248379
C000205E,016+0.020,,GALLATIN,April,2013,17:01,THU,INTERSECTION-RELATED,ON ROADWAY,CLEAR,DRY,DAYLIGHT,NON-INCAPACITATING EVIDENT INJURY ACCIDENT,REAR-END,45.81193996,-111.2467744
C000205E,016+0.463,,GALLATIN,May,2015,7:50,FRI,DRIVEWAY/ALLEY ACCESS RELATED,ON ROADWAY,CLOUDY,DRY,DAYLIGHT,NON-INJURY ACCIDENT (PROPERTY- DAMAGE-ONLY ACCIDENT),RIGHT ANGLE,45.80824479,-111.2394183
C000205E,016+0.617,,GALLATIN,June,2014,19:35,FRI,INTERSECTION,ON ROADWAY,CLOUDY,DRY,DAYLIGHT,NON-INCAPACITATING EVIDENT INJURY ACCIDENT,HEAD ON,45.80692639,-111.2368422
C000205E,016+0.617,,GALLATIN,December,2014,8:15,MON,NON-JUNCTION,ROADSIDE RIGHT,CLEAR,ICE/FROST,DAYLIGHT,NON-INJURY ACCIDENT (PROPERTY- DAMAGE-ONLY ACCIDENT),FIXED OBJECT,45.8068446,-111.2369116
C000205E,017+0.068,NOT IN CITY LIMITS,GALLATIN,MAY,2017,16:00,MON,DRIVEWAY/ALLEY ACCESS RELATED,ON ROADWAY,CLOUDY,DRY,DAYLIGHT,NON-INJURY ACCIDENT (PROPERTY- DAMAGE-ONLY ACCIDENT),REAR-END,45.80305732,-111.2294257
C000205E,017+0.118,,GALLATIN,December,2014,8:15,TUE,DRIVEWAY/ALLEY ACCESS RELATED,ON ROADWAY,CLEAR,DRY,DAYLIGHT,NON-INJURY ACCIDENT (PROPERTY- DAMAGE-ONLY ACCIDENT),REAR-END,45.80262833,-111.22868
C000205E,017+0.211,,GALLATIN,October,2015,19:53,WED,NON-JUNCTION,ON ROADWAY,RAIN,WET,DARK-NOT LIGHTED,NON-INJURY ACCIDENT (PROPERTY- DAMAGE-ONLY ACCIDENT),DOMESTIC ANIMAL,45.80190318,-111.227108
C000205E,017+0.633,NOT IN CITY LIMITS,GALLATIN,JUNE,2017,15:24,WED,NON-JUNCTION,ROADSIDE LEFT,CLEAR,DRY,DAYLIGHT,INCAPACITATING INJURY ACCIDENT,ROLL OVER,45.79820153,-111.2200701
C000205E,017+0.645,,GALLATIN,January,2016,17:20,FRI,INTERSECTION,ON ROADWAY,CLEAR,DRY,DARK-LIGHTED,POSSIBLE INJURY ACCIDENT,REAR-END,45.79810379,-111.2199082
C000205E,017+0.657,NOT IN CITY LIMITS,GALLATIN,OCTOBER,2017,16:48,WED,INTERSECTION-RELATED,ON ROADWAY,CLOUDY,DRY,DAYLIGHT,NON-INJURY ACCIDENT (PROPERTY- DAMAGE-ONLY ACCIDENT),REAR-END,45.79798192,-111.2196613
C000205E,017+0.979,,GALLATIN,August,2016,16:25,FRI,INTERSECTION,SHOULDER,CLOUDY,DRY,DAYLIGHT,NON-INJURY ACCIDENT (PROPERTY- DAMAGE-ONLY ACCIDENT),FIXED OBJECT,45.79525407,-111.2142467
C000205E,018+0.221,NOT IN CITY LIMITS,GALLATIN,JULY,2017,12:30,WED,NON-JUNCTION,ROADSIDE LEFT,CLOUDY,DRY,DAYLIGHT,NON-INCAPACITATING EVIDENT INJURY ACCIDENT,ROLL OVER,45.79323549,-111.2104241
C000205E,018+0.308,,GALLATIN,December,2016,16:20,THU,INTERSECTION,ON ROADWAY,CLEAR,DRY,DUSK,NON-INJURY ACCIDENT (PROPERTY- DAMAGE-ONLY ACCIDENT),RIGHT ANGLE,45.79245965,-111.2088841
C000205E,018+0.320,,GALLATIN,January,2013,15:50,TUE,INTERSECTION,ON ROADWAY,CLOUDY,DRY,DAYLIGHT,POSSIBLE INJURY ACCIDENT,RIGHT ANGLE,45.792345,-111.2086267
C000205E,018+0.326,,GALLATIN,January,2014,18:30,TUE,INTERSECTION,ON ROADWAY,CLOUDY,DRY,DARK-LIGHTED,NON-INJURY ACCIDENT (PROPERTY- DAMAGE-ONLY ACCIDENT),"LEFT TURN, SAME DIRECTION",45.79234751,-111.2085936