MDT_CORRIDOR_ID,SMS_REFPOST_OFFSET,CITY,COUNTY,Month,Year,SMS_TIME,SMT_CRASH_OCC_DAY_OF_WEEK,JUNCTION_RELATED,ROADWAY_RELATED,WEATHER_COND,ROAD_COND,LIGHT_COND,CRASH_SEVERITY,COLLISION_TYPE,LATITUDE,LONGITUDE
C000205E,018+0.618,,GALLATIN,February,2015,18:05,SAT,NON-JUNCTION,ROADSIDE LEFT,CLOUDY,DRY,DARK-NOT LIGHTED,NON-INJURY ACCIDENT (PROPERTY- DAMAGE-ONLY ACCIDENT),FIXED OBJECT,45.78983401,-111.2037612
C000205E,018+0.640,,GALLATIN,August,2013,10:48,MON,DRIVEWAY/ALLEY ACCESS RELATED,ON ROADWAY,CLEAR,DRY,DAYLIGHT,NON-INJURY ACCIDENT (PROPERTY- DAMAGE-ONLY ACCIDENT),REAR-END,45.78963596,-111.2032524
C000205E,018+0.890,,GALLATIN,May,2015,16:54,WED,NON-JUNCTION,ON ROADWAY,CLOUDY,DRY,DAYLIGHT,UNKNOWN,REAR-END,45.78758021,-111.19916
C000205E,018+1.000,,GALLATIN,September,2013,11:35,SAT,NON-JUNCTION,ON ROADWAY,CLEAR,DRY,DARK-NOT LIGHTED,NON-INJURY ACCIDENT (PROPERTY- DAMAGE-ONLY ACCIDENT),NOT FIXED OBJECT OR DEBRIS,45.78663751,-111.1973033
C000205E,019+0.088,BELGRADE,GALLATIN,July,2013,18:00,FRI,INTERSECTION-RELATED,ON ROADWAY,CLEAR,DRY,DAYLIGHT,NON-INJURY ACCIDENT (PROPERTY- DAMAGE-ONLY ACCIDENT),REAR-END,45.78570106,-111.1954105
C000205E,019+0.096,,GALLATIN,December,2014,18:30,SUN,NON-JUNCTION,ROADSIDE RIGHT,SNOW,SNOW,DARK-NOT LIGHTED,INCAPACITATING INJURY ACCIDENT,ROLL OVER,45.78563344,-111.1953226
C000205E,019+0.102,BELGRADE,GALLATIN,August,2015,21:03,WED,INTERSECTION-RELATED,SHOULDER,CLEAR,DRY,DARK-LIGHTED,UNKNOWN,FIXED OBJECT,45.78558831,-111.195253
C000205E,019+0.344,BELGRADE,GALLATIN,February,2013,21:15,WED,INTERSECTION,ON ROADWAY,SNOW,SNOW,DARK-LIGHTED,NON-INJURY ACCIDENT (PROPERTY- DAMAGE-ONLY ACCIDENT),FIXED OBJECT,45.783491,-111.1911819
C000205E,019+0.393,BELGRADE,GALLATIN,JANUARY,2017,15:15,TUE,INTERSECTION-RELATED,ON ROADWAY,CLEAR,SNOW,DAYLIGHT,NON-INJURY ACCIDENT (PROPERTY- DAMAGE-ONLY ACCIDENT),REAR-END,45.7829176,-111.1900798
C000205E,019+0.410,BELGRADE,GALLATIN,October,2013,8:20,MON,INTERSECTION,ON ROADWAY,CLEAR,DRY,DAYLIGHT,NON-INJURY ACCIDENT (PROPERTY- DAMAGE-ONLY ACCIDENT),REAR-END,45.7829176,-111.1900798
C000205E,019+0.410,BELGRADE,GALLATIN,May,2013,18:15,SAT,INTERSECTION-RELATED,ON ROADWAY,CLEAR,DRY,DAYLIGHT,NON-INJURY ACCIDENT (PROPERTY- DAMAGE-ONLY ACCIDENT),REAR-END,45.7829176,-111.1900798
C000205E,019+0.424,BELGRADE,GALLATIN,NOVEMBER,2017,7:51,WED,NON-JUNCTION,IN PARKING LANE OR ZONE,CLEAR,ICE/FROST,DAYLIGHT,NON-INJURY ACCIDENT (PROPERTY- DAMAGE-ONLY ACCIDENT),RIGHT ANGLE,45.78284511,-111.1897395
C000205E,019+0.449,BELGRADE,GALLATIN,NOVEMBER,2017,18:30,SAT,NON-JUNCTION,SHOULDER,CLEAR,ICE/FROST,DAYLIGHT,NON-INJURY ACCIDENT (PROPERTY- DAMAGE-ONLY ACCIDENT),FIXED OBJECT,45.78256795,-111.1893869
C000205E,019+0.480,BELGRADE,GALLATIN,NOVEMBER,2017,7:06,TUE,NON-JUNCTION,ON ROADWAY,CLEAR,ICE/FROST,DAWN,NON-INJURY ACCIDENT (PROPERTY- DAMAGE-ONLY ACCIDENT),HEAD ON,45.78233015,-111.1888714
C000205E,019+0.499,BELGRADE,GALLATIN,DECEMBER,2017,7:37,THU,NON-JUNCTION,ON ROADWAY,BLOWING SNOW,ICE/FROST,DAWN,NON-INJURY ACCIDENT (PROPERTY- DAMAGE-ONLY ACCIDENT),RIGHT ANGLE,45.78215252,-111.1885168
C000205E,019+0.518,BELGRADE,GALLATIN,February,2016,0:00,FRI,NON-JUNCTION,ON ROADWAY,CLEAR,DRY,DARK-NOT LIGHTED,INCAPACITATING INJURY ACCIDENT,HEAD ON,45.78200689,-111.1883175
C000205E,019+0.555,BELGRADE,GALLATIN,June,2016,17:42,TUE,NON-JUNCTION,ON ROADWAY,CLEAR,DRY,DAYLIGHT,NON-INJURY ACCIDENT (PROPERTY- DAMAGE-ONLY ACCIDENT),REAR-END,45.78167574,-111.1876807
C000205E,019+0.567,BELGRADE,GALLATIN,April,2014,5:20,SAT,NON-JUNCTION,OFF ROADWAY LOCATION UNKNOWN,CLOUDY,WET,DARK-NOT LIGHTED,NON-INJURY ACCIDENT (PROPERTY- DAMAGE-ONLY ACCIDENT),FIXED OBJECT,45.78154,-111.187453
C000205E,019+0.567,BELGRADE,GALLATIN,February,2015,15:50,WED,NON-JUNCTION,ON ROADWAY,CLEAR,DRY,DAYLIGHT,NON-INJURY ACCIDENT (PROPERTY- DAMAGE-ONLY ACCIDENT),RIGHT ANGLE,45.78154,-111.187453
C000205E,019+0.636,BELGRADE,GALLATIN,May,2016,19:55,TUE,NON-JUNCTION,ON ROADWAY,CLEAR,DRY,DAYLIGHT,NON-INCAPACITATING EVIDENT INJURY ACCIDENT,"LEFT TURN, SAME DIRECTION",45.78101412,-111.1862031
C000205E,019+0.636,BELGRADE,GALLATIN,DECEMBER,2017,12:14,TUE,NON-JUNCTION,ON ROADWAY,CLEAR,DRY,DAYLIGHT,NON-INJURY ACCIDENT (PROPERTY- DAMAGE-ONLY ACCIDENT),"LEFT TURN, SAME DIRECTION",45.78100908,-111.1863176
C000205E,019+0.684,BELGRADE,GALLATIN,NOVEMBER,2017,7:57,FRI,INTERSECTION,ON ROADWAY,CLEAR,DRY,DAYLIGHT,NON-INJURY ACCIDENT (PROPERTY- DAMAGE-ONLY ACCIDENT),REAR-END,45.7807646,-111.1853791
C000205E,019+0.729,BELGRADE,GALLATIN,December,2013,9:00,SAT,INTERSECTION,ON ROADWAY,CLEAR,SNOW,DAYLIGHT,NON-INJURY ACCIDENT (PROPERTY- DAMAGE-ONLY ACCIDENT),RIGHT ANGLE,45.78015375,-111.1848094
C000205E,019+0.729,BELGRADE,GALLATIN,December,2013,8:15,THU,INTERSECTION-RELATED,ON ROADWAY,SNOW,ICE/FROST,DAYLIGHT,NON-INJURY ACCIDENT (PROPERTY- DAMAGE-ONLY ACCIDENT),REAR-END,45.78015375,-111.1848094
C000205E,019+0.729,BELGRADE,GALLATIN,September,2013,12:00,FRI,INTERSECTION,ON ROADWAY,CLEAR,DRY,DAYLIGHT,NON-INJURY ACCIDENT (PROPERTY- DAMAGE-ONLY ACCIDENT),ROLL OVER,45.78015375,-111.1848094
C000205E,019+0.729,BELGRADE,GALLATIN,November,2013,7:35,FRI,INTERSECTION,ON ROADWAY,CLEAR,DRY,DAWN,NON-INJURY ACCIDENT (PROPERTY- DAMAGE-ONLY ACCIDENT),"LEFT TURN, OPPOSITE DIRECTION",45.78015375,-111.1848094
C000205E,019+0.729,BELGRADE,GALLATIN,March,2013,11:30,WED,INTERSECTION,ON ROADWAY,CLEAR,OTHER,DAYLIGHT,NON-INJURY ACCIDENT (PROPERTY- DAMAGE-ONLY ACCIDENT),REAR-END,45.78015375,-111.1848094
C000205E,019+0.729,BELGRADE,GALLATIN,March,2013,13:15,WED,INTERSECTION,ON ROADWAY,CLEAR,DRY,DAYLIGHT,POSSIBLE INJURY ACCIDENT,"LEFT TURN, OPPOSITE DIRECTION",45.78015375,-111.1848094
C000205E,019+0.729,BELGRADE,GALLATIN,January,2013,12:25,MON,INTERSECTION-RELATED,ON ROADWAY,CLOUDY,ICE/FROST,DAYLIGHT,NON-INJURY ACCIDENT (PROPERTY- DAMAGE-ONLY ACCIDENT),REAR-END,45.78015375,-111.1848094
C000205E,019+0.729,BELGRADE,GALLATIN,August,2013,15:32,FRI,INTERSECTION,ON ROADWAY,CLEAR,DRY,DAYLIGHT,NON-INJURY ACCIDENT (PROPERTY- DAMAGE-ONLY ACCIDENT),REAR-END,45.7802308,-111.1848382
C000205E,019+0.737,BELGRADE,GALLATIN,MAY,2017,0:00,TUE,INTERSECTION-RELATED,ON ROADWAY,CLEAR,DRY,DAYLIGHT,NON-INJURY ACCIDENT (PROPERTY- DAMAGE-ONLY ACCIDENT),REAR-END,45.78013187,-111.1846715
C000205E,019+0.743,BELGRADE,GALLATIN,APRIL,2017,15:28,TUE,INTERSECTION-RELATED,ON ROADWAY,CLEAR,DRY,DAYLIGHT,NON-INJURY ACCIDENT (PROPERTY- DAMAGE-ONLY ACCIDENT),"SIDESWIPE, SAME DIRECTION",45.78007943,-111.1845657
C000205E,019+0.749,BELGRADE,GALLATIN,APRIL,2017,8:18,THU,INTERSECTION-RELATED,ON ROADWAY,CLEAR,DRY,DAYLIGHT,NON-INJURY ACCIDENT (PROPERTY- DAMAGE-ONLY ACCIDENT),REAR-END,45.77994112,-111.1844166
C000205E,019+0.749,BELGRADE,GALLATIN,DECEMBER,2017,11:57,TUE,INTERSECTION-RELATED,ON ROADWAY,CLEAR,ICE/FROST,DAYLIGHT,NON-INJURY ACCIDENT (PROPERTY- DAMAGE-ONLY ACCIDENT),REAR-END,45.77990089,-111.1845752
C000205E,019+0.762,BELGRADE,GALLATIN,June,2016,12:10,WED,DRIVEWAY/ALLEY ACCESS RELATED,ON ROADWAY,CLEAR,DRY,DAYLIGHT,NON-INJURY ACCIDENT (PROPERTY- DAMAGE-ONLY ACCIDENT),"LEFT TURN, SAME DIRECTION",45.77988155,-111.1841887
C000205E,019+0.774,BELGRADE,GALLATIN,September,2016,18:56,FRI,NON-JUNCTION,ON ROADWAY,CLEAR,DRY,DAYLIGHT,NON-INJURY ACCIDENT (PROPERTY- DAMAGE-ONLY ACCIDENT),REAR-END,45.77979804,-111.1840414
C000205E,019+0.774,BELGRADE,GALLATIN,JANUARY,2017,15:46,TUE,INTERSECTION-RELATED,ROADSIDE RIGHT,CLEAR,SNOW,DAYLIGHT,NON-INJURY ACCIDENT (PROPERTY- DAMAGE-ONLY ACCIDENT),FIXED OBJECT,45.77982623,-111.1840184
C000205E,019+0.787,BELGRADE,GALLATIN,December,2016,16:35,MON,DRIVEWAY/ALLEY ACCESS RELATED,ON ROADWAY,CLEAR,DRY,DAYLIGHT,NON-INJURY ACCIDENT (PROPERTY- DAMAGE-ONLY ACCIDENT),"SIDESWIPE, SAME DIRECTION",45.77967569,-111.183833
C000205E,019+0.787,BELGRADE,GALLATIN,May,2016,15:45,TUE,NON-JUNCTION,ON ROADWAY,CLEAR,DRY,DAYLIGHT,NON-INJURY ACCIDENT (PROPERTY- DAMAGE-ONLY ACCIDENT),"LEFT TURN, SAME DIRECTION",45.77972942,-111.1837566
C000205E,019+0.787,BELGRADE,GALLATIN,DECEMBER,2017,12:15,WED,DRIVEWAY/ALLEY ACCESS RELATED,ON ROADWAY,SNOW,ICE/FROST,DAYLIGHT,NON-INJURY ACCIDENT (PROPERTY- DAMAGE-ONLY ACCIDENT),"LEFT TURN, SAME DIRECTION",45.77971618,-111.1837643
C000205E,019+0.793,BELGRADE,GALLATIN,October,2015,15:45,WED,DRIVEWAY/ALLEY ACCESS RELATED,ON ROADWAY,CLEAR,DRY,DAYLIGHT,NON-INJURY ACCIDENT (PROPERTY- DAMAGE-ONLY ACCIDENT),"LEFT TURN, SAME DIRECTION",45.77967889,-111.1837246
C000205E,019+0.806,BELGRADE,GALLATIN,September,2016,15:45,TUE,NON-JUNCTION,ON ROADWAY,CLEAR,DRY,DAYLIGHT,NON-INJURY ACCIDENT (PROPERTY- DAMAGE-ONLY ACCIDENT),REAR-END,45.77950205,-111.1834505
C000205E,019+0.812,BELGRADE,GALLATIN,May,2015,13:25,WED,NON-JUNCTION,ON ROADWAY,CLEAR,DRY,DAYLIGHT,NON-INJURY ACCIDENT (PROPERTY- DAMAGE-ONLY ACCIDENT),"SIDESWIPE, SAME DIRECTION",45.77945501,-111.183452
C000205E,019+0.812,BELGRADE,GALLATIN,March,2015,15:40,TUE,NON-JUNCTION,ON ROADWAY,CLEAR,DRY,DAYLIGHT,NON-INJURY ACCIDENT (PROPERTY- DAMAGE-ONLY ACCIDENT),"LEFT TURN, OPPOSITE DIRECTION",45.77945501,-111.183452
C000205E,019+0.824,BELGRADE,GALLATIN,December,2015,15:50,THU,INTERSECTION-RELATED,ON ROADWAY,CLOUDY,WET,DAYLIGHT,POSSIBLE INJURY ACCIDENT,REAR-END,45.77934443,-111.1831385
C000205E,019+0.830,BELGRADE,GALLATIN,December,2016,12:11,TUE,INTERSECTION-RELATED,ON ROADWAY,CLEAR,SLUSH,DAYLIGHT,NON-INJURY ACCIDENT (PROPERTY- DAMAGE-ONLY ACCIDENT),REAR-END,45.77925882,-111.1830731
C000205E,019+0.855,BELGRADE,GALLATIN,November,2014,8:10,THU,NON-JUNCTION,ON ROADWAY,CLEAR,DRY,DAYLIGHT,POSSIBLE INJURY ACCIDENT,HEAD ON,45.77945501,-111.183452
C000205E,019+0.874,BELGRADE,GALLATIN,October,2016,12:03,MON,THROUGH ROADWAY,ON ROADWAY,CLEAR,DRY,DAYLIGHT,NON-INJURY ACCIDENT (PROPERTY- DAMAGE-ONLY ACCIDENT),RIGHT ANGLE,45.7789813,-111.1824246
C000205E,019+0.874,BELGRADE,GALLATIN,September,2016,16:30,TUE,NON-JUNCTION,ON ROADWAY,CLEAR,DRY,DAYLIGHT,NON-INJURY ACCIDENT (PROPERTY- DAMAGE-ONLY ACCIDENT),RIGHT ANGLE,45.77888812,-111.1823679
C000205E,020+0.100,BELGRADE,GALLATIN,October,2013,14:10,THU,INTERSECTION,ON ROADWAY,CLEAR,DRY,DAYLIGHT,NON-INJURY ACCIDENT (PROPERTY- DAMAGE-ONLY ACCIDENT),REAR-END,45.77680017,-111.1783325
C000205E,020+0.100,BELGRADE,GALLATIN,May,2013,16:20,MON,INTERSECTION-RELATED,ON ROADWAY,CLOUDY,DRY,DAYLIGHT,NON-INJURY ACCIDENT (PROPERTY- DAMAGE-ONLY ACCIDENT),REAR-END,45.77680017,-111.1783325
C000205E,020+0.135,BELGRADE,GALLATIN,August,2015,17:45,FRI,INTERSECTION-RELATED,ON ROADWAY,CLEAR,DRY,DAYLIGHT,NON-INJURY ACCIDENT (PROPERTY- DAMAGE-ONLY ACCIDENT),REAR-END,45.7765007,-111.1777115
C000205E,020+0.135,BELGRADE,GALLATIN,September,2016,15:59,MON,NON-JUNCTION,ON ROADWAY,CLEAR,DRY,DAYLIGHT,NON-INJURY ACCIDENT (PROPERTY- DAMAGE-ONLY ACCIDENT),"SIDESWIPE, SAME DIRECTION",45.7765007,-111.1777115
C000205E,020+0.146,BELGRADE,GALLATIN,September,2016,15:49,THU,INTERSECTION-RELATED,ON ROADWAY,CLOUDY,DRY,DAYLIGHT,POSSIBLE INJURY ACCIDENT,REAR-END,45.77641931,-111.1775384
C000205E,020+0.161,BELGRADE,GALLATIN,September,2015,14:45,THU,INTERSECTION-RELATED,ON ROADWAY,CLEAR,DRY,DAYLIGHT,POSSIBLE INJURY ACCIDENT,REAR-END,45.77626002,-111.1772138
C000205E,020+0.173,BELGRADE,GALLATIN,September,2013,14:09,FRI,INTERSECTION-RELATED,ON ROADWAY,CLEAR,DRY,DAYLIGHT,POSSIBLE INJURY ACCIDENT,REAR-END,45.77617813,-111.1771184
C000205E,020+0.173,BELGRADE,GALLATIN,September,2013,18:30,THU,INTERSECTION-RELATED,ON ROADWAY,CLEAR,DRY,DAYLIGHT,NON-INJURY ACCIDENT (PROPERTY- DAMAGE-ONLY ACCIDENT),REAR-END,45.77617813,-111.1771184
C000205E,020+0.173,BELGRADE,GALLATIN,February,2014,16:40,TUE,INTERSECTION,ON ROADWAY,CLEAR,SNOW,DAYLIGHT,NON-INJURY ACCIDENT (PROPERTY- DAMAGE-ONLY ACCIDENT),"RIGHT TURN, SAME DIRECTION",45.77617813,-111.1771184
C000205E,020+0.173,BELGRADE,GALLATIN,June,2014,17:55,MON,INTERSECTION-RELATED,ON ROADWAY,CLOUDY,DRY,DAYLIGHT,NON-INJURY ACCIDENT (PROPERTY- DAMAGE-ONLY ACCIDENT),FIXED OBJECT,45.77617813,-111.1771184
C000205E,020+0.173,SUNBURST,GALLATIN,January,2014,15:35,THU,INTERSECTION,ON ROADWAY,CLEAR,ICE/FROST,DAYLIGHT,NON-INJURY ACCIDENT (PROPERTY- DAMAGE-ONLY ACCIDENT),RIGHT ANGLE,48.882782,-111.914402
C000205E,020+0.173,BELGRADE,GALLATIN,July,2014,14:15,WED,INTERSECTION,ON ROADWAY,CLEAR,DRY,DAYLIGHT,NON-INJURY ACCIDENT (PROPERTY- DAMAGE-ONLY ACCIDENT),"LEFT TURN, OPPOSITE DIRECTION",45.77617813,-111.1771184
C000205E,020+0.173,BELGRADE,GALLATIN,October,2014,15:50,THU,INTERSECTION,ON ROADWAY,CLEAR,DRY,DAYLIGHT,NON-INJURY ACCIDENT (PROPERTY- DAMAGE-ONLY ACCIDENT),"SIDESWIPE, SAME DIRECTION",45.77617813,-111.1771184
C000205E,020+0.173,BELGRADE,GALLATIN,April,2016,16:23,WED,INTERSECTION-RELATED,ON ROADWAY,CLEAR,DRY,DAYLIGHT,NON-INJURY ACCIDENT (PROPERTY- DAMAGE-ONLY ACCIDENT),REAR-END,45.77607605,-111.1772641
C000205E,020+0.205,BELGRADE,GALLATIN,August,2014,16:15,THU,NON-JUNCTION,SHOULDER,CLEAR,DRY,DAYLIGHT,NON-INJURY ACCIDENT (PROPERTY- DAMAGE-ONLY ACCIDENT),REAR-END,45.775898,-111.176562
C000205E,020+0.244,BELGRADE,GALLATIN,December,2015,15:50,TUE,ACCELERATION/DECELERATION LANE,ON ROADWAY,CLEAR,ICE/FROST,DAYLIGHT,NON-INJURY ACCIDENT (PROPERTY- DAMAGE-ONLY ACCIDENT),REAR-END,45.77562191,-111.1759551
C000205E,020+0.411,BELGRADE,GALLATIN,OCTOBER,2017,17:15,THU,DRIVEWAY/ALLEY ACCESS RELATED,ON ROADWAY,CLEAR,DRY,DAYLIGHT,NON-INJURY ACCIDENT (PROPERTY- DAMAGE-ONLY ACCIDENT),REAR-END,45.77428167,-111.1730062
C000205E,020+0.418,BELGRADE,GALLATIN,NOVEMBER,2017,11:05,MON,NON-JUNCTION,ON ROADWAY,CLEAR,ICE/FROST,DAYLIGHT,NON-INJURY ACCIDENT (PROPERTY- DAMAGE-ONLY ACCIDENT),REAR-END,45.77428079,-111.1728347
C000205E,020+0.423,BELGRADE,GALLATIN,August,2015,7:50,WED,INTERSECTION,ON ROADWAY,CLEAR,DRY,DAYLIGHT,NON-INJURY ACCIDENT (PROPERTY- DAMAGE-ONLY ACCIDENT),HEAD ON,45.77419705,-111.1727699
C000205E,020+0.423,,GALLATIN,July,2015,18:05,TUE,INTERSECTION,ON ROADWAY,CLEAR,DRY,DAYLIGHT,NON-INJURY ACCIDENT (PROPERTY- DAMAGE-ONLY ACCIDENT),RIGHT ANGLE,45.77419696,-111.1727531
C000205E,020+0.423,BELGRADE,GALLATIN,June,2016,14:10,THU,NON-JUNCTION,ON ROADWAY,CLEAR,DRY,DAYLIGHT,NON-INJURY ACCIDENT (PROPERTY- DAMAGE-ONLY ACCIDENT),REAR-END,45.77420842,-111.1727987
C000205E,020+0.423,BELGRADE,GALLATIN,February,2016,14:59,FRI,DRIVEWAY/ALLEY ACCESS RELATED,ON ROADWAY,CLEAR,DRY,DAYLIGHT,NON-INCAPACITATING EVIDENT INJURY ACCIDENT,REAR-END,45.77420878,-111.1728201
C000205E,020+0.423,BELGRADE,GALLATIN,May,2016,15:45,FRI,INTERSECTION,ON ROADWAY,CLEAR,DRY,DAYLIGHT,NON-INJURY ACCIDENT (PROPERTY- DAMAGE-ONLY ACCIDENT),RIGHT ANGLE,45.7742169,-111.1727716
C000205E,020+0.423,BELGRADE,GALLATIN,May,2016,17:04,FRI,INTERSECTION,ON ROADWAY,CLEAR,DRY,DAYLIGHT,NON-INJURY ACCIDENT (PROPERTY- DAMAGE-ONLY ACCIDENT),"LEFT TURN, OPPOSITE DIRECTION",45.7741849,-111.1727761
C000205E,020+0.429,BELGRADE,GALLATIN,September,2016,14:04,SUN,INTERSECTION,ON ROADWAY,CLEAR,DRY,DAYLIGHT,POSSIBLE INJURY ACCIDENT,REAR-END,45.77415527,-111.172693
C000205E,020+0.429,BELGRADE,GALLATIN,SEPTEMBER,2017,0:00,SUN,INTERSECTION,ON ROADWAY,CLOUDY,DRY,DARK-NOT LIGHTED,NON-INJURY ACCIDENT (PROPERTY- DAMAGE-ONLY ACCIDENT),REAR-END,45.77414512,-111.1727078
C000205E,020+0.433,BELGRADE,GALLATIN,January,2013,17:25,THU,INTERSECTION,ON ROADWAY,SNOW,DRY,DARK-LIGHTED,NON-INJURY ACCIDENT (PROPERTY- DAMAGE-ONLY ACCIDENT),REAR-END,45.77412288,-111.1726276
C000205E,020+0.448,BELGRADE,GALLATIN,August,2014,11:00,SUN,DRIVEWAY/ALLEY ACCESS RELATED,ON ROADWAY,CLOUDY,WET,DAYLIGHT,NON-INJURY ACCIDENT (PROPERTY- DAMAGE-ONLY ACCIDENT),REAR-END,45.77394333,-111.172485
C000205E,020+0.598,BELGRADE,GALLATIN,May,2016,15:05,FRI,NON-JUNCTION,ON ROADWAY,CLEAR,DRY,DAYLIGHT,NON-INJURY ACCIDENT (PROPERTY- DAMAGE-ONLY ACCIDENT),REAR-END,45.772615,-111.1700739
C000205E,020+0.629,BELGRADE,GALLATIN,NOVEMBER,2017,7:54,FRI,NON-JUNCTION,ROADSIDE LEFT,CLEAR,ICE/FROST,DAYLIGHT,NON-INJURY ACCIDENT (PROPERTY- DAMAGE-ONLY ACCIDENT),FIXED OBJECT,45.77240782,-111.1694833
C000205E,020+0.765,BELGRADE,GALLATIN,January,2014,7:25,THU,NON-JUNCTION,SHOULDER,UNKNOWN,UNKNOWN,UNKNOWN,NON-INJURY ACCIDENT (PROPERTY- DAMAGE-ONLY ACCIDENT),OTHER,45.77113612,-111.1672892
C000205E,020+0.907,BELGRADE,GALLATIN,July,2016,11:48,THU,INTERSECTION,ON ROADWAY,CLEAR,DRY,DAYLIGHT,NON-INJURY ACCIDENT (PROPERTY- DAMAGE-ONLY ACCIDENT),RIGHT ANGLE,45.76991668,-111.1648439
C000205E,020+0.907,BELGRADE,GALLATIN,July,2016,13:30,FRI,INTERSECTION,ON ROADWAY,CLEAR,DRY,DAYLIGHT,NON-INJURY ACCIDENT (PROPERTY- DAMAGE-ONLY ACCIDENT),RIGHT ANGLE,45.76994888,-111.1648951
C000205E,020+0.945,BELGRADE,GALLATIN,FEBRUARY,2017,20:15,WED,INTERSECTION,ON ROADWAY,CLEAR,ICE/FROST,DARK-NOT LIGHTED,POSSIBLE INJURY ACCIDENT,PEDESTRIAN,45.76951478,-111.1641523
C000205E,021+0.023,BELGRADE,GALLATIN,August,2015,11:40,FRI,NON-JUNCTION,ON ROADWAY,CLEAR,DRY,DAYLIGHT,NON-INJURY ACCIDENT (PROPERTY- DAMAGE-ONLY ACCIDENT),REAR-END,45.76911167,-111.163095
C000205E,021+0.080,,GALLATIN,January,2013,4:40,SAT,NON-JUNCTION,SHOULDER,CLEAR,DRY,DARK-LIGHTED,NON-INJURY ACCIDENT (PROPERTY- DAMAGE-ONLY ACCIDENT),FIXED OBJECT,45.76858875,-111.1619707
C000205E,021+0.109,,GALLATIN,July,2016,14:50,THU,INTERSECTION-RELATED,ON ROADWAY,CLEAR,DRY,DAYLIGHT,NON-INJURY ACCIDENT (PROPERTY- DAMAGE-ONLY ACCIDENT),REAR-END,45.76830871,-111.1617112
C000205E,021+0.128,BELGRADE,GALLATIN,December,2016,13:48,THU,INTERSECTION,ON ROADWAY,CLEAR,ICE/FROST,DAYLIGHT,NON-INJURY ACCIDENT (PROPERTY- DAMAGE-ONLY ACCIDENT),RIGHT ANGLE,45.76810969,-111.1613652
C000205E,021+0.159,,GALLATIN,October,2015,12:15,SAT,NON-JUNCTION,ON ROADWAY,CLEAR,DRY,DAYLIGHT,NON-INJURY ACCIDENT (PROPERTY- DAMAGE-ONLY ACCIDENT),"SIDESWIPE, SAME DIRECTION",45.76723298,-111.1615951
C000205E,021+0.159,,GALLATIN,January,2016,9:59,SAT,INTERSECTION,ON ROADWAY,CLEAR,WET,DAYLIGHT,NON-INJURY ACCIDENT (PROPERTY- DAMAGE-ONLY ACCIDENT),RIGHT ANGLE,45.76792525,-111.1607331
C000205E,021+0.172,,GALLATIN,June,2015,23:30,SAT,NON-JUNCTION,ON ROADWAY,CLEAR,DRY,DARK-NOT LIGHTED,NON-INJURY ACCIDENT (PROPERTY- DAMAGE-ONLY ACCIDENT),RIGHT ANGLE,45.7677623,-111.1607003
C000205E,021+0.184,,GALLATIN,June,2014,12:00,TUE,NON-JUNCTION,ON ROADWAY,CLOUDY,DRY,DAYLIGHT,NON-INJURY ACCIDENT (PROPERTY- DAMAGE-ONLY ACCIDENT),RIGHT ANGLE,45.76763934,-111.1604954
C000205E,021+0.283,,GALLATIN,December,2016,18:52,SUN,NON-JUNCTION,OUTSIDE RIGHT-OF-WAY (TRAFFICWAY),CLOUDY,ICE/FROST,DARK-NOT LIGHTED,NON-INJURY ACCIDENT (PROPERTY- DAMAGE-ONLY ACCIDENT),FIXED OBJECT,45.76823581,-111.1572464
C000205E,021+0.400,,GALLATIN,November,2013,6:35,MON,NON-JUNCTION,SHOULDER,CLEAR,ICE/FROST,DARK-NOT LIGHTED,NON-INJURY ACCIDENT (PROPERTY- DAMAGE-ONLY ACCIDENT),ROLL OVER,45.76564595,-111.1569636
C000205E,021+0.419,,GALLATIN,December,2016,23:15,SAT,NON-JUNCTION,SHOULDER,CLOUDY,ICE/FROST,DARK-NOT LIGHTED,NON-INJURY ACCIDENT (PROPERTY- DAMAGE-ONLY ACCIDENT),FIXED OBJECT,45.76583685,-111.1562889
C000205E,021+0.760,,GALLATIN,January,2013,15:53,WED,INTERSECTION-RELATED,ROADSIDE RIGHT,CLEAR,DRY,DAYLIGHT,NON-INCAPACITATING EVIDENT INJURY ACCIDENT,FIXED OBJECT,45.76262667,-111.1509017
C000205E,021+0.770,,GALLATIN,June,2013,16:50,WED,INTERSECTION-RELATED,ON ROADWAY,CLOUDY,DRY,DAYLIGHT,NON-INJURY ACCIDENT (PROPERTY- DAMAGE-ONLY ACCIDENT),REAR-END,45.76255764,-111.1506805
C000205E,021+0.770,,GALLATIN,August,2013,18:15,TUE,INTERSECTION-RELATED,ON ROADWAY,CLEAR,DRY,DAYLIGHT,NON-INJURY ACCIDENT (PROPERTY- DAMAGE-ONLY ACCIDENT),REAR-END,45.76260167,-111.150605
C000205E,021+0.773,,GALLATIN,November,2016,17:25,FRI,INTERSECTION-RELATED,ON ROADWAY,CLEAR,DRY,DARK-NOT LIGHTED,NON-INCAPACITATING EVIDENT INJURY ACCIDENT,REAR-END,45.76257817,-111.1506736