MDT_CORRIDOR_ID,SMS_REFPOST_OFFSET,CITY,COUNTY,Month,Year,SMS_TIME,SMT_CRASH_OCC_DAY_OF_WEEK,JUNCTION_RELATED,ROADWAY_RELATED,WEATHER_COND,ROAD_COND,LIGHT_COND,CRASH_SEVERITY,COLLISION_TYPE,LATITUDE,LONGITUDE
C000205E,021+0.798,,GALLATIN,June,2014,17:50,FRI,INTERSECTION,ON ROADWAY,CLOUDY,DRY,DAYLIGHT,NON-INCAPACITATING EVIDENT INJURY ACCIDENT,REAR-END,45.76228,-111.1504
C000205E,021+0.810,NOT IN CITY LIMITS,GALLATIN,MAY,2017,9:47,SAT,INTERSECTION-RELATED,ON ROADWAY,CLOUDY,DRY,DAYLIGHT,NON-INJURY ACCIDENT (PROPERTY- DAMAGE-ONLY ACCIDENT),REAR-END,45.76216495,-111.1501135
C000205E,022+0.193,NOT IN CITY LIMITS,GALLATIN,FEBRUARY,2017,4:35,THU,NON-JUNCTION,ON ROADWAY,CLOUDY,ICE/FROST,DARK-NOT LIGHTED,INCAPACITATING INJURY ACCIDENT,BICYCLE,45.75931634,-111.1443185
C000205E,022+0.316,,GALLATIN,December,2014,13:25,THU,NON-JUNCTION,SHOULDER,CLOUDY,DRY,DAYLIGHT,NON-INJURY ACCIDENT (PROPERTY- DAMAGE-ONLY ACCIDENT),FIXED OBJECT,45.75822207,-111.1422273
C000205E,022+0.384,,GALLATIN,November,2016,20:55,THU,NON-JUNCTION,ON ROADWAY,CLEAR,DRY,DARK-NOT LIGHTED,NON-INCAPACITATING EVIDENT INJURY ACCIDENT,DOMESTIC ANIMAL,45.75764327,-111.1411036
C000205E,022+0.471,,GALLATIN,October,2016,9:30,TUE,RAILWAY GRADE CROSSING,ON ROADWAY,CLOUDY,DRY,DAYLIGHT,NON-INCAPACITATING EVIDENT INJURY ACCIDENT,RAILWAY VEHICLE,45.75631144,-111.140237
C000205E,022+0.484,,GALLATIN,November,2016,6:00,THU,DRIVEWAY/ALLEY ACCESS RELATED,ROADSIDE RIGHT,SNOW,ICE/FROST,DARK-NOT LIGHTED,NON-INCAPACITATING EVIDENT INJURY ACCIDENT,FIXED OBJECT,45.75673833,-111.1395335
C000205E,022+0.490,,GALLATIN,March,2014,7:45,MON,INTERSECTION,ON ROADWAY,CLOUDY,ICE/FROST,DAYLIGHT,NON-INJURY ACCIDENT (PROPERTY- DAMAGE-ONLY ACCIDENT),REAR-END,45.75667682,-111.1394451
C000205E,022+0.490,,GALLATIN,December,2014,7:45,WED,DRIVEWAY/ALLEY ACCESS RELATED,SHOULDER,CLOUDY,ICE/FROST,DAYLIGHT,NON-INJURY ACCIDENT (PROPERTY- DAMAGE-ONLY ACCIDENT),FIXED OBJECT,45.75669399,-111.1393697
C000205E,022+0.490,,GALLATIN,August,2015,16:20,THU,INTERSECTION-RELATED,ROADSIDE LEFT,CLOUDY,DRY,DAYLIGHT,NON-INCAPACITATING EVIDENT INJURY ACCIDENT,ROLL OVER,45.75668368,-111.1393765
C000205E,022+0.527,,GALLATIN,May,2016,11:26,WED,DRIVEWAY/ALLEY ACCESS RELATED,ON ROADWAY,CLEAR,DRY,DAYLIGHT,NON-INJURY ACCIDENT (PROPERTY- DAMAGE-ONLY ACCIDENT),REAR-END,45.75635239,-111.1387724
C000205E,022+0.707,,GALLATIN,April,2015,0:01,SAT,NON-JUNCTION,ON ROADWAY,CLEAR,DRY,DARK-NOT LIGHTED,UNKNOWN,HEAD ON,45.75477806,-111.1357496
C000205E,022+0.860,,GALLATIN,September,2013,5:00,FRI,NON-JUNCTION,ON ROADWAY,CLEAR,DRY,DARK-NOT LIGHTED,NON-INJURY ACCIDENT (PROPERTY- DAMAGE-ONLY ACCIDENT),REAR-END,45.75318323,-111.1333112
C000205E,022+0.881,NOT IN CITY LIMITS,GALLATIN,OCTOBER,2017,3:15,THU,NON-JUNCTION,ON ROADWAY,"FOG, SMOG, SMOKE",DRY,DARK-NOT LIGHTED,NON-INJURY ACCIDENT (PROPERTY- DAMAGE-ONLY ACCIDENT),DOMESTIC ANIMAL,45.75305994,-111.1331099
C000205E,023+0.030,,GALLATIN,March,2013,9:30,TUE,NON-JUNCTION,ON ROADWAY,CLEAR,DRY,DAYLIGHT,NON-INJURY ACCIDENT (PROPERTY- DAMAGE-ONLY ACCIDENT),LOST CONTROL,45.7517387,-111.1307021
C000205E,023+0.089,,GALLATIN,October,2014,19:33,SAT,NON-JUNCTION,ON ROADWAY,RAIN,WET,DARK-NOT LIGHTED,NON-INJURY ACCIDENT (PROPERTY- DAMAGE-ONLY ACCIDENT),NOT FIXED OBJECT OR DEBRIS,45.75134936,-111.1298416
C000205E,023+0.126,,GALLATIN,August,2015,6:35,MON,NON-JUNCTION,ROADSIDE RIGHT,CLEAR,DRY,DAYLIGHT,NON-INJURY ACCIDENT (PROPERTY- DAMAGE-ONLY ACCIDENT),LOST CONTROL,45.75105,-111.1293317
C000205E,023+0.281,,GALLATIN,July,2014,15:30,MON,NON-JUNCTION,ON ROADWAY,CLEAR,DRY,DAYLIGHT,NON-INJURY ACCIDENT (PROPERTY- DAMAGE-ONLY ACCIDENT),REAR-END,45.74973,-111.1266
C000205E,023+0.374,,GALLATIN,February,2016,22:15,WED,NON-JUNCTION,ON ROADWAY,CLOUDY,DRY,DARK-NOT LIGHTED,NON-INJURY ACCIDENT (PROPERTY- DAMAGE-ONLY ACCIDENT),PEDESTRIAN,45.74896916,-111.1251439
C000205E,023+0.486,,GALLATIN,January,2014,17:45,WED,NON-JUNCTION,ROADSIDE LEFT,CLOUDY,ICE/FROST,DUSK,NON-INJURY ACCIDENT (PROPERTY- DAMAGE-ONLY ACCIDENT),FIXED OBJECT,45.74807426,-111.1230715
C000205E,023+0.510,,GALLATIN,April,2015,16:03,MON,NON-JUNCTION,ON ROADWAY,CLEAR,DRY,DAYLIGHT,NON-INJURY ACCIDENT (PROPERTY- DAMAGE-ONLY ACCIDENT),NOT FIXED OBJECT OR DEBRIS,45.74774277,-111.1228535
C000205E,023+0.529,,GALLATIN,September,2014,15:48,WED,NON-JUNCTION,ROADSIDE RIGHT,CLEAR,DRY,DAYLIGHT,NON-INCAPACITATING EVIDENT INJURY ACCIDENT,FIXED OBJECT,45.74753354,-111.1225986
C000205E,023+0.715,NOT IN CITY LIMITS,GALLATIN,JUNE,2017,19:00,FRI,NON-JUNCTION,ROADSIDE RIGHT,RAIN,WET,DAYLIGHT,NON-INCAPACITATING EVIDENT INJURY ACCIDENT,"SIDESWIPE, OPPOSITE DIRECTION",45.74605011,-111.1194514
C000205E,023+0.820,,GALLATIN,November,2014,17:32,WED,NON-JUNCTION,ON ROADWAY,CLEAR,DRY,DARK-NOT LIGHTED,NON-INJURY ACCIDENT (PROPERTY- DAMAGE-ONLY ACCIDENT),REAR-END,45.74506336,-111.1178136
C000205E,024+0.008,NOT IN CITY LIMITS,GALLATIN,NOVEMBER,2017,19:30,SUN,NON-JUNCTION,ROADSIDE LEFT,CLOUDY,ICE/FROST,DARK-NOT LIGHTED,NON-INJURY ACCIDENT (PROPERTY- DAMAGE-ONLY ACCIDENT),FIXED OBJECT,45.74337,-111.1144
C000205E,024+0.210,,GALLATIN,November,2013,4:25,MON,NON-JUNCTION,ROADSIDE LEFT,CLEAR,DRY,DARK-NOT LIGHTED,NON-INCAPACITATING EVIDENT INJURY ACCIDENT,ROLL OVER,45.74152074,-111.1107853
C000205E,024+0.238,NOT IN CITY LIMITS,GALLATIN,JUNE,2017,9:58,THU,NON-JUNCTION,ON ROADWAY,CLEAR,DRY,DAYLIGHT,NON-INJURY ACCIDENT (PROPERTY- DAMAGE-ONLY ACCIDENT),REAR-END,45.74138343,-111.1105255
C000205E,024+0.256,,GALLATIN,March,2014,16:34,THU,NON-JUNCTION,ON ROADWAY,CLEAR,DRY,DAYLIGHT,NON-INJURY ACCIDENT (PROPERTY- DAMAGE-ONLY ACCIDENT),REAR-END,45.74116687,-111.1102375
C000205E,024+0.275,,GALLATIN,December,2016,16:16,FRI,INTERSECTION,ON ROADWAY,SNOW,ICE/FROST,DAYLIGHT,NON-INCAPACITATING EVIDENT INJURY ACCIDENT,RIGHT ANGLE,45.74100156,-111.1099315
C000205E,024+0.486,,GALLATIN,April,2014,18:55,SAT,NON-JUNCTION,SHOULDER,CLOUDY,DRY,DAYLIGHT,NON-INJURY ACCIDENT (PROPERTY- DAMAGE-ONLY ACCIDENT),ROLL OVER,45.73918135,-111.1064482
C000205E,024+0.610,,GALLATIN,August,2013,22:15,SAT,INTERSECTION,ON ROADWAY,CLEAR,DRY,DARK-NOT LIGHTED,NON-INJURY ACCIDENT (PROPERTY- DAMAGE-ONLY ACCIDENT),"SIDESWIPE, SAME DIRECTION",45.73806806,-111.1042898
C000205E,024+0.740,BOZEMAN,GALLATIN,February,2014,20:50,THU,NON-JUNCTION,ON ROADWAY,SNOW,SNOW,DARK-NOT LIGHTED,NON-INJURY ACCIDENT (PROPERTY- DAMAGE-ONLY ACCIDENT),RIGHT ANGLE,45.73704011,-111.1021861
C000205E,024+0.801,,GALLATIN,July,2014,7:30,SAT,NON-JUNCTION,ROADSIDE RIGHT,CLEAR,DRY,DAYLIGHT,INCAPACITATING INJURY ACCIDENT,ROLL OVER,45.73651758,-111.1011479
C000205E,024+0.820,,GALLATIN,December,2016,18:32,FRI,DRIVEWAY/ALLEY ACCESS RELATED,ON ROADWAY,CLOUDY,DRY,DARK-NOT LIGHTED,NON-INJURY ACCIDENT (PROPERTY- DAMAGE-ONLY ACCIDENT),RIGHT ANGLE,45.73627509,-111.1008747
C000205E,024+0.833,,GALLATIN,November,2014,13:00,WED,NON-JUNCTION,ROADSIDE RIGHT,CLOUDY,SNOW,DAYLIGHT,NON-INJURY ACCIDENT (PROPERTY- DAMAGE-ONLY ACCIDENT),RIGHT ANGLE,45.73694,-111.099925
C000205E,024+0.858,,GALLATIN,February,2014,10:55,TUE,DRIVEWAY/ALLEY ACCESS RELATED,ON ROADWAY,CLOUDY,SNOW,DAYLIGHT,NON-INJURY ACCIDENT (PROPERTY- DAMAGE-ONLY ACCIDENT),REAR-END,45.73594728,-111.1002463
C000205E,024+0.950,,GALLATIN,February,2013,12:00,FRI,NON-JUNCTION,SHOULDER,CLEAR,DRY,DAYLIGHT,NON-INJURY ACCIDENT (PROPERTY- DAMAGE-ONLY ACCIDENT),FIXED OBJECT,45.73521302,-111.0986071
C000205E,025+0.000,,GALLATIN,February,2014,5:45,MON,NON-JUNCTION,ON ROADWAY,CLEAR,DRY,DARK-NOT LIGHTED,NON-INJURY ACCIDENT (PROPERTY- DAMAGE-ONLY ACCIDENT),WILD ANIMAL,45.73474514,-111.097924
C000205E,025+0.053,,GALLATIN,December,2015,19:00,MON,NON-JUNCTION,ROADSIDE LEFT,SNOW,ICE/FROST,DARK-NOT LIGHTED,NON-INJURY ACCIDENT (PROPERTY- DAMAGE-ONLY ACCIDENT),ROLL OVER,45.73436947,-111.0970157
C000205E,025+0.133,BOZEMAN,GALLATIN,JANUARY,2017,15:47,TUE,NON-JUNCTION,ROADSIDE LEFT,SNOW,SNOW,DAYLIGHT,NON-INJURY ACCIDENT (PROPERTY- DAMAGE-ONLY ACCIDENT),ROLL OVER,45.7336011,-111.0958067
C000205E,025+0.486,,GALLATIN,December,2016,6:23,THU,INTERSECTION,ON ROADWAY,SNOW,ICE/FROST,DARK-NOT LIGHTED,NON-INJURY ACCIDENT (PROPERTY- DAMAGE-ONLY ACCIDENT),RIGHT ANGLE,45.73060122,-111.0898884
C000205E,025+0.492,,GALLATIN,September,2014,13:50,THU,INTERSECTION,ON ROADWAY,CLEAR,DRY,DAYLIGHT,NON-INCAPACITATING EVIDENT INJURY ACCIDENT,RIGHT ANGLE,45.73063959,-111.0896528
C000205E,025+0.492,NOT IN CITY LIMITS,GALLATIN,DECEMBER,2017,14:30,WED,INTERSECTION,ON ROADWAY,SNOW,ICE/FROST,DAYLIGHT,NON-INJURY ACCIDENT (PROPERTY- DAMAGE-ONLY ACCIDENT),JACKKNIFE,45.73051119,-111.0898824
C000205E,025+0.500,,GALLATIN,December,2013,19:50,MON,INTERSECTION,ROADSIDE LEFT,SNOW,ICE/FROST,DARK-LIGHTED,NON-INJURY ACCIDENT (PROPERTY- DAMAGE-ONLY ACCIDENT),FIXED OBJECT,45.73040457,-111.0896869
C000205E,025+0.500,,GALLATIN,June,2013,15:48,MON,INTERSECTION,ON ROADWAY,CLOUDY,DRY,DAYLIGHT,NON-INCAPACITATING EVIDENT INJURY ACCIDENT,"LEFT TURN, OPPOSITE DIRECTION",45.73041824,-111.0895434
C000205E,025+0.500,,GALLATIN,January,2013,10:50,THU,INTERSECTION,ON ROADWAY,CLEAR,DRY,DAYLIGHT,NON-INJURY ACCIDENT (PROPERTY- DAMAGE-ONLY ACCIDENT),REAR-END,45.73049334,-111.0896049
C000205E,025+0.500,,GALLATIN,July,2013,13:42,TUE,INTERSECTION,ON ROADWAY,CLEAR,DRY,DAYLIGHT,NON-INCAPACITATING EVIDENT INJURY ACCIDENT,RIGHT ANGLE,45.73052333,-111.0896833
C000205E,025+0.504,,GALLATIN,April,2014,13:31,WED,INTERSECTION,ON ROADWAY,CLEAR,DRY,DAYLIGHT,FATAL ACCIDENT,"LEFT TURN, OPPOSITE DIRECTION",45.73045922,-111.0896117
C000205E,025+0.504,,GALLATIN,October,2014,22:20,THU,INTERSECTION,ON ROADWAY,CLEAR,DRY,DARK-LIGHTED,NON-INJURY ACCIDENT (PROPERTY- DAMAGE-ONLY ACCIDENT),REAR-END,45.73039091,-111.0896527
C000205E,025+0.504,,GALLATIN,March,2015,15:45,MON,INTERSECTION,ON ROADWAY,CLOUDY,DRY,DAYLIGHT,NON-INJURY ACCIDENT (PROPERTY- DAMAGE-ONLY ACCIDENT),RIGHT ANGLE,45.73047968,-111.089598
C000205E,025+0.504,,GALLATIN,April,2015,17:52,WED,INTERSECTION,ON ROADWAY,CLOUDY,WET,DAYLIGHT,INCAPACITATING INJURY ACCIDENT,RIGHT ANGLE,45.73043869,-111.089639
C000205E,025+0.504,,GALLATIN,April,2015,0:15,SAT,INTERSECTION,ON ROADWAY,CLOUDY,DRY,DARK-LIGHTED,NON-INJURY ACCIDENT (PROPERTY- DAMAGE-ONLY ACCIDENT),RIGHT ANGLE,45.73046266,-111.0895912
C000205E,025+0.504,,GALLATIN,April,2015,7:35,WED,INTERSECTION-RELATED,ON ROADWAY,SNOW,SNOW,DAYLIGHT,NON-INJURY ACCIDENT (PROPERTY- DAMAGE-ONLY ACCIDENT),REAR-END,45.73047289,-111.0895297
C000205E,025+0.504,,GALLATIN,April,2015,7:40,WED,INTERSECTION,ON ROADWAY,SNOW,SNOW,DAYLIGHT,POSSIBLE INJURY ACCIDENT,RIGHT ANGLE,45.73047289,-111.0895297
C000205E,025+0.511,,GALLATIN,February,2015,13:32,TUE,INTERSECTION,ROADSIDE RIGHT,CLOUDY,DRY,DAYLIGHT,NON-INJURY ACCIDENT (PROPERTY- DAMAGE-ONLY ACCIDENT),FIXED OBJECT,45.73039838,-111.0894693
C000205E,025+0.520,,GALLATIN,August,2013,17:50,WED,ACCELERATION/DECELERATION LANE,ON ROADWAY,CLEAR,DRY,DAYLIGHT,POSSIBLE INJURY ACCIDENT,REAR-END,45.73026333,-111.0893583
C000205E,025+0.570,,GALLATIN,December,2013,14:19,FRI,NON-JUNCTION,ON ROADWAY,CLEAR,ICE/FROST,DAYLIGHT,NON-INJURY ACCIDENT (PROPERTY- DAMAGE-ONLY ACCIDENT),FIXED OBJECT,45.7298274,-111.0884438
C000205E,025+0.610,,GALLATIN,July,2013,22:08,SAT,NON-JUNCTION,ON ROADWAY,CLEAR,DRY,DARK-NOT LIGHTED,NON-INJURY ACCIDENT (PROPERTY- DAMAGE-ONLY ACCIDENT),WILD ANIMAL,45.72955423,-111.0876924
C000205E,025+0.858,NOT IN CITY LIMITS,GALLATIN,NOVEMBER,2017,23:00,SAT,NON-JUNCTION,ON ROADWAY,CLEAR,DRY,DARK-LIGHTED,NON-INJURY ACCIDENT (PROPERTY- DAMAGE-ONLY ACCIDENT),WILD ANIMAL,45.72740084,-111.0837541
C000205E,025+0.865,BOZEMAN,GALLATIN,October,2016,4:40,SAT,NON-JUNCTION,ON ROADWAY,CLEAR,DRY,DARK-NOT LIGHTED,NON-INJURY ACCIDENT (PROPERTY- DAMAGE-ONLY ACCIDENT),WILD ANIMAL,45.72740275,-111.0834646
C000205E,025+0.908,,GALLATIN,November,2015,2:00,SUN,NON-JUNCTION,ON ROADWAY,CLEAR,DRY,DARK-NOT LIGHTED,NON-INJURY ACCIDENT (PROPERTY- DAMAGE-ONLY ACCIDENT),WILD ANIMAL,45.72696556,-111.0828225
C000205E,026+0.011,,GALLATIN,March,2014,16:17,THU,NON-JUNCTION,SHOULDER,SNOW,SLUSH,DAYLIGHT,NON-INJURY ACCIDENT (PROPERTY- DAMAGE-ONLY ACCIDENT),FIXED OBJECT,45.72629962,-111.0816409
C000205E,026+0.233,,GALLATIN,May,2016,15:45,SAT,NON-JUNCTION,ON ROADWAY,CLEAR,DRY,DAYLIGHT,NON-INJURY ACCIDENT (PROPERTY- DAMAGE-ONLY ACCIDENT),RIGHT ANGLE,45.72446045,-111.0778985
C000205E,026+0.270,,GALLATIN,September,2016,6:25,THU,NON-JUNCTION,ON ROADWAY,CLOUDY,DRY,DARK-NOT LIGHTED,NON-INJURY ACCIDENT (PROPERTY- DAMAGE-ONLY ACCIDENT),WILD ANIMAL,45.72410025,-111.0772706
C000205E,026+0.295,BOZEMAN,GALLATIN,NOVEMBER,2017,7:51,FRI,NON-JUNCTION,SHOULDER,SNOW,SNOW,DAYLIGHT,NON-INJURY ACCIDENT (PROPERTY- DAMAGE-ONLY ACCIDENT),ROLL OVER,45.72391389,-111.0768102
C000205E,026+0.500,BOZEMAN,GALLATIN,September,2013,9:25,FRI,INTERSECTION,ON ROADWAY,CLEAR,DRY,DAYLIGHT,POSSIBLE INJURY ACCIDENT,HEAD ON,45.72215665,-111.0734742
C000205E,026+0.723,BOZEMAN,GALLATIN,December,2014,14:13,MON,NON-JUNCTION,SHOULDER,CLEAR,SLUSH,DAYLIGHT,NON-INJURY ACCIDENT (PROPERTY- DAMAGE-ONLY ACCIDENT),NOT FIXED OBJECT OR DEBRIS,45.72025867,-111.0696866
C000205E,026+0.890,BOZEMAN,GALLATIN,July,2013,18:17,WED,INTERSECTION,ON ROADWAY,CLEAR,DRY,DAYLIGHT,NON-INJURY ACCIDENT (PROPERTY- DAMAGE-ONLY ACCIDENT),"LEFT TURN, OPPOSITE DIRECTION",45.71870166,-111.0669321
C000235E,000+0.019,,GALLATIN,June,2015,18:55,TUE,INTERSECTION-RELATED,ON ROADWAY,CLOUDY,DRY,DAYLIGHT,NON-INJURY ACCIDENT (PROPERTY- DAMAGE-ONLY ACCIDENT),REAR-END,45.72923999,-111.1846879
C000235E,000+0.025,,GALLATIN,May,2015,18:05,TUE,INTERSECTION-RELATED,ON ROADWAY,CLOUDY,DRY,DAYLIGHT,NON-INJURY ACCIDENT (PROPERTY- DAMAGE-ONLY ACCIDENT),REAR-END,45.72927333,-111.1846667
C000235E,000+0.037,NOT IN CITY LIMITS,GALLATIN,MARCH,2017,17:55,WED,INTERSECTION-RELATED,ON ROADWAY,CLOUDY,DRY,DAYLIGHT,POSSIBLE INJURY ACCIDENT,REAR-END,45.72920706,-111.1843577
C000235E,000+0.192,,GALLATIN,April,2014,17:45,SAT,NON-JUNCTION,ON ROADWAY,CLOUDY,DRY,DAYLIGHT,NON-INJURY ACCIDENT (PROPERTY- DAMAGE-ONLY ACCIDENT),RIGHT ANGLE,45.72931167,-111.181135
C000235E,000+0.872,NOT IN CITY LIMITS,GALLATIN,OCTOBER,2017,16:07,WED,NON-JUNCTION,ON ROADWAY,CLOUDY,DRY,DAYLIGHT,NON-INJURY ACCIDENT (PROPERTY- DAMAGE-ONLY ACCIDENT),OTHER,45.72922977,-111.1671549
C000235E,001+0.003,NOT IN CITY LIMITS,GALLATIN,FEBRUARY,2017,17:15,THU,INTERSECTION,ROADSIDE RIGHT,CLOUDY,ICE/FROST,DAYLIGHT,NON-INJURY ACCIDENT (PROPERTY- DAMAGE-ONLY ACCIDENT),FIXED OBJECT,45.72919424,-111.1644438
C000235E,001+0.009,,GALLATIN,December,2016,12:15,FRI,INTERSECTION-RELATED,ROADSIDE LEFT,CLOUDY,ICE/FROST,DAYLIGHT,NON-INJURY ACCIDENT (PROPERTY- DAMAGE-ONLY ACCIDENT),FIXED OBJECT,45.7292503,-111.1642998
C000235E,001+0.027,NOT IN CITY LIMITS,GALLATIN,DECEMBER,2017,17:08,TUE,INTERSECTION,ON ROADWAY,CLOUDY,DRY,DARK-NOT LIGHTED,POSSIBLE INJURY ACCIDENT,RIGHT ANGLE,45.72913973,-111.1638696
C000235E,001+0.250,NOT IN CITY LIMITS,GALLATIN,NOVEMBER,2017,17:46,MON,NON-JUNCTION,ON ROADWAY,CLOUDY,DRY,DARK-NOT LIGHTED,POSSIBLE INJURY ACCIDENT,REAR-END,45.72926712,-111.1593332
C000235E,001+0.503,NOT IN CITY LIMITS,GALLATIN,MAY,2017,22:00,FRI,NON-JUNCTION,ON ROADWAY,CLEAR,DRY,DARK-NOT LIGHTED,NON-INJURY ACCIDENT (PROPERTY- DAMAGE-ONLY ACCIDENT),NOT FIXED OBJECT OR DEBRIS,45.72921146,-111.1540417
C000235E,001+0.522,NOT IN CITY LIMITS,GALLATIN,SEPTEMBER,2017,21:40,SUN,NON-JUNCTION,ROADSIDE RIGHT,CLEAR,DRY,DARK-NOT LIGHTED,POSSIBLE INJURY ACCIDENT,FIXED OBJECT,45.72921928,-111.1537125
C000235E,001+0.578,,GALLATIN,October,2015,16:55,SAT,NON-JUNCTION,ON ROADWAY,CLOUDY,DRY,DAYLIGHT,NON-INJURY ACCIDENT (PROPERTY- DAMAGE-ONLY ACCIDENT),WILD ANIMAL,45.72918652,-111.1525276
C000235E,001+0.942,,GALLATIN,November,2014,9:35,SUN,INTERSECTION,ON ROADWAY,CLEAR,ICE/FROST,DAYLIGHT,NON-INJURY ACCIDENT (PROPERTY- DAMAGE-ONLY ACCIDENT),REAR-END,45.72931,-111.145005
C000235E,001+0.942,NOT IN CITY LIMITS,GALLATIN,SEPTEMBER,2017,22:02,THU,INTERSECTION,ROADSIDE LEFT,RAIN,WET,DARK-NOT LIGHTED,NON-INJURY ACCIDENT (PROPERTY- DAMAGE-ONLY ACCIDENT),FIXED OBJECT,45.72925961,-111.1450161
C000235E,001+0.960,,GALLATIN,July,2013,14:44,MON,INTERSECTION-RELATED,ON ROADWAY,RAIN,WET,DAYLIGHT,NON-INJURY ACCIDENT (PROPERTY- DAMAGE-ONLY ACCIDENT),REAR-END,45.72920244,-111.1445674
C000235E,001+0.961,,GALLATIN,January,2014,11:45,WED,INTERSECTION,ON ROADWAY,SNOW,SNOW,DAYLIGHT,NON-INCAPACITATING EVIDENT INJURY ACCIDENT,RIGHT ANGLE,45.72921267,-111.1446016
C000235E,002+0.052,NOT IN CITY LIMITS,GALLATIN,FEBRUARY,2017,0:45,SAT,INTERSECTION-RELATED,ROADSIDE RIGHT,CLOUDY,DRY,DARK-LIGHTED,NON-INJURY ACCIDENT (PROPERTY- DAMAGE-ONLY ACCIDENT),FIXED OBJECT,45.7291569,-111.0978752
C000235E,002+0.350,,GALLATIN,August,2013,18:37,WED,INTERSECTION-RELATED,ON ROADWAY,CLOUDY,DRY,DAYLIGHT,NON-INJURY ACCIDENT (PROPERTY- DAMAGE-ONLY ACCIDENT),REAR-END,45.72926333,-111.1365683
C000235E,002+0.480,,GALLATIN,January,2013,21:09,THU,NON-JUNCTION,ON ROADWAY,CLEAR,DRY,DARK-NOT LIGHTED,NON-INJURY ACCIDENT (PROPERTY- DAMAGE-ONLY ACCIDENT),OTHER,45.72930831,-111.1336733
C000235E,002+0.549,,GALLATIN,August,2015,15:45,WED,INTERSECTION,ON ROADWAY,CLEAR,DRY,DAYLIGHT,NON-INCAPACITATING EVIDENT INJURY ACCIDENT,BICYCLE,45.72938,-111.1325
C000235E,002+0.957,,GALLATIN,December,2016,17:15,MON,INTERSECTION,ON ROADWAY,CLEAR,DRY,DARK-NOT LIGHTED,POSSIBLE INJURY ACCIDENT,RIGHT ANGLE,45.72931853,-111.1239471
C000235E,003+0.074,,GALLATIN,March,2015,17:15,FRI,INTERSECTION-RELATED,ON ROADWAY,CLEAR,DRY,DAYLIGHT,NON-INCAPACITATING EVIDENT INJURY ACCIDENT,REAR-END,45.7293425,-111.1215974
C000235E,003+0.501,,GALLATIN,April,2016,5:45,MON,NON-JUNCTION,ON ROADWAY,CLOUDY,WET,DARK-NOT LIGHTED,NON-INJURY ACCIDENT (PROPERTY- DAMAGE-ONLY ACCIDENT),OTHER,45.72916622,-111.1127285
C000235E,003+0.935,NOT IN CITY LIMITS,GALLATIN,JULY,2017,16:50,WED,NON-JUNCTION,ON ROADWAY,SEVERE CROSSWINDS,DRY,DAYLIGHT,NON-INJURY ACCIDENT (PROPERTY- DAMAGE-ONLY ACCIDENT),OTHER,45.72906487,-111.1037372
C000235E,003+0.961,,GALLATIN,January,2016,18:13,MON,NON-JUNCTION,ON ROADWAY,CLOUDY,DRY,DARK-NOT LIGHTED,INCAPACITATING INJURY ACCIDENT,HEAD ON,45.72905559,-111.1034838
C000235E,004+0.010,,GALLATIN,November,2014,17:55,FRI,NON-JUNCTION,ON ROADWAY,CLOUDY,DRY,DARK-NOT LIGHTED,NON-INJURY ACCIDENT (PROPERTY- DAMAGE-ONLY ACCIDENT),DOMESTIC ANIMAL,45.72917168,-111.1023022
C000235E,004+0.468,NOT IN CITY LIMITS,GALLATIN,SEPTEMBER,2017,2:40,SUN,NON-JUNCTION,ROADSIDE RIGHT,CLOUDY,DRY,DARK-NOT LIGHTED,NON-INCAPACITATING EVIDENT INJURY ACCIDENT,FIXED OBJECT,45.72934299,-111.0927968
C000235E,004+0.511,,GALLATIN,March,2016,10:00,MON,INTERSECTION,ON ROADWAY,CLOUDY,WET,DAYLIGHT,INCAPACITATING INJURY ACCIDENT,RIGHT ANGLE,45.72912618,-111.0919133
C000235E,004+0.540,,GALLATIN,December,2013,17:55,THU,INTERSECTION-RELATED,ON ROADWAY,CLOUDY,ICE/FROST,DARK-LIGHTED,NON-INJURY ACCIDENT (PROPERTY- DAMAGE-ONLY ACCIDENT),RIGHT ANGLE,45.72911833,-111.0912283
C000235E,004+0.547,,GALLATIN,May,2014,17:25,THU,INTERSECTION,ON ROADWAY,CLEAR,DRY,DAYLIGHT,NON-INJURY ACCIDENT (PROPERTY- DAMAGE-ONLY ACCIDENT),RIGHT ANGLE,45.72903833,-111.0911867
C000235E,004+0.547,,GALLATIN,November,2014,18:52,TUE,INTERSECTION,ON ROADWAY,SNOW,SNOW,DARK-LIGHTED,NON-INJURY ACCIDENT (PROPERTY- DAMAGE-ONLY ACCIDENT),REAR-END,45.72914779,-111.0910597
C000235E,004+0.553,,GALLATIN,January,2014,13:50,SAT,INTERSECTION,ON ROADWAY,CLOUDY,ICE/FROST,DAYLIGHT,NON-INJURY ACCIDENT (PROPERTY- DAMAGE-ONLY ACCIDENT),RIGHT ANGLE,45.72908292,-111.0910461
C000235E,004+0.553,,GALLATIN,September,2015,11:38,TUE,INTERSECTION,ON ROADWAY,CLOUDY,DRY,DAYLIGHT,NON-INCAPACITATING EVIDENT INJURY ACCIDENT,"LEFT TURN, OPPOSITE DIRECTION",45.72906582,-111.0910392