MDT_CORRIDOR_ID,SMS_REFPOST_OFFSET,CITY,COUNTY,Month,Year,SMS_TIME,SMT_CRASH_OCC_DAY_OF_WEEK,JUNCTION_RELATED,ROADWAY_RELATED,WEATHER_COND,ROAD_COND,LIGHT_COND,CRASH_SEVERITY,COLLISION_TYPE,LATITUDE,LONGITUDE
C000235E,004+0.770,,GALLATIN,June,2013,17:30,WED,NON-JUNCTION,ON ROADWAY,CLOUDY,DRY,DAYLIGHT,FATAL ACCIDENT,HEAD ON,45.72741978,-111.0870299
C000235E,004+0.820,NOT IN CITY LIMITS,GALLATIN,AUGUST,2017,20:01,THU,NON-JUNCTION,ON ROADWAY,CLEAR,DRY,DAYLIGHT,NON-INJURY ACCIDENT (PROPERTY- DAMAGE-ONLY ACCIDENT),"SIDESWIPE, SAME DIRECTION",45.72714606,-111.0862646
C000235E,004+0.907,,GALLATIN,August,2015,5:30,SUN,NON-JUNCTION,ON ROADWAY,CLOUDY,DRY,DAWN,NON-INJURY ACCIDENT (PROPERTY- DAMAGE-ONLY ACCIDENT),WILD ANIMAL,45.72637333,-111.0848117
C000235E,005+0.060,,GALLATIN,December,2013,16:35,SUN,NON-JUNCTION,GORE,CLOUDY,ICE/FROST,DAYLIGHT,NON-INJURY ACCIDENT (PROPERTY- DAMAGE-ONLY ACCIDENT),FIXED OBJECT,45.72500529,-111.0822078
C000235E,005+0.068,BOZEMAN,GALLATIN,May,2014,22:18,TUE,INTERSECTION-RELATED,SHOULDER,CLEAR,DRY,DARK-NOT LIGHTED,NON-INJURY ACCIDENT (PROPERTY- DAMAGE-ONLY ACCIDENT),ROLL OVER,45.72493805,-111.0822754
C000235E,005+0.073,BOZEMAN,GALLATIN,March,2014,1:20,SAT,INTERSECTION-RELATED,SEPARATOR,CLOUDY,DRY,DARK-NOT LIGHTED,NON-INJURY ACCIDENT (PROPERTY- DAMAGE-ONLY ACCIDENT),FIXED OBJECT,45.72484821,-111.0821054
C000235E,005+0.073,BOZEMAN,GALLATIN,October,2016,6:55,TUE,INTERSECTION,ON ROADWAY,CLEAR,WET,DARK-NOT LIGHTED,NON-INJURY ACCIDENT (PROPERTY- DAMAGE-ONLY ACCIDENT),RIGHT ANGLE,45.72487003,-111.0821311
C000235E,005+0.073,BOZEMAN,GALLATIN,December,2016,23:30,THU,INTERSECTION,ON ROADWAY,SNOW,SNOW,DARK-NOT LIGHTED,POSSIBLE INJURY ACCIDENT,REAR-END,45.72489311,-111.082093
C000235E,005+0.080,BOZEMAN,GALLATIN,January,2015,8:04,WED,INTERSECTION,ON ROADWAY,CLOUDY,ICE/FROST,DAYLIGHT,NON-INJURY ACCIDENT (PROPERTY- DAMAGE-ONLY ACCIDENT),RIGHT ANGLE,45.72484092,-111.0820646
C000235E,005+0.989,BOZEMAN,GALLATIN,January,2016,12:06,WED,NON-JUNCTION,ROADSIDE RIGHT,CLEAR,SLUSH,DAYLIGHT,UNKNOWN,FIXED OBJECT,45.7158867,-111.0690571
C000235E,006+0.231,BOZEMAN,GALLATIN,August,2016,18:21,WED,INTERSECTION,ON ROADWAY,CLEAR,DRY,DAYLIGHT,NON-INJURY ACCIDENT (PROPERTY- DAMAGE-ONLY ACCIDENT),RIGHT ANGLE,45.71257685,-111.0674243
C000235E,006+0.231,BOZEMAN,GALLATIN,JUNE,2017,18:32,THU,INTERSECTION,ON ROADWAY,CLEAR,DRY,DAYLIGHT,NON-INJURY ACCIDENT (PROPERTY- DAMAGE-ONLY ACCIDENT),"LEFT TURN, SAME DIRECTION",45.71257087,-111.0674205
C000235E,006+0.237,BOZEMAN,GALLATIN,January,2015,13:03,WED,INTERSECTION,ON ROADWAY,CLEAR,DRY,DAYLIGHT,NON-INCAPACITATING EVIDENT INJURY ACCIDENT,RIGHT ANGLE,45.71255221,-111.0673642
C000235E,006+0.324,BOZEMAN,GALLATIN,May,2016,15:45,SUN,THROUGH ROADWAY,ON ROADWAY,CLOUDY,DRY,DAYLIGHT,NON-INCAPACITATING EVIDENT INJURY ACCIDENT,BICYCLE,45.71168695,-111.0659615
C000235E,006+0.356,BOZEMAN,GALLATIN,June,2013,17:40,SUN,INTERSECTION-RELATED,ON ROADWAY,CLEAR,DRY,DAYLIGHT,NON-INJURY ACCIDENT (PROPERTY- DAMAGE-ONLY ACCIDENT),"SIDESWIPE, SAME DIRECTION",45.71155668,-111.0653362
C000235E,006+0.356,BOZEMAN,GALLATIN,March,2013,19:18,WED,INTERSECTION-RELATED,SHOULDER,CLEAR,WET,DARK-LIGHTED,NON-INJURY ACCIDENT (PROPERTY- DAMAGE-ONLY ACCIDENT),REAR-END,45.71155668,-111.0653362
C000235E,006+0.356,BOZEMAN,GALLATIN,July,2013,13:40,FRI,INTERSECTION,ON ROADWAY,CLEAR,DRY,DAYLIGHT,NON-INJURY ACCIDENT (PROPERTY- DAMAGE-ONLY ACCIDENT),REAR-END,45.71155668,-111.0653362
C000235E,006+0.356,BOZEMAN,GALLATIN,June,2014,9:42,FRI,INTERSECTION,ON ROADWAY,CLEAR,DRY,DAYLIGHT,POSSIBLE INJURY ACCIDENT,RIGHT ANGLE,45.71159692,-111.065464
C000235E,006+0.356,BOZEMAN,GALLATIN,January,2015,11:05,WED,INTERSECTION,ON ROADWAY,CLEAR,DRY,DAYLIGHT,POSSIBLE INJURY ACCIDENT,RIGHT ANGLE,45.7115651,-111.065368
C000235E,006+0.356,BOZEMAN,GALLATIN,November,2015,9:07,FRI,INTERSECTION-RELATED,ON ROADWAY,CLEAR,SNOW,DAYLIGHT,NON-INJURY ACCIDENT (PROPERTY- DAMAGE-ONLY ACCIDENT),REAR-END,45.71155907,-111.0653755
C000256N,000+0.128,BELGRADE,GALLATIN,January,2013,0:30,MON,INTERSECTION-RELATED,SHOULDER,CLEAR,ICE/FROST,DARK-LIGHTED,NON-INJURY ACCIDENT (PROPERTY- DAMAGE-ONLY ACCIDENT),FIXED OBJECT,45.78503889,-111.1930316
C000262N,000+0.164,BELGRADE,GALLATIN,JUNE,2017,10:00,THU,DRIVEWAY/ALLEY ACCESS RELATED,ON ROADWAY,CLEAR,DRY,DAYLIGHT,NON-INJURY ACCIDENT (PROPERTY- DAMAGE-ONLY ACCIDENT),REAR TO SIDE,45.79384403,-111.1836596
C000290N,000+0.000,BELGRADE,GALLATIN,May,2014,19:05,SUN,INTERSECTION-RELATED,ON ROADWAY,CLOUDY,WET,DAYLIGHT,POSSIBLE INJURY ACCIDENT,REAR-END,45.77292903,-111.1850018
C000286N,000+0.000,NOT IN CITY LIMITS,GALLATIN,MARCH,2017,21:30,TUE,INTERSECTION,SHOULDER,CLOUDY,DRY,DARK-NOT LIGHTED,NON-INCAPACITATING EVIDENT INJURY ACCIDENT,FIXED OBJECT,45.89725,-111.49776
C000286N,000+0.017,,GALLATIN,October,2014,17:35,FRI,INTERSECTION-RELATED,ON ROADWAY,CLEAR,DRY,DAYLIGHT,NON-INCAPACITATING EVIDENT INJURY ACCIDENT,REAR-END,45.89750175,-111.4977565
C000286N,002+0.134,,GALLATIN,September,2015,16:00,TUE,NON-JUNCTION,ROADSIDE LEFT,CLEAR,DRY,DAYLIGHT,NON-INJURY ACCIDENT (PROPERTY- DAMAGE-ONLY ACCIDENT),ROLL OVER,45.92774922,-111.5019478
C000286N,003+0.044,,GALLATIN,February,2015,10:45,SAT,NON-JUNCTION,SHOULDER,CLOUDY,DRY,DAYLIGHT,NON-INJURY ACCIDENT (PROPERTY- DAMAGE-ONLY ACCIDENT),ROLL OVER,45.93824441,-111.4910019
C000287S,000+0.808,,GALLATIN,February,2015,3:20,THU,NON-JUNCTION,ON ROADWAY,CLEAR,DRY,DARK-NOT LIGHTED,NON-INJURY ACCIDENT (PROPERTY- DAMAGE-ONLY ACCIDENT),WILD ANIMAL,45.88131213,-111.5556005
C000287S,001+0.282,,GALLATIN,July,2015,12:15,SUN,NON-JUNCTION,ROADSIDE LEFT,CLOUDY,DRY,DAYLIGHT,NON-INJURY ACCIDENT (PROPERTY- DAMAGE-ONLY ACCIDENT),FIXED OBJECT,45.87688994,-111.5631815
C000287S,001+0.660,,GALLATIN,June,2016,4:15,WED,NON-JUNCTION,ROADSIDE LEFT,"FOG, SMOG, SMOKE",DRY,DARK-NOT LIGHTED,POSSIBLE INJURY ACCIDENT,FIXED OBJECT,45.87333894,-111.5691555
C000287S,002+0.549,,GALLATIN,July,2016,16:20,TUE,NON-JUNCTION,ON ROADWAY,SEVERE CROSSWINDS,DRY,DAYLIGHT,NON-INJURY ACCIDENT (PROPERTY- DAMAGE-ONLY ACCIDENT),NOT FIXED OBJECT OR DEBRIS,45.86507562,-111.5833627
C000287S,002+0.735,,GALLATIN,July,2016,19:30,MON,NON-JUNCTION,ON ROADWAY,CLOUDY,DRY,DAYLIGHT,NON-INJURY ACCIDENT (PROPERTY- DAMAGE-ONLY ACCIDENT),NOT FIXED OBJECT OR DEBRIS,45.86333368,-111.5863167
C000287S,003+0.124,,GALLATIN,November,2015,18:32,WED,INTERSECTION,ON ROADWAY,CLOUDY,DRY,DARK-NOT LIGHTED,NON-INJURY ACCIDENT (PROPERTY- DAMAGE-ONLY ACCIDENT),WILD ANIMAL,45.85972393,-111.5924093
C000287S,003+0.142,,GALLATIN,October,2016,20:50,WED,NON-JUNCTION,ON ROADWAY,CLEAR,DRY,DARK-NOT LIGHTED,NON-INJURY ACCIDENT (PROPERTY- DAMAGE-ONLY ACCIDENT),WILD ANIMAL,45.85962483,-111.5928084
C000287S,003+0.310,,GALLATIN,June,2016,3:00,SAT,NON-JUNCTION,ROADSIDE RIGHT,CLEAR,DRY,DARK-LIGHTED,NON-INJURY ACCIDENT (PROPERTY- DAMAGE-ONLY ACCIDENT),FIXED OBJECT,45.85797425,-111.5954358
C000287S,004+0.436,NOT IN CITY LIMITS,GALLATIN,AUGUST,2017,1:17,WED,DRIVEWAY/ALLEY ACCESS RELATED,ROADSIDE LEFT,CLOUDY,DRY,DARK-NOT LIGHTED,UNKNOWN,FIXED OBJECT,45.84721788,-111.6128657
C000287S,004+0.468,,GALLATIN,December,2014,0:45,THU,NON-JUNCTION,SHOULDER,BLOWING SNOW,ICE/FROST,DARK-NOT LIGHTED,NON-INJURY ACCIDENT (PROPERTY- DAMAGE-ONLY ACCIDENT),ROLL OVER,45.84697334,-111.61333
C000287S,005+0.413,,GALLATIN,March,2014,21:10,SUN,NON-JUNCTION,ON ROADWAY,CLEAR,DRY,DARK-NOT LIGHTED,NON-INJURY ACCIDENT (PROPERTY- DAMAGE-ONLY ACCIDENT),WILD ANIMAL,45.83810985,-111.628459
C000287S,006+0.464,,GALLATIN,September,2016,16:32,FRI,INTERSECTION,ON ROADWAY,CLOUDY,DRY,DAYLIGHT,NON-INCAPACITATING EVIDENT INJURY ACCIDENT,HEAD ON,45.82826817,-111.6450513
C000287S,006+0.470,,GALLATIN,December,2015,19:15,SAT,NON-JUNCTION,IN PARKING LANE OR ZONE,CLEAR,SNOW,DARK-NOT LIGHTED,NON-INJURY ACCIDENT (PROPERTY- DAMAGE-ONLY ACCIDENT),PARKED VEHICLE,45.82812407,-111.6449676
C000287S,006+0.800,,GALLATIN,May,2013,1:23,SUN,NON-JUNCTION,ROADSIDE RIGHT,CLEAR,DRY,DARK-NOT LIGHTED,NON-INJURY ACCIDENT (PROPERTY- DAMAGE-ONLY ACCIDENT),REAR-END,45.82319953,-111.6450086
C000288S,000+0.059,,GALLATIN,February,2016,13:06,SAT,ENTRANCE/EXIT RAMP,ON ROADWAY,CLOUDY,DRY,DAYLIGHT,NON-INJURY ACCIDENT (PROPERTY- DAMAGE-ONLY ACCIDENT),FIXED OBJECT,45.84878833,-111.3381083
C000288S,000+0.066,,GALLATIN,May,2016,16:00,TUE,INTERSECTION,ROADSIDE RIGHT,CLEAR,DRY,DAYLIGHT,NON-INJURY ACCIDENT (PROPERTY- DAMAGE-ONLY ACCIDENT),FIXED OBJECT,45.8486872,-111.3382986
C000288S,000+0.071,,GALLATIN,December,2014,2:00,SUN,INTERSECTION,ON ROADWAY,CLEAR,ICE/FROST,DARK-NOT LIGHTED,UNKNOWN,FIXED OBJECT,45.84866929,-111.3381759
C000288S,000+0.659,NOT IN CITY LIMITS,GALLATIN,OCTOBER,2017,14:00,THU,NON-JUNCTION,ROADSIDE RIGHT,CLEAR,DRY,DAYLIGHT,NON-INCAPACITATING EVIDENT INJURY ACCIDENT,ROLL OVER,45.84389411,-111.3289047
C000288S,000+0.800,,GALLATIN,August,2013,17:00,SAT,INTERSECTION-RELATED,ROADSIDE RIGHT,CLEAR,DRY,DAYLIGHT,NON-INCAPACITATING EVIDENT INJURY ACCIDENT,FIXED OBJECT,45.84255612,-111.326734
C000288S,000+0.852,,GALLATIN,July,2016,19:10,SUN,NON-JUNCTION,ROADSIDE LEFT,RAIN,WET,DAYLIGHT,NON-INCAPACITATING EVIDENT INJURY ACCIDENT,ROLL OVER,45.84178104,-111.3265168
C000288S,001+0.169,MANHATTAN,GALLATIN,August,2016,17:30,MON,NON-JUNCTION,ON ROADWAY,CLEAR,DRY,DAYLIGHT,NON-INJURY ACCIDENT (PROPERTY- DAMAGE-ONLY ACCIDENT),WILD ANIMAL,45.83768799,-111.3264833
C000288S,001+0.676,NOT IN CITY LIMITS,GALLATIN,AUGUST,2017,10:05,MON,NON-JUNCTION,ON ROADWAY,CLOUDY,DRY,DARK-NOT LIGHTED,INCAPACITATING INJURY ACCIDENT,WILD ANIMAL,45.83033833,-111.3265167
C000288S,001+0.726,,GALLATIN,April,2016,20:50,FRI,NON-JUNCTION,ROADSIDE LEFT,CLEAR,DRY,DARK-NOT LIGHTED,NON-INCAPACITATING EVIDENT INJURY ACCIDENT,ROLL OVER,45.82959404,-111.3265211
C000288S,001+1.022,,GALLATIN,August,2015,23:45,FRI,NON-JUNCTION,ROADSIDE RIGHT,CLOUDY,DRY,DARK-NOT LIGHTED,INCAPACITATING INJURY ACCIDENT,FIXED OBJECT,45.82531,-111.32662
C000288S,002+0.540,,GALLATIN,February,2013,20:55,SUN,NON-JUNCTION,ROADSIDE RIGHT,CLEAR,DRY,DARK-NOT LIGHTED,POSSIBLE INJURY ACCIDENT,ROLL OVER,45.81711385,-111.3263461
C000288S,002+0.740,,GALLATIN,July,2013,16:00,TUE,NON-JUNCTION,SHOULDER,CLEAR,DRY,DAYLIGHT,NON-INJURY ACCIDENT (PROPERTY- DAMAGE-ONLY ACCIDENT),LOST CONTROL,45.81424,-111.3250917
C000288S,002+0.806,,GALLATIN,September,2016,0:00,FRI,NON-JUNCTION,ROADSIDE RIGHT,CLEAR,DRY,DARK-LIGHTED,NON-INJURY ACCIDENT (PROPERTY- DAMAGE-ONLY ACCIDENT),FIXED OBJECT,45.81337671,-111.3248417
C000288S,002+0.961,,GALLATIN,June,2014,15:40,FRI,NON-JUNCTION,ON ROADWAY,RAIN,WET,DAYLIGHT,NON-INJURY ACCIDENT (PROPERTY- DAMAGE-ONLY ACCIDENT),WILD ANIMAL,45.81123814,-111.3239481
C000288S,003+0.202,,GALLATIN,August,2014,10:30,SAT,NON-JUNCTION,ON ROADWAY,CLEAR,DRY,DAYLIGHT,NON-INJURY ACCIDENT (PROPERTY- DAMAGE-ONLY ACCIDENT),WILD ANIMAL,45.80825333,-111.3226717
C000288S,004+0.103,,GALLATIN,October,2015,4:38,SUN,NON-JUNCTION,ON ROADWAY,CLOUDY,DRY,DARK-NOT LIGHTED,NON-INJURY ACCIDENT (PROPERTY- DAMAGE-ONLY ACCIDENT),WILD ANIMAL,45.79558833,-111.3214567
C000288S,004+0.580,,GALLATIN,June,2013,15:45,SUN,NON-JUNCTION,ROADSIDE LEFT,CLEAR,DRY,DAYLIGHT,INCAPACITATING INJURY ACCIDENT,LOST CONTROL,45.78861501,-111.3215667
C000288S,004+0.623,NOT IN CITY LIMITS,GALLATIN,MARCH,2017,1:30,THU,INTERSECTION-RELATED,ROADSIDE RIGHT,CLEAR,DRY,DARK-NOT LIGHTED,NON-INCAPACITATING EVIDENT INJURY ACCIDENT,ROLL OVER,45.78800666,-111.3214975
C000288S,004+0.629,,GALLATIN,January,2016,22:17,TUE,NON-JUNCTION,ROADSIDE RIGHT,CLEAR,DRY,DARK-NOT LIGHTED,NON-INCAPACITATING EVIDENT INJURY ACCIDENT,ROLL OVER,45.78797626,-111.3215445
C000288S,004+0.641,NOT IN CITY LIMITS,GALLATIN,SEPTEMBER,2017,18:52,FRI,NON-JUNCTION,ON ROADWAY,CLEAR,DRY,DAYLIGHT,FATAL ACCIDENT,LOST CONTROL,45.78781231,-111.3213328
C000288S,004+0.660,,GALLATIN,January,2013,21:18,SAT,ACCELERATION/DECELERATION LANE,ROADSIDE RIGHT,CLOUDY,SNOW,DARK-NOT LIGHTED,NON-INJURY ACCIDENT (PROPERTY- DAMAGE-ONLY ACCIDENT),ROLL OVER,45.78753571,-111.3211142
C000288S,004+0.660,,GALLATIN,August,2015,0:37,WED,INTERSECTION,ROADSIDE RIGHT,CLEAR,DRY,DARK-NOT LIGHTED,FATAL ACCIDENT,ROLL OVER,45.78758692,-111.3210732
C000288S,004+0.679,,GALLATIN,September,2015,10:30,FRI,NON-JUNCTION,ROADSIDE RIGHT,CLEAR,DRY,DAYLIGHT,NON-INJURY ACCIDENT (PROPERTY- DAMAGE-ONLY ACCIDENT),FIXED OBJECT,45.78740252,-111.3207795
C000288S,004+0.685,MANHATTAN,GALLATIN,April,2014,7:55,FRI,NON-JUNCTION,MEDIAN,CLEAR,DRY,DAYLIGHT,NON-INJURY ACCIDENT (PROPERTY- DAMAGE-ONLY ACCIDENT),ROLL OVER,45.7873581,-111.3207795
C000288S,004+0.703,NOT IN CITY LIMITS,GALLATIN,MARCH,2017,21:00,FRI,NON-JUNCTION,ROADSIDE RIGHT,RAIN,WET,DARK-NOT LIGHTED,NON-INJURY ACCIDENT (PROPERTY- DAMAGE-ONLY ACCIDENT),FIXED OBJECT,45.7872062,-111.3203255
C000288S,004+0.740,,GALLATIN,July,2013,8:14,TUE,NON-JUNCTION,ROADSIDE LEFT,CLEAR,DRY,DAYLIGHT,NON-INJURY ACCIDENT (PROPERTY- DAMAGE-ONLY ACCIDENT),ROLL OVER,45.78717713,-111.319591
C000288S,004+1.006,,GALLATIN,March,2014,7:40,SAT,NON-JUNCTION,ROADSIDE RIGHT,SNOW,SNOW,DAYLIGHT,NON-INJURY ACCIDENT (PROPERTY- DAMAGE-ONLY ACCIDENT),FIXED OBJECT,45.78708828,-111.3141337
C000288S,005+0.399,NOT IN CITY LIMITS,GALLATIN,NOVEMBER,2017,15:30,FRI,NON-JUNCTION,ROADSIDE LEFT,SNOW,SLUSH,DAYLIGHT,NON-INJURY ACCIDENT (PROPERTY- DAMAGE-ONLY ACCIDENT),ROLL OVER,45.78328154,-111.3095541
C000288S,005+0.510,,GALLATIN,February,2013,15:20,FRI,DRIVEWAY/ALLEY ACCESS RELATED,ON ROADWAY,CLEAR,DRY,DAYLIGHT,NON-INJURY ACCIDENT (PROPERTY- DAMAGE-ONLY ACCIDENT),RIGHT ANGLE,45.78164333,-111.309275
C000288S,005+0.764,,GALLATIN,June,2016,6:30,MON,NON-JUNCTION,ROADSIDE RIGHT,CLOUDY,DRY,DAYLIGHT,POSSIBLE INJURY ACCIDENT,FIXED OBJECT,45.77791667,-111.309495
C000288S,005+0.789,,GALLATIN,March,2015,0:05,FRI,NON-JUNCTION,ON ROADWAY,CLEAR,DRY,DARK-NOT LIGHTED,NON-INJURY ACCIDENT (PROPERTY- DAMAGE-ONLY ACCIDENT),WILD ANIMAL,45.77762847,-111.3096941
C000288S,006+0.133,,GALLATIN,February,2015,7:55,THU,INTERSECTION,ON ROADWAY,SNOW,SNOW,DAYLIGHT,INCAPACITATING INJURY ACCIDENT,RIGHT ANGLE,45.77261517,-111.3097009
C000288S,006+0.133,NOT IN CITY LIMITS,GALLATIN,OCTOBER,2017,21:20,MON,NON-JUNCTION,ON ROADWAY,CLOUDY,DRY,DARK-NOT LIGHTED,NON-INJURY ACCIDENT (PROPERTY- DAMAGE-ONLY ACCIDENT),WILD ANIMAL,45.77263,-111.30964
C000288S,006+0.702,,GALLATIN,April,2015,21:30,TUE,NON-JUNCTION,ROADSIDE RIGHT,SNOW,SLUSH,DARK-NOT LIGHTED,NON-INJURY ACCIDENT (PROPERTY- DAMAGE-ONLY ACCIDENT),FIXED OBJECT,45.76436084,-111.3097214
C000288S,007+0.304,,GALLATIN,May,2014,20:15,SUN,NON-JUNCTION,ROADSIDE LEFT,CLOUDY,DRY,DUSK,NON-INJURY ACCIDENT (PROPERTY- DAMAGE-ONLY ACCIDENT),FIXED OBJECT,45.75558056,-111.3095765
C000288S,007+0.421,,GALLATIN,July,2015,13:33,MON,NON-JUNCTION,ROADSIDE LEFT,CLOUDY,DRY,DAYLIGHT,NON-INJURY ACCIDENT (PROPERTY- DAMAGE-ONLY ACCIDENT),FIXED OBJECT,45.75391028,-111.3097305
C000288S,007+0.886,,GALLATIN,October,2014,15:18,SUN,NON-JUNCTION,ON ROADWAY,CLOUDY,DRY,DAYLIGHT,NON-INJURY ACCIDENT (PROPERTY- DAMAGE-ONLY ACCIDENT),FIXED OBJECT,45.75083027,-111.3040182
C000288S,008+0.014,,GALLATIN,October,2016,15:55,FRI,NON-JUNCTION,ROADSIDE RIGHT,CLOUDY,DRY,DAYLIGHT,NON-INJURY ACCIDENT (PROPERTY- DAMAGE-ONLY ACCIDENT),FIXED OBJECT,45.75066344,-111.3012227
C000288S,008+0.057,NOT IN CITY LIMITS,GALLATIN,AUGUST,2017,15:50,FRI,DRIVEWAY/ALLEY ACCESS RELATED,ON ROADWAY,CLEAR,DRY,DAYLIGHT,POSSIBLE INJURY ACCIDENT,REAR-END,45.75009833,-111.300935
C000288S,008+0.225,,GALLATIN,August,2014,4:00,SAT,NON-JUNCTION,ON ROADWAY,RAIN,WET,DARK-NOT LIGHTED,NON-INJURY ACCIDENT (PROPERTY- DAMAGE-ONLY ACCIDENT),WILD ANIMAL,45.74764954,-111.3008348
C000288S,009+0.357,,GALLATIN,October,2016,0:40,MON,NON-JUNCTION,ROADSIDE RIGHT,RAIN,WET,DARK-NOT LIGHTED,NON-INCAPACITATING EVIDENT INJURY ACCIDENT,ROLL OVER,45.73318247,-111.3113606
C000288S,009+0.647,,GALLATIN,April,2014,13:54,SUN,NON-JUNCTION,SHOULDER,CLOUDY,DRY,DAYLIGHT,NON-INCAPACITATING EVIDENT INJURY ACCIDENT,ROLL OVER,45.72948501,-111.3140389
C000288S,009+0.876,,GALLATIN,March,2015,2:30,SAT,NON-JUNCTION,ROADSIDE RIGHT,CLEAR,DRY,DARK-LIGHTED,NON-INCAPACITATING EVIDENT INJURY ACCIDENT,ROLL OVER,45.72640167,-111.3158017
C000288S,010+0.068,,GALLATIN,February,2016,18:25,FRI,NON-JUNCTION,ON ROADWAY,CLOUDY,DRY,DARK-NOT LIGHTED,NON-INCAPACITATING EVIDENT INJURY ACCIDENT,WILD ANIMAL,45.72360174,-111.3154997
C000288S,010+0.216,NOT IN CITY LIMITS,GALLATIN,SEPTEMBER,2017,10:27,TUE,NON-JUNCTION,ROADSIDE RIGHT,CLEAR,DRY,DAYLIGHT,NON-INJURY ACCIDENT (PROPERTY- DAMAGE-ONLY ACCIDENT),ROLL OVER,45.72146038,-111.3150872
C000288S,010+0.952,,GALLATIN,April,2015,20:18,WED,NON-JUNCTION,ROADSIDE RIGHT,CLOUDY,DRY,DARK-NOT LIGHTED,NON-INCAPACITATING EVIDENT INJURY ACCIDENT,ROLL OVER,45.71160485,-111.3101922
C000288S,010+1.001,,GALLATIN,November,2016,21:05,FRI,NON-JUNCTION,ROADSIDE LEFT,CLEAR,DRY,DARK-NOT LIGHTED,NON-INCAPACITATING EVIDENT INJURY ACCIDENT,ROLL OVER,45.71091833,-111.3098483
C000288S,011+0.120,,GALLATIN,March,2013,8:00,TUE,NON-JUNCTION,ROADSIDE LEFT,CLEAR,ICE/FROST,DAYLIGHT,NON-INCAPACITATING EVIDENT INJURY ACCIDENT,FIXED OBJECT,45.70904,-111.3092967
C000288S,011+0.244,,GALLATIN,April,2015,7:50,WED,NON-JUNCTION,ON ROADWAY,CLEAR,DRY,DAYLIGHT,NON-INCAPACITATING EVIDENT INJURY ACCIDENT,FIXED OBJECT,45.70733557,-111.3090452
C000288S,012+0.046,,GALLATIN,February,2014,2:45,SUN,NON-JUNCTION,ROADSIDE RIGHT,SNOW,SNOW,DARK-NOT LIGHTED,NON-INJURY ACCIDENT (PROPERTY- DAMAGE-ONLY ACCIDENT),FIXED OBJECT,45.69574473,-111.3094277
C000288S,012+0.670,,GALLATIN,November,2014,11:55,SUN,NON-JUNCTION,ON ROADWAY,CLOUDY,ICE/FROST,DAYLIGHT,NON-INJURY ACCIDENT (PROPERTY- DAMAGE-ONLY ACCIDENT),"SIDESWIPE, OPPOSITE DIRECTION",45.68718667,-111.310925
C000288S,014+0.531,,GALLATIN,December,2014,7:30,FRI,NON-JUNCTION,ON ROADWAY,CLOUDY,DRY,DAYLIGHT,NON-INJURY ACCIDENT (PROPERTY- DAMAGE-ONLY ACCIDENT),WILD ANIMAL,45.68546534,-111.2731457
C000288S,014+0.780,,GALLATIN,April,2013,10:20,MON,NON-JUNCTION,ROADSIDE LEFT,SNOW,SNOW,DAYLIGHT,POSSIBLE INJURY ACCIDENT,FIXED OBJECT,45.6853868,-111.2678114
C000288S,014+0.785,,GALLATIN,November,2015,7:50,MON,NON-JUNCTION,ROADSIDE LEFT,SNOW,SNOW,DAYLIGHT,FATAL ACCIDENT,ROLL OVER,45.68538,-111.2679
C000288S,015+0.174,,GALLATIN,June,2014,13:45,TUE,NON-JUNCTION,ON ROADWAY,CLEAR,DRY,DAYLIGHT,NON-INJURY ACCIDENT (PROPERTY- DAMAGE-ONLY ACCIDENT),REAR-END,45.68006949,-111.2668005
C000288S,015+0.181,,GALLATIN,July,2014,8:50,WED,INTERSECTION,ON ROADWAY,CLEAR,DRY,DAYLIGHT,NON-INJURY ACCIDENT (PROPERTY- DAMAGE-ONLY ACCIDENT),FIRE/ EXPLOSION,45.67998297,-111.2670057
C000288S,015+0.205,,GALLATIN,December,2014,20:05,SAT,NON-JUNCTION,ROADSIDE LEFT,SNOW,WET,DARK-NOT LIGHTED,NON-INJURY ACCIDENT (PROPERTY- DAMAGE-ONLY ACCIDENT),ROLL OVER,45.67959667,-111.2670933
C000288S,015+0.459,,GALLATIN,March,2014,18:20,MON,NON-JUNCTION,ROADSIDE LEFT,SNOW,SLUSH,DAYLIGHT,NON-INJURY ACCIDENT (PROPERTY- DAMAGE-ONLY ACCIDENT),FIXED OBJECT,45.67604167,-111.26758
C000290N,000+0.000,BELGRADE,GALLATIN,December,2013,10:11,FRI,INTERSECTION-RELATED,ON ROADWAY,CLEAR,WET,DAYLIGHT,NON-INJURY ACCIDENT (PROPERTY- DAMAGE-ONLY ACCIDENT),REAR-END,45.77292903,-111.1850018
C000290N,000+0.000,BELGRADE,GALLATIN,December,2013,16:40,MON,INTERSECTION,ON ROADWAY,CLEAR,DRY,DUSK,NON-INJURY ACCIDENT (PROPERTY- DAMAGE-ONLY ACCIDENT),REAR-END,45.77292903,-111.1850018
C000290N,000+0.000,BELGRADE,GALLATIN,October,2013,8:47,TUE,INTERSECTION-RELATED,ON ROADWAY,CLEAR,DRY,DAYLIGHT,NON-INJURY ACCIDENT (PROPERTY- DAMAGE-ONLY ACCIDENT),REAR-END,45.77292903,-111.1850018