MDT_CORRIDOR_ID,SMS_REFPOST_OFFSET,CITY,COUNTY,Month,Year,SMS_TIME,SMT_CRASH_OCC_DAY_OF_WEEK,JUNCTION_RELATED,ROADWAY_RELATED,WEATHER_COND,ROAD_COND,LIGHT_COND,CRASH_SEVERITY,COLLISION_TYPE,LATITUDE,LONGITUDE
C000290N,000+0.000,BELGRADE,GALLATIN,September,2013,13:09,THU,INTERSECTION-RELATED,ROADSIDE RIGHT,CLEAR,DRY,DAYLIGHT,NON-INJURY ACCIDENT (PROPERTY- DAMAGE-ONLY ACCIDENT),FIXED OBJECT,45.77292903,-111.1850018
C000290N,000+0.000,BELGRADE,GALLATIN,June,2013,12:30,TUE,INTERSECTION-RELATED,ON ROADWAY,RAIN,DRY,DAYLIGHT,NON-INJURY ACCIDENT (PROPERTY- DAMAGE-ONLY ACCIDENT),REAR-END,45.77292903,-111.1850018
C000290N,000+0.000,BELGRADE,GALLATIN,February,2013,13:00,FRI,INTERSECTION-RELATED,ON ROADWAY,CLEAR,DRY,DAYLIGHT,NON-INJURY ACCIDENT (PROPERTY- DAMAGE-ONLY ACCIDENT),REAR-END,45.77292903,-111.1850018
C000290N,000+0.000,BELGRADE,GALLATIN,February,2013,12:00,SAT,INTERSECTION,ON ROADWAY,CLEAR,WET,DAYLIGHT,NON-INJURY ACCIDENT (PROPERTY- DAMAGE-ONLY ACCIDENT),REAR-END,45.77292903,-111.1850018
C000290N,000+0.000,BELGRADE,GALLATIN,February,2013,8:45,SAT,INTERSECTION,ON ROADWAY,SNOW,SNOW,DAYLIGHT,NON-INJURY ACCIDENT (PROPERTY- DAMAGE-ONLY ACCIDENT),REAR-END,45.77292903,-111.1850018
C000290N,000+0.000,BELGRADE,GALLATIN,February,2014,18:10,WED,INTERSECTION-RELATED,ON ROADWAY,CLOUDY,ICE/FROST,DARK-LIGHTED,NON-INJURY ACCIDENT (PROPERTY- DAMAGE-ONLY ACCIDENT),REAR-END,45.77292903,-111.1850018
C000290N,000+0.000,BELGRADE,GALLATIN,March,2014,12:00,FRI,INTERSECTION,ON ROADWAY,CLEAR,DRY,DAYLIGHT,NON-INJURY ACCIDENT (PROPERTY- DAMAGE-ONLY ACCIDENT),REAR-END,45.77292903,-111.1850018
C000290N,000+0.000,BELGRADE,GALLATIN,January,2014,11:39,SAT,INTERSECTION,ON ROADWAY,CLOUDY,ICE/FROST,DAYLIGHT,NON-INJURY ACCIDENT (PROPERTY- DAMAGE-ONLY ACCIDENT),HEAD ON,45.77292903,-111.1850018
C000290N,000+0.000,BELGRADE,GALLATIN,May,2014,13:16,SUN,INTERSECTION,ON ROADWAY,CLEAR,DRY,DAYLIGHT,POSSIBLE INJURY ACCIDENT,"LEFT TURN, OPPOSITE DIRECTION",45.77292903,-111.1850018
C000290N,000+0.000,BELGRADE,GALLATIN,June,2014,20:08,TUE,INTERSECTION,ON ROADWAY,CLEAR,DRY,DAYLIGHT,NON-INJURY ACCIDENT (PROPERTY- DAMAGE-ONLY ACCIDENT),"LEFT TURN, OPPOSITE DIRECTION",45.77292903,-111.1850018
C000290N,000+0.000,BELGRADE,GALLATIN,August,2014,13:30,FRI,INTERSECTION,ON ROADWAY,CLEAR,DRY,DAYLIGHT,NON-INJURY ACCIDENT (PROPERTY- DAMAGE-ONLY ACCIDENT),"SIDESWIPE, SAME DIRECTION",45.77292903,-111.1850018
C000290N,000+0.000,BELGRADE,GALLATIN,November,2014,20:50,SUN,INTERSECTION,ON ROADWAY,CLOUDY,DRY,DARK-LIGHTED,NON-INJURY ACCIDENT (PROPERTY- DAMAGE-ONLY ACCIDENT),RIGHT ANGLE,45.77292903,-111.1850018
C000290N,000+0.000,BELGRADE,GALLATIN,December,2014,17:40,WED,INTERSECTION,ON ROADWAY,CLOUDY,ICE/FROST,DARK-LIGHTED,NON-INJURY ACCIDENT (PROPERTY- DAMAGE-ONLY ACCIDENT),"LEFT TURN, OPPOSITE DIRECTION",45.77292903,-111.1850018
C000290N,000+0.000,BELGRADE,GALLATIN,December,2014,12:15,TUE,INTERSECTION,ON ROADWAY,CLOUDY,DRY,DAYLIGHT,NON-INJURY ACCIDENT (PROPERTY- DAMAGE-ONLY ACCIDENT),HEAD ON,45.77292903,-111.1850018
C000290N,000+0.000,BELGRADE,GALLATIN,May,2015,18:25,WED,INTERSECTION-RELATED,ON ROADWAY,CLEAR,DRY,DAYLIGHT,NON-INJURY ACCIDENT (PROPERTY- DAMAGE-ONLY ACCIDENT),REAR-END,45.77292903,-111.1850018
C000290N,000+0.000,BELGRADE,GALLATIN,May,2015,15:45,THU,INTERSECTION-RELATED,ON ROADWAY,CLEAR,DRY,DAYLIGHT,NON-INJURY ACCIDENT (PROPERTY- DAMAGE-ONLY ACCIDENT),REAR-END,45.77292903,-111.1850018
C000290N,000+0.000,,GALLATIN,June,2015,22:40,FRI,INTERSECTION-RELATED,ON ROADWAY,CLEAR,DRY,DARK-LIGHTED,NON-INJURY ACCIDENT (PROPERTY- DAMAGE-ONLY ACCIDENT),REAR-END,45.77290422,-111.1849694
C000290N,000+0.000,,GALLATIN,August,2015,0:00,THU,INTERSECTION-RELATED,ON ROADWAY,CLEAR,DRY,DAYLIGHT,NON-INJURY ACCIDENT (PROPERTY- DAMAGE-ONLY ACCIDENT),REAR-END,45.77292388,-111.184978
C000290N,000+0.000,BELGRADE,GALLATIN,January,2015,19:25,SAT,INTERSECTION,ON ROADWAY,CLOUDY,DRY,DARK-LIGHTED,NON-INJURY ACCIDENT (PROPERTY- DAMAGE-ONLY ACCIDENT),"LEFT TURN, OPPOSITE DIRECTION",45.77292903,-111.1850018
C000290N,000+0.000,BELGRADE,GALLATIN,March,2015,16:15,WED,INTERSECTION,ON ROADWAY,CLEAR,DRY,DAYLIGHT,NON-INJURY ACCIDENT (PROPERTY- DAMAGE-ONLY ACCIDENT),REAR-END,45.77292903,-111.1850018
C000290N,000+0.000,BELGRADE,GALLATIN,June,2015,15:20,FRI,INTERSECTION-RELATED,ON ROADWAY,CLEAR,DRY,DAYLIGHT,NON-INJURY ACCIDENT (PROPERTY- DAMAGE-ONLY ACCIDENT),"SIDESWIPE, SAME DIRECTION",45.77292903,-111.1850018
C000290N,000+0.000,BELGRADE,GALLATIN,May,2015,11:50,THU,INTERSECTION,ON ROADWAY,CLEAR,DRY,DAYLIGHT,NON-INJURY ACCIDENT (PROPERTY- DAMAGE-ONLY ACCIDENT),"LEFT TURN, OPPOSITE DIRECTION",45.77292903,-111.1850018
C000290N,000+0.000,BELGRADE,GALLATIN,November,2016,11:06,THU,INTERSECTION,ON ROADWAY,CLOUDY,DRY,DAYLIGHT,NON-INCAPACITATING EVIDENT INJURY ACCIDENT,PEDESTRIAN,45.77293244,-111.1849963
C000290N,000+0.000,BELGRADE,GALLATIN,MARCH,2017,7:45,TUE,INTERSECTION-RELATED,ON ROADWAY,CLOUDY,WET,DARK-LIGHTED,NON-INJURY ACCIDENT (PROPERTY- DAMAGE-ONLY ACCIDENT),REAR-END,45.77292063,-111.1849734
C000290N,000+0.005,BELGRADE,GALLATIN,September,2015,15:31,MON,INTERSECTION,ON ROADWAY,CLOUDY,DRY,DAYLIGHT,NON-INCAPACITATING EVIDENT INJURY ACCIDENT,HEAD ON,45.77295,-111.18491
C000290N,000+0.030,BELGRADE,GALLATIN,JULY,2017,12:30,TUE,DRIVEWAY/ALLEY ACCESS RELATED,ON ROADWAY,CLEAR,DRY,DAYLIGHT,NON-INJURY ACCIDENT (PROPERTY- DAMAGE-ONLY ACCIDENT),RIGHT ANGLE,45.77293852,-111.1844239
C000290N,000+0.037,BELGRADE,GALLATIN,November,2015,14:20,SAT,NON-JUNCTION,ON ROADWAY,CLEAR,DRY,DAYLIGHT,NON-INJURY ACCIDENT (PROPERTY- DAMAGE-ONLY ACCIDENT),RIGHT ANGLE,45.77295449,-111.1842639
C000290N,000+0.049,BELGRADE,GALLATIN,April,2016,20:14,TUE,NON-JUNCTION,SHOULDER,CLEAR,DRY,DAYLIGHT,NON-INJURY ACCIDENT (PROPERTY- DAMAGE-ONLY ACCIDENT),FIXED OBJECT,45.77303526,-111.1839447
C000290N,000+0.056,BELGRADE,GALLATIN,December,2014,7:50,FRI,INTERSECTION-RELATED,ON ROADWAY,CLOUDY,ICE/FROST,DAYLIGHT,NON-INJURY ACCIDENT (PROPERTY- DAMAGE-ONLY ACCIDENT),REAR-END,45.77292604,-111.1840712
C000290N,000+0.063,BELGRADE,GALLATIN,JANUARY,2017,13:20,SAT,INTERSECTION,ON ROADWAY,CLEAR,WET,DAYLIGHT,NON-INJURY ACCIDENT (PROPERTY- DAMAGE-ONLY ACCIDENT),RIGHT ANGLE,45.77292568,-111.1831403
C000290N,000+0.080,BELGRADE,GALLATIN,MAY,2017,15:48,FRI,INTERSECTION-RELATED,ON ROADWAY,CLEAR,DRY,DAYLIGHT,NON-INJURY ACCIDENT (PROPERTY- DAMAGE-ONLY ACCIDENT),REAR-END,45.77293253,-111.1832916
C000290N,000+0.086,BELGRADE,GALLATIN,August,2014,13:05,THU,INTERSECTION,ON ROADWAY,CLEAR,WET,DAYLIGHT,NON-INJURY ACCIDENT (PROPERTY- DAMAGE-ONLY ACCIDENT),REAR TO FRONT,45.77291222,-111.1831785
C000290N,000+0.090,BELGRADE,GALLATIN,February,2013,8:15,FRI,INTERSECTION,ON ROADWAY,CLEAR,SNOW,DAYLIGHT,NON-INJURY ACCIDENT (PROPERTY- DAMAGE-ONLY ACCIDENT),RIGHT ANGLE,45.77292568,-111.1831403
C000290N,000+0.093,BELGRADE,GALLATIN,September,2016,15:46,WED,INTERSECTION-RELATED,ON ROADWAY,RAIN,WET,DAYLIGHT,NON-INJURY ACCIDENT (PROPERTY- DAMAGE-ONLY ACCIDENT),RIGHT ANGLE,45.77294014,-111.1830899
C000290N,000+0.099,BELGRADE,GALLATIN,October,2014,19:24,THU,NON-JUNCTION,ON ROADWAY,CLEAR,DRY,DARK-LIGHTED,NON-INJURY ACCIDENT (PROPERTY- DAMAGE-ONLY ACCIDENT),HEAD ON,45.77291838,-111.1825147
C000290N,000+0.099,BELGRADE,GALLATIN,April,2016,17:13,TUE,DRIVEWAY/ALLEY ACCESS RELATED,ON ROADWAY,CLEAR,DRY,DAYLIGHT,NON-INJURY ACCIDENT (PROPERTY- DAMAGE-ONLY ACCIDENT),RIGHT ANGLE,45.77297143,-111.1829612
C000290N,000+0.155,,GALLATIN,July,2015,21:33,TUE,INTERSECTION,ON ROADWAY,CLEAR,DRY,DARK-LIGHTED,NON-INJURY ACCIDENT (PROPERTY- DAMAGE-ONLY ACCIDENT),"SIDESWIPE, SAME DIRECTION",45.77298362,-111.1818314
C000290N,000+0.182,BELGRADE,GALLATIN,August,2013,15:00,WED,INTERSECTION,ON ROADWAY,CLEAR,DRY,DAYLIGHT,POSSIBLE INJURY ACCIDENT,BICYCLE,45.77291412,-111.181895
C000290N,000+0.219,BELGRADE,GALLATIN,September,2015,13:00,WED,INTERSECTION-RELATED,ON ROADWAY,CLEAR,DRY,DAYLIGHT,NON-INJURY ACCIDENT (PROPERTY- DAMAGE-ONLY ACCIDENT),RIGHT ANGLE,45.77293832,-111.1805319
C000290N,000+0.219,BELGRADE,GALLATIN,July,2016,15:00,SUN,INTERSECTION,ON ROADWAY,CLEAR,DRY,DAYLIGHT,NON-INJURY ACCIDENT (PROPERTY- DAMAGE-ONLY ACCIDENT),REAR-END,45.77296984,-111.1805572
C000290N,000+0.219,BELGRADE,GALLATIN,March,2016,13:44,FRI,INTERSECTION,ON ROADWAY,CLEAR,DRY,DAYLIGHT,NON-INJURY ACCIDENT (PROPERTY- DAMAGE-ONLY ACCIDENT),REAR-END,45.77297695,-111.1805794
C000290N,000+0.219,BELGRADE,GALLATIN,JANUARY,2017,13:23,FRI,INTERSECTION,ON ROADWAY,CLEAR,ICE/FROST,DAYLIGHT,NON-INJURY ACCIDENT (PROPERTY- DAMAGE-ONLY ACCIDENT),RIGHT ANGLE,45.77297109,-111.18061
C000290N,000+0.249,BELGRADE,GALLATIN,JANUARY,2017,9:18,SUN,NON-JUNCTION,ROADSIDE RIGHT,CLEAR,ICE/FROST,DAYLIGHT,NON-INJURY ACCIDENT (PROPERTY- DAMAGE-ONLY ACCIDENT),FIXED OBJECT,45.77363515,-111.1798198
C000290N,000+0.429,BELGRADE,GALLATIN,January,2015,12:20,FRI,NON-JUNCTION,ON ROADWAY,CLEAR,DRY,DAYLIGHT,NON-INJURY ACCIDENT (PROPERTY- DAMAGE-ONLY ACCIDENT),REAR-END,45.7753924,-111.1779394
C000290N,000+0.466,BELGRADE,GALLATIN,January,2016,8:36,FRI,INTERSECTION-RELATED,ON ROADWAY,CLOUDY,DRY,DAYLIGHT,NON-INJURY ACCIDENT (PROPERTY- DAMAGE-ONLY ACCIDENT),REAR TO FRONT,45.77588406,-111.1774675
C000290N,000+0.472,BELGRADE,GALLATIN,July,2016,8:18,THU,INTERSECTION-RELATED,ON ROADWAY,CLEAR,DRY,DAYLIGHT,NON-INJURY ACCIDENT (PROPERTY- DAMAGE-ONLY ACCIDENT),REAR-END,45.77592682,-111.1774561
C000290N,000+0.472,BELGRADE,GALLATIN,March,2016,18:49,FRI,NON-JUNCTION,ROADSIDE RIGHT,CLOUDY,WET,DAYLIGHT,NON-INCAPACITATING EVIDENT INJURY ACCIDENT,FIXED OBJECT,45.77602,-111.1775
C000290N,000+0.497,,GALLATIN,August,2015,10:04,SAT,INTERSECTION,ON ROADWAY,CLEAR,DRY,DAYLIGHT,NON-INJURY ACCIDENT (PROPERTY- DAMAGE-ONLY ACCIDENT),RIGHT ANGLE,45.7762304,-111.1771178
C000290N,000+0.497,BELGRADE,GALLATIN,November,2016,15:14,MON,INTERSECTION,ON ROADWAY,CLEAR,DRY,DAYLIGHT,NON-INCAPACITATING EVIDENT INJURY ACCIDENT,RIGHT ANGLE,45.77621783,-111.1771429
C000290N,000+0.497,BELGRADE,GALLATIN,February,2016,0:00,FRI,INTERSECTION,ON ROADWAY,CLEAR,DRY,DAYLIGHT,NON-INJURY ACCIDENT (PROPERTY- DAMAGE-ONLY ACCIDENT),RIGHT ANGLE,45.77625647,-111.1771249
C000290N,000+0.497,BELGRADE,GALLATIN,APRIL,2017,12:51,TUE,INTERSECTION-RELATED,ON ROADWAY,CLEAR,DRY,DAYLIGHT,NON-INJURY ACCIDENT (PROPERTY- DAMAGE-ONLY ACCIDENT),REAR-END,45.77620636,-111.1770675
C000290N,000+0.497,BELGRADE,GALLATIN,MAY,2017,13:30,MON,INTERSECTION,ON ROADWAY,CLEAR,DRY,DAYLIGHT,NON-INJURY ACCIDENT (PROPERTY- DAMAGE-ONLY ACCIDENT),RIGHT ANGLE,45.77623273,-111.177129
C000290N,000+0.732,BELGRADE,GALLATIN,NOVEMBER,2017,0:00,TUE,NON-JUNCTION,ROADSIDE RIGHT,CLEAR,SNOW,DARK-NOT LIGHTED,UNKNOWN,PARKED VEHICLE,45.77897103,-111.1742068
C000290N,000+0.831,BELGRADE,GALLATIN,September,2016,14:10,SUN,DRIVEWAY/ALLEY ACCESS RELATED,IN PARKING LANE OR ZONE,CLEAR,DRY,DAYLIGHT,NON-INJURY ACCIDENT (PROPERTY- DAMAGE-ONLY ACCIDENT),REAR TO FRONT,45.78010105,-111.1730698
C000290N,002+0.564,NOT IN CITY LIMITS,GALLATIN,NOVEMBER,2017,11:05,TUE,NON-JUNCTION,ROADSIDE LEFT,CLOUDY,ICE/FROST,DAYLIGHT,NON-INJURY ACCIDENT (PROPERTY- DAMAGE-ONLY ACCIDENT),ROLL OVER,45.80021456,-111.1722029
C000290N,002+0.780,,GALLATIN,July,2016,20:24,TUE,NON-JUNCTION,ON ROADWAY,CLEAR,DRY,DAYLIGHT,FATAL ACCIDENT,RIGHT ANGLE,45.80281151,-111.169986
C000290N,002+0.870,,GALLATIN,February,2013,10:25,SAT,DRIVEWAY/ALLEY ACCESS RELATED,ROADSIDE RIGHT,CLOUDY,WET,DAYLIGHT,NON-INJURY ACCIDENT (PROPERTY- DAMAGE-ONLY ACCIDENT),LOST CONTROL,45.80416381,-111.1699962
C000290N,003+0.457,,GALLATIN,August,2014,8:30,SAT,NON-JUNCTION,ON ROADWAY,RAIN,SNOW,DAYLIGHT,NON-INJURY ACCIDENT (PROPERTY- DAMAGE-ONLY ACCIDENT),ROLL OVER,45.81264001,-111.1700987
C000290N,003+0.520,,GALLATIN,September,2013,18:33,SAT,NON-JUNCTION,ROADSIDE LEFT,CLOUDY,DRY,DAYLIGHT,INCAPACITATING INJURY ACCIDENT,ROLL OVER,45.81353499,-111.169565
C000290N,003+0.520,,GALLATIN,July,2015,22:00,WED,NON-JUNCTION,ROADSIDE RIGHT,CLOUDY,DRY,DARK-NOT LIGHTED,NON-INJURY ACCIDENT (PROPERTY- DAMAGE-ONLY ACCIDENT),ROLL OVER,45.81350067,-111.1695386
C000290N,003+0.680,NOT IN CITY LIMITS,GALLATIN,JANUARY,2017,19:30,MON,NON-JUNCTION,ROADSIDE LEFT,CLEAR,ICE/FROST,DARK-NOT LIGHTED,NON-INJURY ACCIDENT (PROPERTY- DAMAGE-ONLY ACCIDENT),FIXED OBJECT,45.81532926,-111.1675615
C000290N,003+0.850,,GALLATIN,August,2013,10:48,WED,INTERSECTION,ON ROADWAY,CLEAR,DRY,DAYLIGHT,NON-INJURY ACCIDENT (PROPERTY- DAMAGE-ONLY ACCIDENT),RIGHT ANGLE,45.81675972,-111.1646222
C000290N,004+0.030,,GALLATIN,November,2013,17:40,MON,NON-JUNCTION,ROADSIDE RIGHT,CLOUDY,ICE/FROST,DARK-NOT LIGHTED,NON-INJURY ACCIDENT (PROPERTY- DAMAGE-ONLY ACCIDENT),ROLL OVER,45.81881167,-111.16099
C000290N,004+0.038,,GALLATIN,January,2014,14:22,FRI,NON-JUNCTION,ROADSIDE RIGHT,CLOUDY,DRY,DAYLIGHT,NON-INJURY ACCIDENT (PROPERTY- DAMAGE-ONLY ACCIDENT),FIXED OBJECT,45.81874279,-111.1610009
C000290N,004+0.057,NOT IN CITY LIMITS,GALLATIN,OCTOBER,2017,7:08,THU,NON-JUNCTION,ROADSIDE LEFT,CLOUDY,DRY,DAWN,NON-INJURY ACCIDENT (PROPERTY- DAMAGE-ONLY ACCIDENT),ROLL OVER,45.81900242,-111.1607687
C000290N,004+0.081,,GALLATIN,May,2015,9:51,SAT,NON-JUNCTION,ROADSIDE LEFT,CLEAR,DRY,DARK-NOT LIGHTED,NON-INJURY ACCIDENT (PROPERTY- DAMAGE-ONLY ACCIDENT),FIXED OBJECT,45.81925,-111.1604383
C000290N,004+0.248,,GALLATIN,August,2015,8:40,MON,NON-JUNCTION,ON ROADWAY,CLOUDY,DRY,DAYLIGHT,NON-INJURY ACCIDENT (PROPERTY- DAMAGE-ONLY ACCIDENT),WILD ANIMAL,45.82154662,-111.1595392
C000290N,004+0.366,NOT IN CITY LIMITS,GALLATIN,MAY,2017,16:20,TUE,NON-JUNCTION,ON ROADWAY,CLEAR,DRY,DAYLIGHT,NON-INJURY ACCIDENT (PROPERTY- DAMAGE-ONLY ACCIDENT),WILD ANIMAL,45.82330196,-111.1593138
C000290N,004+0.372,,GALLATIN,September,2016,14:15,WED,NON-JUNCTION,ON ROADWAY,CLOUDY,DRY,DAYLIGHT,INCAPACITATING INJURY ACCIDENT,BICYCLE,45.82334312,-111.1594617
C000290N,004+0.465,,GALLATIN,November,2015,18:55,MON,NON-JUNCTION,ON ROADWAY,CLEAR,DRY,DARK-NOT LIGHTED,NON-INJURY ACCIDENT (PROPERTY- DAMAGE-ONLY ACCIDENT),WILD ANIMAL,45.82472948,-111.159587
C000290N,004+0.849,NOT IN CITY LIMITS,GALLATIN,NOVEMBER,2017,18:30,THU,NON-JUNCTION,ON ROADWAY,CLEAR,DRY,DARK-NOT LIGHTED,NON-INJURY ACCIDENT (PROPERTY- DAMAGE-ONLY ACCIDENT),WILD ANIMAL,45.83026649,-111.1596646
C000290N,004+0.961,,GALLATIN,October,2015,16:08,THU,NON-JUNCTION,SHOULDER,CLOUDY,DRY,DAYLIGHT,NON-INJURY ACCIDENT (PROPERTY- DAMAGE-ONLY ACCIDENT),FIXED OBJECT,45.83191,-111.15957
C000290N,005+0.208,,GALLATIN,September,2015,21:00,SUN,NON-JUNCTION,ON ROADWAY,CLEAR,DRY,DARK-NOT LIGHTED,NON-INJURY ACCIDENT (PROPERTY- DAMAGE-ONLY ACCIDENT),DOMESTIC ANIMAL,45.83488257,-111.1596553
C000290N,005+0.245,,GALLATIN,August,2015,15:50,SUN,DRIVEWAY/ALLEY ACCESS RELATED,ON ROADWAY,CLEAR,DRY,DAYLIGHT,POSSIBLE INJURY ACCIDENT,"LEFT TURN, SAME DIRECTION",45.83550333,-111.1595967
C000290N,005+0.511,,GALLATIN,October,2015,17:49,TUE,NON-JUNCTION,ON ROADWAY,CLOUDY,DRY,DAYLIGHT,NON-INCAPACITATING EVIDENT INJURY ACCIDENT,FIXED OBJECT,45.83933833,-111.159675
C000290N,005+0.610,,GALLATIN,October,2013,14:30,THU,NON-JUNCTION,ROADSIDE RIGHT,CLOUDY,WET,DAYLIGHT,NON-INJURY ACCIDENT (PROPERTY- DAMAGE-ONLY ACCIDENT),FIXED OBJECT,45.84088627,-111.1595939
C000290N,005+0.610,,GALLATIN,March,2013,9:30,THU,NON-JUNCTION,SHOULDER,CLOUDY,DRY,DAYLIGHT,NON-INJURY ACCIDENT (PROPERTY- DAMAGE-ONLY ACCIDENT),FIXED OBJECT,45.84077018,-111.1595529
C000290N,005+0.635,,GALLATIN,April,2016,18:30,THU,NON-JUNCTION,ROADSIDE RIGHT,CLEAR,DRY,DAYLIGHT,NON-INJURY ACCIDENT (PROPERTY- DAMAGE-ONLY ACCIDENT),FIXED OBJECT,45.84108002,-111.1598144
C000290N,005+0.660,NOT IN CITY LIMITS,GALLATIN,APRIL,2017,8:29,THU,NON-JUNCTION,ROADSIDE RIGHT,CLOUDY,DRY,DAYLIGHT,NON-INJURY ACCIDENT (PROPERTY- DAMAGE-ONLY ACCIDENT),FIXED OBJECT,45.841452,-111.1596182
C000290N,005+0.976,NOT IN CITY LIMITS,GALLATIN,AUGUST,2017,16:03,WED,NON-JUNCTION,ROADSIDE RIGHT,CLOUDY,DRY,DAYLIGHT,NON-INJURY ACCIDENT (PROPERTY- DAMAGE-ONLY ACCIDENT),FIXED OBJECT,45.84609356,-111.1595989
C000290N,006+0.368,BELGRADE,GALLATIN,September,2016,8:20,TUE,NON-JUNCTION,ROADSIDE RIGHT,CLOUDY,DRY,DAYLIGHT,NON-INJURY ACCIDENT (PROPERTY- DAMAGE-ONLY ACCIDENT),FIXED OBJECT,45.85178,-111.15984
C000290N,006+0.462,NOT IN CITY LIMITS,GALLATIN,SEPTEMBER,2017,0:48,FRI,INTERSECTION-RELATED,ROADSIDE RIGHT,CLEAR,DRY,DARK-NOT LIGHTED,INCAPACITATING INJURY ACCIDENT,ROLL OVER,45.85305338,-111.1604426
C000290N,006+0.667,,GALLATIN,March,2015,7:20,TUE,NON-JUNCTION,ON ROADWAY,CLOUDY,DRY,DAYLIGHT,NON-INJURY ACCIDENT (PROPERTY- DAMAGE-ONLY ACCIDENT),WILD ANIMAL,45.85522972,-111.1633641
C000290N,007+0.820,,GALLATIN,July,2013,21:45,WED,NON-JUNCTION,ON ROADWAY,CLEAR,DRY,DARK-NOT LIGHTED,NON-INJURY ACCIDENT (PROPERTY- DAMAGE-ONLY ACCIDENT),WILD ANIMAL,45.86632667,-111.181155
C000290N,008+0.159,NOT IN CITY LIMITS,GALLATIN,OCTOBER,2017,20:45,THU,NON-JUNCTION,ROADSIDE LEFT,CLEAR,DRY,DARK-NOT LIGHTED,NON-INJURY ACCIDENT (PROPERTY- DAMAGE-ONLY ACCIDENT),ROLL OVER,45.86963062,-111.1865494
C000290N,008+0.468,BELGRADE,GALLATIN,February,2015,17:50,MON,NON-JUNCTION,ON ROADWAY,CLOUDY,DRY,DARK-NOT LIGHTED,NON-INJURY ACCIDENT (PROPERTY- DAMAGE-ONLY ACCIDENT),WILD ANIMAL,45.87257018,-111.1913264
C000290N,008+0.530,,GALLATIN,August,2016,20:53,FRI,NON-JUNCTION,ON ROADWAY,CLOUDY,DRY,DARK-NOT LIGHTED,NON-INJURY ACCIDENT (PROPERTY- DAMAGE-ONLY ACCIDENT),WILD ANIMAL,45.87313074,-111.1922605
C000290N,008+0.536,,GALLATIN,August,2014,19:05,FRI,DRIVEWAY/ALLEY ACCESS RELATED,SHOULDER,CLEAR,DRY,DAYLIGHT,NON-INCAPACITATING EVIDENT INJURY ACCIDENT,FIXED OBJECT,45.87320637,-111.1924446
C000290N,009+0.499,NOT IN CITY LIMITS,GALLATIN,JANUARY,2017,1:00,SAT,INTERSECTION-RELATED,ROADSIDE LEFT,CLEAR,ICE/FROST,DARK-NOT LIGHTED,NON-INJURY ACCIDENT (PROPERTY- DAMAGE-ONLY ACCIDENT),FIXED OBJECT,45.91049031,-111.181257
C000290N,009+0.523,,GALLATIN,September,2016,6:55,SAT,NON-JUNCTION,ON ROADWAY,CLOUDY,DRY,DAYLIGHT,NON-INJURY ACCIDENT (PROPERTY- DAMAGE-ONLY ACCIDENT),WILD ANIMAL,45.89142487,-111.1965984
C000290N,010+0.131,,GALLATIN,December,2015,9:00,THU,NON-JUNCTION,SHOULDER,CLOUDY,SNOW,DAYLIGHT,NON-INJURY ACCIDENT (PROPERTY- DAMAGE-ONLY ACCIDENT),FIXED OBJECT,45.89963227,-111.1948392
C000290N,011+0.210,BELGRADE,GALLATIN,November,2014,8:30,THU,INTERSECTION,ROADSIDE RIGHT,CLOUDY,ICE/FROST,DAYLIGHT,NON-INJURY ACCIDENT (PROPERTY- DAMAGE-ONLY ACCIDENT),FIXED OBJECT,45.91061566,-111.1813275
C000290N,014+0.420,,GALLATIN,November,2015,19:55,THU,NON-JUNCTION,ROADSIDE RIGHT,CLOUDY,ICE/FROST,DARK-LIGHTED,NON-INJURY ACCIDENT (PROPERTY- DAMAGE-ONLY ACCIDENT),ROLL OVER,45.95445838,-111.1838411
C000290N,014+0.482,NOT IN CITY LIMITS,GALLATIN,DECEMBER,2017,15:00,WED,NON-JUNCTION,ROADSIDE RIGHT,SNOW,SNOW,DAYLIGHT,NON-INJURY ACCIDENT (PROPERTY- DAMAGE-ONLY ACCIDENT),FIXED OBJECT,45.95532966,-111.1843836
C000291N,000+0.039,BELGRADE,GALLATIN,June,2016,11:55,SAT,INTERSECTION,ON ROADWAY,CLEAR,DRY,DAYLIGHT,NON-INJURY ACCIDENT (PROPERTY- DAMAGE-ONLY ACCIDENT),REAR TO FRONT,45.76873217,-111.1852344
C000291N,000+0.039,BELGRADE,GALLATIN,September,2016,18:55,TUE,NON-JUNCTION,ON ROADWAY,CLEAR,DRY,DAYLIGHT,NON-INJURY ACCIDENT (PROPERTY- DAMAGE-ONLY ACCIDENT),REAR-END,45.76875639,-111.1851679
C000291N,000+0.051,BELGRADE,GALLATIN,November,2016,23:00,MON,OTHER LOCATION,ROADSIDE LEFT,CLEAR,DRY,DARK-LIGHTED,NON-INJURY ACCIDENT (PROPERTY- DAMAGE-ONLY ACCIDENT),FIXED OBJECT,45.7689577,-111.1853847
C000291N,000+0.051,BELGRADE,GALLATIN,NOVEMBER,2017,12:31,MON,INTERSECTION-RELATED,ON ROADWAY,CLEAR,SNOW,DAYLIGHT,NON-INJURY ACCIDENT (PROPERTY- DAMAGE-ONLY ACCIDENT),REAR-END,45.76889488,-111.1850695