MDT_CORRIDOR_ID,SMS_REFPOST_OFFSET,CITY,COUNTY,Month,Year,SMS_TIME,SMT_CRASH_OCC_DAY_OF_WEEK,JUNCTION_RELATED,ROADWAY_RELATED,WEATHER_COND,ROAD_COND,LIGHT_COND,CRASH_SEVERITY,COLLISION_TYPE,LATITUDE,LONGITUDE
C000291N,000+0.051,NOT IN CITY LIMITS,GALLATIN,NOVEMBER,2017,12:00,MON,INTERSECTION-RELATED,ON ROADWAY,SNOW,ICE/FROST,DAYLIGHT,NON-INJURY ACCIDENT (PROPERTY- DAMAGE-ONLY ACCIDENT),REAR-END,45.76894046,-111.185091
C000291N,000+0.057,,GALLATIN,October,2015,12:15,SAT,INTERSECTION-RELATED,ON ROADWAY,CLEAR,DRY,DAYLIGHT,NON-INJURY ACCIDENT (PROPERTY- DAMAGE-ONLY ACCIDENT),REAR TO FRONT,45.76900877,-111.1851593
C000291N,000+0.057,BELGRADE,GALLATIN,OCTOBER,2017,12:40,FRI,NON-JUNCTION,ON ROADWAY,CLOUDY,DRY,DAYLIGHT,NON-INJURY ACCIDENT (PROPERTY- DAMAGE-ONLY ACCIDENT),REAR-END,37.69,-97.34
C000291N,000+0.063,BELGRADE,GALLATIN,December,2015,14:55,THU,INTERSECTION,ON ROADWAY,CLEAR,ICE/FROST,DAYLIGHT,NON-INJURY ACCIDENT (PROPERTY- DAMAGE-ONLY ACCIDENT),REAR-END,45.76909536,-111.1850963
C000291N,000+0.063,BELGRADE,GALLATIN,January,2016,13:22,SUN,INTERSECTION,ON ROADWAY,CLEAR,DRY,DAYLIGHT,POSSIBLE INJURY ACCIDENT,RIGHT ANGLE,45.7691175,-111.1850696
C000291N,000+0.063,BELGRADE,GALLATIN,APRIL,2017,7:46,SAT,ENTRANCE/EXIT RAMP,ON ROADWAY,CLOUDY,ICE/FROST,DAYLIGHT,NON-INJURY ACCIDENT (PROPERTY- DAMAGE-ONLY ACCIDENT),REAR-END,45.76910773,-111.1850834
C000291N,000+0.063,BELGRADE,GALLATIN,FEBRUARY,2017,1:55,WED,INTERSECTION-RELATED,OFF ROADWAY LOCATION UNKNOWN,CLEAR,SNOW,DARK-LIGHTED,NON-INJURY ACCIDENT (PROPERTY- DAMAGE-ONLY ACCIDENT),FIXED OBJECT,45.76914437,-111.185165
C000291N,000+0.063,BELGRADE,GALLATIN,FEBRUARY,2017,15:00,WED,ENTRANCE/EXIT RAMP,ON ROADWAY,CLEAR,SNOW,DAYLIGHT,NON-INJURY ACCIDENT (PROPERTY- DAMAGE-ONLY ACCIDENT),REAR-END,45.76914437,-111.185165
C000291N,000+0.063,BELGRADE,GALLATIN,FEBRUARY,2017,18:30,WED,INTERSECTION,ON ROADWAY,CLEAR,ICE/FROST,DARK-LIGHTED,NON-INJURY ACCIDENT (PROPERTY- DAMAGE-ONLY ACCIDENT),HEAD ON,45.76914437,-111.185165
C000291N,000+0.063,BELGRADE,GALLATIN,MARCH,2017,9:15,FRI,INTERSECTION,ON ROADWAY,CLEAR,DRY,DAYLIGHT,NON-INCAPACITATING EVIDENT INJURY ACCIDENT,RIGHT ANGLE,45.76914437,-111.185165
C000291N,000+0.063,BELGRADE,GALLATIN,NOVEMBER,2017,13:16,MON,INTERSECTION,ON ROADWAY,CLEAR,ICE/FROST,DAYLIGHT,NON-INJURY ACCIDENT (PROPERTY- DAMAGE-ONLY ACCIDENT),REAR-END,45.76906714,-111.1850872
C000291N,000+0.063,BELGRADE,GALLATIN,SEPTEMBER,2017,13:30,SAT,INTERSECTION,ON ROADWAY,CLEAR,DRY,DAYLIGHT,NON-INJURY ACCIDENT (PROPERTY- DAMAGE-ONLY ACCIDENT),REAR-END,45.76910645,-111.1851359
C000291N,000+0.069,BELGRADE,GALLATIN,August,2016,15:44,THU,INTERSECTION,ON ROADWAY,CLEAR,DRY,DAYLIGHT,NON-INJURY ACCIDENT (PROPERTY- DAMAGE-ONLY ACCIDENT),RIGHT ANGLE,45.7691654,-111.1851126
C000291N,000+0.076,BELGRADE,GALLATIN,October,2015,15:45,WED,INTERSECTION-RELATED,ON ROADWAY,CLEAR,DRY,DAYLIGHT,NON-INJURY ACCIDENT (PROPERTY- DAMAGE-ONLY ACCIDENT),REAR-END,45.76927614,-111.1852616
C000291N,000+0.076,BELGRADE,GALLATIN,September,2015,17:30,TUE,UNKNOWN,ON ROADWAY,RAIN,WET,DAYLIGHT,NON-INJURY ACCIDENT (PROPERTY- DAMAGE-ONLY ACCIDENT),REAR-END,45.76924366,-111.1850877
C000291N,000+0.076,BELGRADE,GALLATIN,AUGUST,2017,12:45,SAT,INTERSECTION,ON ROADWAY,CLEAR,DRY,DAYLIGHT,NON-INCAPACITATING EVIDENT INJURY ACCIDENT,REAR-END,45.76929608,-111.1852646
C000291N,000+0.076,BELGRADE,GALLATIN,MARCH,2017,13:15,SAT,INTERSECTION-RELATED,ON ROADWAY,CLEAR,DRY,DAYLIGHT,NON-INJURY ACCIDENT (PROPERTY- DAMAGE-ONLY ACCIDENT),REAR-END,45.76930336,-111.1852634
C000291N,000+0.076,BELGRADE,GALLATIN,MAY,2017,16:20,FRI,INTERSECTION-RELATED,ON ROADWAY,CLEAR,DRY,DAYLIGHT,NON-INJURY ACCIDENT (PROPERTY- DAMAGE-ONLY ACCIDENT),REAR-END,45.76931448,-111.1852566
C000291N,000+0.078,BELGRADE,GALLATIN,JANUARY,2017,8:05,WED,INTERSECTION,ON ROADWAY,CLEAR,ICE/FROST,DAYLIGHT,NON-INJURY ACCIDENT (PROPERTY- DAMAGE-ONLY ACCIDENT),RIGHT ANGLE,45.77203913,-111.1850222
C000291N,000+0.082,BELGRADE,GALLATIN,May,2016,17:22,WED,INTERSECTION-RELATED,ON ROADWAY,CLEAR,DRY,DAYLIGHT,NON-INJURY ACCIDENT (PROPERTY- DAMAGE-ONLY ACCIDENT),REAR-END,45.76934112,-111.1850832
C000291N,000+0.094,BELGRADE,GALLATIN,MARCH,2017,12:00,TUE,INTERSECTION-RELATED,ON ROADWAY,CLOUDY,DRY,DAYLIGHT,NON-INJURY ACCIDENT (PROPERTY- DAMAGE-ONLY ACCIDENT),REAR-END,45.76957879,-111.1852557
C000291N,000+0.113,BELGRADE,GALLATIN,JANUARY,2017,16:20,MON,INTERSECTION-RELATED,ON ROADWAY,CLEAR,WET,DAYLIGHT,NON-INJURY ACCIDENT (PROPERTY- DAMAGE-ONLY ACCIDENT),REAR-END,45.76986095,-111.1852854
C000291N,000+0.119,BELGRADE,GALLATIN,MAY,2017,12:15,MON,INTERSECTION-RELATED,ON ROADWAY,CLEAR,DRY,DAYLIGHT,NON-INJURY ACCIDENT (PROPERTY- DAMAGE-ONLY ACCIDENT),REAR-END,45.76988916,-111.1852483
C000291N,000+0.131,BELGRADE,GALLATIN,June,2014,17:20,SUN,NON-JUNCTION,ON ROADWAY,CLOUDY,DRY,DAYLIGHT,NON-INJURY ACCIDENT (PROPERTY- DAMAGE-ONLY ACCIDENT),"SIDESWIPE, SAME DIRECTION",45.7701131,-111.1851346
C000291N,000+0.131,BELGRADE,GALLATIN,March,2014,18:00,FRI,NON-JUNCTION,ON ROADWAY,CLEAR,DRY,DAYLIGHT,NON-INJURY ACCIDENT (PROPERTY- DAMAGE-ONLY ACCIDENT),REAR-END,45.7701131,-111.1851346
C000291N,000+0.131,BELGRADE,GALLATIN,March,2014,17:30,FRI,NON-JUNCTION,ON ROADWAY,CLEAR,DRY,DAYLIGHT,NON-INJURY ACCIDENT (PROPERTY- DAMAGE-ONLY ACCIDENT),REAR-END,45.7701131,-111.1851346
C000291N,000+0.131,BELGRADE,GALLATIN,May,2014,12:00,SAT,NON-JUNCTION,ON ROADWAY,CLOUDY,DRY,DAYLIGHT,POSSIBLE INJURY ACCIDENT,RIGHT ANGLE,45.7701131,-111.1851346
C000291N,000+0.131,BELGRADE,GALLATIN,May,2014,8:15,MON,NON-JUNCTION,ON ROADWAY,RAIN,WET,DAYLIGHT,NON-INJURY ACCIDENT (PROPERTY- DAMAGE-ONLY ACCIDENT),REAR-END,45.7701131,-111.1851346
C000291N,000+0.131,BELGRADE,GALLATIN,March,2014,8:00,TUE,NON-JUNCTION,ON ROADWAY,CLOUDY,ICE/FROST,DAYLIGHT,NON-INJURY ACCIDENT (PROPERTY- DAMAGE-ONLY ACCIDENT),REAR-END,45.7701131,-111.1851346
C000291N,000+0.131,BELGRADE,GALLATIN,June,2015,7:57,FRI,NON-JUNCTION,ON ROADWAY,CLEAR,DRY,DAYLIGHT,NON-INJURY ACCIDENT (PROPERTY- DAMAGE-ONLY ACCIDENT),REAR-END,45.7701131,-111.1851346
C000291N,000+0.163,BELGRADE,GALLATIN,March,2015,17:26,WED,INTERSECTION-RELATED,ON ROADWAY,CLEAR,DRY,DAYLIGHT,NON-INJURY ACCIDENT (PROPERTY- DAMAGE-ONLY ACCIDENT),"LEFT TURN, OPPOSITE DIRECTION",45.77055431,-111.1851098
C000291N,000+0.174,BELGRADE,GALLATIN,November,2014,16:14,FRI,NON-JUNCTION,ON ROADWAY,CLEAR,DRY,DAYLIGHT,NON-INJURY ACCIDENT (PROPERTY- DAMAGE-ONLY ACCIDENT),REAR-END,45.77248642,-111.1850105
C000291N,000+0.174,BELGRADE,GALLATIN,April,2016,12:40,FRI,INTERSECTION-RELATED,ON ROADWAY,CLEAR,DRY,DAYLIGHT,NON-INJURY ACCIDENT (PROPERTY- DAMAGE-ONLY ACCIDENT),REAR TO FRONT,45.77073381,-111.1851978
C000291N,000+0.174,BELGRADE,GALLATIN,MARCH,2017,16:30,TUE,INTERSECTION-RELATED,ON ROADWAY,CLEAR,DRY,DAYLIGHT,NON-INJURY ACCIDENT (PROPERTY- DAMAGE-ONLY ACCIDENT),REAR-END,45.77067481,-111.1852293
C000291N,000+0.194,BELGRADE,GALLATIN,December,2015,7:40,MON,NON-JUNCTION,ON ROADWAY,SNOW,SNOW,DUSK,NON-INJURY ACCIDENT (PROPERTY- DAMAGE-ONLY ACCIDENT),REAR-END,45.77099637,-111.1849407
C000291N,000+0.207,BELGRADE,GALLATIN,March,2016,16:40,MON,INTERSECTION-RELATED,ON ROADWAY,CLEAR,DRY,DAYLIGHT,NON-INJURY ACCIDENT (PROPERTY- DAMAGE-ONLY ACCIDENT),REAR-END,45.77113909,-111.185161
C000291N,000+0.213,BELGRADE,GALLATIN,April,2016,16:56,TUE,NON-JUNCTION,ON ROADWAY,CLEAR,DRY,DAYLIGHT,POSSIBLE INJURY ACCIDENT,REAR-END,45.77127412,-111.1851612
C000291N,000+0.231,BELGRADE,GALLATIN,October,2014,10:45,THU,DRIVEWAY/ALLEY ACCESS RELATED,ON ROADWAY,CLOUDY,DRY,DAYLIGHT,NON-INCAPACITATING EVIDENT INJURY ACCIDENT,ROLL OVER,45.77153,-111.1852
C000291N,000+0.237,BELGRADE,GALLATIN,November,2014,16:40,TUE,NON-JUNCTION,ON ROADWAY,CLEAR,ICE/FROST,DAYLIGHT,NON-INJURY ACCIDENT (PROPERTY- DAMAGE-ONLY ACCIDENT),REAR-END,45.7701131,-111.1851346
C000291N,000+0.243,BELGRADE,GALLATIN,November,2014,8:07,TUE,NON-JUNCTION,ON ROADWAY,SNOW,ICE/FROST,DAYLIGHT,NON-INJURY ACCIDENT (PROPERTY- DAMAGE-ONLY ACCIDENT),REAR-END,45.7701131,-111.1851346
C000291N,000+0.243,BELGRADE,GALLATIN,December,2015,14:45,THU,NON-JUNCTION,ON ROADWAY,CLEAR,ICE/FROST,DAYLIGHT,NON-INJURY ACCIDENT (PROPERTY- DAMAGE-ONLY ACCIDENT),REAR-END,45.77171318,-111.1850336
C000291N,000+0.256,BELGRADE,GALLATIN,November,2015,17:35,MON,ACCELERATION/DECELERATION LANE,ON ROADWAY,CLEAR,ICE/FROST,DARK-LIGHTED,NON-INJURY ACCIDENT (PROPERTY- DAMAGE-ONLY ACCIDENT),REAR-END,45.77185336,-111.1851568
C000291N,000+0.262,BELGRADE,GALLATIN,MARCH,2017,17:15,TUE,INTERSECTION-RELATED,ON ROADWAY,CLEAR,DRY,DAYLIGHT,POSSIBLE INJURY ACCIDENT,REAR-END,45.77194928,-111.1849507
C000291N,000+0.267,BELGRADE,GALLATIN,April,2013,17:05,THU,INTERSECTION,ON ROADWAY,CLEAR,DRY,DAYLIGHT,NON-INJURY ACCIDENT (PROPERTY- DAMAGE-ONLY ACCIDENT),REAR-END,45.77203913,-111.1850222
C000291N,000+0.267,BELGRADE,GALLATIN,April,2013,11:20,THU,INTERSECTION,ON ROADWAY,CLEAR,DRY,DAYLIGHT,NON-INJURY ACCIDENT (PROPERTY- DAMAGE-ONLY ACCIDENT),"LEFT TURN, OPPOSITE DIRECTION",45.77203913,-111.1850222
C000291N,000+0.281,BELGRADE,GALLATIN,NOVEMBER,2017,17:24,MON,INTERSECTION-RELATED,ON ROADWAY,CLEAR,DRY,DARK-LIGHTED,NON-INJURY ACCIDENT (PROPERTY- DAMAGE-ONLY ACCIDENT),REAR-END,45.77223012,-111.1851132
C000291N,000+0.281,BELGRADE,GALLATIN,SEPTEMBER,2017,12:29,MON,NON-JUNCTION,ON ROADWAY,CLEAR,DRY,DAYLIGHT,NON-INJURY ACCIDENT (PROPERTY- DAMAGE-ONLY ACCIDENT),HEAD ON,37.69,-97.34
C000291N,000+0.299,BELGRADE,GALLATIN,JULY,2017,21:08,SUN,INTERSECTION-RELATED,ON ROADWAY,CLEAR,DRY,DAYLIGHT,POSSIBLE INJURY ACCIDENT,"SIDESWIPE, SAME DIRECTION",45.7724912,-111.1848611
C000291N,000+0.305,BELGRADE,GALLATIN,July,2016,15:22,SAT,INTERSECTION-RELATED,ON ROADWAY,CLEAR,DRY,DAYLIGHT,NON-INJURY ACCIDENT (PROPERTY- DAMAGE-ONLY ACCIDENT),REAR-END,45.77260946,-111.1849923
C000291N,000+0.311,BELGRADE,GALLATIN,November,2014,18:05,SAT,INTERSECTION-RELATED,ON ROADWAY,SNOW,ICE/FROST,DARK-LIGHTED,NON-INJURY ACCIDENT (PROPERTY- DAMAGE-ONLY ACCIDENT),REAR-END,45.77937837,-111.1848311
C000291N,000+0.311,BELGRADE,GALLATIN,AUGUST,2017,15:45,THU,INTERSECTION,ON ROADWAY,CLEAR,DRY,DAYLIGHT,NON-INJURY ACCIDENT (PROPERTY- DAMAGE-ONLY ACCIDENT),REAR-END,45.77270269,-111.1851618
C000291N,000+0.317,BELGRADE,GALLATIN,September,2014,10:35,WED,INTERSECTION-RELATED,ON ROADWAY,CLEAR,DRY,DAYLIGHT,NON-INJURY ACCIDENT (PROPERTY- DAMAGE-ONLY ACCIDENT),REAR-END,45.77248642,-111.1850105
C000291N,000+0.317,BELGRADE,GALLATIN,May,2016,11:53,WED,INTERSECTION-RELATED,ON ROADWAY,CLEAR,DRY,DAYLIGHT,NON-INJURY ACCIDENT (PROPERTY- DAMAGE-ONLY ACCIDENT),REAR-END,45.77281758,-111.1849942
C000291N,000+0.324,,GALLATIN,August,2015,15:08,THU,INTERSECTION,ON ROADWAY,CLEAR,DRY,DAYLIGHT,POSSIBLE INJURY ACCIDENT,REAR-END,45.77290086,-111.1849779
C000291N,000+0.328,BELGRADE,GALLATIN,JANUARY,2017,17:19,FRI,INTERSECTION,ON ROADWAY,CLEAR,DRY,DUSK,NON-INJURY ACCIDENT (PROPERTY- DAMAGE-ONLY ACCIDENT),HEAD ON,45.77292903,-111.1850018
C000291N,000+0.328,BELGRADE,GALLATIN,SEPTEMBER,2017,12:46,SAT,INTERSECTION,ON ROADWAY,CLEAR,DRY,DAYLIGHT,POSSIBLE INJURY ACCIDENT,RIGHT ANGLE,45.77292903,-111.1850018
C000291N,000+0.330,,GALLATIN,June,2015,22:07,WED,INTERSECTION-RELATED,ON ROADWAY,CLEAR,DRY,DARK-LIGHTED,NON-INJURY ACCIDENT (PROPERTY- DAMAGE-ONLY ACCIDENT),REAR-END,45.77295269,-111.1849955
C000291N,000+0.330,BELGRADE,GALLATIN,July,2015,0:00,THU,INTERSECTION,ON ROADWAY,CLEAR,DRY,DARK-LIGHTED,NON-INJURY ACCIDENT (PROPERTY- DAMAGE-ONLY ACCIDENT),REAR-END,45.77294458,-111.1849861
C000291N,000+0.330,BELGRADE,GALLATIN,September,2015,15:37,MON,INTERSECTION-RELATED,ON ROADWAY,CLEAR,DRY,DAYLIGHT,NON-INJURY ACCIDENT (PROPERTY- DAMAGE-ONLY ACCIDENT),"SIDESWIPE, SAME DIRECTION",45.77295751,-111.184973
C000291N,000+0.330,BELGRADE,GALLATIN,October,2015,22:36,TUE,INTERSECTION,ON ROADWAY,CLEAR,DRY,DARK-LIGHTED,NON-INCAPACITATING EVIDENT INJURY ACCIDENT,HEAD ON,45.77295136,-111.1849898
C000291N,000+0.330,BELGRADE,GALLATIN,December,2015,20:58,MON,INTERSECTION,ON ROADWAY,BLOWING SNOW,SNOW,DARK-LIGHTED,NON-INCAPACITATING EVIDENT INJURY ACCIDENT,"LEFT TURN, SAME DIRECTION",45.77294901,-111.1850125
C000291N,000+0.330,BELGRADE,GALLATIN,November,2016,17:35,MON,INTERSECTION,ON ROADWAY,CLEAR,DRY,DARK-LIGHTED,NON-INJURY ACCIDENT (PROPERTY- DAMAGE-ONLY ACCIDENT),REAR-END,45.77294851,-111.1849642
C000291N,000+0.330,BELGRADE,GALLATIN,October,2016,21:06,THU,INTERSECTION,ON ROADWAY,CLEAR,DRY,DARK-LIGHTED,NON-INJURY ACCIDENT (PROPERTY- DAMAGE-ONLY ACCIDENT),REAR TO FRONT,45.77297689,-111.1850004
C000291N,000+0.330,BELGRADE,GALLATIN,April,2016,14:22,MON,INTERSECTION-RELATED,ON ROADWAY,CLOUDY,DRY,DAYLIGHT,NON-INJURY ACCIDENT (PROPERTY- DAMAGE-ONLY ACCIDENT),REAR-END,45.77295346,-111.1849483
C000291N,000+0.330,BELGRADE,GALLATIN,FEBRUARY,2017,12:04,SAT,INTERSECTION,ON ROADWAY,CLEAR,DRY,DAYLIGHT,NON-INCAPACITATING EVIDENT INJURY ACCIDENT,RIGHT ANGLE,45.77292903,-111.1850018
C000291N,000+0.330,BELGRADE,GALLATIN,FEBRUARY,2017,15:46,THU,INTERSECTION,ON ROADWAY,CLEAR,DRY,DAYLIGHT,NON-INJURY ACCIDENT (PROPERTY- DAMAGE-ONLY ACCIDENT),HEAD ON,45.77292903,-111.1850018
C000291N,000+0.330,BELGRADE,GALLATIN,FEBRUARY,2017,19:19,SUN,INTERSECTION,ON ROADWAY,CLEAR,DRY,DUSK,NON-INJURY ACCIDENT (PROPERTY- DAMAGE-ONLY ACCIDENT),RIGHT ANGLE,45.77292903,-111.1850018
C000291N,000+0.330,BELGRADE,GALLATIN,JULY,2017,21:43,FRI,INTERSECTION,ON ROADWAY,CLEAR,DRY,DARK-LIGHTED,NON-INJURY ACCIDENT (PROPERTY- DAMAGE-ONLY ACCIDENT),HEAD ON,45.77294934,-111.1849898
C000291N,000+0.355,BELGRADE,GALLATIN,MAY,2017,13:00,FRI,INTERSECTION-RELATED,ON ROADWAY,CLEAR,DRY,DAYLIGHT,NON-INJURY ACCIDENT (PROPERTY- DAMAGE-ONLY ACCIDENT),REAR-END,45.7733018,-111.1850558
C000291N,000+0.361,BELGRADE,GALLATIN,May,2016,16:10,MON,NON-JUNCTION,ON ROADWAY,SNOW,WET,DAYLIGHT,NON-INJURY ACCIDENT (PROPERTY- DAMAGE-ONLY ACCIDENT),REAR-END,45.77336483,-111.184943
C000291N,000+0.367,BELGRADE,GALLATIN,April,2016,13:50,THU,INTERSECTION-RELATED,ON ROADWAY,CLEAR,DRY,DAYLIGHT,NON-INJURY ACCIDENT (PROPERTY- DAMAGE-ONLY ACCIDENT),REAR-END,45.77347027,-111.1850478
C000291N,000+0.367,BELGRADE,GALLATIN,MARCH,2017,14:50,FRI,INTERSECTION-RELATED,ON ROADWAY,CLEAR,DRY,DAYLIGHT,NON-INJURY ACCIDENT (PROPERTY- DAMAGE-ONLY ACCIDENT),REAR-END,45.77351552,-111.1850443
C000291N,000+0.386,BELGRADE,GALLATIN,August,2015,18:20,FRI,INTERSECTION-RELATED,ON ROADWAY,CLOUDY,DRY,DAYLIGHT,NON-INJURY ACCIDENT (PROPERTY- DAMAGE-ONLY ACCIDENT),"SIDESWIPE, SAME DIRECTION",45.77377288,-111.1849953
C000291N,000+0.392,BELGRADE,GALLATIN,October,2014,15:45,THU,INTERSECTION-RELATED,ON ROADWAY,CLEAR,DRY,DAYLIGHT,NON-INJURY ACCIDENT (PROPERTY- DAMAGE-ONLY ACCIDENT),"LEFT TURN, SAME DIRECTION",45.77391257,-111.1849792
C000291N,000+0.392,BELGRADE,GALLATIN,September,2016,12:44,WED,NON-JUNCTION,ON ROADWAY,CLEAR,DRY,DAYLIGHT,NON-INJURY ACCIDENT (PROPERTY- DAMAGE-ONLY ACCIDENT),REAR-END,45.77383847,-111.1850305
C000291N,000+0.398,BELGRADE,GALLATIN,March,2014,8:25,THU,NON-JUNCTION,ON ROADWAY,CLEAR,DRY,DAYLIGHT,NON-INJURY ACCIDENT (PROPERTY- DAMAGE-ONLY ACCIDENT),REAR-END,45.77391257,-111.1849792
C000291N,000+0.398,BELGRADE,GALLATIN,October,2014,17:33,FRI,NON-JUNCTION,ON ROADWAY,CLEAR,DRY,DAYLIGHT,NON-INJURY ACCIDENT (PROPERTY- DAMAGE-ONLY ACCIDENT),REAR-END,45.77391257,-111.1849792
C000291N,000+0.398,BELGRADE,GALLATIN,January,2015,15:50,THU,NON-JUNCTION,ON ROADWAY,CLEAR,DRY,DAYLIGHT,NON-INJURY ACCIDENT (PROPERTY- DAMAGE-ONLY ACCIDENT),"LEFT TURN, OPPOSITE DIRECTION",45.77391257,-111.1849792
C000291N,000+0.398,BELGRADE,GALLATIN,DECEMBER,2017,23:09,WED,DRIVEWAY/ALLEY ACCESS RELATED,OUTSIDE RIGHT-OF-WAY (TRAFFICWAY),CLEAR,SNOW,DARK-LIGHTED,NON-INJURY ACCIDENT (PROPERTY- DAMAGE-ONLY ACCIDENT),FIXED OBJECT,45.77394943,-111.1847644
C000291N,000+0.411,BELGRADE,GALLATIN,APRIL,2017,15:55,MON,INTERSECTION-RELATED,ON ROADWAY,CLEAR,DRY,DAYLIGHT,NON-INJURY ACCIDENT (PROPERTY- DAMAGE-ONLY ACCIDENT),REAR-END,45.77408937,-111.1850086
C000291N,000+0.417,BELGRADE,GALLATIN,February,2016,19:00,FRI,INTERSECTION-RELATED,ON ROADWAY,CLEAR,DRY,DARK-NOT LIGHTED,NON-INCAPACITATING EVIDENT INJURY ACCIDENT,BICYCLE,45.77419037,-111.1849623
C000291N,000+0.429,BELGRADE,GALLATIN,NOVEMBER,2017,14:31,WED,INTERSECTION-RELATED,ON ROADWAY,CLEAR,WET,DAYLIGHT,NON-INJURY ACCIDENT (PROPERTY- DAMAGE-ONLY ACCIDENT),REAR-END,45.77442517,-111.1849938
C000291N,000+0.442,BELGRADE,GALLATIN,November,2014,16:25,SAT,NON-JUNCTION,ON ROADWAY,CLOUDY,DRY,DAYLIGHT,NON-INJURY ACCIDENT (PROPERTY- DAMAGE-ONLY ACCIDENT),REAR-END,45.77391257,-111.1849792
C000291N,000+0.454,BELGRADE,GALLATIN,JUNE,2017,17:20,FRI,NON-JUNCTION,ON ROADWAY,CLEAR,DRY,DAYLIGHT,NON-INJURY ACCIDENT (PROPERTY- DAMAGE-ONLY ACCIDENT),REAR-END,45.77477928,-111.1849084
C000291N,000+0.460,BELGRADE,GALLATIN,September,2015,12:47,SAT,INTERSECTION-RELATED,ON ROADWAY,CLEAR,DRY,DAYLIGHT,POSSIBLE INJURY ACCIDENT,REAR-END,45.77480323,-111.1850091
C000291N,000+0.466,BELGRADE,GALLATIN,August,2016,18:03,FRI,INTERSECTION,ON ROADWAY,CLEAR,DRY,DAYLIGHT,NON-INJURY ACCIDENT (PROPERTY- DAMAGE-ONLY ACCIDENT),REAR-END,45.77492927,-111.1848783
C000291N,000+0.466,BELGRADE,GALLATIN,SEPTEMBER,2017,15:55,FRI,NON-JUNCTION,ON ROADWAY,CLEAR,DRY,DAYLIGHT,NON-INJURY ACCIDENT (PROPERTY- DAMAGE-ONLY ACCIDENT),REAR-END,45.77493138,-111.184978
C000291N,000+0.473,BELGRADE,GALLATIN,MARCH,2017,13:13,SAT,NON-JUNCTION,ON ROADWAY,CLEAR,DRY,DAYLIGHT,NON-INJURY ACCIDENT (PROPERTY- DAMAGE-ONLY ACCIDENT),REAR-END,45.77499103,-111.1849956
C000291N,000+0.473,BELGRADE,GALLATIN,NOVEMBER,2017,10:43,THU,NON-JUNCTION,ON ROADWAY,CLEAR,WET,DAYLIGHT,NON-INJURY ACCIDENT (PROPERTY- DAMAGE-ONLY ACCIDENT),NOT FIXED OBJECT OR DEBRIS,45.77502667,-111.184941
C000291N,000+0.485,BELGRADE,GALLATIN,December,2014,16:52,TUE,NON-JUNCTION,ON ROADWAY,CLOUDY,WET,DUSK,NON-INJURY ACCIDENT (PROPERTY- DAMAGE-ONLY ACCIDENT),REAR-END,45.77545493,-111.1849452
C000291N,000+0.485,BELGRADE,GALLATIN,December,2016,8:50,FRI,INTERSECTION-RELATED,ON ROADWAY,CLEAR,ICE/FROST,DAYLIGHT,NON-INJURY ACCIDENT (PROPERTY- DAMAGE-ONLY ACCIDENT),RIGHT ANGLE,45.77515746,-111.1849546
C000291N,000+0.504,BELGRADE,GALLATIN,May,2015,17:50,MON,NON-JUNCTION,ON ROADWAY,CLEAR,DRY,DAYLIGHT,NON-INJURY ACCIDENT (PROPERTY- DAMAGE-ONLY ACCIDENT),REAR-END,45.77545493,-111.1849452
C000291N,000+0.504,BELGRADE,GALLATIN,January,2015,16:00,THU,NON-JUNCTION,ON ROADWAY,CLEAR,DRY,DAYLIGHT,NON-INJURY ACCIDENT (PROPERTY- DAMAGE-ONLY ACCIDENT),REAR-END,45.77545493,-111.1849452
C000291N,000+0.529,BELGRADE,GALLATIN,AUGUST,2017,17:12,TUE,NON-JUNCTION,ON ROADWAY,CLEAR,DRY,DAYLIGHT,POSSIBLE INJURY ACCIDENT,REAR-END,45.7758732,-111.1849003
C000291N,000+0.566,BELGRADE,GALLATIN,September,2014,16:22,FRI,NON-JUNCTION,ON ROADWAY,CLEAR,DRY,DAYLIGHT,POSSIBLE INJURY ACCIDENT,REAR-END,45.77685257,-111.1849262
C000291N,000+0.590,BELGRADE,GALLATIN,APRIL,2017,7:49,WED,INTERSECTION-RELATED,ON ROADWAY,CLOUDY,DRY,DAYLIGHT,NON-INJURY ACCIDENT (PROPERTY- DAMAGE-ONLY ACCIDENT),REAR-END,45.77673563,-111.1849752
C000291N,000+0.597,BELGRADE,GALLATIN,April,2014,7:50,THU,NON-JUNCTION,ON ROADWAY,CLEAR,DRY,DAYLIGHT,NON-INJURY ACCIDENT (PROPERTY- DAMAGE-ONLY ACCIDENT),REAR-END,45.77685257,-111.1849262
C000291N,000+0.597,BELGRADE,GALLATIN,April,2015,18:45,MON,INTERSECTION-RELATED,ON ROADWAY,CLOUDY,DRY,DAYLIGHT,NON-INJURY ACCIDENT (PROPERTY- DAMAGE-ONLY ACCIDENT),REAR-END,45.77685257,-111.1849262
C000291N,000+0.597,BELGRADE,GALLATIN,January,2015,14:55,THU,NON-JUNCTION,ON ROADWAY,CLEAR,DRY,DAYLIGHT,NON-INJURY ACCIDENT (PROPERTY- DAMAGE-ONLY ACCIDENT),REAR-END,45.77685257,-111.1849262
C000291N,000+0.597,BELGRADE,GALLATIN,January,2015,20:12,SAT,NON-JUNCTION,ON ROADWAY,CLEAR,DRY,DARK-NOT LIGHTED,NON-INJURY ACCIDENT (PROPERTY- DAMAGE-ONLY ACCIDENT),OTHER,45.77685257,-111.1849262