MDT_CORRIDOR_ID,SMS_REFPOST_OFFSET,CITY,COUNTY,Month,Year,SMS_TIME,SMT_CRASH_OCC_DAY_OF_WEEK,JUNCTION_RELATED,ROADWAY_RELATED,WEATHER_COND,ROAD_COND,LIGHT_COND,CRASH_SEVERITY,COLLISION_TYPE,LATITUDE,LONGITUDE
C000291N,000+0.628,BELGRADE,GALLATIN,November,2016,15:28,THU,NON-JUNCTION,ON ROADWAY,CLEAR,DRY,DAYLIGHT,NON-INCAPACITATING EVIDENT INJURY ACCIDENT,REAR-END,45.77729498,-111.1848917
C000291N,000+0.640,BELGRADE,GALLATIN,August,2015,7:50,TUE,NON-JUNCTION,ON ROADWAY,CLEAR,DRY,DAYLIGHT,NON-INJURY ACCIDENT (PROPERTY- DAMAGE-ONLY ACCIDENT),REAR-END,45.77747101,-111.1849634
C000291N,000+0.665,,GALLATIN,July,2015,17:25,TUE,THROUGH ROADWAY,ON ROADWAY,CLEAR,DRY,DAYLIGHT,NON-INJURY ACCIDENT (PROPERTY- DAMAGE-ONLY ACCIDENT),REAR-END,45.77781474,-111.184879
C000291N,000+0.665,BELGRADE,GALLATIN,September,2015,17:50,MON,ACCELERATION/DECELERATION LANE,ON ROADWAY,CLEAR,DRY,DAYLIGHT,POSSIBLE INJURY ACCIDENT,REAR-END,45.77776153,-111.1848672
C000291N,000+0.665,BELGRADE,GALLATIN,September,2016,16:16,TUE,NON-JUNCTION,ON ROADWAY,CLEAR,DRY,DAYLIGHT,NON-INJURY ACCIDENT (PROPERTY- DAMAGE-ONLY ACCIDENT),REAR-END,45.77777414,-111.1848705
C000291N,000+0.671,BELGRADE,GALLATIN,August,2016,16:59,THU,NON-JUNCTION,ON ROADWAY,CLEAR,DRY,DAYLIGHT,NON-INJURY ACCIDENT (PROPERTY- DAMAGE-ONLY ACCIDENT),REAR-END,45.77793047,-111.1848834
C000291N,000+0.690,BELGRADE,GALLATIN,April,2014,16:00,FRI,NON-JUNCTION,ON ROADWAY,CLEAR,DRY,DAYLIGHT,POSSIBLE INJURY ACCIDENT,REAR-END,45.77814729,-111.1848514
C000291N,000+0.690,BELGRADE,GALLATIN,April,2015,17:20,TUE,NON-JUNCTION,ON ROADWAY,CLEAR,DRY,DAYLIGHT,NON-INJURY ACCIDENT (PROPERTY- DAMAGE-ONLY ACCIDENT),REAR-END,45.77814729,-111.1848514
C000291N,000+0.718,BELGRADE,GALLATIN,MARCH,2017,14:45,WED,INTERSECTION-RELATED,ON ROADWAY,CLEAR,DRY,DAYLIGHT,NON-INJURY ACCIDENT (PROPERTY- DAMAGE-ONLY ACCIDENT),REAR-END,45.78015375,-111.1848094
C000291N,000+0.720,BELGRADE,GALLATIN,October,2013,17:40,THU,INTERSECTION-RELATED,ON ROADWAY,CLOUDY,DRY,DAYLIGHT,NON-INJURY ACCIDENT (PROPERTY- DAMAGE-ONLY ACCIDENT),REAR-END,45.77861571,-111.1848427
C000291N,000+0.720,BELGRADE,GALLATIN,November,2013,11:45,FRI,INTERSECTION,ON ROADWAY,CLEAR,DRY,DAYLIGHT,NON-INJURY ACCIDENT (PROPERTY- DAMAGE-ONLY ACCIDENT),"RIGHT TURN, SAME DIRECTION",45.77861571,-111.1848427
C000291N,000+0.720,BELGRADE,GALLATIN,January,2013,17:45,WED,INTERSECTION-RELATED,ON ROADWAY,CLEAR,WET,DUSK,NON-INJURY ACCIDENT (PROPERTY- DAMAGE-ONLY ACCIDENT),REAR-END,45.77861571,-111.1848427
C000291N,000+0.720,BELGRADE,GALLATIN,February,2013,18:10,THU,INTERSECTION,ON ROADWAY,CLEAR,DRY,DARK-NOT LIGHTED,NON-INJURY ACCIDENT (PROPERTY- DAMAGE-ONLY ACCIDENT),REAR-END,45.77861571,-111.1848427
C000291N,000+0.720,BELGRADE,GALLATIN,April,2015,16:00,FRI,INTERSECTION,ON ROADWAY,CLEAR,DRY,DAYLIGHT,NON-INJURY ACCIDENT (PROPERTY- DAMAGE-ONLY ACCIDENT),REAR-END,45.77861571,-111.1848427
C000291N,000+0.720,BELGRADE,GALLATIN,January,2015,18:00,MON,INTERSECTION,ON ROADWAY,CLOUDY,SNOW,DUSK,NON-INJURY ACCIDENT (PROPERTY- DAMAGE-ONLY ACCIDENT),RIGHT ANGLE,45.77861571,-111.1848427
C000291N,000+0.720,BELGRADE,GALLATIN,DECEMBER,2017,11:45,FRI,INTERSECTION-RELATED,ON ROADWAY,CLEAR,SNOW,DAYLIGHT,NON-INJURY ACCIDENT (PROPERTY- DAMAGE-ONLY ACCIDENT),REAR-END,45.77862955,-111.1849292
C000291N,000+0.739,BELGRADE,GALLATIN,November,2014,8:00,WED,NON-JUNCTION,ON ROADWAY,CLEAR,ICE/FROST,DAYLIGHT,NON-INJURY ACCIDENT (PROPERTY- DAMAGE-ONLY ACCIDENT),REAR-END,45.77937837,-111.1848311
C000291N,000+0.758,BELGRADE,GALLATIN,May,2015,7:50,FRI,INTERSECTION-RELATED,ON ROADWAY,CLOUDY,DRY,DAYLIGHT,POSSIBLE INJURY ACCIDENT,REAR-END,45.77912833,-111.1849983
C000291N,000+0.758,BELGRADE,GALLATIN,April,2016,11:15,SAT,RAILWAY GRADE CROSSING,ON ROADWAY,CLEAR,DRY,DAYLIGHT,NON-INJURY ACCIDENT (PROPERTY- DAMAGE-ONLY ACCIDENT),REAR TO FRONT,45.77914347,-111.1848888
C000291N,000+0.770,BELGRADE,GALLATIN,November,2014,8:43,THU,INTERSECTION-RELATED,ON ROADWAY,CLEAR,ICE/FROST,DAYLIGHT,NON-INJURY ACCIDENT (PROPERTY- DAMAGE-ONLY ACCIDENT),REAR-END,45.77937837,-111.1848311
C000291N,000+0.770,BELGRADE,GALLATIN,December,2016,16:25,FRI,RAILWAY GRADE CROSSING,ON ROADWAY,CLEAR,DRY,DAYLIGHT,NON-INJURY ACCIDENT (PROPERTY- DAMAGE-ONLY ACCIDENT),REAR-END,45.77929002,-111.184821
C000291N,000+0.770,BELGRADE,GALLATIN,December,2016,17:45,FRI,INTERSECTION-RELATED,ON ROADWAY,CLEAR,SNOW,DAYLIGHT,NON-INJURY ACCIDENT (PROPERTY- DAMAGE-ONLY ACCIDENT),REAR-END,45.77929673,-111.1847647
C000291N,000+0.776,BELGRADE,GALLATIN,June,2014,14:40,TUE,INTERSECTION-RELATED,ON ROADWAY,CLOUDY,DRY,DAYLIGHT,NON-INJURY ACCIDENT (PROPERTY- DAMAGE-ONLY ACCIDENT),REAR-END,45.77937837,-111.1848311
C000291N,000+0.776,BELGRADE,GALLATIN,May,2014,16:00,WED,NON-JUNCTION,ON ROADWAY,CLOUDY,DRY,DAYLIGHT,NON-INJURY ACCIDENT (PROPERTY- DAMAGE-ONLY ACCIDENT),REAR-END,45.77937837,-111.1848311
C000291N,000+0.776,BELGRADE,GALLATIN,May,2014,8:00,THU,NON-JUNCTION,ON ROADWAY,CLEAR,DRY,DAYLIGHT,NON-INJURY ACCIDENT (PROPERTY- DAMAGE-ONLY ACCIDENT),REAR-END,45.77937837,-111.1848311
C000291N,000+0.776,BELGRADE,GALLATIN,June,2015,16:20,MON,NON-JUNCTION,ON ROADWAY,RAIN,WET,DAYLIGHT,NON-INJURY ACCIDENT (PROPERTY- DAMAGE-ONLY ACCIDENT),REAR-END,45.77937837,-111.1848311
C000291N,000+0.782,BELGRADE,GALLATIN,April,2016,14:48,SUN,RAILWAY GRADE CROSSING,ON ROADWAY,CLEAR,DRY,DAYLIGHT,NON-INJURY ACCIDENT (PROPERTY- DAMAGE-ONLY ACCIDENT),FIXED OBJECT,45.77946732,-111.1848665
C000291N,000+0.782,BELGRADE,GALLATIN,May,2016,14:10,THU,INTERSECTION,ON ROADWAY,CLEAR,DRY,DAYLIGHT,NON-INJURY ACCIDENT (PROPERTY- DAMAGE-ONLY ACCIDENT),FIXED OBJECT,45.779496,-111.1848953
C000291N,000+0.788,BELGRADE,GALLATIN,September,2016,15:45,THU,INTERSECTION-RELATED,ON ROADWAY,CLEAR,DRY,DAYLIGHT,NON-INJURY ACCIDENT (PROPERTY- DAMAGE-ONLY ACCIDENT),REAR-END,45.77963395,-111.1848862
C000291N,000+0.795,BELGRADE,GALLATIN,APRIL,2017,21:14,MON,INTERSECTION,ON ROADWAY,CLEAR,WET,DARK-LIGHTED,NON-INJURY ACCIDENT (PROPERTY- DAMAGE-ONLY ACCIDENT),RIGHT ANGLE,45.77964281,-111.1848371
C000291N,000+0.813,BELGRADE,GALLATIN,August,2015,12:30,THU,ACCELERATION/DECELERATION LANE,ON ROADWAY,"FOG, SMOG, SMOKE",DRY,DAYLIGHT,NON-INJURY ACCIDENT (PROPERTY- DAMAGE-ONLY ACCIDENT),REAR-END,45.77996226,-111.1848293
C000291N,000+0.817,BELGRADE,GALLATIN,December,2015,11:20,WED,INTERSECTION-RELATED,ON ROADWAY,CLEAR,ICE/FROST,DAYLIGHT,NON-INJURY ACCIDENT (PROPERTY- DAMAGE-ONLY ACCIDENT),REAR-END,45.78001841,-111.1848628
C000291N,000+0.817,BELGRADE,GALLATIN,December,2015,21:45,SAT,INTERSECTION-RELATED,ON ROADWAY,SNOW,SNOW,DARK-LIGHTED,NON-INJURY ACCIDENT (PROPERTY- DAMAGE-ONLY ACCIDENT),REAR-END,45.77998678,-111.1848457
C000291N,000+0.823,BELGRADE,GALLATIN,December,2015,21:45,SAT,CROSSOVER-RELATED,ON ROADWAY,SNOW,SNOW,DARK-LIGHTED,NON-INJURY ACCIDENT (PROPERTY- DAMAGE-ONLY ACCIDENT),"SIDESWIPE, OPPOSITE DIRECTION",45.78008067,-111.184863
C000291N,000+0.827,BELGRADE,GALLATIN,May,2014,20:40,SUN,INTERSECTION,ON ROADWAY,CLEAR,DRY,DAYLIGHT,NON-INJURY ACCIDENT (PROPERTY- DAMAGE-ONLY ACCIDENT),BICYCLE,45.78015375,-111.1848094
C000291N,000+0.827,BELGRADE,GALLATIN,January,2014,15:55,SAT,INTERSECTION-RELATED,ON ROADWAY,CLEAR,ICE/FROST,DAYLIGHT,NON-INJURY ACCIDENT (PROPERTY- DAMAGE-ONLY ACCIDENT),REAR-END,45.78015375,-111.1848094
C000291N,000+0.827,BELGRADE,GALLATIN,July,2014,20:45,FRI,INTERSECTION-RELATED,ON ROADWAY,CLEAR,DRY,DAYLIGHT,NON-INJURY ACCIDENT (PROPERTY- DAMAGE-ONLY ACCIDENT),REAR-END,45.78015375,-111.1848094
C000291N,000+0.827,BELGRADE,GALLATIN,July,2014,12:15,THU,NON-JUNCTION,ON ROADWAY,CLEAR,DRY,DAYLIGHT,POSSIBLE INJURY ACCIDENT,RIGHT ANGLE,45.78015375,-111.1848094
C000291N,000+0.827,BELGRADE,GALLATIN,September,2014,15:40,THU,INTERSECTION-RELATED,ON ROADWAY,CLEAR,DRY,DAYLIGHT,NON-INJURY ACCIDENT (PROPERTY- DAMAGE-ONLY ACCIDENT),REAR-END,45.78015375,-111.1848094
C000291N,000+0.827,BELGRADE,GALLATIN,November,2014,7:30,THU,INTERSECTION,ON ROADWAY,CLEAR,ICE/FROST,DAYLIGHT,NON-INJURY ACCIDENT (PROPERTY- DAMAGE-ONLY ACCIDENT),REAR-END,45.78015375,-111.1848094
C000291N,000+0.827,BELGRADE,GALLATIN,November,2014,18:00,SAT,INTERSECTION-RELATED,ON ROADWAY,SNOW,ICE/FROST,DARK-LIGHTED,NON-INJURY ACCIDENT (PROPERTY- DAMAGE-ONLY ACCIDENT),REAR-END,45.78015375,-111.1848094
C000291N,000+0.827,,GALLATIN,August,2015,15:50,THU,INTERSECTION-RELATED,ON ROADWAY,CLEAR,DRY,DAYLIGHT,NON-INJURY ACCIDENT (PROPERTY- DAMAGE-ONLY ACCIDENT),REAR-END,45.78017003,-111.1848277
C000291N,000+0.827,BELGRADE,GALLATIN,January,2015,16:09,SUN,INTERSECTION,ON ROADWAY,CLEAR,ICE/FROST,DAYLIGHT,NON-INJURY ACCIDENT (PROPERTY- DAMAGE-ONLY ACCIDENT),REAR-END,45.78015375,-111.1848094
C000291N,000+0.827,BELGRADE,GALLATIN,June,2015,7:59,FRI,INTERSECTION-RELATED,ON ROADWAY,CLEAR,DRY,DAYLIGHT,POSSIBLE INJURY ACCIDENT,REAR-END,45.78015375,-111.1848094
C000291N,000+0.827,BELGRADE,GALLATIN,December,2015,18:20,THU,INTERSECTION,ON ROADWAY,CLEAR,ICE/FROST,DARK-LIGHTED,NON-INJURY ACCIDENT (PROPERTY- DAMAGE-ONLY ACCIDENT),REAR-END,45.78015857,-111.1848605
C000291N,000+0.827,BELGRADE,GALLATIN,January,2016,14:55,MON,INTERSECTION-RELATED,ON ROADWAY,CLEAR,SLUSH,DAYLIGHT,NON-INJURY ACCIDENT (PROPERTY- DAMAGE-ONLY ACCIDENT),REAR-END,45.78019634,-111.1848132
C000291N,000+0.827,BELGRADE,GALLATIN,DECEMBER,2017,15:23,WED,INTERSECTION-RELATED,ON ROADWAY,SNOW,ICE/FROST,DAYLIGHT,NON-INJURY ACCIDENT (PROPERTY- DAMAGE-ONLY ACCIDENT),REAR-END,45.7801801,-111.1848819
C000291N,000+0.827,BELGRADE,GALLATIN,DECEMBER,2017,15:31,THU,INTERSECTION-RELATED,ON ROADWAY,SNOW,ICE/FROST,DAYLIGHT,NON-INJURY ACCIDENT (PROPERTY- DAMAGE-ONLY ACCIDENT),REAR-END,45.78012429,-111.1848718
C000291N,000+0.827,BELGRADE,GALLATIN,SEPTEMBER,2017,12:50,FRI,INTERSECTION,ON ROADWAY,RAIN,WET,DAYLIGHT,NON-INJURY ACCIDENT (PROPERTY- DAMAGE-ONLY ACCIDENT),REAR-END,45.78015375,-111.1848094
C000291N,000+0.833,BELGRADE,GALLATIN,DECEMBER,2017,12:08,WED,INTERSECTION,ON ROADWAY,SNOW,SNOW,DAYLIGHT,NON-INJURY ACCIDENT (PROPERTY- DAMAGE-ONLY ACCIDENT),REAR-END,45.78020396,-111.1848758
C000291N,000+0.833,BELGRADE,GALLATIN,SEPTEMBER,2017,11:59,FRI,INTERSECTION,ON ROADWAY,CLEAR,DRY,DAYLIGHT,NON-INJURY ACCIDENT (PROPERTY- DAMAGE-ONLY ACCIDENT),HEAD ON,45.78022281,-111.1848795
C000291N,000+0.857,BELGRADE,GALLATIN,September,2015,9:00,WED,ACCELERATION/DECELERATION LANE,ON ROADWAY,CLEAR,DRY,DAYLIGHT,POSSIBLE INJURY ACCIDENT,REAR-END,45.7806204,-111.1848955
C000291N,000+0.862,BELGRADE,GALLATIN,August,2014,15:50,TUE,INTERSECTION-RELATED,ON ROADWAY,CLEAR,DRY,DAYLIGHT,NON-INJURY ACCIDENT (PROPERTY- DAMAGE-ONLY ACCIDENT),REAR-END,45.78090727,-111.1848144
C000291N,000+0.935,,GALLATIN,August,2015,17:05,WED,INTERSECTION-RELATED,ON ROADWAY,CLEAR,DRY,DAYLIGHT,POSSIBLE INJURY ACCIDENT,PEDESTRIAN,45.7817091,-111.1849149
C000291N,000+0.942,BELGRADE,GALLATIN,April,2016,15:58,TUE,INTERSECTION-RELATED,ON ROADWAY,CLEAR,DRY,DAYLIGHT,NON-INJURY ACCIDENT (PROPERTY- DAMAGE-ONLY ACCIDENT),REAR-END,45.78180413,-111.1849475
C000291N,001+0.036,BELGRADE,GALLATIN,DECEMBER,2017,8:11,SUN,DRIVEWAY/ALLEY ACCESS RELATED,IN PARKING LANE OR ZONE,CLEAR,ICE/FROST,DAYLIGHT,NON-INJURY ACCIDENT (PROPERTY- DAMAGE-ONLY ACCIDENT),RIGHT ANGLE,37.69,-97.34
C000291N,001+0.326,BELGRADE,GALLATIN,December,2013,2:25,SAT,INTERSECTION-RELATED,ON ROADWAY,SNOW,ICE/FROST,DARK-NOT LIGHTED,POSSIBLE INJURY ACCIDENT,FIXED OBJECT,45.78737451,-111.1848588
C000291N,001+0.357,BELGRADE,GALLATIN,November,2015,8:12,FRI,NON-JUNCTION,ON ROADWAY,SNOW,SNOW,DAYLIGHT,NON-INJURY ACCIDENT (PROPERTY- DAMAGE-ONLY ACCIDENT),RIGHT ANGLE,45.78784952,-111.1848627
C000291N,001+0.455,BELGRADE,GALLATIN,January,2016,12:18,THU,NON-JUNCTION,ON ROADWAY,CLEAR,WET,DAYLIGHT,POSSIBLE INJURY ACCIDENT,REAR TO SIDE,45.78929726,-111.1848743
C000291N,001+0.842,,GALLATIN,August,2015,10:05,SUN,INTERSECTION-RELATED,OUTSIDE RIGHT-OF-WAY (TRAFFICWAY),CLEAR,DRY,DAYLIGHT,NON-INJURY ACCIDENT (PROPERTY- DAMAGE-ONLY ACCIDENT),FIXED OBJECT,45.79479995,-111.1848162
C000291N,001+0.842,BELGRADE,GALLATIN,SEPTEMBER,2017,18:18,WED,INTERSECTION,ON ROADWAY,CLEAR,DRY,DAYLIGHT,POSSIBLE INJURY ACCIDENT,RIGHT ANGLE,45.79482803,-111.1848028
C000291N,001+0.911,BELGRADE,GALLATIN,January,2016,15:20,WED,NON-JUNCTION,ROADSIDE RIGHT,CLEAR,SNOW,DAYLIGHT,NON-INJURY ACCIDENT (PROPERTY- DAMAGE-ONLY ACCIDENT),FIXED OBJECT,45.79580047,-111.1852121
C000345S,000+0.036,BOZEMAN,GALLATIN,November,2014,7:20,TUE,NON-JUNCTION,ROADSIDE RIGHT,CLOUDY,ICE/FROST,DAYLIGHT,NON-INJURY ACCIDENT (PROPERTY- DAMAGE-ONLY ACCIDENT),FIXED OBJECT,45.67077336,-111.1042528
C000345S,000+0.116,BOZEMAN,GALLATIN,December,2014,21:40,SUN,NON-JUNCTION,OUTSIDE RIGHT-OF-WAY (TRAFFICWAY),SNOW,SNOW,DARK-NOT LIGHTED,NON-INJURY ACCIDENT (PROPERTY- DAMAGE-ONLY ACCIDENT),U TURN,45.66959516,-111.1042657
C000345S,000+0.160,,GALLATIN,January,2014,13:25,WED,INTERSECTION,ON ROADWAY,CLOUDY,WET,DAYLIGHT,NON-INJURY ACCIDENT (PROPERTY- DAMAGE-ONLY ACCIDENT),RIGHT ANGLE,45.66889188,-111.1043786
C000345S,000+0.277,BOZEMAN,GALLATIN,December,2015,12:50,SAT,NON-JUNCTION,ROADSIDE LEFT,CLEAR,SLUSH,DAYLIGHT,NON-INJURY ACCIDENT (PROPERTY- DAMAGE-ONLY ACCIDENT),OTHER,45.6672564,-111.1040659
C000345S,000+0.490,,GALLATIN,December,2013,2:00,SAT,NON-JUNCTION,ROADSIDE RIGHT,CLEAR,ICE/FROST,DARK-NOT LIGHTED,NON-INJURY ACCIDENT (PROPERTY- DAMAGE-ONLY ACCIDENT),OTHER,45.66405267,-111.104242
C000345S,000+0.494,BOZEMAN,GALLATIN,November,2014,12:00,THU,NON-JUNCTION,ROADSIDE LEFT,CLOUDY,SLUSH,DAYLIGHT,NON-INJURY ACCIDENT (PROPERTY- DAMAGE-ONLY ACCIDENT),FIXED OBJECT,45.66407,-111.10423
C000345S,000+0.773,,GALLATIN,September,2015,16:11,FRI,DRIVEWAY/ALLEY ACCESS RELATED,ON ROADWAY,CLEAR,DRY,DAYLIGHT,NON-INJURY ACCIDENT (PROPERTY- DAMAGE-ONLY ACCIDENT),REAR-END,45.66004336,-111.1042488
C000345S,000+0.823,NOT IN CITY LIMITS,GALLATIN,FEBRUARY,2017,14:25,WED,DRIVEWAY/ALLEY ACCESS RELATED,ON ROADWAY,CLOUDY,ICE/FROST,DAYLIGHT,NON-INJURY ACCIDENT (PROPERTY- DAMAGE-ONLY ACCIDENT),RIGHT ANGLE,45.65935696,-111.1041805
C000345S,001+0.000,,GALLATIN,March,2013,7:24,MON,INTERSECTION,ON ROADWAY,CLOUDY,DRY,DAYLIGHT,FATAL ACCIDENT,RIGHT ANGLE,45.65657367,-111.1042078
C000345S,001+0.003,,GALLATIN,September,2015,7:58,WED,INTERSECTION,ON ROADWAY,CLEAR,DRY,DAYLIGHT,NON-INJURY ACCIDENT (PROPERTY- DAMAGE-ONLY ACCIDENT),RIGHT ANGLE,45.6565497,-111.1042283
C000345S,001+0.003,,GALLATIN,November,2016,15:20,MON,INTERSECTION,ON ROADWAY,CLOUDY,DRY,DAYLIGHT,POSSIBLE INJURY ACCIDENT,RIGHT ANGLE,45.65652581,-111.1042078
C000345S,001+0.010,,GALLATIN,May,2013,20:49,MON,INTERSECTION,ON ROADWAY,CLEAR,DRY,DAYLIGHT,NON-INCAPACITATING EVIDENT INJURY ACCIDENT,RIGHT ANGLE,45.65641667,-111.1041317
C000345S,001+0.010,,GALLATIN,August,2015,15:02,WED,INTERSECTION,ON ROADWAY,CLOUDY,DRY,DAYLIGHT,NON-INJURY ACCIDENT (PROPERTY- DAMAGE-ONLY ACCIDENT),RIGHT ANGLE,45.65642667,-111.1042683
C000345S,001+0.010,NOT IN CITY LIMITS,GALLATIN,APRIL,2017,16:30,SUN,INTERSECTION,ON ROADWAY,CLOUDY,DRY,DAYLIGHT,NON-INJURY ACCIDENT (PROPERTY- DAMAGE-ONLY ACCIDENT),RIGHT ANGLE,45.6564239,-111.1043116
C000345S,001+0.022,,GALLATIN,April,2016,0:59,THU,INTERSECTION,ON ROADWAY,CLOUDY,WET,DAYLIGHT,NON-INJURY ACCIDENT (PROPERTY- DAMAGE-ONLY ACCIDENT),RIGHT ANGLE,45.65627379,-111.104234
C000345S,001+0.301,,GALLATIN,October,2016,8:00,MON,INTERSECTION,ON ROADWAY,CLOUDY,DRY,DAYLIGHT,NON-INCAPACITATING EVIDENT INJURY ACCIDENT,REAR-END,45.65222787,-111.1042472
C000345S,001+0.357,,GALLATIN,November,2016,9:30,MON,NON-JUNCTION,ROADSIDE LEFT,SNOW,ICE/FROST,DAYLIGHT,NON-INJURY ACCIDENT (PROPERTY- DAMAGE-ONLY ACCIDENT),FIXED OBJECT,45.65140152,-111.1039581
C000345S,001+0.716,,GALLATIN,January,2016,17:38,THU,NON-JUNCTION,ON ROADWAY,SNOW,ICE/FROST,DARK-NOT LIGHTED,NON-INJURY ACCIDENT (PROPERTY- DAMAGE-ONLY ACCIDENT),RIGHT ANGLE,45.6462703,-111.1042556
C000345S,001+0.740,,GALLATIN,January,2013,7:53,MON,NON-JUNCTION,ON ROADWAY,CLEAR,ICE/FROST,DAYLIGHT,POSSIBLE INJURY ACCIDENT,REAR-END,45.64579563,-111.104201
C000345S,001+0.766,,GALLATIN,July,2016,15:35,TUE,INTERSECTION-RELATED,ON ROADWAY,CLOUDY,DRY,DAYLIGHT,NON-INJURY ACCIDENT (PROPERTY- DAMAGE-ONLY ACCIDENT),REAR-END,45.64551895,-111.1042283
C000345S,001+0.766,NOT IN CITY LIMITS,GALLATIN,DECEMBER,2017,18:30,THU,NON-JUNCTION,ROADSIDE RIGHT,CLOUDY,OTHER,DARK-NOT LIGHTED,NON-INJURY ACCIDENT (PROPERTY- DAMAGE-ONLY ACCIDENT),FIXED OBJECT,45.64547931,-111.1043066
C000345S,001+0.884,,GALLATIN,October,2015,1:00,SUN,NON-JUNCTION,ROADSIDE RIGHT,CLEAR,DRY,DARK-NOT LIGHTED,NON-INJURY ACCIDENT (PROPERTY- DAMAGE-ONLY ACCIDENT),FIXED OBJECT,45.64376743,-111.1043179
C000345S,001+0.927,BOZEMAN,GALLATIN,June,2014,3:30,WED,NON-JUNCTION,SHOULDER,CLOUDY,DRY,DARK-NOT LIGHTED,NON-INCAPACITATING EVIDENT INJURY ACCIDENT,FIXED OBJECT,45.6431591,-111.104283
C000345S,001+0.927,,GALLATIN,January,2014,8:05,WED,NON-JUNCTION,ROADSIDE LEFT,CLOUDY,WET,DAYLIGHT,POSSIBLE INJURY ACCIDENT,FIXED OBJECT,45.64314034,-111.1042677
C000345S,002+0.020,,GALLATIN,October,2013,17:35,FRI,INTERSECTION,ON ROADWAY,CLEAR,DRY,DAYLIGHT,NON-INJURY ACCIDENT (PROPERTY- DAMAGE-ONLY ACCIDENT),RIGHT ANGLE,45.64195018,-111.1042762
C000345S,002+0.030,,GALLATIN,December,2014,9:25,SAT,INTERSECTION,ON ROADWAY,CLOUDY,ICE/FROST,DAYLIGHT,POSSIBLE INJURY ACCIDENT,RIGHT ANGLE,45.64186485,-111.1041942
C000345S,002+0.197,,GALLATIN,April,2016,6:00,THU,NON-JUNCTION,ROADSIDE LEFT,CLEAR,DRY,DAYLIGHT,NON-INJURY ACCIDENT (PROPERTY- DAMAGE-ONLY ACCIDENT),FIXED OBJECT,45.63937183,-111.1042898
C000345S,002+0.200,,GALLATIN,July,2013,12:15,FRI,DRIVEWAY/ALLEY ACCESS RELATED,ON ROADWAY,CLEAR,DRY,DAYLIGHT,NON-INJURY ACCIDENT (PROPERTY- DAMAGE-ONLY ACCIDENT),"SIDESWIPE, SAME DIRECTION",45.63932,-111.1041967
C000345S,002+0.320,,GALLATIN,February,2013,15:45,TUE,NON-JUNCTION,ROADSIDE RIGHT,CLEAR,DRY,DAYLIGHT,INCAPACITATING INJURY ACCIDENT,ROLL OVER,45.63749352,-111.1042078
C000345S,002+0.327,NOT IN CITY LIMITS,GALLATIN,AUGUST,2017,10:40,SUN,NON-JUNCTION,ROADSIDE RIGHT,CLEAR,DRY,DAYLIGHT,NON-INJURY ACCIDENT (PROPERTY- DAMAGE-ONLY ACCIDENT),FIXED OBJECT,45.63752662,-111.1042611
C000345S,002+0.334,,GALLATIN,May,2016,21:10,TUE,NON-JUNCTION,ON ROADWAY,CLEAR,DRY,DAYLIGHT,NON-INJURY ACCIDENT (PROPERTY- DAMAGE-ONLY ACCIDENT),WILD ANIMAL,45.63745906,-111.1042308
C000345S,002+0.560,,GALLATIN,December,2013,7:45,MON,DRIVEWAY/ALLEY ACCESS RELATED,ON ROADWAY,CLOUDY,DRY,DAYLIGHT,NON-INJURY ACCIDENT (PROPERTY- DAMAGE-ONLY ACCIDENT),RIGHT ANGLE,45.63405154,-111.1043733
C000345S,002+0.669,,GALLATIN,August,2015,7:22,SAT,NON-JUNCTION,ON ROADWAY,CLOUDY,DRY,DAYLIGHT,NON-INJURY ACCIDENT (PROPERTY- DAMAGE-ONLY ACCIDENT),WILD ANIMAL,45.63260654,-111.1043717
C000345S,002+0.940,,GALLATIN,October,2013,18:10,THU,NON-JUNCTION,SHOULDER,SNOW,SNOW,DAYLIGHT,NON-INJURY ACCIDENT (PROPERTY- DAMAGE-ONLY ACCIDENT),FIXED OBJECT,45.62859714,-111.1042283
C000345S,003+0.002,NOT IN CITY LIMITS,GALLATIN,MAY,2017,1:00,SUN,NON-JUNCTION,ROADSIDE LEFT,CLEAR,ICE/FROST,DARK-NOT LIGHTED,NON-INJURY ACCIDENT (PROPERTY- DAMAGE-ONLY ACCIDENT),U TURN,45.62785026,-111.1042191
C000345S,003+0.020,,GALLATIN,January,2016,2:30,SUN,INTERSECTION-RELATED,ROADSIDE RIGHT,CLOUDY,DRY,DARK-NOT LIGHTED,NON-INJURY ACCIDENT (PROPERTY- DAMAGE-ONLY ACCIDENT),FIXED OBJECT,45.62760143,-111.1042249
C000345S,003+0.130,,GALLATIN,November,2013,8:50,WED,NON-JUNCTION,ROADSIDE LEFT,SNOW,SNOW,DAYLIGHT,NON-INJURY ACCIDENT (PROPERTY- DAMAGE-ONLY ACCIDENT),ROLL OVER,45.62594024,-111.1042215