MDT_CORRIDOR_ID,SMS_REFPOST_OFFSET,CITY,COUNTY,Month,Year,SMS_TIME,SMT_CRASH_OCC_DAY_OF_WEEK,JUNCTION_RELATED,ROADWAY_RELATED,WEATHER_COND,ROAD_COND,LIGHT_COND,CRASH_SEVERITY,COLLISION_TYPE,LATITUDE,LONGITUDE
C000345S,003+0.280,,GALLATIN,December,2013,21:50,WED,NON-JUNCTION,ON ROADWAY,CLEAR,DRY,DARK-NOT LIGHTED,NON-INJURY ACCIDENT (PROPERTY- DAMAGE-ONLY ACCIDENT),REAR-END,45.62382633,-111.1042488
C000345S,004+0.034,NOT IN CITY LIMITS,GALLATIN,JANUARY,2017,20:01,MON,NON-JUNCTION,ROADSIDE RIGHT,CLOUDY,ICE/FROST,DARK-NOT LIGHTED,NON-INJURY ACCIDENT (PROPERTY- DAMAGE-ONLY ACCIDENT),FIXED OBJECT,45.61292283,-111.1041794
C000345S,004+0.040,BOZEMAN,GALLATIN,December,2014,11:03,FRI,INTERSECTION,ON ROADWAY,CLEAR,DRY,DAYLIGHT,NON-INCAPACITATING EVIDENT INJURY ACCIDENT,"SIDESWIPE, OPPOSITE DIRECTION",45.61285702,-111.1041669
C000345S,004+0.320,,GALLATIN,December,2013,15:50,MON,NON-JUNCTION,OFF ROADWAY LOCATION UNKNOWN,SLEET/HAIL/FREEZING RAIN/DRIZZLE,SNOW,DAYLIGHT,NON-INJURY ACCIDENT (PROPERTY- DAMAGE-ONLY ACCIDENT),FIXED OBJECT,45.60874953,-111.1042218
C000345S,004+0.369,,GALLATIN,April,2015,21:29,SAT,NON-JUNCTION,ON ROADWAY,CLOUDY,DRY,DARK-NOT LIGHTED,NON-INJURY ACCIDENT (PROPERTY- DAMAGE-ONLY ACCIDENT),DOMESTIC ANIMAL,45.60807,-111.1043
C000345S,004+0.529,,GALLATIN,July,2015,22:40,FRI,NON-JUNCTION,ROADSIDE RIGHT,CLOUDY,DRY,DARK-NOT LIGHTED,NON-INCAPACITATING EVIDENT INJURY ACCIDENT,ROLL OVER,45.6057878,-111.1043308
C000345S,004+0.561,BOZEMAN,GALLATIN,SEPTEMBER,2017,20:30,FRI,NON-JUNCTION,ON ROADWAY,CLOUDY,DRY,DARK-NOT LIGHTED,NON-INJURY ACCIDENT (PROPERTY- DAMAGE-ONLY ACCIDENT),WILD ANIMAL,45.60530961,-111.1042901
C000345S,004+0.809,,GALLATIN,July,2014,15:00,SAT,NON-JUNCTION,ROADSIDE LEFT,CLEAR,DRY,DAYLIGHT,NON-INCAPACITATING EVIDENT INJURY ACCIDENT,FIXED OBJECT,45.6016862,-111.1043035
C000345S,005+0.463,,GALLATIN,January,2014,9:00,TUE,NON-JUNCTION,SHOULDER,CLEAR,SNOW,DAYLIGHT,NON-INJURY ACCIDENT (PROPERTY- DAMAGE-ONLY ACCIDENT),ROLL OVER,45.59231523,-111.1044196
C000345S,005+0.513,,GALLATIN,June,2015,2:30,WED,NON-JUNCTION,ROADSIDE LEFT,CLOUDY,WET,DARK-LIGHTED,NON-INJURY ACCIDENT (PROPERTY- DAMAGE-ONLY ACCIDENT),FIXED OBJECT,45.59157045,-111.1044997
C000345S,005+0.519,,GALLATIN,April,2016,16:40,THU,NON-JUNCTION,ROADSIDE RIGHT,CLOUDY,DRY,DAYLIGHT,NON-INJURY ACCIDENT (PROPERTY- DAMAGE-ONLY ACCIDENT),FIXED OBJECT,45.59152977,-111.1044879
C000345S,005+0.540,,GALLATIN,October,2013,2:30,THU,INTERSECTION-RELATED,ROADSIDE RIGHT,CLOUDY,DRY,DARK-NOT LIGHTED,NON-INJURY ACCIDENT (PROPERTY- DAMAGE-ONLY ACCIDENT),FIXED OBJECT,45.59101067,-111.1045562
C000345S,005+0.546,,GALLATIN,April,2016,20:20,MON,NON-JUNCTION,ON ROADWAY,CLEAR,DRY,DUSK,NON-INJURY ACCIDENT (PROPERTY- DAMAGE-ONLY ACCIDENT),WILD ANIMAL,45.5911,-111.10443
C000345S,005+0.546,NOT IN CITY LIMITS,GALLATIN,APRIL,2017,7:00,SUN,INTERSECTION-RELATED,OFF ROADWAY LOCATION UNKNOWN,SNOW,SNOW,DAYLIGHT,NON-INJURY ACCIDENT (PROPERTY- DAMAGE-ONLY ACCIDENT),FIXED OBJECT,45.59112333,-111.1043308
C000345S,005+0.546,NOT IN CITY LIMITS,GALLATIN,OCTOBER,2017,8:15,TUE,INTERSECTION,ON ROADWAY,CLOUDY,ICE/FROST,DAYLIGHT,NON-INCAPACITATING EVIDENT INJURY ACCIDENT,RIGHT ANGLE,45.5911,-111.10443
C000345S,005+0.557,,GALLATIN,November,2016,15:15,SUN,INTERSECTION,ON ROADWAY,CLOUDY,DRY,DAYLIGHT,NON-INCAPACITATING EVIDENT INJURY ACCIDENT,BICYCLE,45.591155,-111.1041617
C000345S,005+0.780,,GALLATIN,December,2016,15:00,FRI,NON-JUNCTION,ROADSIDE RIGHT,CLOUDY,ICE/FROST,DAYLIGHT,NON-INJURY ACCIDENT (PROPERTY- DAMAGE-ONLY ACCIDENT),FIXED OBJECT,45.59106421,-111.0995856
C000345S,006+0.160,,GALLATIN,August,2013,14:25,MON,NON-JUNCTION,SHOULDER,CLEAR,DRY,DAYLIGHT,INCAPACITATING INJURY ACCIDENT,ROLL OVER,45.59084672,-111.0916813
C000345S,006+0.211,,GALLATIN,December,2016,0:01,THU,NON-JUNCTION,ROADSIDE LEFT,UNKNOWN,UNKNOWN,UNKNOWN,NON-INJURY ACCIDENT (PROPERTY- DAMAGE-ONLY ACCIDENT),RIGHT ANGLE,45.59078092,-111.0907583
C000345S,006+0.361,NOT IN CITY LIMITS,GALLATIN,APRIL,2017,20:30,SAT,NON-JUNCTION,ON ROADWAY,CLEAR,DRY,DAYLIGHT,NON-INJURY ACCIDENT (PROPERTY- DAMAGE-ONLY ACCIDENT),WILD ANIMAL,45.59060712,-111.0876407
C000345S,006+0.440,,GALLATIN,February,2015,19:09,TUE,NON-JUNCTION,SHOULDER,SNOW,SNOW,DARK-NOT LIGHTED,NON-INJURY ACCIDENT (PROPERTY- DAMAGE-ONLY ACCIDENT),FIXED OBJECT,45.59082627,-111.0860395
C000345S,006+0.558,,GALLATIN,January,2014,13:05,SUN,INTERSECTION,ON ROADWAY,SNOW,SNOW,DAYLIGHT,NON-INCAPACITATING EVIDENT INJURY ACCIDENT,RIGHT ANGLE,45.59085016,-111.0835874
C000345S,006+0.558,NOT IN CITY LIMITS,GALLATIN,FEBRUARY,2017,7:45,WED,INTERSECTION,ON ROADWAY,SNOW,SNOW,DAYLIGHT,NON-INJURY ACCIDENT (PROPERTY- DAMAGE-ONLY ACCIDENT),REAR-END,45.5908338,-111.0835998
C000345S,006+0.564,,GALLATIN,July,2015,18:00,FRI,NON-JUNCTION,ROADSIDE RIGHT,CLOUDY,DRY,DAYLIGHT,NON-INJURY ACCIDENT (PROPERTY- DAMAGE-ONLY ACCIDENT),ROLL OVER,45.59085016,-111.0834304
C000345S,006+0.564,,GALLATIN,July,2015,18:00,FRI,INTERSECTION,ON ROADWAY,CLOUDY,DRY,DAYLIGHT,NON-INJURY ACCIDENT (PROPERTY- DAMAGE-ONLY ACCIDENT),RIGHT ANGLE,45.59085016,-111.0834304
C000345S,006+0.564,NOT IN CITY LIMITS,GALLATIN,AUGUST,2017,18:05,FRI,INTERSECTION,ON ROADWAY,CLEAR,DRY,DAYLIGHT,NON-INJURY ACCIDENT (PROPERTY- DAMAGE-ONLY ACCIDENT),RIGHT ANGLE,45.5908365,-111.0835329
C000345S,006+0.564,NOT IN CITY LIMITS,GALLATIN,SEPTEMBER,2017,14:00,SUN,INTERSECTION,ON ROADWAY,CLOUDY,DRY,DAYLIGHT,POSSIBLE INJURY ACCIDENT,REAR-END,45.59083994,-111.083526
C000345S,006+0.577,NOT IN CITY LIMITS,GALLATIN,JULY,2017,17:00,WED,INTERSECTION,ON ROADWAY,CLEAR,DRY,DAYLIGHT,NON-INCAPACITATING EVIDENT INJURY ACCIDENT,REAR-END,45.59080124,-111.0832214
C000345S,006+0.627,NOT IN CITY LIMITS,GALLATIN,DECEMBER,2017,14:00,WED,NON-JUNCTION,ROADSIDE RIGHT,SNOW,ICE/FROST,DAYLIGHT,NON-INJURY ACCIDENT (PROPERTY- DAMAGE-ONLY ACCIDENT),FIXED OBJECT,45.59090345,-111.0822435
C000345S,006+0.943,,GALLATIN,October,2015,7:00,THU,NON-JUNCTION,ON ROADWAY,CLOUDY,WET,DAYLIGHT,POSSIBLE INJURY ACCIDENT,WILD ANIMAL,45.59087746,-111.0756717
C000345S,007+0.246,NOT IN CITY LIMITS,GALLATIN,MAY,2017,13:40,FRI,NON-JUNCTION,ROADSIDE RIGHT,CLEAR,DRY,DAYLIGHT,NON-INJURY ACCIDENT (PROPERTY- DAMAGE-ONLY ACCIDENT),FIXED OBJECT,45.59093,-111.06964
C000345S,007+0.251,NOT IN CITY LIMITS,GALLATIN,AUGUST,2017,11:20,THU,INTERSECTION,ON ROADWAY,"FOG, SMOG, SMOKE",DRY,DAYLIGHT,NON-INJURY ACCIDENT (PROPERTY- DAMAGE-ONLY ACCIDENT),RIGHT ANGLE,45.5910087,-111.0694994
C000345S,007+0.520,,GALLATIN,January,2013,11:00,WED,NON-JUNCTION,SHOULDER,CLOUDY,SNOW,DAYLIGHT,NON-INJURY ACCIDENT (PROPERTY- DAMAGE-ONLY ACCIDENT),FIXED OBJECT,45.59134536,-111.0640736
C000345S,007+0.573,,GALLATIN,February,2015,0:00,MON,NON-JUNCTION,ROADSIDE RIGHT,CLEAR,SNOW,DAYLIGHT,NON-INJURY ACCIDENT (PROPERTY- DAMAGE-ONLY ACCIDENT),FIXED OBJECT,45.59184736,-111.0633155
C000345S,007+0.590,,GALLATIN,August,2013,17:32,SAT,NON-JUNCTION,SHOULDER,CLEAR,DRY,DAYLIGHT,NON-INJURY ACCIDENT (PROPERTY- DAMAGE-ONLY ACCIDENT),FIXED OBJECT,45.59202153,-111.0630423
C000345S,007+0.592,NOT IN CITY LIMITS,GALLATIN,FEBRUARY,2017,7:30,SAT,NON-JUNCTION,ROADSIDE RIGHT,CLEAR,DRY,DAYLIGHT,NON-INJURY ACCIDENT (PROPERTY- DAMAGE-ONLY ACCIDENT),FIXED OBJECT,45.59203913,-111.0631234
C000345S,007+0.598,,GALLATIN,September,2014,15:45,WED,NON-JUNCTION,ON ROADWAY,CLEAR,DRY,DAYLIGHT,NON-INJURY ACCIDENT (PROPERTY- DAMAGE-ONLY ACCIDENT),REAR-END,45.59203645,-111.0629619
C000345S,007+0.604,,GALLATIN,January,2014,8:57,WED,NON-JUNCTION,ROADSIDE LEFT,CLOUDY,ICE/FROST,DAYLIGHT,NON-INJURY ACCIDENT (PROPERTY- DAMAGE-ONLY ACCIDENT),ROLL OVER,45.59222413,-111.0629274
C000345S,007+0.629,NOT IN CITY LIMITS,GALLATIN,FEBRUARY,2017,18:20,FRI,NON-JUNCTION,ROADSIDE RIGHT,CLEAR,WET,DARK-NOT LIGHTED,NON-INJURY ACCIDENT (PROPERTY- DAMAGE-ONLY ACCIDENT),ROLL OVER,45.59246544,-111.0626803
C000345S,007+0.710,NOT IN CITY LIMITS,GALLATIN,APRIL,2017,10:00,SUN,INTERSECTION,ROADSIDE RIGHT,SNOW,SLUSH,DAYLIGHT,NON-INJURY ACCIDENT (PROPERTY- DAMAGE-ONLY ACCIDENT),FIXED OBJECT,45.59368293,-111.0623959
C000345S,007+0.741,,GALLATIN,December,2015,22:00,THU,NON-JUNCTION,ROADSIDE RIGHT,CLOUDY,SNOW,DARK-NOT LIGHTED,NON-INJURY ACCIDENT (PROPERTY- DAMAGE-ONLY ACCIDENT),FIXED OBJECT,45.59412522,-111.0625232
C000345S,007+0.750,,GALLATIN,August,2013,11:50,FRI,NON-JUNCTION,ROADSIDE RIGHT,CLOUDY,DRY,DAYLIGHT,NON-INJURY ACCIDENT (PROPERTY- DAMAGE-ONLY ACCIDENT),ROLL OVER,45.59423333,-111.0624717
C000345S,008+0.044,,GALLATIN,September,2014,17:40,SAT,INTERSECTION-RELATED,ON ROADWAY,CLOUDY,DRY,DAYLIGHT,NON-INJURY ACCIDENT (PROPERTY- DAMAGE-ONLY ACCIDENT),RIGHT ANGLE,45.59846579,-111.0626734
C000345S,008+0.140,,GALLATIN,January,2013,17:04,SAT,INTERSECTION,ON ROADWAY,CLEAR,DRY,DUSK,NON-INCAPACITATING EVIDENT INJURY ACCIDENT,REAR-END,45.59999239,-111.062209
C000345S,008+0.237,,GALLATIN,January,2016,1:12,WED,NON-JUNCTION,ON ROADWAY,CLOUDY,DRY,DARK-NOT LIGHTED,NON-INJURY ACCIDENT (PROPERTY- DAMAGE-ONLY ACCIDENT),WILD ANIMAL,45.60125596,-111.0627076
C000345S,008+0.286,,GALLATIN,September,2015,21:00,TUE,NON-JUNCTION,ON ROADWAY,CLEAR,DRY,DARK-NOT LIGHTED,NON-INJURY ACCIDENT (PROPERTY- DAMAGE-ONLY ACCIDENT),WILD ANIMAL,45.60204143,-111.0626871
C000345S,008+0.420,,GALLATIN,November,2013,17:25,SAT,INTERSECTION-RELATED,ON ROADWAY,CLEAR,DRY,DARK-NOT LIGHTED,NON-INJURY ACCIDENT (PROPERTY- DAMAGE-ONLY ACCIDENT),"SIDESWIPE, OPPOSITE DIRECTION",45.60400506,-111.0626324
C000345S,008+0.466,,GALLATIN,August,2016,21:25,WED,NON-JUNCTION,ON ROADWAY,CLEAR,DRY,DARK-NOT LIGHTED,NON-INJURY ACCIDENT (PROPERTY- DAMAGE-ONLY ACCIDENT),WILD ANIMAL,45.60462666,-111.0626598
C000345S,008+0.491,,GALLATIN,November,2014,18:35,SUN,NON-JUNCTION,ON ROADWAY,CLEAR,DRY,DARK-NOT LIGHTED,NON-INJURY ACCIDENT (PROPERTY- DAMAGE-ONLY ACCIDENT),WILD ANIMAL,45.60499546,-111.062653
C000345S,008+0.522,,GALLATIN,January,2014,11:20,THU,INTERSECTION,ON ROADWAY,CLOUDY,SNOW,DAYLIGHT,NON-INCAPACITATING EVIDENT INJURY ACCIDENT,RIGHT ANGLE,45.6054,-111.06272
C000345S,008+0.533,,GALLATIN,January,2016,19:50,WED,NON-JUNCTION,ON ROADWAY,CLOUDY,DRY,DARK-NOT LIGHTED,NON-INJURY ACCIDENT (PROPERTY- DAMAGE-ONLY ACCIDENT),WILD ANIMAL,45.60563,-111.06266
C000345S,008+0.547,NOT IN CITY LIMITS,GALLATIN,DECEMBER,2017,15:20,FRI,NON-JUNCTION,ON ROADWAY,CLEAR,ICE/FROST,DAYLIGHT,NON-INCAPACITATING EVIDENT INJURY ACCIDENT,REAR-END,45.60578286,-111.0627927
C000345S,008+0.646,,GALLATIN,January,2016,19:45,WED,NON-JUNCTION,ON ROADWAY,CLEAR,DRY,DARK-NOT LIGHTED,NON-INJURY ACCIDENT (PROPERTY- DAMAGE-ONLY ACCIDENT),WILD ANIMAL,45.60721686,-111.0626843
C000345S,009+0.057,,GALLATIN,December,2014,21:40,TUE,NON-JUNCTION,ON ROADWAY,CLOUDY,WET,DARK-NOT LIGHTED,NON-INJURY ACCIDENT (PROPERTY- DAMAGE-ONLY ACCIDENT),WILD ANIMAL,45.61302776,-111.0627759
C000345S,009+0.088,NOT IN CITY LIMITS,GALLATIN,APRIL,2017,7:40,THU,NON-JUNCTION,ROADSIDE RIGHT,SNOW,SLUSH,DAYLIGHT,NON-INJURY ACCIDENT (PROPERTY- DAMAGE-ONLY ACCIDENT),FIXED OBJECT,45.61349563,-111.0627007
C000345S,009+0.237,,GALLATIN,June,2016,19:02,WED,INTERSECTION,ON ROADWAY,CLEAR,DRY,DAYLIGHT,NON-INCAPACITATING EVIDENT INJURY ACCIDENT,RIGHT ANGLE,45.61571541,-111.062694
C000345S,009+0.311,,GALLATIN,September,2015,14:05,MON,NON-JUNCTION,ROADSIDE RIGHT,CLOUDY,DRY,DAYLIGHT,POSSIBLE INJURY ACCIDENT,ROLL OVER,45.61676,-111.0626
C000345S,009+0.467,,GALLATIN,July,2015,16:00,SAT,NON-JUNCTION,ROADSIDE LEFT,CLOUDY,WET,DAYLIGHT,NON-INJURY ACCIDENT (PROPERTY- DAMAGE-ONLY ACCIDENT),ROLL OVER,45.6190178,-111.0626598
C000345S,009+0.610,,GALLATIN,November,2013,15:50,SUN,INTERSECTION-RELATED,ROADSIDE RIGHT,CLEAR,DRY,DAYLIGHT,NON-INJURY ACCIDENT (PROPERTY- DAMAGE-ONLY ACCIDENT),FIXED OBJECT,45.62114333,-111.0627433
C000345S,009+0.771,,GALLATIN,December,2016,17:40,FRI,NON-JUNCTION,ON ROADWAY,CLOUDY,DRY,DARK-NOT LIGHTED,NON-INJURY ACCIDENT (PROPERTY- DAMAGE-ONLY ACCIDENT),WILD ANIMAL,45.62342333,-111.0626666
C000345S,009+0.790,NOT IN CITY LIMITS,GALLATIN,JANUARY,2017,0:01,SUN,NON-JUNCTION,ON ROADWAY,CLOUDY,ICE/FROST,DARK-NOT LIGHTED,NON-INJURY ACCIDENT (PROPERTY- DAMAGE-ONLY ACCIDENT),WILD ANIMAL,45.62369919,-111.062645
C000345S,009+0.827,,GALLATIN,December,2015,17:32,WED,NON-JUNCTION,ON ROADWAY,CLOUDY,DRY,DARK-NOT LIGHTED,NON-INJURY ACCIDENT (PROPERTY- DAMAGE-ONLY ACCIDENT),WILD ANIMAL,45.62420192,-111.0626666
C000345S,010+0.000,,GALLATIN,August,2013,11:15,FRI,NON-JUNCTION,ROADSIDE LEFT,CLOUDY,DRY,DAYLIGHT,INCAPACITATING INJURY ACCIDENT,FIXED OBJECT,45.62674616,-111.06253
C000345S,010+0.030,,GALLATIN,April,2013,20:15,SUN,DRIVEWAY/ALLEY ACCESS RELATED,SHOULDER,CLOUDY,SNOW,DARK-NOT LIGHTED,NON-INJURY ACCIDENT (PROPERTY- DAMAGE-ONLY ACCIDENT),FIXED OBJECT,45.62715604,-111.0626051
C000345S,010+0.049,NOT IN CITY LIMITS,GALLATIN,JANUARY,2017,22:15,FRI,INTERSECTION,ROADSIDE LEFT,CLEAR,ICE/FROST,DARK-NOT LIGHTED,NON-INJURY ACCIDENT (PROPERTY- DAMAGE-ONLY ACCIDENT),FIXED OBJECT,45.62746241,-111.0626373
C000345S,010+0.050,,GALLATIN,August,2013,13:30,THU,INTERSECTION-RELATED,ON ROADWAY,CLEAR,DRY,DAYLIGHT,NON-INJURY ACCIDENT (PROPERTY- DAMAGE-ONLY ACCIDENT),REAR-END,45.62749073,-111.0626256
C000345S,010+0.054,,GALLATIN,December,2014,8:35,FRI,INTERSECTION,ON ROADWAY,CLOUDY,DRY,DAYLIGHT,INCAPACITATING INJURY ACCIDENT,"LEFT TURN, SAME DIRECTION",45.62743608,-111.0626393
C000345S,010+0.060,,GALLATIN,June,2015,15:57,MON,DRIVEWAY/ALLEY ACCESS RELATED,ROADSIDE LEFT,CLEAR,DRY,DAYLIGHT,INCAPACITATING INJURY ACCIDENT,FIXED OBJECT,45.62756239,-111.0626393
C000345S,010+0.197,NOT IN CITY LIMITS,GALLATIN,OCTOBER,2017,9:50,TUE,NON-JUNCTION,ROADSIDE LEFT,CLOUDY,ICE/FROST,DAYLIGHT,NON-INJURY ACCIDENT (PROPERTY- DAMAGE-ONLY ACCIDENT),FIXED OBJECT,45.62955624,-111.0627768
C000345S,010+0.203,,GALLATIN,September,2015,6:14,TUE,NON-JUNCTION,ON ROADWAY,CLOUDY,DRY,DARK-NOT LIGHTED,NON-INCAPACITATING EVIDENT INJURY ACCIDENT,HEAD ON,45.62957,-111.0627
C000345S,010+0.228,NOT IN CITY LIMITS,GALLATIN,FEBRUARY,2017,7:05,SUN,NON-JUNCTION,ROADSIDE LEFT,CLOUDY,ICE/FROST,DAYLIGHT,NON-INJURY ACCIDENT (PROPERTY- DAMAGE-ONLY ACCIDENT),FIXED OBJECT,45.63000104,-111.0623297
C000345S,010+0.480,,GALLATIN,September,2013,18:30,THU,NON-JUNCTION,SHOULDER,CLOUDY,DRY,DAYLIGHT,NON-INCAPACITATING EVIDENT INJURY ACCIDENT,ROLL OVER,45.63370009,-111.0627133
C000345S,010+0.545,,GALLATIN,November,2016,17:07,MON,INTERSECTION,ON ROADWAY,SNOW,WET,DUSK,NON-INJURY ACCIDENT (PROPERTY- DAMAGE-ONLY ACCIDENT),"LEFT TURN, SAME DIRECTION",45.63457017,-111.0625847
C000345S,010+0.550,,GALLATIN,December,2013,16:10,MON,INTERSECTION,ON ROADWAY,SNOW,ICE/FROST,DAYLIGHT,NON-INJURY ACCIDENT (PROPERTY- DAMAGE-ONLY ACCIDENT),RIGHT ANGLE,45.6346726,-111.0627007
C000345S,010+0.550,,GALLATIN,October,2013,18:40,THU,INTERSECTION-RELATED,ON ROADWAY,CLOUDY,DRY,DUSK,POSSIBLE INJURY ACCIDENT,REAR-END,45.63476488,-111.062653
C000345S,010+0.551,,GALLATIN,January,2015,17:40,MON,INTERSECTION-RELATED,ON ROADWAY,CLOUDY,DRY,DUSK,POSSIBLE INJURY ACCIDENT,"SIDESWIPE, SAME DIRECTION",45.63463504,-111.0626324
C000345S,010+0.557,,GALLATIN,April,2015,0:01,SAT,INTERSECTION-RELATED,ROADSIDE RIGHT,UNKNOWN,DRY,UNKNOWN,NON-INJURY ACCIDENT (PROPERTY- DAMAGE-ONLY ACCIDENT),FIXED OBJECT,45.63473484,-111.0626876
C000345S,010+0.563,,GALLATIN,June,2014,7:00,MON,INTERSECTION-RELATED,ON ROADWAY,CLEAR,DRY,DAYLIGHT,POSSIBLE INJURY ACCIDENT,REAR-END,45.63479556,-111.0627349
C000345S,010+0.570,,GALLATIN,September,2016,20:50,WED,NON-JUNCTION,ON ROADWAY,CLEAR,DRY,DARK-NOT LIGHTED,NON-INJURY ACCIDENT (PROPERTY- DAMAGE-ONLY ACCIDENT),NOT FIXED OBJECT OR DEBRIS,45.63496436,-111.0625664
C000345S,010+0.625,,GALLATIN,April,2015,22:18,FRI,NON-JUNCTION,ROADSIDE RIGHT,CLEAR,DRY,DARK-NOT LIGHTED,NON-INCAPACITATING EVIDENT INJURY ACCIDENT,FIXED OBJECT,45.6356801,-111.0626256
C000345S,010+0.663,NOT IN CITY LIMITS,GALLATIN,SEPTEMBER,2017,14:00,MON,NON-JUNCTION,ON ROADWAY,CLOUDY,DRY,DAYLIGHT,NON-INJURY ACCIDENT (PROPERTY- DAMAGE-ONLY ACCIDENT),WILD ANIMAL,45.63623004,-111.0627714
C000345S,010+0.688,,GALLATIN,March,2016,8:45,WED,NON-JUNCTION,ROADSIDE RIGHT,"FOG, SMOG, SMOKE",ICE/FROST,DAYLIGHT,NON-INJURY ACCIDENT (PROPERTY- DAMAGE-ONLY ACCIDENT),ROLL OVER,45.63661586,-111.0626188
C000345S,010+0.874,,GALLATIN,May,2015,21:25,SAT,NON-JUNCTION,ON ROADWAY,CLEAR,DRY,DARK-NOT LIGHTED,NON-INJURY ACCIDENT (PROPERTY- DAMAGE-ONLY ACCIDENT),WILD ANIMAL,45.63928985,-111.0626666
C000345S,010+0.961,,GALLATIN,February,2014,17:45,MON,NON-JUNCTION,ROADSIDE RIGHT,CLOUDY,SNOW,DUSK,UNKNOWN,ROLL OVER,45.64056365,-111.0626871
C000345S,010+0.998,NOT IN CITY LIMITS,GALLATIN,JANUARY,2017,13:40,MON,NON-JUNCTION,ON ROADWAY,CLOUDY,ICE/FROST,DAYLIGHT,NON-INJURY ACCIDENT (PROPERTY- DAMAGE-ONLY ACCIDENT),RIGHT ANGLE,45.64114,-111.06263
C000345S,011+0.067,,GALLATIN,December,2015,9:13,FRI,NON-JUNCTION,ROADSIDE LEFT,CLOUDY,ICE/FROST,DAYLIGHT,NON-INJURY ACCIDENT (PROPERTY- DAMAGE-ONLY ACCIDENT),ROLL OVER,45.64208681,-111.0624686
C000345S,011+0.160,,GALLATIN,December,2013,23:50,THU,NON-JUNCTION,ROADSIDE LEFT,CLOUDY,ICE/FROST,DARK-NOT LIGHTED,NON-INCAPACITATING EVIDENT INJURY ACCIDENT,ROLL OVER,45.64356898,-111.0626393
C000345S,011+0.216,,GALLATIN,November,2014,17:52,MON,NON-JUNCTION,ROADSIDE RIGHT,SNOW,ICE/FROST,DARK-LIGHTED,NON-INJURY ACCIDENT (PROPERTY- DAMAGE-ONLY ACCIDENT),ROLL OVER,45.64428614,-111.062694
C000345S,011+0.359,BOZEMAN,GALLATIN,JANUARY,2017,16:04,MON,NON-JUNCTION,ROADSIDE RIGHT,CLEAR,ICE/FROST,DUSK,NON-INJURY ACCIDENT (PROPERTY- DAMAGE-ONLY ACCIDENT),FIXED OBJECT,45.64634704,-111.062848
C000345S,011+0.384,BOZEMAN,GALLATIN,JANUARY,2017,0:00,TUE,NON-JUNCTION,ON ROADWAY,CLEAR,ICE/FROST,DARK-LIGHTED,NON-INJURY ACCIDENT (PROPERTY- DAMAGE-ONLY ACCIDENT),RIGHT ANGLE,45.64687731,-111.0627535
C000345S,011+0.428,BOZEMAN,GALLATIN,January,2016,11:14,SUN,THROUGH ROADWAY,SHOULDER,CLEAR,ICE/FROST,DAYLIGHT,POSSIBLE INJURY ACCIDENT,FIXED OBJECT,45.6473125,-111.0628032
C000345S,011+0.500,,GALLATIN,August,2013,13:30,TUE,NON-JUNCTION,ON ROADWAY,CLEAR,DRY,DAYLIGHT,NON-INJURY ACCIDENT (PROPERTY- DAMAGE-ONLY ACCIDENT),NOT FIXED OBJECT OR DEBRIS,45.64843887,-111.0627144
C000345S,011+0.571,BOZEMAN,GALLATIN,June,2013,8:20,TUE,INTERSECTION,ON ROADWAY,CLOUDY,DRY,DAYLIGHT,POSSIBLE INJURY ACCIDENT,RIGHT ANGLE,45.64939875,-111.0627923
C000345S,011+0.571,BOZEMAN,GALLATIN,February,2015,13:27,THU,INTERSECTION,ON ROADWAY,CLOUDY,DRY,DAYLIGHT,NON-INCAPACITATING EVIDENT INJURY ACCIDENT,RIGHT ANGLE,45.64937161,-111.0628522
C000345S,011+0.589,BOZEMAN,GALLATIN,August,2016,13:32,FRI,NON-JUNCTION,ON ROADWAY,CLOUDY,DRY,DAYLIGHT,NON-INJURY ACCIDENT (PROPERTY- DAMAGE-ONLY ACCIDENT),REAR-END,45.64967541,-111.0627772
C000345S,011+0.930,BOZEMAN,GALLATIN,April,2016,14:21,MON,NON-JUNCTION,ON ROADWAY,CLOUDY,DRY,DAYLIGHT,NON-INJURY ACCIDENT (PROPERTY- DAMAGE-ONLY ACCIDENT),REAR-END,45.65463785,-111.0629665
C000345S,012+0.057,BOZEMAN,GALLATIN,May,2014,12:58,FRI,INTERSECTION-RELATED,ON ROADWAY,CLEAR,DRY,DAYLIGHT,NON-INJURY ACCIDENT (PROPERTY- DAMAGE-ONLY ACCIDENT),HEAD ON,45.65640314,-111.0628592
C000345S,012+0.057,BOZEMAN,GALLATIN,October,2014,9:35,THU,INTERSECTION-RELATED,ON ROADWAY,CLOUDY,DRY,DAYLIGHT,NON-INJURY ACCIDENT (PROPERTY- DAMAGE-ONLY ACCIDENT),REAR-END,45.65638333,-111.0628167
C000345S,012+0.060,BOZEMAN,GALLATIN,September,2013,14:27,THU,INTERSECTION,ON ROADWAY,CLEAR,DRY,DAYLIGHT,POSSIBLE INJURY ACCIDENT,REAR-END,45.65660896,-111.062898
C000346E,000+0.076,,GALLATIN,March,2016,13:48,FRI,INTERSECTION,ON ROADWAY,CLEAR,DRY,DAYLIGHT,NON-INJURY ACCIDENT (PROPERTY- DAMAGE-ONLY ACCIDENT),RIGHT ANGLE,45.8508003,-111.3381555
C000346E,000+0.101,,GALLATIN,October,2015,12:35,FRI,INTERSECTION,ON ROADWAY,CLEAR,DRY,DAYLIGHT,NON-INJURY ACCIDENT (PROPERTY- DAMAGE-ONLY ACCIDENT),RIGHT ANGLE,45.85116035,-111.3380734