MDT_CORRIDOR_ID,SMS_REFPOST_OFFSET,CITY,COUNTY,Month,Year,SMS_TIME,SMT_CRASH_OCC_DAY_OF_WEEK,JUNCTION_RELATED,ROADWAY_RELATED,WEATHER_COND,ROAD_COND,LIGHT_COND,CRASH_SEVERITY,COLLISION_TYPE,LATITUDE,LONGITUDE
C000346E,000+0.113,MANHATTAN,GALLATIN,MARCH,2017,16:00,TUE,INTERSECTION,ON ROADWAY,CLOUDY,DRY,DAYLIGHT,NON-INJURY ACCIDENT (PROPERTY- DAMAGE-ONLY ACCIDENT),"LEFT TURN, OPPOSITE DIRECTION",45.85308577,-111.3366197
C000346E,000+0.413,MANHATTAN,GALLATIN,March,2015,18:33,MON,NON-JUNCTION,ON ROADWAY,CLOUDY,DRY,DAYLIGHT,NON-INJURY ACCIDENT (PROPERTY- DAMAGE-ONLY ACCIDENT),RIGHT ANGLE,45.85489038,-111.3346026
C000346E,000+0.493,MANHATTAN,GALLATIN,FEBRUARY,2017,16:10,TUE,NON-JUNCTION,ON ROADWAY,SNOW,SNOW,DAYLIGHT,NON-INJURY ACCIDENT (PROPERTY- DAMAGE-ONLY ACCIDENT),"LEFT TURN, OPPOSITE DIRECTION",45.85580915,-111.333645
C000346E,000+0.500,MANHATTAN,GALLATIN,January,2015,7:15,FRI,NON-JUNCTION,ON ROADWAY,CLEAR,DRY,DARK-LIGHTED,UNKNOWN,PEDESTRIAN,45.85589688,-111.3335011
C000346E,000+0.542,MANHATTAN,GALLATIN,MARCH,2017,15:55,THU,INTERSECTION,ON ROADWAY,RAIN,WET,DAYLIGHT,NON-INJURY ACCIDENT (PROPERTY- DAMAGE-ONLY ACCIDENT),REAR-END,45.85640576,-111.3330342
C000346E,001+0.711,,GALLATIN,November,2015,19:30,WED,NON-JUNCTION,ON ROADWAY,CLEAR,DRY,DARK-NOT LIGHTED,NON-INJURY ACCIDENT (PROPERTY- DAMAGE-ONLY ACCIDENT),WILD ANIMAL,45.86028442,-111.3113372
C000346E,002+0.596,,GALLATIN,December,2015,17:35,THU,NON-JUNCTION,ON ROADWAY,CLOUDY,ICE/FROST,DUSK,NON-INCAPACITATING EVIDENT INJURY ACCIDENT,REAR-END,45.86027163,-111.2929732
C000346E,002+0.608,,GALLATIN,July,2015,23:10,WED,NON-JUNCTION,ON ROADWAY,CLEAR,DRY,DARK-NOT LIGHTED,NON-INJURY ACCIDENT (PROPERTY- DAMAGE-ONLY ACCIDENT),WILD ANIMAL,45.86027378,-111.2927074
C000346E,003+0.140,,GALLATIN,October,2016,19:10,MON,NON-JUNCTION,ON ROADWAY,CLEAR,DRY,DARK-NOT LIGHTED,NON-INJURY ACCIDENT (PROPERTY- DAMAGE-ONLY ACCIDENT),WILD ANIMAL,45.8602595,-111.2816081
C000346E,005+0.062,,GALLATIN,April,2015,3:45,WED,NON-JUNCTION,ROADSIDE LEFT,CLOUDY,DRY,DARK-NOT LIGHTED,NON-INJURY ACCIDENT (PROPERTY- DAMAGE-ONLY ACCIDENT),ROLL OVER,45.86240823,-111.2429836
C000346E,005+0.366,,GALLATIN,November,2016,1:50,SUN,NON-JUNCTION,ON ROADWAY,CLEAR,DRY,DARK-NOT LIGHTED,NON-INJURY ACCIDENT (PROPERTY- DAMAGE-ONLY ACCIDENT),WILD ANIMAL,45.86677269,-111.2430178
C000346E,006+0.460,,GALLATIN,January,2013,8:30,WED,NON-JUNCTION,ON ROADWAY,CLOUDY,DRY,DAYLIGHT,INCAPACITATING INJURY ACCIDENT,WILD ANIMAL,45.87501671,-111.2267209
C000346E,006+0.836,,GALLATIN,January,2015,22:05,WED,NON-JUNCTION,ON ROADWAY,CLOUDY,DRY,DARK-NOT LIGHTED,NON-INJURY ACCIDENT (PROPERTY- DAMAGE-ONLY ACCIDENT),WILD ANIMAL,45.87522,-111.2191
C000346E,007+0.458,,GALLATIN,April,2015,20:45,THU,NON-JUNCTION,ON ROADWAY,CLEAR,DRY,DARK-NOT LIGHTED,NON-INJURY ACCIDENT (PROPERTY- DAMAGE-ONLY ACCIDENT),WILD ANIMAL,45.87513096,-111.2060949
C000346E,007+0.580,,GALLATIN,April,2013,19:50,SUN,NON-JUNCTION,ON ROADWAY,RAIN,WET,DUSK,NON-INJURY ACCIDENT (PROPERTY- DAMAGE-ONLY ACCIDENT),WILD ANIMAL,45.87515519,-111.203517
C000347E,000+0.000,NOT IN CITY LIMITS,GALLATIN,JANUARY,2017,7:50,TUE,INTERSECTION,ON ROADWAY,SNOW,SNOW,DAYLIGHT,NON-INJURY ACCIDENT (PROPERTY- DAMAGE-ONLY ACCIDENT),RIGHT ANGLE,45.7726785,-111.3096966
C000347E,000+0.006,NOT IN CITY LIMITS,GALLATIN,MARCH,2017,18:10,WED,INTERSECTION-RELATED,ON ROADWAY,CLOUDY,DRY,DAYLIGHT,NON-INJURY ACCIDENT (PROPERTY- DAMAGE-ONLY ACCIDENT),REAR-END,45.77265272,-111.3095711
C000347E,000+0.316,,GALLATIN,April,2015,18:05,MON,NON-JUNCTION,ON ROADWAY,CLEAR,DRY,DAYLIGHT,NON-INJURY ACCIDENT (PROPERTY- DAMAGE-ONLY ACCIDENT),WILD ANIMAL,45.77272982,-111.3030945
C000347E,000+0.316,NOT IN CITY LIMITS,GALLATIN,FEBRUARY,2017,18:25,SUN,NON-JUNCTION,ON ROADWAY,CLEAR,DRY,DARK-NOT LIGHTED,NON-INJURY ACCIDENT (PROPERTY- DAMAGE-ONLY ACCIDENT),RIGHT ANGLE,45.77272661,-111.303102
C000347E,000+0.740,,GALLATIN,December,2013,13:20,MON,ENTRANCE/EXIT RAMP,ROADSIDE LEFT,CLOUDY,WET,DAYLIGHT,NON-INJURY ACCIDENT (PROPERTY- DAMAGE-ONLY ACCIDENT),FIXED OBJECT,45.77265616,-111.294169
C000347E,001+0.747,NOT IN CITY LIMITS,GALLATIN,FEBRUARY,2017,19:20,MON,INTERSECTION,ON ROADWAY,CLOUDY,DRY,DARK-NOT LIGHTED,NON-INJURY ACCIDENT (PROPERTY- DAMAGE-ONLY ACCIDENT),WILD ANIMAL,45.77283461,-111.2739849
C000347E,001+0.934,,GALLATIN,March,2016,3:00,SUN,NON-JUNCTION,ROADSIDE LEFT,CLEAR,DRY,DARK-NOT LIGHTED,INCAPACITATING INJURY ACCIDENT,FIXED OBJECT,45.77291566,-111.2701063
C000347E,001+0.989,NOT IN CITY LIMITS,GALLATIN,SEPTEMBER,2017,2:30,SAT,NON-JUNCTION,ROADSIDE LEFT,CLEAR,DRY,DARK-NOT LIGHTED,NON-INCAPACITATING EVIDENT INJURY ACCIDENT,ROLL OVER,45.77287462,-111.2690468
C000347E,001+0.998,NOT IN CITY LIMITS,GALLATIN,SEPTEMBER,2017,4:00,TUE,INTERSECTION-RELATED,ROADSIDE LEFT,RAIN,WET,DARK-NOT LIGHTED,NON-INJURY ACCIDENT (PROPERTY- DAMAGE-ONLY ACCIDENT),FIXED OBJECT,45.77296687,-111.2687608
C000347E,002+0.096,,GALLATIN,February,2016,23:00,THU,NON-JUNCTION,ON ROADWAY,CLEAR,DRY,DARK-NOT LIGHTED,NON-INJURY ACCIDENT (PROPERTY- DAMAGE-ONLY ACCIDENT),DOMESTIC ANIMAL,45.77289177,-111.2665341
C000347E,002+0.232,NOT IN CITY LIMITS,GALLATIN,SEPTEMBER,2017,14:30,SAT,NON-JUNCTION,ON ROADWAY,CLEAR,DRY,DAYLIGHT,NON-INJURY ACCIDENT (PROPERTY- DAMAGE-ONLY ACCIDENT),WILD ANIMAL,45.77285703,-111.2637889
C000347E,002+0.250,,GALLATIN,June,2016,13:30,TUE,NON-JUNCTION,ON ROADWAY,CLEAR,DRY,DAYLIGHT,NON-INJURY ACCIDENT (PROPERTY- DAMAGE-ONLY ACCIDENT),WILD ANIMAL,45.77286788,-111.2633444
C000347E,002+0.263,,GALLATIN,December,2014,0:10,SUN,NON-JUNCTION,ROADSIDE RIGHT,CLEAR,ICE/FROST,DARK-NOT LIGHTED,NON-INJURY ACCIDENT (PROPERTY- DAMAGE-ONLY ACCIDENT),FIXED OBJECT,45.77285422,-111.2631463
C000347E,002+0.281,,GALLATIN,May,2016,20:30,TUE,NON-JUNCTION,ON ROADWAY,CLOUDY,DRY,DAYLIGHT,INCAPACITATING INJURY ACCIDENT,WILD ANIMAL,45.77284464,-111.2627205
C000347E,002+0.492,,GALLATIN,October,2014,7:30,WED,NON-JUNCTION,ON ROADWAY,CLOUDY,DRY,DAYLIGHT,NON-INJURY ACCIDENT (PROPERTY- DAMAGE-ONLY ACCIDENT),WILD ANIMAL,45.77277986,-111.258403
C000347E,002+0.832,,GALLATIN,July,2016,16:35,WED,INTERSECTION-RELATED,ON ROADWAY,CLOUDY,DRY,DAYLIGHT,NON-INJURY ACCIDENT (PROPERTY- DAMAGE-ONLY ACCIDENT),REAR TO FRONT,45.77277171,-111.2512391
C000347E,002+0.850,,GALLATIN,November,2013,7:05,FRI,NON-JUNCTION,ON ROADWAY,CLOUDY,DRY,DAWN,NON-INJURY ACCIDENT (PROPERTY- DAMAGE-ONLY ACCIDENT),WILD ANIMAL,45.77275515,-111.2508315
C000347E,002+0.988,MANHATTAN,GALLATIN,September,2015,20:37,TUE,INTERSECTION,ROADSIDE RIGHT,CLOUDY,DRY,DARK-NOT LIGHTED,NON-INJURY ACCIDENT (PROPERTY- DAMAGE-ONLY ACCIDENT),FIXED OBJECT,45.77261833,-111.2481333
C000347E,002+0.994,NOT IN CITY LIMITS,GALLATIN,JULY,2017,12:15,FRI,NON-JUNCTION,ON ROADWAY,CLOUDY,DRY,DAYLIGHT,NON-INCAPACITATING EVIDENT INJURY ACCIDENT,REAR-END,45.77262,-111.24796
C000347E,003+0.055,,GALLATIN,January,2015,12:10,FRI,INTERSECTION-RELATED,ON ROADWAY,CLOUDY,ICE/FROST,DAYLIGHT,NON-INJURY ACCIDENT (PROPERTY- DAMAGE-ONLY ACCIDENT),RIGHT ANGLE,45.77266,-111.2466633
C000347E,003+0.090,,GALLATIN,July,2013,3:05,MON,NON-JUNCTION,ON ROADWAY,CLEAR,DRY,DARK-NOT LIGHTED,NON-INJURY ACCIDENT (PROPERTY- DAMAGE-ONLY ACCIDENT),WILD ANIMAL,45.77264928,-111.2457499
C000347E,003+0.290,,GALLATIN,January,2016,10:09,SUN,NON-JUNCTION,ON ROADWAY,CLOUDY,ICE/FROST,DAYLIGHT,NON-INJURY ACCIDENT (PROPERTY- DAMAGE-ONLY ACCIDENT),FIXED OBJECT,45.77263189,-111.2418605
C000347E,003+0.296,,GALLATIN,June,2015,19:25,WED,NON-JUNCTION,ON ROADWAY,CLEAR,DRY,DAYLIGHT,NON-INCAPACITATING EVIDENT INJURY ACCIDENT,"SIDESWIPE, OPPOSITE DIRECTION",45.77259482,-111.2416758
C000347E,003+0.333,NOT IN CITY LIMITS,GALLATIN,JANUARY,2017,16:50,WED,NON-JUNCTION,ROADSIDE LEFT,CLEAR,ICE/FROST,DUSK,INCAPACITATING INJURY ACCIDENT,FIXED OBJECT,45.77260486,-111.2409755
C000347E,003+0.371,,GALLATIN,January,2015,8:00,MON,NON-JUNCTION,ON ROADWAY,CLOUDY,ICE/FROST,DAYLIGHT,NON-INJURY ACCIDENT (PROPERTY- DAMAGE-ONLY ACCIDENT),FIXED OBJECT,45.77263218,-111.2402037
C000347E,003+0.457,,GALLATIN,October,2016,20:45,TUE,NON-JUNCTION,ON ROADWAY,CLEAR,DRY,DARK-NOT LIGHTED,NON-INJURY ACCIDENT (PROPERTY- DAMAGE-ONLY ACCIDENT),WILD ANIMAL,45.77267135,-111.238369
C000347E,003+0.605,,GALLATIN,January,2014,0:10,SAT,NON-JUNCTION,ON ROADWAY,CLEAR,DRY,DARK-NOT LIGHTED,NON-INJURY ACCIDENT (PROPERTY- DAMAGE-ONLY ACCIDENT),WILD ANIMAL,45.7727005,-111.235327
C000347E,003+0.636,BELGRADE,GALLATIN,April,2016,22:00,THU,NON-JUNCTION,ON ROADWAY,CLOUDY,DRY,DARK-NOT LIGHTED,NON-INCAPACITATING EVIDENT INJURY ACCIDENT,WILD ANIMAL,45.7726532,-111.2346171
C000347E,003+0.754,NOT IN CITY LIMITS,GALLATIN,AUGUST,2017,14:45,MON,INTERSECTION,ON ROADWAY,CLEAR,DRY,DAYLIGHT,NON-INJURY ACCIDENT (PROPERTY- DAMAGE-ONLY ACCIDENT),REAR-END,45.77281219,-111.2322952
C000347E,003+0.754,NOT IN CITY LIMITS,GALLATIN,DECEMBER,2017,12:45,SUN,INTERSECTION-RELATED,ROADSIDE RIGHT,CLOUDY,SNOW,DAYLIGHT,NON-INJURY ACCIDENT (PROPERTY- DAMAGE-ONLY ACCIDENT),ROLL OVER,45.77280411,-111.2322228
C000347E,003+0.772,,GALLATIN,February,2015,21:40,SUN,INTERSECTION,ROADSIDE LEFT,CLOUDY,DRY,DARK-NOT LIGHTED,NON-INJURY ACCIDENT (PROPERTY- DAMAGE-ONLY ACCIDENT),FIXED OBJECT,45.77283,-111.2319
C000347E,003+0.983,,GALLATIN,January,2016,17:30,SAT,INTERSECTION-RELATED,ON ROADWAY,SNOW,ICE/FROST,DUSK,POSSIBLE INJURY ACCIDENT,RIGHT ANGLE,45.7727687,-111.2275195
C000347E,003+0.996,,GALLATIN,October,2015,18:30,THU,INTERSECTION-RELATED,ON ROADWAY,CLOUDY,DRY,DAYLIGHT,NON-INJURY ACCIDENT (PROPERTY- DAMAGE-ONLY ACCIDENT),REAR-END,45.77285757,-111.227281
C000347E,004+0.000,,GALLATIN,July,2013,19:30,FRI,INTERSECTION,ON ROADWAY,CLEAR,DRY,DAYLIGHT,NON-INJURY ACCIDENT (PROPERTY- DAMAGE-ONLY ACCIDENT),REAR-END,45.77263218,-111.1978293
C000347E,004+0.008,,GALLATIN,February,2014,19:20,SUN,INTERSECTION,ON ROADWAY,SNOW,SNOW,DARK-NOT LIGHTED,POSSIBLE INJURY ACCIDENT,RIGHT ANGLE,45.77282,-111.2269917
C000347E,004+0.010,,GALLATIN,February,2013,8:04,MON,INTERSECTION,ON ROADWAY,CLOUDY,DRY,DAYLIGHT,NON-INCAPACITATING EVIDENT INJURY ACCIDENT,RIGHT ANGLE,45.77277568,-111.2267756
C000347E,004+0.014,,GALLATIN,February,2016,14:30,TUE,INTERSECTION,ON ROADWAY,CLOUDY,DRY,DAYLIGHT,NON-INCAPACITATING EVIDENT INJURY ACCIDENT,REAR-END,45.77276202,-111.2268507
C000347E,004+0.014,NOT IN CITY LIMITS,GALLATIN,FEBRUARY,2017,13:00,SAT,INTERSECTION,ON ROADWAY,CLEAR,DRY,DAYLIGHT,NON-INJURY ACCIDENT (PROPERTY- DAMAGE-ONLY ACCIDENT),RIGHT ANGLE,45.77277753,-111.2268456
C000347E,004+0.014,NOT IN CITY LIMITS,GALLATIN,SEPTEMBER,2017,17:20,TUE,INTERSECTION,ON ROADWAY,CLEAR,DRY,DAYLIGHT,NON-INJURY ACCIDENT (PROPERTY- DAMAGE-ONLY ACCIDENT),RIGHT ANGLE,45.77277956,-111.2268463
C000347E,004+0.027,,GALLATIN,March,2014,14:05,TUE,INTERSECTION,ON ROADWAY,CLOUDY,DRY,DAYLIGHT,INCAPACITATING INJURY ACCIDENT,"LEFT TURN, OPPOSITE DIRECTION",45.77283268,-111.2265947
C000347E,004+0.256,,GALLATIN,May,2016,9:15,TUE,INTERSECTION-RELATED,ON ROADWAY,RAIN,WET,DAYLIGHT,NON-INCAPACITATING EVIDENT INJURY ACCIDENT,REAR-END,45.77281323,-111.2218715
C000347E,004+0.256,NOT IN CITY LIMITS,GALLATIN,OCTOBER,2017,7:50,WED,INTERSECTION-RELATED,ON ROADWAY,CLEAR,DRY,DAYLIGHT,NON-INJURY ACCIDENT (PROPERTY- DAMAGE-ONLY ACCIDENT),REAR-END,45.77303314,-111.2217789
C000347E,004+0.280,,GALLATIN,April,2015,7:53,WED,NON-JUNCTION,ON ROADWAY,SNOW,SLUSH,DAYLIGHT,POSSIBLE INJURY ACCIDENT,REAR-END,45.77281994,-111.2213919
C000347E,004+0.290,,GALLATIN,January,2013,12:25,MON,INTERSECTION,ON ROADWAY,CLOUDY,DRY,DAYLIGHT,NON-INCAPACITATING EVIDENT INJURY ACCIDENT,RIGHT ANGLE,45.77283368,-111.2210587
C000347E,004+0.295,,GALLATIN,September,2015,12:25,SUN,INTERSECTION,ON ROADWAY,CLEAR,DRY,DAYLIGHT,NON-INJURY ACCIDENT (PROPERTY- DAMAGE-ONLY ACCIDENT),RIGHT ANGLE,45.77279613,-111.2210519
C000347E,004+0.295,NOT IN CITY LIMITS,GALLATIN,APRIL,2017,14:11,THU,INTERSECTION,ON ROADWAY,CLOUDY,DRY,DAYLIGHT,NON-INJURY ACCIDENT (PROPERTY- DAMAGE-ONLY ACCIDENT),REAR-END,45.77272744,-111.2210518
C000347E,004+0.295,NOT IN CITY LIMITS,GALLATIN,SEPTEMBER,2017,17:30,THU,INTERSECTION,ON ROADWAY,CLOUDY,DRY,DAYLIGHT,NON-INCAPACITATING EVIDENT INJURY ACCIDENT,RIGHT ANGLE,45.77281323,-111.2210314
C000347E,004+0.305,,GALLATIN,May,2016,16:04,SAT,INTERSECTION,ON ROADWAY,CLOUDY,DRY,DAYLIGHT,NON-INCAPACITATING EVIDENT INJURY ACCIDENT,RIGHT ANGLE,45.77278978,-111.2207807
C000347E,004+0.317,NOT IN CITY LIMITS,GALLATIN,OCTOBER,2017,16:10,THU,INTERSECTION-RELATED,ON ROADWAY,CLEAR,DRY,DAYLIGHT,NON-INJURY ACCIDENT (PROPERTY- DAMAGE-ONLY ACCIDENT),REAR-END,45.77280988,-111.220578
C000347E,004+0.379,,GALLATIN,January,2016,8:00,TUE,NON-JUNCTION,ON ROADWAY,CLOUDY,DRY,DAWN,NON-INJURY ACCIDENT (PROPERTY- DAMAGE-ONLY ACCIDENT),REAR-END,45.77282346,-111.2192487
C000347E,004+0.448,NOT IN CITY LIMITS,GALLATIN,NOVEMBER,2017,22:30,THU,NON-JUNCTION,ON ROADWAY,CLEAR,DRY,DARK-NOT LIGHTED,NON-INJURY ACCIDENT (PROPERTY- DAMAGE-ONLY ACCIDENT),WILD ANIMAL,45.77286227,-111.2178739
C000347E,004+0.479,,GALLATIN,November,2016,17:36,WED,INTERSECTION,ON ROADWAY,CLEAR,DRY,DARK-LIGHTED,POSSIBLE INJURY ACCIDENT,REAR-END,45.77283368,-111.2172133
C000347E,004+0.479,NOT IN CITY LIMITS,GALLATIN,MAY,2017,7:42,TUE,INTERSECTION-RELATED,ON ROADWAY,CLEAR,DRY,DAYLIGHT,NON-INJURY ACCIDENT (PROPERTY- DAMAGE-ONLY ACCIDENT),REAR-END,45.772902,-111.2172201
C000347E,004+0.485,,GALLATIN,August,2015,7:50,THU,INTERSECTION,ON ROADWAY,CLOUDY,DRY,DAYLIGHT,NON-INCAPACITATING EVIDENT INJURY ACCIDENT,RIGHT ANGLE,45.77284391,-111.2171587
C000347E,004+0.491,,GALLATIN,May,2015,7:56,MON,INTERSECTION,ON ROADWAY,CLEAR,DRY,DAYLIGHT,POSSIBLE INJURY ACCIDENT,"LEFT TURN, OPPOSITE DIRECTION",45.77286473,-111.2170105
C000347E,004+0.515,,GALLATIN,November,2016,8:00,THU,INTERSECTION-RELATED,ON ROADWAY,CLEAR,DRY,DAYLIGHT,NON-INJURY ACCIDENT (PROPERTY- DAMAGE-ONLY ACCIDENT),REAR-END,45.77290956,-111.2164782
C000347E,004+0.627,NOT IN CITY LIMITS,GALLATIN,DECEMBER,2017,7:50,WED,INTERSECTION,ON ROADWAY,CLEAR,DRY,DAYLIGHT,NON-INJURY ACCIDENT (PROPERTY- DAMAGE-ONLY ACCIDENT),RIGHT ANGLE,45.772806,-111.2141635
C000347E,004+0.639,,GALLATIN,September,2016,7:54,WED,NON-JUNCTION,ON ROADWAY,CLEAR,DRY,DAYLIGHT,NON-INCAPACITATING EVIDENT INJURY ACCIDENT,REAR-END,45.77286783,-111.2139635
C000347E,004+0.658,,GALLATIN,July,2016,7:50,THU,INTERSECTION-RELATED,ON ROADWAY,CLEAR,DRY,DAYLIGHT,NON-INCAPACITATING EVIDENT INJURY ACCIDENT,REAR-END,45.77286788,-111.213566
C000347E,004+0.680,,GALLATIN,February,2013,7:30,THU,INTERSECTION-RELATED,ON ROADWAY,CLOUDY,ICE/FROST,DAYLIGHT,NON-INJURY ACCIDENT (PROPERTY- DAMAGE-ONLY ACCIDENT),"SIDESWIPE, SAME DIRECTION",45.77279667,-111.2129933
C000347E,004+0.757,,GALLATIN,April,2015,7:35,TUE,NON-JUNCTION,ON ROADWAY,CLEAR,ICE/FROST,DAYLIGHT,NON-INJURY ACCIDENT (PROPERTY- DAMAGE-ONLY ACCIDENT),REAR-END,45.77290887,-111.2114691
C000347E,004+0.843,,GALLATIN,September,2015,20:20,TUE,NON-JUNCTION,ON ROADWAY,CLOUDY,DRY,DARK-NOT LIGHTED,INCAPACITATING INJURY ACCIDENT,HEAD ON,45.77286334,-111.209625
C000347E,004+0.880,,GALLATIN,November,2015,23:22,THU,NON-JUNCTION,ROADSIDE LEFT,CLOUDY,ICE/FROST,DARK-LIGHTED,UNKNOWN,FIXED OBJECT,45.77258441,-111.208901
C000347E,004+0.918,,GALLATIN,September,2016,17:07,FRI,NON-JUNCTION,ON ROADWAY,CLOUDY,DRY,DAYLIGHT,NON-INCAPACITATING EVIDENT INJURY ACCIDENT,REAR TO FRONT,45.77282741,-111.2080986
C000347E,004+0.949,NOT IN CITY LIMITS,GALLATIN,APRIL,2017,7:40,TUE,NON-JUNCTION,ROADSIDE RIGHT,RAIN,WET,DAYLIGHT,NON-INJURY ACCIDENT (PROPERTY- DAMAGE-ONLY ACCIDENT),FIXED OBJECT,45.77263241,-111.207505
C000347E,005+0.005,,GALLATIN,July,2015,7:34,MON,INTERSECTION,ON ROADWAY,CLOUDY,DRY,DAYLIGHT,NON-INJURY ACCIDENT (PROPERTY- DAMAGE-ONLY ACCIDENT),REAR-END,45.77290931,-111.2062964
C000347E,005+0.005,NOT IN CITY LIMITS,GALLATIN,JUNE,2017,10:59,THU,INTERSECTION-RELATED,ON ROADWAY,CLEAR,DRY,DAYLIGHT,NON-INJURY ACCIDENT (PROPERTY- DAMAGE-ONLY ACCIDENT),REAR-END,45.77285393,-111.2064122
C000347E,005+0.010,,GALLATIN,May,2013,12:45,SUN,INTERSECTION-RELATED,ON ROADWAY,CLOUDY,DRY,DAYLIGHT,POSSIBLE INJURY ACCIDENT,REAR-END,45.77292341,-111.2062439
C000347E,005+0.011,,GALLATIN,March,2015,19:45,THU,INTERSECTION-RELATED,ON ROADWAY,CLEAR,DRY,DARK-LIGHTED,NON-INJURY ACCIDENT (PROPERTY- DAMAGE-ONLY ACCIDENT),REAR-END,45.77293276,-111.2061757
C000347E,005+0.880,,GALLATIN,November,2015,17:43,FRI,NON-JUNCTION,ON ROADWAY,CLOUDY,DRY,DARK-NOT LIGHTED,NON-INJURY ACCIDENT (PROPERTY- DAMAGE-ONLY ACCIDENT),REAR-END,45.76851167,-111.1905617
C000347E,005+0.017,,GALLATIN,September,2015,21:40,FRI,INTERSECTION,ON ROADWAY,CLEAR,DRY,DARK-LIGHTED,NON-INJURY ACCIDENT (PROPERTY- DAMAGE-ONLY ACCIDENT),"LEFT TURN, OPPOSITE DIRECTION",45.77289,-111.2061467
C000347E,005+0.020,,GALLATIN,November,2013,17:10,MON,INTERSECTION,ON ROADWAY,CLOUDY,WET,DAYLIGHT,NON-INJURY ACCIDENT (PROPERTY- DAMAGE-ONLY ACCIDENT),"LEFT TURN, OPPOSITE DIRECTION",45.77292253,-111.2058683
C000347E,005+0.020,,GALLATIN,October,2013,9:32,THU,INTERSECTION-RELATED,ON ROADWAY,CLOUDY,DRY,DAYLIGHT,NON-INJURY ACCIDENT (PROPERTY- DAMAGE-ONLY ACCIDENT),REAR-END,45.77285422,-111.2060118
C000347E,005+0.020,,GALLATIN,June,2013,16:00,TUE,INTERSECTION,ON ROADWAY,CLEAR,DRY,DAYLIGHT,NON-INJURY ACCIDENT (PROPERTY- DAMAGE-ONLY ACCIDENT),RIGHT ANGLE,45.77288833,-111.2058547
C000347E,005+0.020,,GALLATIN,September,2013,12:30,SAT,INTERSECTION,ON ROADWAY,CLOUDY,DRY,DAYLIGHT,NON-INJURY ACCIDENT (PROPERTY- DAMAGE-ONLY ACCIDENT),"LEFT TURN, OPPOSITE DIRECTION",45.77289856,-111.2059025
C000347E,005+0.022,,GALLATIN,October,2016,10:40,SAT,INTERSECTION,ON ROADWAY,CLOUDY,DRY,DAYLIGHT,NON-INCAPACITATING EVIDENT INJURY ACCIDENT,RIGHT ANGLE,45.77292226,-111.2060253
C000347E,005+0.028,,GALLATIN,November,2014,18:55,FRI,INTERSECTION-RELATED,ON ROADWAY,CLEAR,DRY,DARK-LIGHTED,NON-INJURY ACCIDENT (PROPERTY- DAMAGE-ONLY ACCIDENT),REAR-END,45.77286788,-111.2058342
C000347E,005+0.028,,GALLATIN,December,2014,16:00,FRI,NON-JUNCTION,ON ROADWAY,CLOUDY,ICE/FROST,DAYLIGHT,INCAPACITATING INJURY ACCIDENT,RIGHT ANGLE,45.77285,-111.20587
C000347E,005+0.028,,GALLATIN,September,2015,17:20,SAT,INTERSECTION,ON ROADWAY,CLEAR,DRY,DAYLIGHT,NON-INJURY ACCIDENT (PROPERTY- DAMAGE-ONLY ACCIDENT),RIGHT ANGLE,45.77286445,-111.205841
C000347E,005+0.028,,GALLATIN,August,2015,9:20,THU,INTERSECTION,ON ROADWAY,CLOUDY,DRY,DAYLIGHT,NON-INCAPACITATING EVIDENT INJURY ACCIDENT,RIGHT ANGLE,45.77285,-111.20587
C000347E,005+0.028,,GALLATIN,November,2015,19:55,SAT,INTERSECTION,ON ROADWAY,CLEAR,DRY,DARK-LIGHTED,NON-INJURY ACCIDENT (PROPERTY- DAMAGE-ONLY ACCIDENT),RIGHT ANGLE,45.77291566,-111.2058616
C000347E,005+0.028,,GALLATIN,May,2016,19:04,TUE,INTERSECTION,ON ROADWAY,CLOUDY,DRY,DAYLIGHT,NON-INJURY ACCIDENT (PROPERTY- DAMAGE-ONLY ACCIDENT),RIGHT ANGLE,45.77292253,-111.2058479
C000347E,005+0.028,,GALLATIN,October,2016,16:00,FRI,INTERSECTION,ON ROADWAY,RAIN,WET,DAYLIGHT,NON-INJURY ACCIDENT (PROPERTY- DAMAGE-ONLY ACCIDENT),"LEFT TURN, SAME DIRECTION",45.77286,-111.20588
C000347E,005+0.028,BELGRADE,GALLATIN,JANUARY,2017,16:45,SUN,INTERSECTION,ON ROADWAY,CLOUDY,DRY,DAYLIGHT,NON-INJURY ACCIDENT (PROPERTY- DAMAGE-ONLY ACCIDENT),RIGHT ANGLE,45.77286,-111.20588
C000347E,005+0.028,NOT IN CITY LIMITS,GALLATIN,FEBRUARY,2017,11:40,WED,INTERSECTION,ON ROADWAY,CLOUDY,DRY,DAYLIGHT,NON-INJURY ACCIDENT (PROPERTY- DAMAGE-ONLY ACCIDENT),RIGHT ANGLE,45.77287439,-111.2058747
C000347E,005+0.028,NOT IN CITY LIMITS,GALLATIN,JANUARY,2017,15:00,FRI,INTERSECTION-RELATED,ON ROADWAY,CLOUDY,DRY,DAYLIGHT,NON-INJURY ACCIDENT (PROPERTY- DAMAGE-ONLY ACCIDENT),REAR-END,45.77287439,-111.2058747