MDT_CORRIDOR_ID,SMS_REFPOST_OFFSET,CITY,COUNTY,Month,Year,SMS_TIME,SMT_CRASH_OCC_DAY_OF_WEEK,JUNCTION_RELATED,ROADWAY_RELATED,WEATHER_COND,ROAD_COND,LIGHT_COND,CRASH_SEVERITY,COLLISION_TYPE,LATITUDE,LONGITUDE
C000347E,005+0.028,NOT IN CITY LIMITS,GALLATIN,JUNE,2017,18:10,TUE,INTERSECTION,ON ROADWAY,CLEAR,DRY,DAYLIGHT,NON-INJURY ACCIDENT (PROPERTY- DAMAGE-ONLY ACCIDENT),RIGHT ANGLE,45.77284735,-111.2058069
C000347E,005+0.028,NOT IN CITY LIMITS,GALLATIN,OCTOBER,2017,22:05,MON,INTERSECTION,ON ROADWAY,CLOUDY,DRY,DARK-LIGHTED,NON-INJURY ACCIDENT (PROPERTY- DAMAGE-ONLY ACCIDENT),"LEFT TURN, SAME DIRECTION",45.77286,-111.20588
C000347E,005+0.036,,GALLATIN,May,2016,16:51,SUN,NON-JUNCTION,ON ROADWAY,CLOUDY,DRY,DAYLIGHT,POSSIBLE INJURY ACCIDENT,REAR-END,45.77289177,-111.2057523
C000347E,005+0.040,,GALLATIN,December,2013,15:55,THU,INTERSECTION-RELATED,ON ROADWAY,CLEAR,SNOW,DAYLIGHT,NON-INJURY ACCIDENT (PROPERTY- DAMAGE-ONLY ACCIDENT),REAR-END,45.77288833,-111.2055542
C000347E,005+0.048,,GALLATIN,April,2016,7:50,TUE,INTERSECTION-RELATED,ON ROADWAY,CLOUDY,DRY,DAYLIGHT,NON-INCAPACITATING EVIDENT INJURY ACCIDENT,REAR-END,45.77288199,-111.205418
C000347E,005+0.050,,GALLATIN,November,2013,17:46,MON,INTERSECTION-RELATED,ON ROADWAY,CLOUDY,DRY,DARK-NOT LIGHTED,NON-INJURY ACCIDENT (PROPERTY- DAMAGE-ONLY ACCIDENT),REAR-END,45.77284391,-111.2052742
C000347E,005+0.067,,GALLATIN,August,2014,17:05,MON,INTERSECTION-RELATED,ON ROADWAY,CLOUDY,DRY,DAYLIGHT,NON-INJURY ACCIDENT (PROPERTY- DAMAGE-ONLY ACCIDENT),REAR-END,45.77293898,-111.2051206
C000347E,005+0.073,,GALLATIN,October,2014,10:30,MON,NON-JUNCTION,ON ROADWAY,CLOUDY,DRY,DAYLIGHT,NON-INJURY ACCIDENT (PROPERTY- DAMAGE-ONLY ACCIDENT),REAR-END,45.77268191,-111.2049927
C000347E,005+0.080,,GALLATIN,January,2013,17:40,TUE,INTERSECTION-RELATED,ON ROADWAY,CLOUDY,DRY,DUSK,NON-INJURY ACCIDENT (PROPERTY- DAMAGE-ONLY ACCIDENT),REAR-END,45.77291,-111.2048167
C000347E,005+0.105,,GALLATIN,December,2014,19:30,THU,NON-JUNCTION,SHOULDER,SNOW,SNOW,DARK-NOT LIGHTED,NON-INJURY ACCIDENT (PROPERTY- DAMAGE-ONLY ACCIDENT),FIXED OBJECT,45.7729621,-111.2042321
C000347E,005+0.122,,GALLATIN,December,2016,20:25,FRI,NON-JUNCTION,ON ROADWAY,CLOUDY,ICE/FROST,DARK-NOT LIGHTED,NON-INJURY ACCIDENT (PROPERTY- DAMAGE-ONLY ACCIDENT),RIGHT ANGLE,45.77285484,-111.2039028
C000347E,005+0.135,,GALLATIN,January,2016,0:40,SUN,NON-JUNCTION,ROADSIDE RIGHT,CLOUDY,SNOW,DARK-NOT LIGHTED,NON-INCAPACITATING EVIDENT INJURY ACCIDENT,FIXED OBJECT,45.77297744,-111.203643
C000347E,005+0.140,,GALLATIN,July,2013,8:03,MON,NON-JUNCTION,ON ROADWAY,RAIN,WET,DAYLIGHT,NON-INJURY ACCIDENT (PROPERTY- DAMAGE-ONLY ACCIDENT),REAR-END,45.77298949,-111.2033545
C000347E,005+0.142,,GALLATIN,December,2016,22:07,FRI,NON-JUNCTION,ROADSIDE RIGHT,CLOUDY,ICE/FROST,DARK-NOT LIGHTED,NON-INJURY ACCIDENT (PROPERTY- DAMAGE-ONLY ACCIDENT),FIXED OBJECT,45.77292273,-111.2035557
C000347E,005+0.142,NOT IN CITY LIMITS,GALLATIN,DECEMBER,2017,16:40,MON,INTERSECTION-RELATED,ON ROADWAY,CLOUDY,WET,DARK-LIGHTED,NON-INJURY ACCIDENT (PROPERTY- DAMAGE-ONLY ACCIDENT),REAR-END,45.77287811,-111.2034915
C000347E,005+0.147,NOT IN CITY LIMITS,GALLATIN,NOVEMBER,2017,19:45,FRI,NON-JUNCTION,ON ROADWAY,SNOW,SNOW,DARK-NOT LIGHTED,INCAPACITATING INJURY ACCIDENT,RIGHT ANGLE,45.77291566,-111.2033959
C000347E,005+0.160,,GALLATIN,April,2014,17:35,TUE,NON-JUNCTION,ON ROADWAY,CLOUDY,WET,DAYLIGHT,POSSIBLE INJURY ACCIDENT,REAR-END,45.77291222,-111.2031295
C000347E,005+0.209,,GALLATIN,August,2016,18:11,THU,NON-JUNCTION,ON ROADWAY,CLOUDY,DRY,DAYLIGHT,NON-INJURY ACCIDENT (PROPERTY- DAMAGE-ONLY ACCIDENT),REAR-END,45.77305,-111.2021633
C000347E,005+0.222,NOT IN CITY LIMITS,GALLATIN,MAY,2017,17:10,TUE,INTERSECTION-RELATED,ON ROADWAY,CLEAR,DRY,DAYLIGHT,NON-INJURY ACCIDENT (PROPERTY- DAMAGE-ONLY ACCIDENT),REAR-END,45.77298041,-111.2019233
C000347E,005+0.234,NOT IN CITY LIMITS,GALLATIN,JANUARY,2017,22:45,THU,NON-JUNCTION,ON ROADWAY,CLOUDY,ICE/FROST,DARK-NOT LIGHTED,POSSIBLE INJURY ACCIDENT,REAR-END,45.77290167,-111.2016
C000347E,005+0.234,NOT IN CITY LIMITS,GALLATIN,OCTOBER,2017,17:20,THU,NON-JUNCTION,ON ROADWAY,CLOUDY,DRY,DAYLIGHT,NON-INJURY ACCIDENT (PROPERTY- DAMAGE-ONLY ACCIDENT),REAR-END,45.77296628,-111.2015785
C000347E,005+0.302,,GALLATIN,August,2015,16:54,SAT,DRIVEWAY/ALLEY ACCESS RELATED,ON ROADWAY,CLEAR,DRY,DAYLIGHT,NON-INJURY ACCIDENT (PROPERTY- DAMAGE-ONLY ACCIDENT),"LEFT TURN, OPPOSITE DIRECTION",45.77283025,-111.2000695
C000347E,005+0.340,,GALLATIN,August,2015,13:40,FRI,NON-JUNCTION,ON ROADWAY,CLEAR,DRY,DAYLIGHT,NON-INJURY ACCIDENT (PROPERTY- DAMAGE-ONLY ACCIDENT),NOT FIXED OBJECT OR DEBRIS,45.77286445,-111.1993729
C000347E,005+0.346,NOT IN CITY LIMITS,GALLATIN,AUGUST,2017,7:35,TUE,INTERSECTION-RELATED,ON ROADWAY,CLEAR,DRY,DAYLIGHT,NON-INJURY ACCIDENT (PROPERTY- DAMAGE-ONLY ACCIDENT),REAR-END,45.77277837,-111.1993513
C000347E,005+0.350,,GALLATIN,September,2013,7:55,TUE,NON-JUNCTION,ON ROADWAY,CLEAR,DRY,DAYLIGHT,NON-INCAPACITATING EVIDENT INJURY ACCIDENT,RIGHT ANGLE,45.77294977,-111.1991338
C000347E,005+0.353,,GALLATIN,October,2014,8:32,FRI,INTERSECTION-RELATED,ON ROADWAY,CLEAR,DRY,DAYLIGHT,NON-INJURY ACCIDENT (PROPERTY- DAMAGE-ONLY ACCIDENT),REAR-END,45.77279205,-111.1992133
C000347E,005+0.359,BELGRADE,GALLATIN,August,2015,16:50,THU,INTERSECTION-RELATED,ON ROADWAY,CLEAR,DRY,DAYLIGHT,NON-INJURY ACCIDENT (PROPERTY- DAMAGE-ONLY ACCIDENT),REAR-END,45.77348333,-111.198855
C000347E,005+0.390,,GALLATIN,February,2015,3:00,THU,ENTRANCE/EXIT RAMP,ROADSIDE RIGHT,SNOW,SNOW,DARK-LIGHTED,NON-INJURY ACCIDENT (PROPERTY- DAMAGE-ONLY ACCIDENT),FIXED OBJECT,45.77268786,-111.1984627
C000347E,005+0.409,BELGRADE,GALLATIN,July,2014,9:50,SUN,ENTRANCE/EXIT RAMP,ON ROADWAY,CLOUDY,DRY,DAYLIGHT,POSSIBLE INJURY ACCIDENT,REAR-END,45.77262,-111.19807
C000347E,005+0.409,,GALLATIN,December,2014,11:10,MON,NON-JUNCTION,ON ROADWAY,CLEAR,ICE/FROST,DAYLIGHT,NON-INJURY ACCIDENT (PROPERTY- DAMAGE-ONLY ACCIDENT),"SIDESWIPE, SAME DIRECTION",45.77261517,-111.1980547
C000347E,005+0.409,,GALLATIN,June,2016,18:30,WED,INTERSECTION-RELATED,ON ROADWAY,CLEAR,DRY,DAYLIGHT,NON-INJURY ACCIDENT (PROPERTY- DAMAGE-ONLY ACCIDENT),REAR-END,45.77257471,-111.198041
C000347E,005+0.409,,GALLATIN,January,2016,7:43,WED,INTERSECTION,ON ROADWAY,CLOUDY,WET,DAWN,NON-INJURY ACCIDENT (PROPERTY- DAMAGE-ONLY ACCIDENT),REAR-END,45.77251289,-111.1980901
C000347E,005+0.416,NOT IN CITY LIMITS,GALLATIN,FEBRUARY,2017,11:25,SAT,INTERSECTION-RELATED,ON ROADWAY,CLEAR,DRY,DAYLIGHT,NON-INJURY ACCIDENT (PROPERTY- DAMAGE-ONLY ACCIDENT),REAR-END,45.77263518,-111.1978787
C000347E,005+0.420,,GALLATIN,April,2013,22:36,FRI,INTERSECTION-RELATED,ON ROADWAY,CLOUDY,DRY,DARK-LIGHTED,NON-INCAPACITATING EVIDENT INJURY ACCIDENT,REAR-END,45.77258784,-111.1977404
C000347E,005+0.420,,GALLATIN,July,2013,6:51,WED,INTERSECTION-RELATED,ON ROADWAY,CLEAR,DRY,DAYLIGHT,POSSIBLE INJURY ACCIDENT,REAR-END,45.77263218,-111.1978224
C000347E,005+0.421,,GALLATIN,February,2014,13:45,TUE,INTERSECTION-RELATED,ON ROADWAY,CLOUDY,WET,DAYLIGHT,NON-INJURY ACCIDENT (PROPERTY- DAMAGE-ONLY ACCIDENT),REAR-END,45.77266295,-111.1977677
C000347E,005+0.421,,GALLATIN,August,2015,23:22,FRI,INTERSECTION-RELATED,OUTSIDE RIGHT-OF-WAY (TRAFFICWAY),CLEAR,DRY,DARK-LIGHTED,NON-INJURY ACCIDENT (PROPERTY- DAMAGE-ONLY ACCIDENT),FIXED OBJECT,45.77245122,-111.198
C000347E,005+0.421,,GALLATIN,January,2015,14:12,SAT,INTERSECTION,ON ROADWAY,CLOUDY,WET,DAYLIGHT,POSSIBLE INJURY ACCIDENT,REAR-END,45.77262196,-111.1978019
C000347E,005+0.421,,GALLATIN,February,2015,15:00,SUN,INTERSECTION,ON ROADWAY,CLEAR,DRY,DAYLIGHT,NON-INJURY ACCIDENT (PROPERTY- DAMAGE-ONLY ACCIDENT),RIGHT ANGLE,45.77266638,-111.1977814
C000347E,005+0.421,,GALLATIN,July,2016,3:30,MON,INTERSECTION-RELATED,OFF ROADWAY LOCATION UNKNOWN,CLOUDY,DRY,DARK-LIGHTED,NON-INCAPACITATING EVIDENT INJURY ACCIDENT,FIXED OBJECT,45.77255365,-111.1978566
C000347E,005+0.421,NOT IN CITY LIMITS,GALLATIN,APRIL,2017,20:17,MON,INTERSECTION,ON ROADWAY,CLOUDY,DRY,DAYLIGHT,POSSIBLE INJURY ACCIDENT,RIGHT ANGLE,45.77264249,-111.1977404
C000347E,005+0.421,NOT IN CITY LIMITS,GALLATIN,DECEMBER,2017,12:25,FRI,INTERSECTION-RELATED,ON ROADWAY,SNOW,SNOW,DAYLIGHT,NON-INJURY ACCIDENT (PROPERTY- DAMAGE-ONLY ACCIDENT),REAR-END,45.77268683,-111.1977951
C000347E,005+0.427,,GALLATIN,March,2016,18:45,THU,ENTRANCE/EXIT RAMP,ON ROADWAY,CLOUDY,WET,DAYLIGHT,NON-INCAPACITATING EVIDENT INJURY ACCIDENT,REAR-END,45.77271483,-111.1975835
C000347E,005+0.440,,GALLATIN,January,2013,16:30,THU,INTERSECTION-RELATED,ON ROADWAY,SNOW,SNOW,DAYLIGHT,NON-INJURY ACCIDENT (PROPERTY- DAMAGE-ONLY ACCIDENT),REAR-END,45.77261167,-111.1974067
C000347E,005+0.440,,GALLATIN,March,2016,11:55,FRI,INTERSECTION-RELATED,ON ROADWAY,CLEAR,DRY,DAYLIGHT,NON-INJURY ACCIDENT (PROPERTY- DAMAGE-ONLY ACCIDENT),REAR-END,45.77262883,-111.1973989
C000347E,005+0.440,NOT IN CITY LIMITS,GALLATIN,OCTOBER,2017,12:25,SUN,INTERSECTION-RELATED,ON ROADWAY,CLOUDY,DRY,DAYLIGHT,NON-INCAPACITATING EVIDENT INJURY ACCIDENT,REAR-END,45.77266241,-111.1974198
C000347E,005+0.446,,GALLATIN,October,2015,13:10,WED,INTERSECTION-RELATED,ON ROADWAY,CLEAR,DRY,DAYLIGHT,NON-INJURY ACCIDENT (PROPERTY- DAMAGE-ONLY ACCIDENT),REAR-END,45.77260528,-111.1972873
C000347E,005+0.452,,GALLATIN,September,2014,18:00,MON,INTERSECTION,ON ROADWAY,CLOUDY,DRY,DAYLIGHT,NON-INJURY ACCIDENT (PROPERTY- DAMAGE-ONLY ACCIDENT),REAR-END,45.77252013,-111.1970849
C000347E,005+0.458,,GALLATIN,May,2016,21:25,SUN,INTERSECTION-RELATED,ON ROADWAY,CLEAR,DRY,DARK-NOT LIGHTED,NON-INJURY ACCIDENT (PROPERTY- DAMAGE-ONLY ACCIDENT),REAR-END,45.77253083,-111.1970403
C000347E,005+0.471,,GALLATIN,August,2014,15:40,THU,INTERSECTION-RELATED,ON ROADWAY,CLEAR,DRY,DAYLIGHT,NON-INJURY ACCIDENT (PROPERTY- DAMAGE-ONLY ACCIDENT),FIRE/ EXPLOSION,45.77221644,-111.1969034
C000347E,005+0.477,,GALLATIN,October,2016,14:20,FRI,INTERSECTION-RELATED,ON ROADWAY,RAIN,WET,DAYLIGHT,UNKNOWN,REAR-END,45.77235391,-111.1967505
C000347E,005+0.508,BELGRADE,GALLATIN,October,2016,18:50,THU,INTERSECTION-RELATED,ON ROADWAY,CLEAR,DRY,DARK-NOT LIGHTED,NON-INJURY ACCIDENT (PROPERTY- DAMAGE-ONLY ACCIDENT),REAR-END,45.77224333,-111.1960433
C000347E,005+0.526,,GALLATIN,January,2015,17:55,THU,INTERSECTION-RELATED,ON ROADWAY,CLEAR,DRY,DARK-NOT LIGHTED,NON-INJURY ACCIDENT (PROPERTY- DAMAGE-ONLY ACCIDENT),REAR-END,45.77206188,-111.1956777
C000347E,005+0.539,,GALLATIN,January,2015,17:45,MON,INTERSECTION-RELATED,ON ROADWAY,CLOUDY,DRY,DARK-NOT LIGHTED,NON-INJURY ACCIDENT (PROPERTY- DAMAGE-ONLY ACCIDENT),REAR-END,45.77197719,-111.1954531
C000347E,005+0.582,,GALLATIN,November,2015,16:50,MON,NON-JUNCTION,ON ROADWAY,RAIN,WET,DARK-NOT LIGHTED,NON-INCAPACITATING EVIDENT INJURY ACCIDENT,REAR-END,45.77167254,-111.1947762
C000347E,005+0.601,,GALLATIN,February,2016,9:25,MON,DRIVEWAY/ALLEY ACCESS RELATED,ON ROADWAY,CLOUDY,DRY,DAYLIGHT,NON-INCAPACITATING EVIDENT INJURY ACCIDENT,REAR-END,45.77139937,-111.1945918
C000347E,005+0.899,,GALLATIN,December,2014,18:00,TUE,NON-JUNCTION,ON ROADWAY,CLOUDY,ICE/FROST,DARK-NOT LIGHTED,NON-INJURY ACCIDENT (PROPERTY- DAMAGE-ONLY ACCIDENT),REAR-END,45.76827452,-111.1904253
C000347E,005+0.899,BELGRADE,GALLATIN,DECEMBER,2017,21:50,SAT,NON-JUNCTION,ON ROADWAY,"FOG, SMOG, SMOKE",ICE/FROST,DARK-NOT LIGHTED,NON-INJURY ACCIDENT (PROPERTY- DAMAGE-ONLY ACCIDENT),REAR-END,45.76825212,-111.1903563
C000347E,005+0.930,,GALLATIN,September,2013,9:30,SAT,NON-JUNCTION,ON ROADWAY,CLOUDY,DRY,DAYLIGHT,NON-INCAPACITATING EVIDENT INJURY ACCIDENT,REAR-END,45.7677804,-111.1903071
C000347E,005+0.936,,GALLATIN,November,2015,17:38,WED,NON-JUNCTION,ON ROADWAY,CLOUDY,DRY,DARK-NOT LIGHTED,NON-INCAPACITATING EVIDENT INJURY ACCIDENT,REAR-END,45.76774176,-111.1901248
C000347E,005+0.990,,GALLATIN,March,2013,16:20,MON,NON-JUNCTION,ON ROADWAY,CLEAR,DRY,DAYLIGHT,NON-INJURY ACCIDENT (PROPERTY- DAMAGE-ONLY ACCIDENT),BICYCLE,45.766915,-111.1897083
C000347E,006+0.048,NOT IN CITY LIMITS,GALLATIN,AUGUST,2017,6:50,THU,NON-JUNCTION,ROADSIDE RIGHT,CLEAR,DRY,DAYLIGHT,NON-INCAPACITATING EVIDENT INJURY ACCIDENT,PEDESTRIAN,45.76634419,-111.1890299
C000347E,006+0.066,,GALLATIN,February,2014,9:40,WED,DRIVEWAY/ALLEY ACCESS RELATED,ON ROADWAY,CLOUDY,WET,DAYLIGHT,NON-INJURY ACCIDENT (PROPERTY- DAMAGE-ONLY ACCIDENT),RIGHT ANGLE,45.76616588,-111.1886233
C000347E,006+0.141,BELGRADE,GALLATIN,December,2015,16:00,THU,NON-JUNCTION,ON ROADWAY,CLEAR,DRY,DAYLIGHT,NON-INJURY ACCIDENT (PROPERTY- DAMAGE-ONLY ACCIDENT),LOST CONTROL,45.76597288,-111.1871219
C000347E,006+0.166,BELGRADE,GALLATIN,November,2016,16:12,SAT,INTERSECTION-RELATED,ON ROADWAY,CLEAR,DRY,DAYLIGHT,NON-INJURY ACCIDENT (PROPERTY- DAMAGE-ONLY ACCIDENT),REAR-END,45.76586692,-111.186599
C000347E,006+0.166,NOT IN CITY LIMITS,GALLATIN,MAY,2017,9:45,MON,DRIVEWAY/ALLEY ACCESS RELATED,ON ROADWAY,CLEAR,DRY,DAYLIGHT,POSSIBLE INJURY ACCIDENT,REAR-END,45.76573027,-111.1867029
C000347E,006+0.172,BELGRADE,GALLATIN,April,2016,19:10,SAT,INTERSECTION-RELATED,ON ROADWAY,CLEAR,DRY,DAYLIGHT,NON-INJURY ACCIDENT (PROPERTY- DAMAGE-ONLY ACCIDENT),REAR-END,45.76593016,-111.1865684
C000347E,006+0.190,BELGRADE,GALLATIN,March,2016,13:15,WED,INTERSECTION-RELATED,ON ROADWAY,CLEAR,DRY,DAYLIGHT,NON-INJURY ACCIDENT (PROPERTY- DAMAGE-ONLY ACCIDENT),REAR-END,45.76587846,-111.1861581
C000347E,006+0.197,BELGRADE,GALLATIN,FEBRUARY,2017,12:05,FRI,INTERSECTION-RELATED,ON ROADWAY,CLEAR,SNOW,DAYLIGHT,NON-INJURY ACCIDENT (PROPERTY- DAMAGE-ONLY ACCIDENT),REAR-END,45.76586697,-111.186063
C000347E,006+0.209,BELGRADE,GALLATIN,June,2016,15:58,TUE,INTERSECTION-RELATED,ON ROADWAY,CLEAR,DRY,DAYLIGHT,NON-INJURY ACCIDENT (PROPERTY- DAMAGE-ONLY ACCIDENT),REAR-END,45.76583903,-111.1857048
C000347E,006+0.209,BELGRADE,GALLATIN,October,2016,18:06,MON,INTERSECTION-RELATED,ON ROADWAY,RAIN,WET,DAYLIGHT,NON-INJURY ACCIDENT (PROPERTY- DAMAGE-ONLY ACCIDENT),REAR-END,45.76587273,-111.1857672
C000347E,006+0.215,BELGRADE,GALLATIN,August,2016,15:10,WED,INTERSECTION-RELATED,ON ROADWAY,CLEAR,DRY,DAYLIGHT,NON-INJURY ACCIDENT (PROPERTY- DAMAGE-ONLY ACCIDENT),REAR-END,45.7658784,-111.1856262
C000347E,006+0.220,,GALLATIN,October,2013,14:25,THU,INTERSECTION-RELATED,ON ROADWAY,CLOUDY,DRY,DAYLIGHT,NON-INJURY ACCIDENT (PROPERTY- DAMAGE-ONLY ACCIDENT),REAR-END,45.76575081,-111.1854666
C000347E,006+0.221,BELGRADE,GALLATIN,June,2016,18:11,WED,INTERSECTION-RELATED,ON ROADWAY,CLOUDY,DRY,DAYLIGHT,POSSIBLE INJURY ACCIDENT,REAR-END,45.76588047,-111.1855441
C000347E,006+0.221,BELGRADE,GALLATIN,March,2016,18:55,WED,INTERSECTION-RELATED,ON ROADWAY,CLEAR,DRY,DUSK,NON-INJURY ACCIDENT (PROPERTY- DAMAGE-ONLY ACCIDENT),REAR-END,45.76587826,-111.1854652
C000347E,006+0.228,BELGRADE,GALLATIN,November,2015,21:00,SAT,INTERSECTION-RELATED,ON ROADWAY,CLEAR,DRY,DARK-LIGHTED,NON-INJURY ACCIDENT (PROPERTY- DAMAGE-ONLY ACCIDENT),REAR-END,45.76586815,-111.1853143
C000347E,006+0.228,BELGRADE,GALLATIN,December,2015,12:31,SAT,INTERSECTION-RELATED,ON ROADWAY,CLEAR,ICE/FROST,DAYLIGHT,NON-INJURY ACCIDENT (PROPERTY- DAMAGE-ONLY ACCIDENT),REAR-END,45.76587254,-111.1853249
C000347E,006+0.228,BELGRADE,GALLATIN,January,2016,10:40,SAT,INTERSECTION-RELATED,ON ROADWAY,CLEAR,WET,DAYLIGHT,NON-INJURY ACCIDENT (PROPERTY- DAMAGE-ONLY ACCIDENT),REAR-END,45.76587142,-111.1854087
C000347E,006+0.228,BELGRADE,GALLATIN,NOVEMBER,2017,21:41,FRI,INTERSECTION,ON ROADWAY,SNOW,SNOW,DARK-LIGHTED,NON-INJURY ACCIDENT (PROPERTY- DAMAGE-ONLY ACCIDENT),REAR TO FRONT,45.76595308,-111.1854001
C000347E,006+0.234,,GALLATIN,June,2015,7:55,FRI,INTERSECTION,ON ROADWAY,CLEAR,DRY,DAYLIGHT,NON-INJURY ACCIDENT (PROPERTY- DAMAGE-ONLY ACCIDENT),"LEFT TURN, OPPOSITE DIRECTION",45.76589051,-111.1852433
C000347E,006+0.234,BELGRADE,GALLATIN,December,2015,12:04,FRI,INTERSECTION,ON ROADWAY,CLEAR,DRY,DAYLIGHT,POSSIBLE INJURY ACCIDENT,REAR-END,45.76587894,-111.1852628
C000347E,006+0.234,BELGRADE,GALLATIN,December,2015,13:00,SAT,INTERSECTION,ON ROADWAY,CLEAR,SNOW,DAYLIGHT,NON-INJURY ACCIDENT (PROPERTY- DAMAGE-ONLY ACCIDENT),HEAD ON,45.76586537,-111.185289
C000347E,006+0.234,BELGRADE,GALLATIN,December,2016,17:15,SAT,INTERSECTION,ON ROADWAY,CLEAR,ICE/FROST,DARK-LIGHTED,NON-INJURY ACCIDENT (PROPERTY- DAMAGE-ONLY ACCIDENT),HEAD ON,45.7659317,-111.1852815
C000347E,006+0.234,BELGRADE,GALLATIN,November,2016,14:45,WED,INTERSECTION,ON ROADWAY,CLEAR,DRY,DAYLIGHT,NON-INJURY ACCIDENT (PROPERTY- DAMAGE-ONLY ACCIDENT),RIGHT ANGLE,45.76587607,-111.1852314
C000347E,006+0.234,BELGRADE,GALLATIN,January,2016,16:40,WED,INTERSECTION-RELATED,ON ROADWAY,CLEAR,DRY,DAYLIGHT,NON-INJURY ACCIDENT (PROPERTY- DAMAGE-ONLY ACCIDENT),"SIDESWIPE, SAME DIRECTION",45.765878,-111.1852773
C000347E,006+0.234,BELGRADE,GALLATIN,March,2016,8:13,WED,INTERSECTION-RELATED,ON ROADWAY,CLEAR,WET,DAYLIGHT,NON-INJURY ACCIDENT (PROPERTY- DAMAGE-ONLY ACCIDENT),REAR-END,45.7658582,-111.1852874
C000347E,006+0.234,BELGRADE,GALLATIN,September,2016,13:08,WED,INTERSECTION-RELATED,ON ROADWAY,RAIN,WET,DAYLIGHT,POSSIBLE INJURY ACCIDENT,REAR-END,45.76590058,-111.1852449
C000347E,006+0.234,BELGRADE,GALLATIN,August,2016,15:05,SAT,INTERSECTION,ON ROADWAY,CLEAR,DRY,DAYLIGHT,NON-INJURY ACCIDENT (PROPERTY- DAMAGE-ONLY ACCIDENT),RIGHT ANGLE,45.76587356,-111.1852358
C000347E,006+0.234,BELGRADE,GALLATIN,May,2016,12:04,SAT,INTERSECTION,ON ROADWAY,CLEAR,DRY,DAYLIGHT,NON-INJURY ACCIDENT (PROPERTY- DAMAGE-ONLY ACCIDENT),"LEFT TURN, SAME DIRECTION",45.7658744,-111.1852412
C000347E,006+0.234,BELGRADE,GALLATIN,APRIL,2017,7:45,WED,INTERSECTION,ON ROADWAY,CLOUDY,DRY,DAYLIGHT,NON-INJURY ACCIDENT (PROPERTY- DAMAGE-ONLY ACCIDENT),RIGHT ANGLE,45.76587134,-111.1852497
C000347E,006+0.234,BELGRADE,GALLATIN,AUGUST,2017,8:01,THU,INTERSECTION,ON ROADWAY,CLEAR,DRY,DAYLIGHT,NON-INJURY ACCIDENT (PROPERTY- DAMAGE-ONLY ACCIDENT),REAR-END,45.76593164,-111.1852503
C000347E,006+0.234,BELGRADE,GALLATIN,AUGUST,2017,17:27,TUE,INTERSECTION,ON ROADWAY,CLEAR,DRY,DAYLIGHT,NON-INJURY ACCIDENT (PROPERTY- DAMAGE-ONLY ACCIDENT),RIGHT ANGLE,45.76587056,-111.1852799
C000347E,006+0.234,BELGRADE,GALLATIN,DECEMBER,2017,12:11,WED,INTERSECTION,ON ROADWAY,SNOW,SNOW,DAYLIGHT,NON-INJURY ACCIDENT (PROPERTY- DAMAGE-ONLY ACCIDENT),RIGHT ANGLE,45.76587656,-111.1853042
C000347E,006+0.234,BELGRADE,GALLATIN,SEPTEMBER,2017,20:43,SAT,INTERSECTION,ON ROADWAY,CLEAR,DRY,DARK-LIGHTED,NON-INJURY ACCIDENT (PROPERTY- DAMAGE-ONLY ACCIDENT),RIGHT ANGLE,45.7658662,-111.1852499
C000411N,000+0.000,BOZEMAN,GALLATIN,July,2014,18:32,THU,INTERSECTION,ON ROADWAY,CLEAR,DRY,DAYLIGHT,POSSIBLE INJURY ACCIDENT,"LEFT TURN, OPPOSITE DIRECTION",45.71871785,-111.0668913
C000411N,000+0.000,BOZEMAN,GALLATIN,September,2014,18:08,TUE,INTERSECTION-RELATED,ON ROADWAY,CLEAR,DRY,DAYLIGHT,NON-INCAPACITATING EVIDENT INJURY ACCIDENT,REAR-END,45.71871356,-111.066911
C000411N,000+0.000,BOZEMAN,GALLATIN,July,2016,0:00,SAT,INTERSECTION-RELATED,OUTSIDE RIGHT-OF-WAY (TRAFFICWAY),CLEAR,DRY,DARK-LIGHTED,NON-INCAPACITATING EVIDENT INJURY ACCIDENT,FIXED OBJECT,45.71873556,-111.0669013
C000411N,000+0.010,BOZEMAN,GALLATIN,May,2013,15:08,SUN,INTERSECTION-RELATED,ON ROADWAY,CLOUDY,DRY,DAYLIGHT,POSSIBLE INJURY ACCIDENT,REAR-END,45.718815,-111.0669083
C000411N,000+0.010,BOZEMAN,GALLATIN,August,2013,13:17,SUN,INTERSECTION-RELATED,ROADSIDE RIGHT,CLEAR,DRY,DAYLIGHT,NON-INJURY ACCIDENT (PROPERTY- DAMAGE-ONLY ACCIDENT),FIXED OBJECT,45.71877731,-111.0668688
C000411N,000+0.011,BOZEMAN,GALLATIN,November,2014,12:24,SAT,ACCELERATION/DECELERATION LANE,ON ROADWAY,SNOW,SNOW,DAYLIGHT,NON-INCAPACITATING EVIDENT INJURY ACCIDENT,REAR-END,45.71876615,-111.0668647