MDT_CORRIDOR_ID,SMS_REFPOST_OFFSET,CITY,COUNTY,Month,Year,SMS_TIME,SMT_CRASH_OCC_DAY_OF_WEEK,JUNCTION_RELATED,ROADWAY_RELATED,WEATHER_COND,ROAD_COND,LIGHT_COND,CRASH_SEVERITY,COLLISION_TYPE,LATITUDE,LONGITUDE
C000411N,000+0.011,BOZEMAN,GALLATIN,December,2015,19:36,THU,INTERSECTION,ON ROADWAY,CLOUDY,SNOW,DARK-LIGHTED,NON-INJURY ACCIDENT (PROPERTY- DAMAGE-ONLY ACCIDENT),RIGHT ANGLE,45.71879532,-111.0668685
C000411N,000+0.011,BOZEMAN,GALLATIN,September,2015,16:03,THU,INTERSECTION-RELATED,ON ROADWAY,CLEAR,DRY,DAYLIGHT,NON-INJURY ACCIDENT (PROPERTY- DAMAGE-ONLY ACCIDENT),REAR-END,45.71875393,-111.0668327
C000411N,000+0.011,BOZEMAN,GALLATIN,AUGUST,2017,18:28,WED,INTERSECTION-RELATED,ON ROADWAY,CLEAR,DRY,DAYLIGHT,NON-INJURY ACCIDENT (PROPERTY- DAMAGE-ONLY ACCIDENT),REAR-END,45.71880687,-111.0668057
C000411N,000+0.135,BOZEMAN,GALLATIN,December,2013,17:02,TUE,INTERSECTION,ON ROADWAY,CLEAR,DRY,DARK-LIGHTED,NON-INJURY ACCIDENT (PROPERTY- DAMAGE-ONLY ACCIDENT),HEAD ON,45.72057888,-111.0666301
C000411N,000+0.412,BOZEMAN,GALLATIN,October,2014,10:10,FRI,NON-JUNCTION,ON ROADWAY,CLEAR,DRY,DAYLIGHT,NON-INJURY ACCIDENT (PROPERTY- DAMAGE-ONLY ACCIDENT),REAR-END,45.72465608,-111.066615
C000411N,000+0.520,,GALLATIN,January,2013,18:00,SAT,NON-JUNCTION,ON ROADWAY,CLEAR,DRY,DARK-NOT LIGHTED,NON-INJURY ACCIDENT (PROPERTY- DAMAGE-ONLY ACCIDENT),WILD ANIMAL,45.72626333,-111.0666
C000411N,000+0.592,,GALLATIN,February,2016,18:50,MON,NON-JUNCTION,ON ROADWAY,CLOUDY,DRY,DARK-NOT LIGHTED,NON-INJURY ACCIDENT (PROPERTY- DAMAGE-ONLY ACCIDENT),WILD ANIMAL,45.72721484,-111.0666759
C000411N,000+0.620,,GALLATIN,December,2013,19:25,THU,INTERSECTION-RELATED,ON ROADWAY,CLEAR,ICE/FROST,DARK-LIGHTED,NON-INJURY ACCIDENT (PROPERTY- DAMAGE-ONLY ACCIDENT),OTHER,45.72771348,-111.0665599
C000411N,000+0.666,,GALLATIN,February,2014,10:35,SUN,NON-JUNCTION,SHOULDER,SNOW,SNOW,DAYLIGHT,NON-INJURY ACCIDENT (PROPERTY- DAMAGE-ONLY ACCIDENT),FIXED OBJECT,45.72830767,-111.0666896
C000411N,000+0.710,,GALLATIN,August,2015,16:48,TUE,NON-JUNCTION,IN PARKING LANE OR ZONE,CLOUDY,DRY,DAYLIGHT,NON-INJURY ACCIDENT (PROPERTY- DAMAGE-ONLY ACCIDENT),REAR TO SIDE,45.72896,-111.06668
C000411N,000+0.716,,GALLATIN,December,2014,17:30,FRI,NON-JUNCTION,ON ROADWAY,CLEAR,DRY,DARK-NOT LIGHTED,NON-INJURY ACCIDENT (PROPERTY- DAMAGE-ONLY ACCIDENT),WILD ANIMAL,45.72896339,-111.0666827
C000411N,000+0.759,,GALLATIN,January,2014,7:10,SUN,NON-JUNCTION,ROADSIDE LEFT,CLOUDY,ICE/FROST,DARK-NOT LIGHTED,NON-INJURY ACCIDENT (PROPERTY- DAMAGE-ONLY ACCIDENT),ROLL OVER,45.72968055,-111.0666827
C000411N,000+0.827,,GALLATIN,November,2014,18:57,WED,INTERSECTION-RELATED,ON ROADWAY,CLEAR,ICE/FROST,DARK-LIGHTED,NON-INJURY ACCIDENT (PROPERTY- DAMAGE-ONLY ACCIDENT),RIGHT ANGLE,45.73062653,-111.0666691
C000411N,000+0.927,,GALLATIN,September,2014,17:15,THU,NON-JUNCTION,ON ROADWAY,CLEAR,WET,DAYLIGHT,POSSIBLE INJURY ACCIDENT,REAR-END,45.73206283,-111.0667165
C000411N,000+0.980,,GALLATIN,September,2013,13:46,SUN,INTERSECTION-RELATED,ON ROADWAY,CLEAR,DRY,DAYLIGHT,NON-INJURY ACCIDENT (PROPERTY- DAMAGE-ONLY ACCIDENT),REAR-END,45.73284271,-111.0666887
C000411N,001+0.167,,GALLATIN,September,2016,21:00,FRI,NON-JUNCTION,ON ROADWAY,CLEAR,DRY,DARK-NOT LIGHTED,NON-INJURY ACCIDENT (PROPERTY- DAMAGE-ONLY ACCIDENT),WILD ANIMAL,45.73562053,-111.0665847
C000411N,001+0.186,BELGRADE,GALLATIN,November,2014,11:00,TUE,NON-JUNCTION,SHOULDER,CLEAR,ICE/FROST,DAYLIGHT,NON-INJURY ACCIDENT (PROPERTY- DAMAGE-ONLY ACCIDENT),FIXED OBJECT,45.73589167,-111.0665183
C000411N,001+0.190,,GALLATIN,April,2013,11:05,WED,NON-JUNCTION,ROADSIDE LEFT,CLOUDY,DRY,DAYLIGHT,POSSIBLE INJURY ACCIDENT,FIXED OBJECT,45.73611168,-111.06666
C000411N,001+0.199,,GALLATIN,November,2014,21:20,MON,NON-JUNCTION,ROADSIDE RIGHT,SNOW,SNOW,DARK-NOT LIGHTED,NON-INJURY ACCIDENT (PROPERTY- DAMAGE-ONLY ACCIDENT),FIXED OBJECT,45.73612145,-111.0665257
C000411N,001+0.217,,GALLATIN,April,2016,12:30,TUE,NON-JUNCTION,OFF ROADWAY LOCATION UNKNOWN,CLEAR,DRY,DAYLIGHT,NON-INJURY ACCIDENT (PROPERTY- DAMAGE-ONLY ACCIDENT),REAR-END,45.73638607,-111.0647399
C000411N,001+0.323,,GALLATIN,November,2014,18:22,SAT,NON-JUNCTION,ON ROADWAY,CLEAR,DRY,DARK-NOT LIGHTED,NON-INJURY ACCIDENT (PROPERTY- DAMAGE-ONLY ACCIDENT),WILD ANIMAL,45.73791434,-111.0665735
C000411N,001+0.341,,GALLATIN,March,2015,9:05,TUE,NON-JUNCTION,ROADSIDE RIGHT,CLOUDY,SNOW,DAYLIGHT,NON-INJURY ACCIDENT (PROPERTY- DAMAGE-ONLY ACCIDENT),ROLL OVER,45.73818415,-111.0666008
C000411N,001+0.415,,GALLATIN,August,2016,21:10,MON,NON-JUNCTION,ON ROADWAY,SEVERE CROSSWINDS,DRY,DARK-NOT LIGHTED,NON-INJURY ACCIDENT (PROPERTY- DAMAGE-ONLY ACCIDENT),WILD ANIMAL,45.73921393,-111.0665132
C000411N,001+0.483,NOT IN CITY LIMITS,GALLATIN,DECEMBER,2017,21:10,THU,INTERSECTION-RELATED,ROADSIDE RIGHT,CLEAR,ICE/FROST,DARK-NOT LIGHTED,NON-INJURY ACCIDENT (PROPERTY- DAMAGE-ONLY ACCIDENT),ROLL OVER,45.74017939,-111.0664948
C000411N,001+0.490,,GALLATIN,September,2013,22:01,SAT,INTERSECTION,ON ROADWAY,CLOUDY,DRY,DARK-NOT LIGHTED,POSSIBLE INJURY ACCIDENT,RIGHT ANGLE,45.7404176,-111.0664437
C000411N,001+0.496,,GALLATIN,December,2016,7:15,TUE,NON-JUNCTION,ON ROADWAY,SNOW,ICE/FROST,DAWN,NON-INJURY ACCIDENT (PROPERTY- DAMAGE-ONLY ACCIDENT),WILD ANIMAL,45.74040986,-111.0664194
C000411N,001+0.496,NOT IN CITY LIMITS,GALLATIN,SEPTEMBER,2017,8:45,SAT,INTERSECTION,ON ROADWAY,RAIN,WET,DAYLIGHT,POSSIBLE INJURY ACCIDENT,"LEFT TURN, OPPOSITE DIRECTION",45.74038,-111.06643
C000411N,001+0.500,,GALLATIN,March,2013,10:55,SUN,INTERSECTION,ON ROADWAY,CLEAR,DRY,DAYLIGHT,NON-INJURY ACCIDENT (PROPERTY- DAMAGE-ONLY ACCIDENT),"SIDESWIPE, SAME DIRECTION",45.74048591,-111.0665393
C000411N,001+0.500,,GALLATIN,September,2013,22:07,SAT,INTERSECTION,ON ROADWAY,CLEAR,DRY,DARK-NOT LIGHTED,POSSIBLE INJURY ACCIDENT,REAR-END,45.74052001,-111.06648
C000411N,001+0.502,,GALLATIN,March,2015,16:56,THU,INTERSECTION,ON ROADWAY,CLEAR,DRY,DAYLIGHT,POSSIBLE INJURY ACCIDENT,REAR-END,45.74046546,-111.0664506
C000411N,001+0.510,,GALLATIN,April,2013,17:50,THU,INTERSECTION,ON ROADWAY,CLOUDY,DRY,DAYLIGHT,POSSIBLE INJURY ACCIDENT,"LEFT TURN, OPPOSITE DIRECTION",45.74063235,-111.0665678
C000411N,001+0.620,,GALLATIN,July,2014,21:45,TUE,NON-JUNCTION,ON ROADWAY,CLEAR,DRY,DARK-NOT LIGHTED,NON-INJURY ACCIDENT (PROPERTY- DAMAGE-ONLY ACCIDENT),WILD ANIMAL,45.74220476,-111.0664743
C000411N,001+0.737,,GALLATIN,December,2014,17:52,TUE,NON-JUNCTION,ON ROADWAY,CLOUDY,OTHER,DARK-NOT LIGHTED,NON-INJURY ACCIDENT (PROPERTY- DAMAGE-ONLY ACCIDENT),"SIDESWIPE, SAME DIRECTION",45.74386484,-111.0663844
C000411N,001+0.799,,GALLATIN,October,2016,7:05,TUE,NON-JUNCTION,ON ROADWAY,CLOUDY,DRY,DARK-NOT LIGHTED,NON-INJURY ACCIDENT (PROPERTY- DAMAGE-ONLY ACCIDENT),WILD ANIMAL,45.74475138,-111.0663276
C000411N,002+0.103,,GALLATIN,December,2014,11:02,WED,NON-JUNCTION,ROADSIDE LEFT,CLOUDY,ICE/FROST,DAYLIGHT,NON-INJURY ACCIDENT (PROPERTY- DAMAGE-ONLY ACCIDENT),FIXED OBJECT,45.74904775,-111.0675915
C000411N,002+0.264,,GALLATIN,September,2014,17:38,TUE,INTERSECTION-RELATED,ON ROADWAY,CLOUDY,WET,DAYLIGHT,NON-INJURY ACCIDENT (PROPERTY- DAMAGE-ONLY ACCIDENT),REAR-END,45.75123592,-111.0688827
C000411N,002+0.301,,GALLATIN,June,2015,22:45,TUE,NON-JUNCTION,ON ROADWAY,CLEAR,DRY,DARK-NOT LIGHTED,NON-INJURY ACCIDENT (PROPERTY- DAMAGE-ONLY ACCIDENT),WILD ANIMAL,45.75173182,-111.0691007
C000411N,002+0.315,,GALLATIN,August,2016,14:57,FRI,INTERSECTION-RELATED,ON ROADWAY,CLEAR,DRY,DAYLIGHT,NON-INCAPACITATING EVIDENT INJURY ACCIDENT,ROLL OVER,45.75184248,-111.0691857
C000411N,002+0.450,,GALLATIN,January,2013,0:20,TUE,NON-JUNCTION,ROADSIDE LEFT,CLOUDY,DRY,DARK-NOT LIGHTED,POSSIBLE INJURY ACCIDENT,ROLL OVER,45.75358,-111.0706317
C000411N,002+0.531,,GALLATIN,November,2014,18:20,FRI,NON-JUNCTION,ON ROADWAY,CLEAR,DRY,DARK-NOT LIGHTED,NON-INJURY ACCIDENT (PROPERTY- DAMAGE-ONLY ACCIDENT),WILD ANIMAL,45.75446734,-111.0716483
C000411N,002+0.531,,GALLATIN,October,2015,17:45,THU,INTERSECTION,ON ROADWAY,CLEAR,DRY,DAYLIGHT,NON-INJURY ACCIDENT (PROPERTY- DAMAGE-ONLY ACCIDENT),RIGHT ANGLE,45.75451856,-111.0716278
C000411N,002+0.810,,GALLATIN,February,2013,19:40,WED,INTERSECTION,ON ROADWAY,SNOW,ICE/FROST,DARK-NOT LIGHTED,POSSIBLE INJURY ACCIDENT,RIGHT ANGLE,45.75820005,-111.0739091
C000411N,002+0.995,,GALLATIN,November,2016,7:05,WED,NON-JUNCTION,ON ROADWAY,CLEAR,DRY,DAWN,NON-INJURY ACCIDENT (PROPERTY- DAMAGE-ONLY ACCIDENT),WILD ANIMAL,45.76039557,-111.0761292
C000411N,003+0.071,NOT IN CITY LIMITS,GALLATIN,AUGUST,2017,20:45,SUN,NON-JUNCTION,ON ROADWAY,CLEAR,DRY,DARK-NOT LIGHTED,NON-INJURY ACCIDENT (PROPERTY- DAMAGE-ONLY ACCIDENT),WILD ANIMAL,45.76122149,-111.0771625
C000411N,003+0.486,NOT IN CITY LIMITS,GALLATIN,MARCH,2017,17:00,MON,NON-JUNCTION,ON ROADWAY,RAIN,WET,DAYLIGHT,NON-INJURY ACCIDENT (PROPERTY- DAMAGE-ONLY ACCIDENT),"SIDESWIPE, SAME DIRECTION",45.76617333,-111.0819867
C000411N,004+0.193,,GALLATIN,November,2014,7:10,TUE,NON-JUNCTION,ON ROADWAY,CLOUDY,DRY,DAWN,NON-INJURY ACCIDENT (PROPERTY- DAMAGE-ONLY ACCIDENT),WILD ANIMAL,45.77635833,-111.082295
C000411N,004+0.199,NOT IN CITY LIMITS,GALLATIN,OCTOBER,2017,18:15,MON,INTERSECTION,ON ROADWAY,CLEAR,DRY,DAYLIGHT,NON-INJURY ACCIDENT (PROPERTY- DAMAGE-ONLY ACCIDENT),REAR-END,45.77649113,-111.0821544
C000411N,004+0.218,,GALLATIN,November,2014,18:50,SAT,INTERSECTION,ON ROADWAY,CLOUDY,DRY,DARK-NOT LIGHTED,NON-INCAPACITATING EVIDENT INJURY ACCIDENT,RIGHT ANGLE,45.77673035,-111.0822147
C000411N,004+0.305,,GALLATIN,December,2015,18:20,MON,NON-JUNCTION,ON ROADWAY,CLOUDY,DRY,DARK-NOT LIGHTED,NON-INJURY ACCIDENT (PROPERTY- DAMAGE-ONLY ACCIDENT),WILD ANIMAL,45.77798026,-111.0823444
C000411N,005+0.146,,GALLATIN,January,2016,18:30,FRI,NON-JUNCTION,ON ROADWAY,CLEAR,DRY,DARK-NOT LIGHTED,NON-INJURY ACCIDENT (PROPERTY- DAMAGE-ONLY ACCIDENT),WILD ANIMAL,45.79016319,-111.0824079
C000411N,005+0.704,,GALLATIN,February,2014,14:30,TUE,NON-JUNCTION,SHOULDER,CLOUDY,SNOW,DAYLIGHT,NON-INJURY ACCIDENT (PROPERTY- DAMAGE-ONLY ACCIDENT),FIXED OBJECT,45.79827611,-111.0822692
C000411N,005+0.957,,GALLATIN,January,2015,14:25,SUN,NON-JUNCTION,SHOULDER,CLOUDY,WET,DAYLIGHT,NON-INCAPACITATING EVIDENT INJURY ACCIDENT,ROLL OVER,45.80126778,-111.0798036
C000411N,006+0.560,,GALLATIN,December,2015,15:40,WED,NON-JUNCTION,ON ROADWAY,CLOUDY,SNOW,DAYLIGHT,NON-INJURY ACCIDENT (PROPERTY- DAMAGE-ONLY ACCIDENT),"SIDESWIPE, SAME DIRECTION",45.80873321,-111.0763679
C000411N,006+0.680,,GALLATIN,October,2013,11:45,THU,NON-JUNCTION,ON ROADWAY,SLEET/HAIL/FREEZING RAIN/DRIZZLE,WET,DAYLIGHT,NON-INJURY ACCIDENT (PROPERTY- DAMAGE-ONLY ACCIDENT),WILD ANIMAL,45.81051243,-111.0764978
C000411N,006+0.740,,GALLATIN,February,2014,18:55,TUE,NON-JUNCTION,ON ROADWAY,CLEAR,DRY,DARK-NOT LIGHTED,NON-INJURY ACCIDENT (PROPERTY- DAMAGE-ONLY ACCIDENT),WILD ANIMAL,45.81133183,-111.0765324
C000411N,006+0.850,,GALLATIN,December,2013,22:18,THU,NON-JUNCTION,ON ROADWAY,CLEAR,ICE/FROST,DARK-NOT LIGHTED,NON-INJURY ACCIDENT (PROPERTY- DAMAGE-ONLY ACCIDENT),WILD ANIMAL,45.81300844,-111.0765284
C000411N,006+0.920,NOT IN CITY LIMITS,GALLATIN,NOVEMBER,2017,0:12,TUE,NON-JUNCTION,ON ROADWAY,CLEAR,DRY,DARK-NOT LIGHTED,NON-INJURY ACCIDENT (PROPERTY- DAMAGE-ONLY ACCIDENT),WILD ANIMAL,45.81398203,-111.076535
C000411N,007+0.024,NOT IN CITY LIMITS,GALLATIN,NOVEMBER,2017,22:59,FRI,NON-JUNCTION,ON ROADWAY,CLEAR,DRY,DARK-NOT LIGHTED,NON-INJURY ACCIDENT (PROPERTY- DAMAGE-ONLY ACCIDENT),WILD ANIMAL,45.81461223,-111.0764181
C000411N,007+0.687,BELGRADE,GALLATIN,September,2014,20:00,MON,NON-JUNCTION,ON ROADWAY,CLEAR,DRY,DARK-NOT LIGHTED,NON-INJURY ACCIDENT (PROPERTY- DAMAGE-ONLY ACCIDENT),WILD ANIMAL,45.82413864,-111.07673
C000411N,008+0.076,BELGRADE,GALLATIN,January,2015,22:50,WED,NON-JUNCTION,ON ROADWAY,CLEAR,DRY,DARK-NOT LIGHTED,NON-INJURY ACCIDENT (PROPERTY- DAMAGE-ONLY ACCIDENT),WILD ANIMAL,45.82977886,-111.0766814
C000411N,008+0.089,NOT IN CITY LIMITS,GALLATIN,JANUARY,2017,22:05,TUE,NON-JUNCTION,ON ROADWAY,CLEAR,DRY,DARK-NOT LIGHTED,NON-INJURY ACCIDENT (PROPERTY- DAMAGE-ONLY ACCIDENT),WILD ANIMAL,45.83002964,-111.0767002
C000411N,008+0.534,,GALLATIN,May,2014,17:51,WED,NON-JUNCTION,ROADSIDE RIGHT,CLEAR,DRY,DAYLIGHT,NON-INJURY ACCIDENT (PROPERTY- DAMAGE-ONLY ACCIDENT),ROLL OVER,45.83646698,-111.0766975
C000411N,008+1.030,,GALLATIN,September,2015,20:30,THU,NON-JUNCTION,ON ROADWAY,CLEAR,DRY,DARK-NOT LIGHTED,NON-INJURY ACCIDENT (PROPERTY- DAMAGE-ONLY ACCIDENT),WILD ANIMAL,45.84363519,-111.076746
C000411N,009+0.215,,GALLATIN,December,2014,17:00,WED,NON-JUNCTION,ROADSIDE RIGHT,CLEAR,ICE/FROST,DUSK,NON-INJURY ACCIDENT (PROPERTY- DAMAGE-ONLY ACCIDENT),FIXED OBJECT,45.84724947,-111.0768637
C000411N,009+0.530,,GALLATIN,August,2013,8:40,TUE,NON-JUNCTION,ON ROADWAY,CLEAR,DRY,DAYLIGHT,NON-INCAPACITATING EVIDENT INJURY ACCIDENT,ROLL OVER,45.85191024,-111.0767573
C000411N,009+0.630,,GALLATIN,November,2013,16:30,TUE,NON-JUNCTION,SHOULDER,CLOUDY,DRY,DAYLIGHT,NON-INCAPACITATING EVIDENT INJURY ACCIDENT,ROLL OVER,45.853307,-111.0769417
C000411N,009+0.648,,GALLATIN,March,2016,21:30,SUN,NON-JUNCTION,OUTSIDE RIGHT-OF-WAY (TRAFFICWAY),SNOW,WET,DARK-NOT LIGHTED,NON-INJURY ACCIDENT (PROPERTY- DAMAGE-ONLY ACCIDENT),FIXED OBJECT,45.85353582,-111.076928
C000411N,009+0.872,,GALLATIN,January,2015,20:00,SAT,NON-JUNCTION,ROADSIDE RIGHT,CLOUDY,DRY,DARK-NOT LIGHTED,UNKNOWN,NOT FIXED OBJECT OR DEBRIS,45.85567409,-111.080536
C000411N,010+0.359,,GALLATIN,October,2015,0:30,SAT,NON-JUNCTION,ROADSIDE LEFT,CLEAR,DRY,DARK-NOT LIGHTED,POSSIBLE INJURY ACCIDENT,ROLL OVER,45.86233833,-111.0820483
C000411N,010+0.606,,GALLATIN,February,2014,16:30,FRI,NON-JUNCTION,ROADSIDE RIGHT,SNOW,SNOW,DAYLIGHT,NON-INJURY ACCIDENT (PROPERTY- DAMAGE-ONLY ACCIDENT),FIXED OBJECT,45.86592235,-111.0821258
C000601E,000+0.000,,GALLATIN,July,2013,17:08,TUE,INTERSECTION,ON ROADWAY,CLEAR,DRY,DAYLIGHT,NON-INJURY ACCIDENT (PROPERTY- DAMAGE-ONLY ACCIDENT),RIGHT ANGLE,45.77286445,-111.2267619
C000601E,000+0.000,NOT IN CITY LIMITS,GALLATIN,JANUARY,2017,14:45,SAT,INTERSECTION,ON ROADWAY,CLOUDY,OTHER,DAYLIGHT,NON-INJURY ACCIDENT (PROPERTY- DAMAGE-ONLY ACCIDENT),"SIDESWIPE, SAME DIRECTION",45.78185443,-111.2267029
C000601E,000+0.029,,GALLATIN,July,2016,18:46,WED,INTERSECTION-RELATED,ON ROADWAY,CLEAR,DRY,DAYLIGHT,NON-INJURY ACCIDENT (PROPERTY- DAMAGE-ONLY ACCIDENT),"LEFT TURN, OPPOSITE DIRECTION",45.77324284,-111.2269132
C000601E,000+0.029,NOT IN CITY LIMITS,GALLATIN,FEBRUARY,2017,13:40,WED,INTERSECTION-RELATED,ROADSIDE RIGHT,CLOUDY,ICE/FROST,DAYLIGHT,NON-INJURY ACCIDENT (PROPERTY- DAMAGE-ONLY ACCIDENT),ROLL OVER,45.77323275,-111.2269046
C000601E,000+0.044,,GALLATIN,July,2016,7:50,THU,INTERSECTION-RELATED,ON ROADWAY,CLEAR,DRY,DAYLIGHT,NON-INJURY ACCIDENT (PROPERTY- DAMAGE-ONLY ACCIDENT),REAR TO FRONT,45.77345185,-111.2267892
C000601E,000+0.352,,GALLATIN,October,2015,17:25,SAT,INTERSECTION,ON ROADWAY,CLEAR,DRY,DAYLIGHT,NON-INJURY ACCIDENT (PROPERTY- DAMAGE-ONLY ACCIDENT),"LEFT TURN, OPPOSITE DIRECTION",45.77785729,-111.2267005
C000601E,000+0.995,,GALLATIN,November,2014,22:00,TUE,INTERSECTION,SHOULDER,SNOW,ICE/FROST,DARK-NOT LIGHTED,NON-INJURY ACCIDENT (PROPERTY- DAMAGE-ONLY ACCIDENT),FIXED OBJECT,45.78724384,-111.2266074
C000601E,001+0.006,,GALLATIN,November,2016,19:45,SAT,INTERSECTION,OUTSIDE RIGHT-OF-WAY (TRAFFICWAY),CLOUDY,DRY,DARK-NOT LIGHTED,NON-INCAPACITATING EVIDENT INJURY ACCIDENT,NOT FIXED OBJECT OR DEBRIS,45.78741243,-111.2265514
C000601E,001+0.006,,GALLATIN,December,2016,1:55,SUN,INTERSECTION-RELATED,OUTSIDE RIGHT-OF-WAY (TRAFFICWAY),CLOUDY,ICE/FROST,DARK-NOT LIGHTED,NON-INJURY ACCIDENT (PROPERTY- DAMAGE-ONLY ACCIDENT),FIXED OBJECT,45.78734444,-111.2265706
C000601E,001+0.006,NOT IN CITY LIMITS,GALLATIN,JANUARY,2017,8:50,WED,INTERSECTION,ON ROADWAY,CLOUDY,ICE/FROST,DAYLIGHT,NON-INJURY ACCIDENT (PROPERTY- DAMAGE-ONLY ACCIDENT),RIGHT ANGLE,45.77650139,-111.2058335
C000601E,001+0.163,,GALLATIN,December,2015,23:40,WED,INTERSECTION-RELATED,ROADSIDE RIGHT,CLEAR,SNOW,DARK-NOT LIGHTED,NON-INJURY ACCIDENT (PROPERTY- DAMAGE-ONLY ACCIDENT),FIXED OBJECT,45.78736153,-111.2232921
C000601E,001+0.163,NOT IN CITY LIMITS,GALLATIN,MARCH,2017,7:30,THU,INTERSECTION-RELATED,ON ROADWAY,SNOW,SNOW,DAYLIGHT,NON-INJURY ACCIDENT (PROPERTY- DAMAGE-ONLY ACCIDENT),REAR-END,45.78731032,-111.223381
C000601E,001+0.436,,GALLATIN,June,2016,19:00,THU,INTERSECTION,ON ROADWAY,CLOUDY,DRY,DAYLIGHT,NON-INCAPACITATING EVIDENT INJURY ACCIDENT,BICYCLE,45.78733421,-111.2176778
C000601E,001+0.585,,GALLATIN,June,2014,17:00,WED,DRIVEWAY/ALLEY ACCESS RELATED,SHOULDER,CLEAR,DRY,DAYLIGHT,NON-INJURY ACCIDENT (PROPERTY- DAMAGE-ONLY ACCIDENT),FIXED OBJECT,45.78731142,-111.2146193
C000601E,001+0.701,NOT IN CITY LIMITS,GALLATIN,MAY,2017,16:45,SAT,INTERSECTION,ON ROADWAY,RAIN,WET,DAYLIGHT,POSSIBLE INJURY ACCIDENT,"SIDESWIPE, SAME DIRECTION",45.78741656,-111.2120724
C000601E,001+0.834,NOT IN CITY LIMITS,GALLATIN,AUGUST,2017,19:30,SAT,NON-JUNCTION,ROADSIDE LEFT,CLOUDY,DRY,DAYLIGHT,NON-INJURY ACCIDENT (PROPERTY- DAMAGE-ONLY ACCIDENT),FIXED OBJECT,45.78737176,-111.209543
C000601E,002+0.013,,GALLATIN,January,2014,23:05,TUE,INTERSECTION-RELATED,ROADSIDE RIGHT,CLOUDY,SNOW,DARK-NOT LIGHTED,NON-INJURY ACCIDENT (PROPERTY- DAMAGE-ONLY ACCIDENT),FIXED OBJECT,45.78739221,-111.2057523
C000601E,002+0.013,,GALLATIN,January,2016,8:15,SUN,INTERSECTION,ON ROADWAY,CLOUDY,ICE/FROST,DAYLIGHT,NON-INJURY ACCIDENT (PROPERTY- DAMAGE-ONLY ACCIDENT),RIGHT ANGLE,45.78737855,-111.2057113
C000601E,002+0.013,,GALLATIN,September,2016,12:45,FRI,NON-JUNCTION,ON ROADWAY,CLEAR,DRY,DAYLIGHT,NON-INJURY ACCIDENT (PROPERTY- DAMAGE-ONLY ACCIDENT),RIGHT ANGLE,45.78733765,-111.2058069
C000601E,002+0.013,NOT IN CITY LIMITS,GALLATIN,DECEMBER,2017,13:00,WED,INTERSECTION-RELATED,ROADSIDE LEFT,SNOW,ICE/FROST,DAYLIGHT,NON-INJURY ACCIDENT (PROPERTY- DAMAGE-ONLY ACCIDENT),FIXED OBJECT,45.7874115,-111.205691
C000601E,002+0.013,NOT IN CITY LIMITS,GALLATIN,DECEMBER,2017,16:25,MON,INTERSECTION-RELATED,ROADSIDE LEFT,SNOW,SNOW,DAYLIGHT,NON-INJURY ACCIDENT (PROPERTY- DAMAGE-ONLY ACCIDENT),FIXED OBJECT,45.78731601,-111.2057502
C000601E,002+0.033,,GALLATIN,January,2015,12:40,SUN,INTERSECTION-RELATED,ON ROADWAY,CLEAR,ICE/FROST,DAYLIGHT,NON-INJURY ACCIDENT (PROPERTY- DAMAGE-ONLY ACCIDENT),HEAD ON,45.78720017,-111.2057459
C000601E,002+0.617,,GALLATIN,July,2014,14:55,WED,INTERSECTION,ON ROADWAY,CLEAR,DRY,DAYLIGHT,NON-INJURY ACCIDENT (PROPERTY- DAMAGE-ONLY ACCIDENT),REAR-END,45.778598,-111.2055356
C000601E,002+0.653,NOT IN CITY LIMITS,GALLATIN,MAY,2017,8:45,FRI,INTERSECTION-RELATED,ON ROADWAY,CLEAR,DRY,DAYLIGHT,NON-INJURY ACCIDENT (PROPERTY- DAMAGE-ONLY ACCIDENT),REAR-END,45.77813054,-111.2058616
C000601E,002+0.661,,GALLATIN,November,2015,6:30,SUN,INTERSECTION-RELATED,OUTSIDE RIGHT-OF-WAY (TRAFFICWAY),CLOUDY,WET,DAWN,NON-INJURY ACCIDENT (PROPERTY- DAMAGE-ONLY ACCIDENT),FIXED OBJECT,45.77809635,-111.2057523
C000601E,002+0.661,,GALLATIN,January,2015,14:15,THU,INTERSECTION,ON ROADWAY,CLEAR,ICE/FROST,DAYLIGHT,NON-INJURY ACCIDENT (PROPERTY- DAMAGE-ONLY ACCIDENT),RIGHT ANGLE,45.7780588,-111.2058
C000601E,002+0.680,,GALLATIN,October,2014,20:00,FRI,INTERSECTION-RELATED,ON ROADWAY,CLEAR,DRY,DARK-LIGHTED,NON-INJURY ACCIDENT (PROPERTY- DAMAGE-ONLY ACCIDENT),REAR-END,45.77775833,-111.2058417
C000601E,002+0.686,,GALLATIN,February,2014,9:21,SUN,NON-JUNCTION,ROADSIDE RIGHT,SNOW,SNOW,DAYLIGHT,NON-INJURY ACCIDENT (PROPERTY- DAMAGE-ONLY ACCIDENT),FIXED OBJECT,45.77768999,-111.2058137