MDT_CORRIDOR_ID,SMS_REFPOST_OFFSET,CITY,COUNTY,Month,Year,SMS_TIME,SMT_CRASH_OCC_DAY_OF_WEEK,JUNCTION_RELATED,ROADWAY_RELATED,WEATHER_COND,ROAD_COND,LIGHT_COND,CRASH_SEVERITY,COLLISION_TYPE,LATITUDE,LONGITUDE
C000601E,002+0.761,NOT IN CITY LIMITS,GALLATIN,DECEMBER,2017,7:50,WED,INTERSECTION-RELATED,ON ROADWAY,SNOW,ICE/FROST,DAYLIGHT,NON-INJURY ACCIDENT (PROPERTY- DAMAGE-ONLY ACCIDENT),REAR-END,45.77662345,-111.2058404
C000601E,002+0.769,NOT IN CITY LIMITS,GALLATIN,SEPTEMBER,2017,16:30,FRI,INTERSECTION,ON ROADWAY,CLEAR,DRY,DAYLIGHT,NON-INJURY ACCIDENT (PROPERTY- DAMAGE-ONLY ACCIDENT),REAR-END,45.77643321,-111.2057659
C000601E,002+0.841,,GALLATIN,January,2015,7:30,THU,NON-JUNCTION,ON ROADWAY,CLOUDY,DRY,DAYLIGHT,NON-INCAPACITATING EVIDENT INJURY ACCIDENT,REAR-END,45.77538815,-111.2060118
C000601E,002+0.851,BELGRADE,GALLATIN,August,2014,16:40,WED,INTERSECTION-RELATED,ON ROADWAY,CLOUDY,DRY,DAYLIGHT,NON-INJURY ACCIDENT (PROPERTY- DAMAGE-ONLY ACCIDENT),REAR-END,45.77525161,-111.205882
C000601E,002+0.860,,GALLATIN,October,2013,20:10,SUN,INTERSECTION-RELATED,ON ROADWAY,CLOUDY,DRY,DARK-NOT LIGHTED,NON-INJURY ACCIDENT (PROPERTY- DAMAGE-ONLY ACCIDENT),REAR-END,45.77521741,-111.2058752
C000601E,002+0.891,NOT IN CITY LIMITS,GALLATIN,OCTOBER,2017,7:45,THU,NON-JUNCTION,ON ROADWAY,CLOUDY,WET,DAWN,NON-INJURY ACCIDENT (PROPERTY- DAMAGE-ONLY ACCIDENT),REAR-END,45.77477076,-111.2059352
C000601E,002+0.953,,GALLATIN,March,2015,7:50,FRI,NON-JUNCTION,ON ROADWAY,CLOUDY,DRY,DAYLIGHT,NON-INJURY ACCIDENT (PROPERTY- DAMAGE-ONLY ACCIDENT),REAR-END,45.77381722,-111.2058547
C000601E,002+0.966,,GALLATIN,December,2015,7:48,THU,INTERSECTION-RELATED,ON ROADWAY,CLOUDY,DRY,DAYLIGHT,NON-INJURY ACCIDENT (PROPERTY- DAMAGE-ONLY ACCIDENT),REAR-END,45.77366701,-111.2060528
C000601E,002+0.972,,GALLATIN,October,2014,18:45,WED,NON-JUNCTION,ON ROADWAY,CLEAR,DRY,DARK-NOT LIGHTED,NON-INJURY ACCIDENT (PROPERTY- DAMAGE-ONLY ACCIDENT),DOMESTIC ANIMAL,45.77359183,-111.2058547
C000601E,002+0.984,,GALLATIN,May,2016,15:25,MON,INTERSECTION-RELATED,ROADSIDE RIGHT,RAIN,WET,DAYLIGHT,NON-INJURY ACCIDENT (PROPERTY- DAMAGE-ONLY ACCIDENT),REAR-END,45.77342109,-111.2058547
C000601E,002+0.997,NOT IN CITY LIMITS,GALLATIN,OCTOBER,2017,8:02,MON,INTERSECTION-RELATED,ON ROADWAY,CLEAR,DRY,DAYLIGHT,NON-INJURY ACCIDENT (PROPERTY- DAMAGE-ONLY ACCIDENT),REAR-END,45.77318147,-111.2059209
C000601E,003+0.003,,GALLATIN,August,2014,20:20,FRI,INTERSECTION,ON ROADWAY,CLEAR,DRY,DUSK,NON-INJURY ACCIDENT (PROPERTY- DAMAGE-ONLY ACCIDENT),RIGHT ANGLE,45.77313846,-111.2058075
C000604N,000+0.000,BELGRADE,GALLATIN,MAY,2017,12:10,FRI,INTERSECTION-RELATED,ON ROADWAY,CLEAR,DRY,DAYLIGHT,NON-INJURY ACCIDENT (PROPERTY- DAMAGE-ONLY ACCIDENT),REAR-END,45.77293514,-111.1819084
C000604N,000+0.062,BELGRADE,GALLATIN,JUNE,2017,20:43,THU,INTERSECTION,ON ROADWAY,CLEAR,DRY,DAYLIGHT,NON-INJURY ACCIDENT (PROPERTY- DAMAGE-ONLY ACCIDENT),RIGHT ANGLE,45.77203753,-111.1818624
C000604N,000+0.126,BELGRADE,GALLATIN,October,2013,8:26,WED,INTERSECTION,ON ROADWAY,CLEAR,DRY,DAYLIGHT,POSSIBLE INJURY ACCIDENT,RIGHT ANGLE,45.77200878,-111.1805764
C000604N,000+0.502,BELGRADE,GALLATIN,August,2016,11:50,FRI,NON-JUNCTION,ON ROADWAY,CLEAR,DRY,DAYLIGHT,NON-INJURY ACCIDENT (PROPERTY- DAMAGE-ONLY ACCIDENT),REAR-END,45.77301467,-111.1735419
C000604N,000+0.587,BELGRADE,GALLATIN,November,2016,12:25,SAT,INTERSECTION-RELATED,ON ROADWAY,CLEAR,DRY,DAYLIGHT,POSSIBLE INJURY ACCIDENT,REAR-END,45.77409519,-111.1727993
C000604N,000+0.593,BELGRADE,GALLATIN,April,2014,23:48,WED,INTERSECTION,ON ROADWAY,CLEAR,DRY,DARK-LIGHTED,NON-INJURY ACCIDENT (PROPERTY- DAMAGE-ONLY ACCIDENT),RIGHT ANGLE,45.77412288,-111.1726276
C000604N,000+0.593,BELGRADE,GALLATIN,April,2014,15:00,MON,INTERSECTION,ON ROADWAY,CLEAR,DRY,DAYLIGHT,NON-INJURY ACCIDENT (PROPERTY- DAMAGE-ONLY ACCIDENT),RIGHT ANGLE,45.77412288,-111.1726276
C000604N,000+0.593,ROUNDUP,GALLATIN,June,2014,16:22,MON,INTERSECTION,ON ROADWAY,CLEAR,DRY,DAYLIGHT,NON-INJURY ACCIDENT (PROPERTY- DAMAGE-ONLY ACCIDENT),RIGHT ANGLE,46.44582284,-108.5434776
C000604N,000+0.593,BELGRADE,GALLATIN,JULY,2017,16:45,THU,INTERSECTION-RELATED,ON ROADWAY,CLEAR,DRY,DAYLIGHT,NON-INJURY ACCIDENT (PROPERTY- DAMAGE-ONLY ACCIDENT),REAR-END,45.77410414,-111.1725572
C000607N,000+0.000,BELGRADE,GALLATIN,August,2014,14:40,FRI,INTERSECTION-RELATED,ON ROADWAY,CLEAR,DRY,DAYLIGHT,NON-INJURY ACCIDENT (PROPERTY- DAMAGE-ONLY ACCIDENT),RIGHT ANGLE,45.7749953,-111.1748197
C000607N,000+0.000,BELGRADE,GALLATIN,October,2015,23:10,MON,INTERSECTION,ON ROADWAY,CLEAR,DRY,DARK-LIGHTED,NON-INJURY ACCIDENT (PROPERTY- DAMAGE-ONLY ACCIDENT),RIGHT ANGLE,45.77500098,-111.1747873
C000607N,000+0.091,BELGRADE,GALLATIN,FEBRUARY,2017,14:43,WED,NON-JUNCTION,SHOULDER,CLEAR,ICE/FROST,DAYLIGHT,NON-INJURY ACCIDENT (PROPERTY- DAMAGE-ONLY ACCIDENT),RIGHT ANGLE,45.77666584,-111.1748803
C000607N,000+0.164,BELGRADE,GALLATIN,JANUARY,2017,14:00,THU,INTERSECTION,ON ROADWAY,CLEAR,SNOW,DAYLIGHT,NON-INJURY ACCIDENT (PROPERTY- DAMAGE-ONLY ACCIDENT),RIGHT ANGLE,45.77666004,-111.1749355
C000607N,000+0.191,BELGRADE,GALLATIN,December,2014,17:45,FRI,NON-JUNCTION,IN PARKING LANE OR ZONE,CLEAR,DRY,DARK-LIGHTED,NON-INJURY ACCIDENT (PROPERTY- DAMAGE-ONLY ACCIDENT),REAR TO FRONT,45.77693185,-111.1753442
C000607N,000+0.216,BELGRADE,GALLATIN,August,2014,13:20,TUE,INTERSECTION-RELATED,ON ROADWAY,CLEAR,DRY,DAYLIGHT,NON-INJURY ACCIDENT (PROPERTY- DAMAGE-ONLY ACCIDENT),"SIDESWIPE, SAME DIRECTION",45.77695139,-111.1754459
C000607N,000+0.229,BELGRADE,GALLATIN,April,2015,15:54,MON,INTERSECTION,ON ROADWAY,BLOWING SNOW,WET,DAYLIGHT,NON-INJURY ACCIDENT (PROPERTY- DAMAGE-ONLY ACCIDENT),REAR-END,45.77723798,-111.176
C000607N,000+0.231,BELGRADE,GALLATIN,November,2016,18:00,MON,INTERSECTION,ON ROADWAY,CLEAR,WET,DARK-LIGHTED,NON-INCAPACITATING EVIDENT INJURY ACCIDENT,RIGHT ANGLE,45.77724235,-111.1760545
C000607N,000+0.529,BELGRADE,GALLATIN,February,2014,8:10,THU,INTERSECTION,ON ROADWAY,CLEAR,ICE/FROST,DAYLIGHT,NON-INJURY ACCIDENT (PROPERTY- DAMAGE-ONLY ACCIDENT),REAR-END,45.77982042,-111.1809751
C000608N,000+0.000,BELGRADE,GALLATIN,October,2014,12:00,MON,INTERSECTION,ON ROADWAY,CLEAR,DRY,DAYLIGHT,NON-INCAPACITATING EVIDENT INJURY ACCIDENT,BICYCLE,45.77876067,-111.1821104
C000608N,000+0.008,BELGRADE,GALLATIN,October,2016,15:40,FRI,INTERSECTION,ON ROADWAY,CLEAR,DRY,DAYLIGHT,NON-INJURY ACCIDENT (PROPERTY- DAMAGE-ONLY ACCIDENT),RIGHT ANGLE,45.77883163,-111.182062
C000608N,000+0.011,BELGRADE,GALLATIN,November,2015,8:28,MON,INTERSECTION,ON ROADWAY,CLEAR,SNOW,DAYLIGHT,NON-INJURY ACCIDENT (PROPERTY- DAMAGE-ONLY ACCIDENT),"SIDESWIPE, OPPOSITE DIRECTION",45.77888504,-111.1819718
C000608N,000+0.091,BELGRADE,GALLATIN,JANUARY,2017,11:46,MON,INTERSECTION-RELATED,ROADSIDE RIGHT,CLOUDY,SNOW,DAYLIGHT,NON-INJURY ACCIDENT (PROPERTY- DAMAGE-ONLY ACCIDENT),REAR TO SIDE,45.77982042,-111.1809751
C000608N,000+0.161,BELGRADE,GALLATIN,December,2015,18:40,SAT,NON-JUNCTION,SHOULDER,UNKNOWN,ICE/FROST,DARK-NOT LIGHTED,NON-INJURY ACCIDENT (PROPERTY- DAMAGE-ONLY ACCIDENT),FIXED OBJECT,45.78064645,-111.1801995
C000608N,000+0.201,BELGRADE,GALLATIN,DECEMBER,2017,8:27,WED,DRIVEWAY/ALLEY ACCESS RELATED,ROADSIDE RIGHT,BLOWING SNOW,SNOW,DAYLIGHT,NON-INJURY ACCIDENT (PROPERTY- DAMAGE-ONLY ACCIDENT),RIGHT ANGLE,45.78121678,-111.1801448
C000608N,000+0.385,BELGRADE,GALLATIN,February,2014,20:15,TUE,INTERSECTION-RELATED,ROADSIDE LEFT,CLEAR,ICE/FROST,DARK-LIGHTED,NON-INJURY ACCIDENT (PROPERTY- DAMAGE-ONLY ACCIDENT),FIXED OBJECT,45.78374216,-111.1803048
C000608N,000+0.385,BELGRADE,GALLATIN,January,2016,20:56,SAT,INTERSECTION,SHOULDER,SNOW,SNOW,DARK-LIGHTED,NON-INJURY ACCIDENT (PROPERTY- DAMAGE-ONLY ACCIDENT),FIXED OBJECT,45.78379232,-111.1802937
C000608N,000+0.471,BELGRADE,GALLATIN,April,2013,12:30,THU,INTERSECTION,ON ROADWAY,CLEAR,DRY,DAYLIGHT,NON-INJURY ACCIDENT (PROPERTY- DAMAGE-ONLY ACCIDENT),"LEFT TURN, OPPOSITE DIRECTION",45.78492749,-111.1803048
C000608N,000+0.622,BELGRADE,GALLATIN,March,2014,8:20,TUE,INTERSECTION,ON ROADWAY,UNKNOWN,UNKNOWN,UNKNOWN,NON-INJURY ACCIDENT (PROPERTY- DAMAGE-ONLY ACCIDENT),FIXED OBJECT,45.78711306,-111.1803095
C000608N,000+0.622,BELGRADE,GALLATIN,NOVEMBER,2017,0:00,THU,INTERSECTION-RELATED,OUTSIDE RIGHT-OF-WAY (TRAFFICWAY),CLEAR,SNOW,DARK-UNKNOWN LIGHTING,UNKNOWN,FIXED OBJECT,45.78710493,-111.1802629
C000609N,000+0.000,BELGRADE,GALLATIN,MARCH,2017,16:10,MON,INTERSECTION,ON ROADWAY,CLEAR,DRY,DAYLIGHT,NON-INJURY ACCIDENT (PROPERTY- DAMAGE-ONLY ACCIDENT),RIGHT ANGLE,45.79140797,-111.1822809
C000609N,000+0.123,BELGRADE,GALLATIN,October,2013,12:50,TUE,INTERSECTION,ON ROADWAY,CLEAR,DRY,DAYLIGHT,NON-INJURY ACCIDENT (PROPERTY- DAMAGE-ONLY ACCIDENT),RIGHT ANGLE,45.79140797,-111.1822809
C000610N,000+0.000,,GALLATIN,September,2014,5:40,TUE,INTERSECTION,ON ROADWAY,CLEAR,DRY,DARK-LIGHTED,NON-INJURY ACCIDENT (PROPERTY- DAMAGE-ONLY ACCIDENT),FIRE/ EXPLOSION,45.7680218,-111.1611785
C000610N,000+0.011,BELGRADE,GALLATIN,June,2014,5:47,TUE,INTERSECTION,ON ROADWAY,RAIN,WET,DAYLIGHT,NON-INJURY ACCIDENT (PROPERTY- DAMAGE-ONLY ACCIDENT),REAR-END,45.76804234,-111.1611306
C000610N,000+0.260,,GALLATIN,March,2014,17:42,TUE,NON-JUNCTION,ON ROADWAY,CLEAR,DRY,DAYLIGHT,POSSIBLE INJURY ACCIDENT,REAR-END,45.77095854,-111.157742
C229253W,000+0.324,,GALLATIN,July,2016,18:00,THU,NON-JUNCTION,ROADSIDE LEFT,CLOUDY,DRY,DAYLIGHT,POSSIBLE INJURY ACCIDENT,OTHER,45.88237414,-111.4443538
C291370N,000+0.110,,GALLATIN,June,2016,17:15,FRI,INTERSECTION,ON ROADWAY,CLEAR,DRY,DAYLIGHT,INCAPACITATING INJURY ACCIDENT,BICYCLE,45.66951253,-111.1364206
C001201S,000+0.000,BOZEMAN,GALLATIN,November,2014,13:10,TUE,INTERSECTION-RELATED,ON ROADWAY,CLEAR,SNOW,DAYLIGHT,NON-INJURY ACCIDENT (PROPERTY- DAMAGE-ONLY ACCIDENT),REAR-END,45.7206,-111.06662
C001201S,000+0.000,BOZEMAN,GALLATIN,December,2014,15:30,SAT,NON-JUNCTION,OUTSIDE RIGHT-OF-WAY (TRAFFICWAY),CLOUDY,DRY,DAYLIGHT,UNKNOWN,FIXED OBJECT,45.72059162,-111.0666156
C001201S,000+0.090,,GALLATIN,September,2013,13:19,FRI,ENTRANCE/EXIT RAMP,ON ROADWAY,CLEAR,DRY,DAYLIGHT,NON-INJURY ACCIDENT (PROPERTY- DAMAGE-ONLY ACCIDENT),REAR-END,45.72017597,-111.0647174
C001201S,000+0.164,BOZEMAN,GALLATIN,March,2016,21:52,FRI,NON-JUNCTION,SHOULDER,CLEAR,DRY,DARK-LIGHTED,NON-INCAPACITATING EVIDENT INJURY ACCIDENT,ROLL OVER,45.71941422,-111.0637816
C001201S,000+0.394,BOZEMAN,GALLATIN,FEBRUARY,2017,8:20,FRI,INTERSECTION,ON ROADWAY,SNOW,ICE/FROST,DAYLIGHT,NON-INJURY ACCIDENT (PROPERTY- DAMAGE-ONLY ACCIDENT),REAR-END,45.71593312,-111.0636371
C001201S,000+0.407,BOZEMAN,GALLATIN,NOVEMBER,2017,2:57,THU,INTERSECTION,ROADSIDE RIGHT,CLEAR,DRY,DARK-LIGHTED,NON-INJURY ACCIDENT (PROPERTY- DAMAGE-ONLY ACCIDENT),FIXED OBJECT,45.71601603,-111.0636594
C001201S,000+0.420,BOZEMAN,GALLATIN,MARCH,2017,10:26,THU,INTERSECTION,ON ROADWAY,CLEAR,WET,DAYLIGHT,POSSIBLE INJURY ACCIDENT,RIGHT ANGLE,45.71580672,-111.0636557
C001201S,000+0.426,NOT IN CITY LIMITS,GALLATIN,MAY,2017,16:20,FRI,INTERSECTION-RELATED,ON ROADWAY,CLOUDY,DRY,DAYLIGHT,NON-INJURY ACCIDENT (PROPERTY- DAMAGE-ONLY ACCIDENT),REAR-END,45.71576407,-111.0635614
C001201S,000+0.438,BOZEMAN,GALLATIN,July,2016,15:17,FRI,INTERSECTION-RELATED,ON ROADWAY,CLOUDY,DRY,DAYLIGHT,NON-INJURY ACCIDENT (PROPERTY- DAMAGE-ONLY ACCIDENT),REAR-END,45.71555237,-111.0637818
C001201S,000+0.440,BOZEMAN,GALLATIN,February,2013,23:18,THU,INTERSECTION-RELATED,ON ROADWAY,CLEAR,DRY,DARK-LIGHTED,NON-INJURY ACCIDENT (PROPERTY- DAMAGE-ONLY ACCIDENT),REAR-END,45.71554,-111.0637833
C001201S,000+0.457,BOZEMAN,GALLATIN,December,2014,18:45,FRI,INTERSECTION,ON ROADWAY,CLEAR,DRY,DARK-LIGHTED,NON-INJURY ACCIDENT (PROPERTY- DAMAGE-ONLY ACCIDENT),REAR-END,45.71532043,-111.0639354
C001201S,000+0.457,BOZEMAN,GALLATIN,MAY,2017,5:53,FRI,THROUGH ROADWAY,ON ROADWAY,CLEAR,DRY,DAYLIGHT,NON-INJURY ACCIDENT (PROPERTY- DAMAGE-ONLY ACCIDENT),REAR-END,45.71536231,-111.0639047
C001201S,000+0.463,BOZEMAN,GALLATIN,May,2014,18:48,SUN,INTERSECTION-RELATED,ON ROADWAY,CLEAR,DRY,DAYLIGHT,NON-INJURY ACCIDENT (PROPERTY- DAMAGE-ONLY ACCIDENT),RIGHT ANGLE,45.71524121,-111.0639394
C001201S,000+0.469,BOZEMAN,GALLATIN,June,2014,16:29,MON,ENTRANCE/EXIT RAMP,ON ROADWAY,CLEAR,DRY,DAYLIGHT,NON-INJURY ACCIDENT (PROPERTY- DAMAGE-ONLY ACCIDENT),RIGHT ANGLE,45.71519284,-111.0639717
C001201S,000+0.494,BOZEMAN,GALLATIN,January,2014,20:26,FRI,INTERSECTION-RELATED,SHOULDER,CLEAR,DRY,DARK-LIGHTED,NON-INJURY ACCIDENT (PROPERTY- DAMAGE-ONLY ACCIDENT),FIXED OBJECT,45.7148598,-111.06413
C001201S,000+0.630,BOZEMAN,GALLATIN,May,2016,16:30,FRI,THROUGH ROADWAY,ON ROADWAY,CLOUDY,DRY,DAYLIGHT,NON-INJURY ACCIDENT (PROPERTY- DAMAGE-ONLY ACCIDENT),REAR-END,45.71293598,-111.0648063
C001201S,000+0.723,BOZEMAN,GALLATIN,JANUARY,2017,16:58,MON,INTERSECTION,ON ROADWAY,CLOUDY,SNOW,DARK-LIGHTED,NON-INCAPACITATING EVIDENT INJURY ACCIDENT,RIGHT ANGLE,45.71159464,-111.0653114
C001201S,000+0.736,BOZEMAN,GALLATIN,DECEMBER,2017,10:57,SUN,INTERSECTION-RELATED,ON ROADWAY,CLEAR,SNOW,DAYLIGHT,NON-INCAPACITATING EVIDENT INJURY ACCIDENT,OTHER,45.71139953,-111.0653918
C001201S,000+0.754,BOZEMAN,GALLATIN,June,2014,17:40,MON,INTERSECTION-RELATED,ON ROADWAY,CLEAR,DRY,DAYLIGHT,POSSIBLE INJURY ACCIDENT,REAR-END,45.71113041,-111.0654448
C001201S,000+0.804,BOZEMAN,GALLATIN,SEPTEMBER,2017,14:30,TUE,INTERSECTION-RELATED,ON ROADWAY,CLOUDY,DRY,DAYLIGHT,POSSIBLE INJURY ACCIDENT,REAR-END,45.71043097,-111.0654442
C001201S,000+0.818,BOZEMAN,GALLATIN,June,2016,15:23,FRI,NON-JUNCTION,ON ROADWAY,CLEAR,DRY,DAYLIGHT,POSSIBLE INJURY ACCIDENT,HEAD ON,45.71021532,-111.0656089
C001201S,000+0.818,BOZEMAN,GALLATIN,March,2016,16:50,MON,NON-JUNCTION,ON ROADWAY,CLEAR,DRY,DAYLIGHT,NON-INJURY ACCIDENT (PROPERTY- DAMAGE-ONLY ACCIDENT),REAR-END,45.71023778,-111.0655072
C001201S,000+0.823,BOZEMAN,GALLATIN,December,2014,17:12,FRI,INTERSECTION-RELATED,ON ROADWAY,CLEAR,DRY,DARK-LIGHTED,NON-INCAPACITATING EVIDENT INJURY ACCIDENT,REAR-END,45.71017209,-111.0655081
C001201S,000+0.823,BOZEMAN,GALLATIN,May,2016,17:53,THU,NON-JUNCTION,ON ROADWAY,CLOUDY,WET,DAYLIGHT,NON-INJURY ACCIDENT (PROPERTY- DAMAGE-ONLY ACCIDENT),REAR-END,45.71017882,-111.065508
C001201S,000+0.823,BOZEMAN,GALLATIN,February,2016,18:01,FRI,INTERSECTION,ON ROADWAY,CLEAR,DRY,DARK-LIGHTED,NON-INJURY ACCIDENT (PROPERTY- DAMAGE-ONLY ACCIDENT),REAR-END,45.71017583,-111.0655234
C001201S,000+0.823,BOZEMAN,GALLATIN,JANUARY,2017,12:55,WED,INTERSECTION,ON ROADWAY,CLEAR,DRY,DAYLIGHT,NON-INJURY ACCIDENT (PROPERTY- DAMAGE-ONLY ACCIDENT),RIGHT ANGLE,45.71024743,-111.0654809
C001201S,000+0.823,BOZEMAN,GALLATIN,JANUARY,2017,15:16,SUN,NON-JUNCTION,ON ROADWAY,CLEAR,WET,DAYLIGHT,NON-INJURY ACCIDENT (PROPERTY- DAMAGE-ONLY ACCIDENT),REAR-END,45.71024743,-111.0654809
C001201S,000+0.853,BOZEMAN,GALLATIN,November,2016,0:00,FRI,NON-JUNCTION,ON ROADWAY,CLEAR,DRY,DAYLIGHT,NON-INJURY ACCIDENT (PROPERTY- DAMAGE-ONLY ACCIDENT),REAR-END,45.70976786,-111.0655063
C001201S,000+0.866,BOZEMAN,GALLATIN,SEPTEMBER,2017,11:55,SUN,INTERSECTION-RELATED,ON ROADWAY,CLEAR,DRY,DAYLIGHT,NON-INJURY ACCIDENT (PROPERTY- DAMAGE-ONLY ACCIDENT),REAR-END,45.70955892,-111.0655234
C001201S,000+0.921,BOZEMAN,GALLATIN,February,2015,17:23,TUE,DRIVEWAY/ALLEY ACCESS RELATED,ON ROADWAY,CLOUDY,DRY,DUSK,NON-INJURY ACCIDENT (PROPERTY- DAMAGE-ONLY ACCIDENT),"LEFT TURN, SAME DIRECTION",45.70875506,-111.0654078
C001201S,000+0.934,BOZEMAN,GALLATIN,January,2014,17:35,FRI,INTERSECTION-RELATED,ON ROADWAY,CLEAR,DRY,DARK-LIGHTED,NON-INCAPACITATING EVIDENT INJURY ACCIDENT,REAR-END,45.70852877,-111.0655243
C001201S,000+0.980,BOZEMAN,GALLATIN,December,2013,17:51,FRI,INTERSECTION-RELATED,ON ROADWAY,CLEAR,ICE/FROST,DARK-LIGHTED,NON-INJURY ACCIDENT (PROPERTY- DAMAGE-ONLY ACCIDENT),REAR-END,45.70778165,-111.0656415
C001201S,000+0.983,BOZEMAN,GALLATIN,July,2016,17:08,FRI,NON-JUNCTION,ON ROADWAY,CLOUDY,DRY,DAYLIGHT,POSSIBLE INJURY ACCIDENT,REAR-END,45.70783805,-111.0654931
C001201S,001+0.000,BOZEMAN,GALLATIN,December,2013,15:27,TUE,INTERSECTION-RELATED,ON ROADWAY,CLOUDY,ICE/FROST,DAYLIGHT,NON-INJURY ACCIDENT (PROPERTY- DAMAGE-ONLY ACCIDENT),REAR-END,45.70748601,-111.0655458
C001201S,001+0.001,BOZEMAN,GALLATIN,October,2015,20:49,SAT,INTERSECTION,ON ROADWAY,CLEAR,DRY,DARK-LIGHTED,NON-INJURY ACCIDENT (PROPERTY- DAMAGE-ONLY ACCIDENT),"LEFT TURN, OPPOSITE DIRECTION",45.70756606,-111.0655446
C001201S,001+0.001,BOZEMAN,GALLATIN,August,2015,14:47,MON,INTERSECTION-RELATED,ON ROADWAY,CLEAR,DRY,DAYLIGHT,NON-INJURY ACCIDENT (PROPERTY- DAMAGE-ONLY ACCIDENT),REAR-END,45.70757846,-111.0655299
C001201S,001+0.001,BOZEMAN,GALLATIN,November,2015,9:06,FRI,INTERSECTION,ON ROADWAY,CLEAR,SNOW,DAYLIGHT,NON-INJURY ACCIDENT (PROPERTY- DAMAGE-ONLY ACCIDENT),RIGHT ANGLE,45.70757777,-111.0655434
C001201S,001+0.001,BOZEMAN,GALLATIN,October,2015,13:48,FRI,INTERSECTION,ON ROADWAY,CLEAR,DRY,DAYLIGHT,NON-INJURY ACCIDENT (PROPERTY- DAMAGE-ONLY ACCIDENT),HEAD ON,45.70757833,-111.0655494
C001201S,001+0.005,BOZEMAN,GALLATIN,May,2013,15:40,FRI,INTERSECTION-RELATED,ON ROADWAY,CLEAR,DRY,DAYLIGHT,POSSIBLE INJURY ACCIDENT,REAR-END,45.7075409,-111.0655214
C001201S,001+0.005,BOZEMAN,GALLATIN,February,2013,15:19,TUE,INTERSECTION-RELATED,ON ROADWAY,CLOUDY,DRY,DAYLIGHT,NON-INJURY ACCIDENT (PROPERTY- DAMAGE-ONLY ACCIDENT),REAR-END,45.7075409,-111.0655214
C001201S,001+0.005,BOZEMAN,GALLATIN,April,2013,18:52,TUE,INTERSECTION-RELATED,ON ROADWAY,CLOUDY,DRY,DAYLIGHT,NON-INJURY ACCIDENT (PROPERTY- DAMAGE-ONLY ACCIDENT),REAR-END,45.7075409,-111.0655214
C001201S,001+0.005,BOZEMAN,GALLATIN,July,2013,17:40,WED,INTERSECTION,ON ROADWAY,CLEAR,DRY,DAYLIGHT,NON-INCAPACITATING EVIDENT INJURY ACCIDENT,LOST CONTROL,45.7075409,-111.0655214
C001201S,001+0.008,BOZEMAN,GALLATIN,April,2015,13:50,TUE,INTERSECTION-RELATED,ON ROADWAY,CLEAR,DRY,DAYLIGHT,NON-INJURY ACCIDENT (PROPERTY- DAMAGE-ONLY ACCIDENT),REAR-END,45.70748518,-111.0655352
C001201S,001+0.014,BOZEMAN,GALLATIN,December,2015,10:54,WED,INTERSECTION-RELATED,ON ROADWAY,CLEAR,ICE/FROST,DAYLIGHT,POSSIBLE INJURY ACCIDENT,REAR-END,45.70738145,-111.065509
C001201S,001+0.027,BOZEMAN,GALLATIN,August,2014,13:09,TUE,INTERSECTION-RELATED,ON ROADWAY,CLOUDY,DRY,DAYLIGHT,NON-INJURY ACCIDENT (PROPERTY- DAMAGE-ONLY ACCIDENT),REAR-END,45.70718742,-111.0654879
C001201S,001+0.027,BOZEMAN,GALLATIN,December,2016,12:46,SAT,INTERSECTION-RELATED,ON ROADWAY,CLEAR,ICE/FROST,DAYLIGHT,NON-INJURY ACCIDENT (PROPERTY- DAMAGE-ONLY ACCIDENT),REAR-END,45.70724587,-111.0655462
C001201S,001+0.070,BOZEMAN,GALLATIN,November,2015,12:42,SUN,NON-JUNCTION,ON ROADWAY,CLEAR,DRY,DAYLIGHT,NON-INCAPACITATING EVIDENT INJURY ACCIDENT,REAR-END,45.70660233,-111.0655367
C001201S,001+0.095,BOZEMAN,GALLATIN,December,2015,13:56,SAT,NON-JUNCTION,ON ROADWAY,CLEAR,SNOW,DAYLIGHT,NON-INJURY ACCIDENT (PROPERTY- DAMAGE-ONLY ACCIDENT),REAR-END,45.70625089,-111.0655093
C001201S,001+0.117,BOZEMAN,GALLATIN,October,2013,17:27,WED,ACCELERATION/DECELERATION LANE,ON ROADWAY,CLEAR,DRY,DAYLIGHT,POSSIBLE INJURY ACCIDENT,REAR-END,45.70491149,-111.0656753
C001201S,001+0.117,BOZEMAN,GALLATIN,August,2013,17:11,FRI,INTERSECTION-RELATED,ON ROADWAY,CLEAR,DRY,DAYLIGHT,NON-INJURY ACCIDENT (PROPERTY- DAMAGE-ONLY ACCIDENT),REAR-END,45.70431194,-111.0655502
C001201S,001+0.120,BOZEMAN,GALLATIN,February,2016,15:29,FRI,INTERSECTION-RELATED,ON ROADWAY,CLEAR,DRY,DAYLIGHT,POSSIBLE INJURY ACCIDENT,REAR-END,45.70591342,-111.0655061
C001201S,001+0.138,BOZEMAN,GALLATIN,October,2014,11:40,SAT,THROUGH ROADWAY,ON ROADWAY,CLEAR,DRY,DAYLIGHT,NON-INJURY ACCIDENT (PROPERTY- DAMAGE-ONLY ACCIDENT),REAR-END,45.70561893,-111.0655491