MDT_CORRIDOR_ID,SMS_REFPOST_OFFSET,CITY,COUNTY,Month,Year,SMS_TIME,SMT_CRASH_OCC_DAY_OF_WEEK,JUNCTION_RELATED,ROADWAY_RELATED,WEATHER_COND,ROAD_COND,LIGHT_COND,CRASH_SEVERITY,COLLISION_TYPE,LATITUDE,LONGITUDE
C001201S,001+0.194,BOZEMAN,GALLATIN,August,2016,14:43,THU,NON-JUNCTION,ON ROADWAY,CLEAR,DRY,DAYLIGHT,NON-INJURY ACCIDENT (PROPERTY- DAMAGE-ONLY ACCIDENT),REAR-END,45.70475727,-111.0655202
C001201S,001+0.194,BOZEMAN,GALLATIN,OCTOBER,2017,17:13,THU,NON-JUNCTION,ON ROADWAY,CLOUDY,DRY,DAYLIGHT,NON-INJURY ACCIDENT (PROPERTY- DAMAGE-ONLY ACCIDENT),REAR-END,45.70479971,-111.0655177
C001201S,001+0.225,BOZEMAN,GALLATIN,APRIL,2017,20:52,MON,NON-JUNCTION,ON ROADWAY,SNOW,SNOW,DARK-LIGHTED,NON-INJURY ACCIDENT (PROPERTY- DAMAGE-ONLY ACCIDENT),OTHER,45.70433717,-111.0655809
C001201S,001+0.228,BOZEMAN,GALLATIN,July,2013,13:53,WED,INTERSECTION-RELATED,ON ROADWAY,CLEAR,DRY,DAYLIGHT,POSSIBLE INJURY ACCIDENT,REAR-END,45.70431194,-111.0655502
C001201S,001+0.228,BOZEMAN,GALLATIN,May,2013,14:20,SAT,INTERSECTION-RELATED,ON ROADWAY,CLOUDY,DRY,DAYLIGHT,POSSIBLE INJURY ACCIDENT,REAR-END,45.70431194,-111.0655502
C001201S,001+0.244,BOZEMAN,GALLATIN,June,2016,15:52,WED,NON-JUNCTION,ON ROADWAY,CLEAR,DRY,DAYLIGHT,POSSIBLE INJURY ACCIDENT,REAR-END,45.70408105,-111.0655206
C001201S,001+0.250,BOZEMAN,GALLATIN,December,2013,16:45,THU,NON-JUNCTION,MEDIAN,CLEAR,SLUSH,DAYLIGHT,NON-INJURY ACCIDENT (PROPERTY- DAMAGE-ONLY ACCIDENT),FIXED OBJECT,45.70399321,-111.0655721
C001201S,001+0.293,BOZEMAN,GALLATIN,NOVEMBER,2017,9:46,WED,NON-JUNCTION,ROADSIDE RIGHT,CLOUDY,ICE/FROST,DAYLIGHT,NON-INJURY ACCIDENT (PROPERTY- DAMAGE-ONLY ACCIDENT),ROLL OVER,45.70341113,-111.06573
C001201S,001+0.324,BOZEMAN,GALLATIN,October,2014,11:52,SAT,NON-JUNCTION,ON ROADWAY,CLEAR,DRY,DAYLIGHT,NON-INJURY ACCIDENT (PROPERTY- DAMAGE-ONLY ACCIDENT),REAR-END,45.70295214,-111.0655726
C001201S,001+0.502,BOZEMAN,GALLATIN,March,2016,19:16,TUE,INTERSECTION,ON ROADWAY,CLEAR,WET,DARK-LIGHTED,NON-INJURY ACCIDENT (PROPERTY- DAMAGE-ONLY ACCIDENT),HEAD ON,45.7003359,-111.0652815
C001201S,001+0.507,BOZEMAN,GALLATIN,November,2013,17:30,WED,INTERSECTION-RELATED,ON ROADWAY,CLEAR,DRY,DARK-LIGHTED,NON-INJURY ACCIDENT (PROPERTY- DAMAGE-ONLY ACCIDENT),REAR-END,45.70030116,-111.0652585
C001201S,001+0.507,BOZEMAN,GALLATIN,August,2013,14:59,THU,INTERSECTION-RELATED,ON ROADWAY,CLOUDY,DRY,DAYLIGHT,NON-INJURY ACCIDENT (PROPERTY- DAMAGE-ONLY ACCIDENT),REAR-END,45.70029029,-111.0652831
C001201S,001+0.507,BOZEMAN,GALLATIN,March,2013,13:52,SAT,INTERSECTION-RELATED,ON ROADWAY,CLOUDY,DRY,DAYLIGHT,NON-INJURY ACCIDENT (PROPERTY- DAMAGE-ONLY ACCIDENT),REAR-END,45.70029029,-111.0652831
C001201S,001+0.507,BOZEMAN,GALLATIN,January,2013,13:31,WED,INTERSECTION,ON ROADWAY,CLEAR,WET,DAYLIGHT,POSSIBLE INJURY ACCIDENT,RIGHT ANGLE,45.70029029,-111.0652831
C001201S,001+0.507,BOZEMAN,GALLATIN,February,2013,12:06,TUE,INTERSECTION-RELATED,ON ROADWAY,CLEAR,DRY,DAYLIGHT,NON-INJURY ACCIDENT (PROPERTY- DAMAGE-ONLY ACCIDENT),REAR-END,45.70029029,-111.0652831
C001201S,001+0.507,BOZEMAN,GALLATIN,JANUARY,2017,15:10,TUE,INTERSECTION,ON ROADWAY,CLOUDY,WET,DAYLIGHT,NON-INJURY ACCIDENT (PROPERTY- DAMAGE-ONLY ACCIDENT),RIGHT ANGLE,45.69664224,-111.0625698
C001201S,001+0.518,BOZEMAN,GALLATIN,September,2014,15:05,TUE,INTERSECTION-RELATED,ON ROADWAY,CLEAR,DRY,DAYLIGHT,POSSIBLE INJURY ACCIDENT,REAR-END,45.70009464,-111.0652419
C001201S,001+0.530,BOZEMAN,GALLATIN,October,2016,19:01,WED,INTERSECTION-RELATED,ON ROADWAY,CLEAR,DRY,DUSK,NON-INJURY ACCIDENT (PROPERTY- DAMAGE-ONLY ACCIDENT),"SIDESWIPE, OPPOSITE DIRECTION",45.6999755,-111.0651735
C001201S,001+0.530,BOZEMAN,GALLATIN,NOVEMBER,2017,10:17,THU,INTERSECTION-RELATED,ON ROADWAY,SNOW,ICE/FROST,DAYLIGHT,NON-INJURY ACCIDENT (PROPERTY- DAMAGE-ONLY ACCIDENT),REAR-END,45.70000645,-111.0651761
C001201S,001+0.536,BOZEMAN,GALLATIN,November,2015,11:22,MON,INTERSECTION-RELATED,ON ROADWAY,CLEAR,DRY,DAYLIGHT,NON-INJURY ACCIDENT (PROPERTY- DAMAGE-ONLY ACCIDENT),REAR-END,45.69988233,-111.0651041
C001201S,001+0.562,BOZEMAN,GALLATIN,January,2014,16:26,FRI,INTERSECTION-RELATED,ON ROADWAY,CLOUDY,WET,DAYLIGHT,POSSIBLE INJURY ACCIDENT,REAR-END,45.69954921,-111.0647874
C001201S,001+0.586,BOZEMAN,GALLATIN,September,2014,15:11,TUE,DRIVEWAY/ALLEY ACCESS RELATED,MEDIAN,RAIN,WET,DAYLIGHT,NON-INJURY ACCIDENT (PROPERTY- DAMAGE-ONLY ACCIDENT),FIXED OBJECT,45.69914136,-111.0647454
C001201S,001+0.655,BOZEMAN,GALLATIN,SEPTEMBER,2017,12:12,SAT,INTERSECTION-RELATED,ON ROADWAY,CLOUDY,DRY,DAYLIGHT,NON-INJURY ACCIDENT (PROPERTY- DAMAGE-ONLY ACCIDENT),REAR-END,45.69840148,-111.0638751
C001201S,001+0.658,BOZEMAN,GALLATIN,March,2013,16:07,FRI,INTERSECTION,ON ROADWAY,CLOUDY,DRY,DAYLIGHT,NON-INJURY ACCIDENT (PROPERTY- DAMAGE-ONLY ACCIDENT),"LEFT TURN, OPPOSITE DIRECTION",45.69836747,-111.0638156
C001201S,001+0.667,BOZEMAN,GALLATIN,December,2015,17:00,FRI,NON-JUNCTION,ON ROADWAY,CLEAR,ICE/FROST,DARK-NOT LIGHTED,POSSIBLE INJURY ACCIDENT,REAR-END,45.69825281,-111.0637542
C001201S,001+0.716,BOZEMAN,GALLATIN,November,2015,17:15,FRI,THROUGH ROADWAY,ON ROADWAY,CLEAR,DRY,DARK-LIGHTED,POSSIBLE INJURY ACCIDENT,REAR-END,45.69760843,-111.0631781
C001201S,001+0.785,BOZEMAN,GALLATIN,September,2016,10:26,SUN,INTERSECTION,ON ROADWAY,RAIN,WET,DAYLIGHT,NON-INJURY ACCIDENT (PROPERTY- DAMAGE-ONLY ACCIDENT),RIGHT ANGLE,45.69675343,-111.0626524
C001201S,001+0.790,BOZEMAN,GALLATIN,December,2013,14:30,MON,INTERSECTION,ON ROADWAY,CLEAR,SNOW,DAYLIGHT,NON-INJURY ACCIDENT (PROPERTY- DAMAGE-ONLY ACCIDENT),RIGHT ANGLE,45.69664892,-111.0626613
C001201S,001+0.791,BOZEMAN,GALLATIN,January,2014,13:45,MON,INTERSECTION,ON ROADWAY,CLOUDY,ICE/FROST,DAYLIGHT,NON-INJURY ACCIDENT (PROPERTY- DAMAGE-ONLY ACCIDENT),RIGHT ANGLE,45.69664835,-111.0626144
C001201S,001+0.791,BOZEMAN,GALLATIN,December,2014,20:40,FRI,INTERSECTION,ON ROADWAY,CLOUDY,ICE/FROST,DARK-LIGHTED,NON-INJURY ACCIDENT (PROPERTY- DAMAGE-ONLY ACCIDENT),RIGHT ANGLE,45.6966637,-111.0626327
C001201S,001+0.791,BOZEMAN,GALLATIN,November,2014,10:00,FRI,INTERSECTION,ON ROADWAY,CLEAR,DRY,DAYLIGHT,NON-INJURY ACCIDENT (PROPERTY- DAMAGE-ONLY ACCIDENT),HEAD ON,45.6966681,-111.0626329
C001201S,001+0.791,BOZEMAN,GALLATIN,December,2014,14:26,MON,INTERSECTION-RELATED,ON ROADWAY,CLEAR,SLUSH,DAYLIGHT,NON-INJURY ACCIDENT (PROPERTY- DAMAGE-ONLY ACCIDENT),OTHER,45.69667913,-111.0626616
C001201S,001+0.791,BOZEMAN,GALLATIN,May,2015,17:24,FRI,INTERSECTION,ON ROADWAY,CLEAR,DRY,DAYLIGHT,POSSIBLE INJURY ACCIDENT,RIGHT ANGLE,45.69666922,-111.0626203
C001201S,001+0.791,BOZEMAN,GALLATIN,September,2016,20:21,THU,INTERSECTION,ON ROADWAY,CLEAR,DRY,DARK-LIGHTED,POSSIBLE INJURY ACCIDENT,RIGHT ANGLE,45.69666521,-111.0626317
C001201S,001+0.791,BOZEMAN,GALLATIN,December,2016,12:05,SAT,INTERSECTION-RELATED,ON ROADWAY,CLEAR,ICE/FROST,DAYLIGHT,NON-INJURY ACCIDENT (PROPERTY- DAMAGE-ONLY ACCIDENT),REAR-END,45.6966566,-111.0625983
C001201S,001+0.791,BOZEMAN,GALLATIN,December,2016,18:49,FRI,INTERSECTION,ON ROADWAY,SNOW,SNOW,DARK-LIGHTED,NON-INJURY ACCIDENT (PROPERTY- DAMAGE-ONLY ACCIDENT),HEAD ON,45.69668187,-111.0626
C001201S,001+0.791,BOZEMAN,GALLATIN,APRIL,2017,14:40,WED,INTERSECTION,ON ROADWAY,CLEAR,DRY,DAYLIGHT,POSSIBLE INJURY ACCIDENT,"LEFT TURN, SAME DIRECTION",45.69666105,-111.0626223
C001201S,001+0.793,BOZEMAN,GALLATIN,August,2013,13:28,WED,INTERSECTION-RELATED,ON ROADWAY,CLOUDY,DRY,DAYLIGHT,POSSIBLE INJURY ACCIDENT,REAR-END,45.69664224,-111.0625698
C001201S,001+0.793,BOZEMAN,GALLATIN,January,2013,16:49,SAT,INTERSECTION,ON ROADWAY,CLOUDY,ICE/FROST,DAYLIGHT,NON-INJURY ACCIDENT (PROPERTY- DAMAGE-ONLY ACCIDENT),"LEFT TURN, OPPOSITE DIRECTION",45.69664224,-111.0625698
C001201S,001+0.793,BOZEMAN,GALLATIN,January,2013,12:14,WED,INTERSECTION-RELATED,ON ROADWAY,CLEAR,DRY,DAYLIGHT,NON-INJURY ACCIDENT (PROPERTY- DAMAGE-ONLY ACCIDENT),REAR-END,45.69664224,-111.0625698
C001201S,001+0.793,BOZEMAN,GALLATIN,July,2013,9:53,THU,INTERSECTION,ON ROADWAY,CLEAR,DRY,DAYLIGHT,NON-INJURY ACCIDENT (PROPERTY- DAMAGE-ONLY ACCIDENT),RIGHT ANGLE,45.69664224,-111.0625698
C001201S,001+0.890,BOZEMAN,GALLATIN,August,2015,16:13,WED,NON-JUNCTION,ON ROADWAY,CLOUDY,DRY,DAYLIGHT,POSSIBLE INJURY ACCIDENT,REAR-END,45.69528351,-111.0624
C001201S,001+0.915,BOZEMAN,GALLATIN,February,2016,15:45,THU,INTERSECTION-RELATED,ON ROADWAY,SNOW,WET,DAYLIGHT,NON-INJURY ACCIDENT (PROPERTY- DAMAGE-ONLY ACCIDENT),REAR-END,45.69490175,-111.0624357
C001201S,001+0.915,BOZEMAN,GALLATIN,DECEMBER,2017,13:49,SAT,NON-JUNCTION,ON ROADWAY,SNOW,SNOW,DAYLIGHT,NON-INJURY ACCIDENT (PROPERTY- DAMAGE-ONLY ACCIDENT),"LEFT TURN, SAME DIRECTION",45.69486514,-111.0624323
C001201S,001+0.927,BOZEMAN,GALLATIN,October,2015,11:51,THU,NON-JUNCTION,ON ROADWAY,CLEAR,DRY,DAYLIGHT,NON-INJURY ACCIDENT (PROPERTY- DAMAGE-ONLY ACCIDENT),REAR-END,45.69473054,-111.0624607
C001201S,001+0.965,BOZEMAN,GALLATIN,October,2015,15:41,FRI,ACCELERATION/DECELERATION LANE,ON ROADWAY,CLEAR,DRY,DAYLIGHT,NON-INCAPACITATING EVIDENT INJURY ACCIDENT,REAR-END,45.69417429,-111.0624367
C001201S,001+0.995,BOZEMAN,GALLATIN,December,2014,17:37,TUE,THROUGH ROADWAY,ON ROADWAY,CLOUDY,DRY,DARK-LIGHTED,NON-INJURY ACCIDENT (PROPERTY- DAMAGE-ONLY ACCIDENT),RIGHT ANGLE,45.69373602,-111.0624093
C001201S,002+0.000,BOZEMAN,GALLATIN,September,2014,17:58,MON,NON-JUNCTION,ON ROADWAY,CLEAR,DRY,DAYLIGHT,NON-INJURY ACCIDENT (PROPERTY- DAMAGE-ONLY ACCIDENT),REAR-END,45.69366217,-111.0624485
C001201S,002+0.007,BOZEMAN,GALLATIN,December,2014,17:30,SAT,INTERSECTION-RELATED,ON ROADWAY,CLOUDY,WET,DARK-LIGHTED,NON-INJURY ACCIDENT (PROPERTY- DAMAGE-ONLY ACCIDENT),REAR-END,45.69354205,-111.0624276
C001201S,002+0.007,BOZEMAN,GALLATIN,August,2016,18:06,SUN,NON-JUNCTION,ON ROADWAY,CLEAR,DRY,DAYLIGHT,NON-INCAPACITATING EVIDENT INJURY ACCIDENT,OTHER,45.69350118,-111.0624656
C001201S,002+0.032,BOZEMAN,GALLATIN,January,2014,17:59,WED,INTERSECTION,ON ROADWAY,CLEAR,DRY,DARK-LIGHTED,POSSIBLE INJURY ACCIDENT,"LEFT TURN, OPPOSITE DIRECTION",45.69318596,-111.0624903
C001201S,002+0.032,BOZEMAN,GALLATIN,December,2015,20:25,WED,INTERSECTION,ON ROADWAY,CLEAR,DRY,DARK-LIGHTED,POSSIBLE INJURY ACCIDENT,"LEFT TURN, SAME DIRECTION",45.69315526,-111.0625067
C001201S,002+0.032,BOZEMAN,GALLATIN,September,2016,20:57,WED,INTERSECTION,ON ROADWAY,CLEAR,DRY,DARK-LIGHTED,NON-INJURY ACCIDENT (PROPERTY- DAMAGE-ONLY ACCIDENT),HEAD ON,45.69322736,-111.0625314
C001201S,002+0.032,BOZEMAN,GALLATIN,FEBRUARY,2017,21:18,TUE,INTERSECTION,ON ROADWAY,SNOW,SNOW,DARK-LIGHTED,NON-INJURY ACCIDENT (PROPERTY- DAMAGE-ONLY ACCIDENT),OTHER,45.69310869,-111.0624579
C001201S,002+0.032,BOZEMAN,GALLATIN,JANUARY,2017,17:40,MON,INTERSECTION,ON ROADWAY,SNOW,SNOW,DARK-LIGHTED,NON-INJURY ACCIDENT (PROPERTY- DAMAGE-ONLY ACCIDENT),HEAD ON,45.69315272,-111.0624767
C001201S,002+0.032,BOZEMAN,GALLATIN,JULY,2017,10:12,SAT,INTERSECTION,ON ROADWAY,CLOUDY,DRY,DAYLIGHT,NON-INJURY ACCIDENT (PROPERTY- DAMAGE-ONLY ACCIDENT),RIGHT ANGLE,45.69314637,-111.0624859
C001201S,002+0.032,BOZEMAN,GALLATIN,SEPTEMBER,2017,18:59,TUE,INTERSECTION,ON ROADWAY,RAIN,WET,DARK-LIGHTED,NON-INJURY ACCIDENT (PROPERTY- DAMAGE-ONLY ACCIDENT),RIGHT ANGLE,45.69314573,-111.0624659
C001201S,002+0.037,BOZEMAN,GALLATIN,October,2013,22:12,SAT,INTERSECTION-RELATED,ON ROADWAY,CLEAR,DRY,DARK-LIGHTED,NON-INJURY ACCIDENT (PROPERTY- DAMAGE-ONLY ACCIDENT),REAR-END,45.6929922,-111.0624412
C001201S,002+0.037,BOZEMAN,GALLATIN,August,2013,18:07,SUN,INTERSECTION-RELATED,ON ROADWAY,CLEAR,DRY,DAYLIGHT,NON-INJURY ACCIDENT (PROPERTY- DAMAGE-ONLY ACCIDENT),REAR-END,45.69310869,-111.0624579
C001201S,002+0.037,BOZEMAN,GALLATIN,March,2013,15:10,TUE,INTERSECTION-RELATED,ON ROADWAY,CLOUDY,DRY,DAYLIGHT,NON-INJURY ACCIDENT (PROPERTY- DAMAGE-ONLY ACCIDENT),REAR-END,45.69310869,-111.0624579
C001201S,002+0.037,BOZEMAN,GALLATIN,January,2013,6:02,THU,INTERSECTION,ON ROADWAY,CLEAR,DRY,DAYLIGHT,NON-INJURY ACCIDENT (PROPERTY- DAMAGE-ONLY ACCIDENT),"SIDESWIPE, OPPOSITE DIRECTION",45.69310869,-111.0624579
C001201S,002+0.037,BOZEMAN,GALLATIN,January,2013,17:23,THU,INTERSECTION-RELATED,ON ROADWAY,CLEAR,DRY,DUSK,POSSIBLE INJURY ACCIDENT,REAR-END,45.69310869,-111.0624579
C001201S,002+0.037,BOZEMAN,GALLATIN,May,2013,13:27,FRI,INTERSECTION-RELATED,ON ROADWAY,CLEAR,DRY,DAYLIGHT,NON-INJURY ACCIDENT (PROPERTY- DAMAGE-ONLY ACCIDENT),REAR-END,45.69310869,-111.0624579
C001201S,002+0.037,BOZEMAN,GALLATIN,May,2013,17:24,SAT,INTERSECTION,ON ROADWAY,CLEAR,DRY,DAYLIGHT,NON-INJURY ACCIDENT (PROPERTY- DAMAGE-ONLY ACCIDENT),"LEFT TURN, OPPOSITE DIRECTION",45.69310869,-111.0624579
C001201S,002+0.037,BOZEMAN,GALLATIN,May,2013,12:48,TUE,INTERSECTION-RELATED,ON ROADWAY,CLEAR,DRY,DAYLIGHT,NON-INJURY ACCIDENT (PROPERTY- DAMAGE-ONLY ACCIDENT),"SIDESWIPE, SAME DIRECTION",45.69310869,-111.0624579
C001201S,002+0.037,BOZEMAN,GALLATIN,May,2013,9:08,MON,INTERSECTION-RELATED,ON ROADWAY,CLEAR,DRY,DAYLIGHT,POSSIBLE INJURY ACCIDENT,REAR-END,45.69310869,-111.0624579
C001201S,002+0.037,BOZEMAN,GALLATIN,February,2013,15:19,THU,INTERSECTION-RELATED,ON ROADWAY,CLEAR,DRY,DAYLIGHT,NON-INJURY ACCIDENT (PROPERTY- DAMAGE-ONLY ACCIDENT),REAR-END,45.69310869,-111.0624579
C001201S,002+0.037,BOZEMAN,GALLATIN,August,2014,21:00,SUN,INTERSECTION,ON ROADWAY,CLEAR,DRY,DARK-LIGHTED,NON-INJURY ACCIDENT (PROPERTY- DAMAGE-ONLY ACCIDENT),"LEFT TURN, OPPOSITE DIRECTION",45.69312728,-111.0624553
C001201S,002+0.037,BOZEMAN,GALLATIN,November,2014,17:17,WED,INTERSECTION,ON ROADWAY,CLEAR,WET,DARK-LIGHTED,POSSIBLE INJURY ACCIDENT,"LEFT TURN, OPPOSITE DIRECTION",45.69312328,-111.0624421
C001201S,002+0.037,BOZEMAN,GALLATIN,March,2015,21:15,FRI,INTERSECTION-RELATED,ON ROADWAY,CLEAR,DRY,DARK-LIGHTED,POSSIBLE INJURY ACCIDENT,REAR-END,45.6931381,-111.0624584
C001201S,002+0.037,BOZEMAN,GALLATIN,May,2016,18:10,FRI,NON-JUNCTION,ON ROADWAY,RAIN,WET,DAYLIGHT,NON-INJURY ACCIDENT (PROPERTY- DAMAGE-ONLY ACCIDENT),BICYCLE,45.69313741,-111.0624675
C001201S,002+0.050,BOZEMAN,GALLATIN,September,2016,16:45,MON,INTERSECTION-RELATED,ON ROADWAY,CLOUDY,WET,DAYLIGHT,NON-INJURY ACCIDENT (PROPERTY- DAMAGE-ONLY ACCIDENT),REAR-END,45.69293454,-111.0624985
C001201S,002+0.050,BOZEMAN,GALLATIN,APRIL,2017,17:05,FRI,INTERSECTION-RELATED,ON ROADWAY,CLEAR,DRY,DAYLIGHT,NON-INJURY ACCIDENT (PROPERTY- DAMAGE-ONLY ACCIDENT),REAR-END,45.6928846,-111.0624756
C001201S,002+0.050,BOZEMAN,GALLATIN,DECEMBER,2017,10:22,FRI,INTERSECTION,ON ROADWAY,CLOUDY,SLUSH,DAYLIGHT,NON-INJURY ACCIDENT (PROPERTY- DAMAGE-ONLY ACCIDENT),REAR-END,45.69294147,-111.062384
C001201S,002+0.069,BOZEMAN,GALLATIN,March,2014,10:32,FRI,NON-JUNCTION,ON ROADWAY,CLEAR,WET,DAYLIGHT,NON-INCAPACITATING EVIDENT INJURY ACCIDENT,REAR-END,45.69260899,-111.0624189
C001201S,002+0.099,BOZEMAN,GALLATIN,October,2014,15:56,FRI,THROUGH ROADWAY,ON ROADWAY,CLEAR,DRY,DAYLIGHT,NON-INJURY ACCIDENT (PROPERTY- DAMAGE-ONLY ACCIDENT),REAR-END,45.69221667,-111.0624083
C001201S,002+0.118,BOZEMAN,GALLATIN,January,2016,13:53,FRI,NON-JUNCTION,ON ROADWAY,CLOUDY,DRY,DAYLIGHT,NON-INJURY ACCIDENT (PROPERTY- DAMAGE-ONLY ACCIDENT),"SIDESWIPE, SAME DIRECTION",45.69190601,-111.0623704
C001201S,002+0.146,BOZEMAN,GALLATIN,September,2013,13:44,THU,INTERSECTION-RELATED,ON ROADWAY,CLOUDY,DRY,DAYLIGHT,NON-INJURY ACCIDENT (PROPERTY- DAMAGE-ONLY ACCIDENT),REAR-END,45.69233479,-111.0624065
C001201S,002+0.146,BOZEMAN,GALLATIN,May,2013,13:27,FRI,INTERSECTION-RELATED,ON ROADWAY,CLOUDY,DRY,DAYLIGHT,POSSIBLE INJURY ACCIDENT,REAR-END,45.6916955,-111.0608245
C001201S,002+0.155,BOZEMAN,GALLATIN,SEPTEMBER,2017,13:16,FRI,NON-JUNCTION,ON ROADWAY,RAIN,WET,DAYLIGHT,NON-INJURY ACCIDENT (PROPERTY- DAMAGE-ONLY ACCIDENT),REAR-END,45.69140925,-111.062381
C001201S,002+0.168,BOZEMAN,GALLATIN,June,2016,15:35,TUE,NON-JUNCTION,ON ROADWAY,CLEAR,DRY,DAYLIGHT,NON-INJURY ACCIDENT (PROPERTY- DAMAGE-ONLY ACCIDENT),REAR-END,45.69119911,-111.062294
C001201S,002+0.190,BOZEMAN,GALLATIN,October,2013,15:25,FRI,NON-JUNCTION,ON ROADWAY,CLEAR,DRY,DAYLIGHT,NON-INJURY ACCIDENT (PROPERTY- DAMAGE-ONLY ACCIDENT),REAR-END,45.69078626,-111.0623335
C001201S,002+0.205,BOZEMAN,GALLATIN,DECEMBER,2017,11:39,SAT,NON-JUNCTION,ON ROADWAY,CLOUDY,SNOW,DAYLIGHT,NON-INJURY ACCIDENT (PROPERTY- DAMAGE-ONLY ACCIDENT),REAR TO FRONT,45.69062692,-111.0623989
C001201S,002+0.218,BOZEMAN,GALLATIN,January,2015,16:59,FRI,NON-JUNCTION,ON ROADWAY,CLEAR,DRY,DUSK,NON-INJURY ACCIDENT (PROPERTY- DAMAGE-ONLY ACCIDENT),REAR-END,45.69050948,-111.0623093
C001201S,002+0.242,BOZEMAN,GALLATIN,April,2015,15:03,THU,NON-JUNCTION,ON ROADWAY,CLOUDY,DRY,DAYLIGHT,NON-INJURY ACCIDENT (PROPERTY- DAMAGE-ONLY ACCIDENT),REAR-END,45.69012477,-111.0623413
C001201S,002+0.255,BOZEMAN,GALLATIN,August,2013,14:26,FRI,INTERSECTION-RELATED,ON ROADWAY,CLOUDY,DRY,DAYLIGHT,NON-INJURY ACCIDENT (PROPERTY- DAMAGE-ONLY ACCIDENT),"SIDESWIPE, SAME DIRECTION",45.68995787,-111.0623387
C001201S,002+0.255,BOZEMAN,GALLATIN,October,2015,16:45,MON,UNKNOWN,ON ROADWAY,CLEAR,DRY,DAYLIGHT,POSSIBLE INJURY ACCIDENT,REAR-END,45.68996203,-111.0623497
C001201S,002+0.267,BOZEMAN,GALLATIN,January,2015,14:02,SAT,NON-JUNCTION,ON ROADWAY,CLEAR,WET,DAYLIGHT,NON-INCAPACITATING EVIDENT INJURY ACCIDENT,REAR-END,45.68975493,-111.06233
C001201S,002+0.286,BOZEMAN,GALLATIN,MARCH,2017,14:42,FRI,INTERSECTION,ON ROADWAY,CLOUDY,DRY,DAYLIGHT,POSSIBLE INJURY ACCIDENT,REAR-END,45.68949699,-111.0622892
C001201S,002+0.290,BOZEMAN,GALLATIN,November,2013,14:55,FRI,ENTRANCE/EXIT RAMP,ON ROADWAY,CLEAR,DRY,DAYLIGHT,NON-INJURY ACCIDENT (PROPERTY- DAMAGE-ONLY ACCIDENT),REAR-END,45.68931077,-111.0622852
C001201S,002+0.372,BOZEMAN,GALLATIN,July,2016,13:48,FRI,NON-JUNCTION,ON ROADWAY,CLOUDY,DRY,DAYLIGHT,NON-INJURY ACCIDENT (PROPERTY- DAMAGE-ONLY ACCIDENT),REAR-END,45.68820523,-111.0623847
C001201S,002+0.385,BOZEMAN,GALLATIN,AUGUST,2017,14:52,THU,NON-JUNCTION,ON ROADWAY,CLOUDY,DRY,DAYLIGHT,NON-INJURY ACCIDENT (PROPERTY- DAMAGE-ONLY ACCIDENT),REAR-END,45.68802052,-111.0624148
C001201S,002+0.403,BOZEMAN,GALLATIN,October,2014,12:38,SAT,INTERSECTION-RELATED,ON ROADWAY,CLEAR,DRY,DAYLIGHT,NON-INJURY ACCIDENT (PROPERTY- DAMAGE-ONLY ACCIDENT),REAR-END,45.68783289,-111.0623483
C001201S,002+0.416,BOZEMAN,GALLATIN,September,2015,10:42,WED,DRIVEWAY/ALLEY ACCESS RELATED,ON ROADWAY,CLOUDY,DRY,DAYLIGHT,POSSIBLE INJURY ACCIDENT,REAR-END,45.68760743,-111.0622622
C001201S,002+0.540,BOZEMAN,GALLATIN,July,2014,13:24,TUE,INTERSECTION-RELATED,ON ROADWAY,CLEAR,DRY,DAYLIGHT,POSSIBLE INJURY ACCIDENT,REAR-END,45.68581469,-111.0619727
C001201S,002+0.540,BOZEMAN,GALLATIN,May,2015,9:27,SAT,INTERSECTION,ON ROADWAY,CLOUDY,DRY,DAYLIGHT,POSSIBLE INJURY ACCIDENT,HEAD ON,45.68582929,-111.0619476
C001201S,002+0.540,BOZEMAN,GALLATIN,April,2015,21:41,MON,INTERSECTION-RELATED,ON ROADWAY,CLEAR,DRY,DARK-LIGHTED,NON-INJURY ACCIDENT (PROPERTY- DAMAGE-ONLY ACCIDENT),REAR-END,45.68585647,-111.0619967
C001201S,002+0.540,BOZEMAN,GALLATIN,September,2015,8:34,MON,INTERSECTION,ON ROADWAY,CLEAR,DRY,DAYLIGHT,NON-INJURY ACCIDENT (PROPERTY- DAMAGE-ONLY ACCIDENT),"LEFT TURN, SAME DIRECTION",45.68582859,-111.0619269
C001201S,002+0.540,BOZEMAN,GALLATIN,June,2016,16:27,TUE,INTERSECTION,ON ROADWAY,CLEAR,DRY,DAYLIGHT,NON-INJURY ACCIDENT (PROPERTY- DAMAGE-ONLY ACCIDENT),RIGHT ANGLE,45.68580068,-111.0620132
C001201S,002+0.540,BOZEMAN,GALLATIN,March,2016,19:09,THU,INTERSECTION-RELATED,ON ROADWAY,RAIN,WET,DARK-LIGHTED,INCAPACITATING INJURY ACCIDENT,PEDESTRIAN,45.68585481,-111.0619632
C001201S,002+0.540,BOZEMAN,GALLATIN,JUNE,2017,13:40,THU,INTERSECTION,ON ROADWAY,RAIN,WET,DAYLIGHT,NON-INJURY ACCIDENT (PROPERTY- DAMAGE-ONLY ACCIDENT),RIGHT ANGLE,45.68580526,-111.0619696