MDT_CORRIDOR_ID,SMS_REFPOST_OFFSET,CITY,COUNTY,Month,Year,SMS_TIME,SMT_CRASH_OCC_DAY_OF_WEEK,JUNCTION_RELATED,ROADWAY_RELATED,WEATHER_COND,ROAD_COND,LIGHT_COND,CRASH_SEVERITY,COLLISION_TYPE,LATITUDE,LONGITUDE
C001201S,002+0.540,BOZEMAN,GALLATIN,NOVEMBER,2017,15:00,THU,INTERSECTION,ON ROADWAY,CLEAR,DRY,DAYLIGHT,POSSIBLE INJURY ACCIDENT,RIGHT ANGLE,45.68580512,-111.0619663
C001201S,002+0.546,BOZEMAN,GALLATIN,December,2013,21:21,SAT,INTERSECTION,ON ROADWAY,CLEAR,SNOW,DARK-LIGHTED,POSSIBLE INJURY ACCIDENT,REAR-END,45.68579634,-111.0619635
C001201S,002+0.546,BOZEMAN,GALLATIN,March,2013,17:12,FRI,INTERSECTION-RELATED,ON ROADWAY,CLEAR,DRY,DAYLIGHT,NON-INJURY ACCIDENT (PROPERTY- DAMAGE-ONLY ACCIDENT),REAR-END,45.6857567,-111.0619905
C001201S,002+0.546,BOZEMAN,GALLATIN,January,2013,15:17,MON,INTERSECTION-RELATED,ON ROADWAY,CLOUDY,DRY,DAYLIGHT,NON-INJURY ACCIDENT (PROPERTY- DAMAGE-ONLY ACCIDENT),REAR-END,45.6857567,-111.0619905
C001201S,002+0.546,BOZEMAN,GALLATIN,February,2013,23:11,WED,INTERSECTION,ON ROADWAY,SNOW,SNOW,DARK-LIGHTED,NON-INJURY ACCIDENT (PROPERTY- DAMAGE-ONLY ACCIDENT),"SIDESWIPE, OPPOSITE DIRECTION",45.6857567,-111.0619905
C001201S,002+0.546,BOZEMAN,GALLATIN,February,2013,22:22,WED,INTERSECTION,ON ROADWAY,CLOUDY,ICE/FROST,DARK-LIGHTED,POSSIBLE INJURY ACCIDENT,"LEFT TURN, OPPOSITE DIRECTION",45.6857567,-111.0619905
C001201S,002+0.546,BOZEMAN,GALLATIN,April,2013,14:06,TUE,INTERSECTION-RELATED,ON ROADWAY,CLOUDY,DRY,DAYLIGHT,NON-INJURY ACCIDENT (PROPERTY- DAMAGE-ONLY ACCIDENT),REAR-END,45.6857567,-111.0619905
C001201S,002+0.546,BOZEMAN,GALLATIN,February,2013,10:49,THU,INTERSECTION-RELATED,ON ROADWAY,CLOUDY,DRY,DAYLIGHT,NON-INJURY ACCIDENT (PROPERTY- DAMAGE-ONLY ACCIDENT),REAR-END,45.6857567,-111.0619905
C001201S,002+0.546,BOZEMAN,GALLATIN,April,2013,12:50,SAT,INTERSECTION,ON ROADWAY,CLOUDY,DRY,DAYLIGHT,NON-INJURY ACCIDENT (PROPERTY- DAMAGE-ONLY ACCIDENT),"LEFT TURN, OPPOSITE DIRECTION",45.6857567,-111.0619905
C001201S,002+0.552,BOZEMAN,GALLATIN,February,2016,15:07,MON,OTHER LOCATION,ON ROADWAY,CLOUDY,DRY,DAYLIGHT,NON-INJURY ACCIDENT (PROPERTY- DAMAGE-ONLY ACCIDENT),"SIDESWIPE, SAME DIRECTION",45.6856224,-111.0619152
C001201S,002+0.558,BOZEMAN,GALLATIN,May,2015,15:55,SUN,NON-JUNCTION,ON ROADWAY,RAIN,WET,DAYLIGHT,POSSIBLE INJURY ACCIDENT,REAR-END,45.68556835,-111.0620481
C001201S,002+0.571,BOZEMAN,GALLATIN,January,2015,15:47,THU,INTERSECTION-RELATED,ON ROADWAY,SNOW,ICE/FROST,DAYLIGHT,NON-INJURY ACCIDENT (PROPERTY- DAMAGE-ONLY ACCIDENT),REAR-END,45.68542743,-111.0618741
C001201S,002+0.602,BOZEMAN,GALLATIN,January,2016,17:57,TUE,INTERSECTION-RELATED,ON ROADWAY,CLEAR,WET,DARK-LIGHTED,NON-INJURY ACCIDENT (PROPERTY- DAMAGE-ONLY ACCIDENT),REAR-END,45.68494904,-111.0619371
C001201S,002+0.627,BOZEMAN,GALLATIN,October,2015,12:03,FRI,OTHER LOCATION,ON ROADWAY,CLEAR,DRY,DAYLIGHT,POSSIBLE INJURY ACCIDENT,REAR-END,45.68461867,-111.061959
C001201S,002+0.639,BOZEMAN,GALLATIN,August,2014,16:24,THU,INTERSECTION-RELATED,ON ROADWAY,CLEAR,DRY,DAYLIGHT,NON-INJURY ACCIDENT (PROPERTY- DAMAGE-ONLY ACCIDENT),REAR-END,45.68440746,-111.0619678
C001201S,002+0.658,BOZEMAN,GALLATIN,December,2014,16:33,TUE,NON-JUNCTION,SHOULDER,CLEAR,ICE/FROST,DUSK,POSSIBLE INJURY ACCIDENT,REAR-END,45.68409803,-111.0621977
C001201S,002+0.664,BOZEMAN,GALLATIN,September,2015,18:14,SAT,NON-JUNCTION,ON ROADWAY,CLEAR,DRY,DAYLIGHT,NON-INJURY ACCIDENT (PROPERTY- DAMAGE-ONLY ACCIDENT),REAR-END,45.68402958,-111.0620008
C001201S,002+0.695,BOZEMAN,GALLATIN,April,2015,12:50,SAT,NON-JUNCTION,ON ROADWAY,CLOUDY,WET,DAYLIGHT,NON-INJURY ACCIDENT (PROPERTY- DAMAGE-ONLY ACCIDENT),REAR-END,45.68361596,-111.062014
C001201S,002+0.695,BOZEMAN,GALLATIN,DECEMBER,2017,18:30,FRI,NON-JUNCTION,ON ROADWAY,CLEAR,ICE/FROST,DARK-LIGHTED,NON-INCAPACITATING EVIDENT INJURY ACCIDENT,REAR-END,45.68356868,-111.0621225
C001201S,002+0.738,BOZEMAN,GALLATIN,MARCH,2017,15:54,THU,NON-JUNCTION,ON ROADWAY,CLOUDY,DRY,DAYLIGHT,POSSIBLE INJURY ACCIDENT,REAR-END,45.68294241,-111.0620191
C001201S,002+0.751,BOZEMAN,GALLATIN,October,2015,16:43,FRI,NON-JUNCTION,ON ROADWAY,CLEAR,DRY,DAYLIGHT,NON-INJURY ACCIDENT (PROPERTY- DAMAGE-ONLY ACCIDENT),REAR-END,45.68279665,-111.0620861
C001201S,002+0.763,BOZEMAN,GALLATIN,October,2015,16:10,FRI,NON-JUNCTION,ON ROADWAY,CLEAR,DRY,DAYLIGHT,NON-INJURY ACCIDENT (PROPERTY- DAMAGE-ONLY ACCIDENT),REAR-END,45.682572,-111.0620579
C001201S,002+0.776,BOZEMAN,GALLATIN,April,2015,17:40,TUE,NON-JUNCTION,ON ROADWAY,SNOW,WET,DAYLIGHT,NON-INJURY ACCIDENT (PROPERTY- DAMAGE-ONLY ACCIDENT),REAR-END,45.682466,-111.0621039
C001201S,002+0.782,BOZEMAN,GALLATIN,October,2014,16:40,SAT,UNKNOWN,ON ROADWAY,CLEAR,DRY,DAYLIGHT,POSSIBLE INJURY ACCIDENT,REAR-END,45.68232145,-111.0622554
C001201S,002+0.782,BOZEMAN,GALLATIN,January,2015,15:38,FRI,NON-JUNCTION,ON ROADWAY,CLEAR,DRY,DAYLIGHT,NON-INJURY ACCIDENT (PROPERTY- DAMAGE-ONLY ACCIDENT),REAR-END,45.68231502,-111.0621174
C001201S,002+0.782,BOZEMAN,GALLATIN,MAY,2017,16:20,FRI,INTERSECTION,ON ROADWAY,CLOUDY,DRY,DAYLIGHT,POSSIBLE INJURY ACCIDENT,REAR-END,45.68230399,-111.0621245
C001201S,002+0.793,BOZEMAN,GALLATIN,November,2013,18:04,FRI,INTERSECTION-RELATED,ON ROADWAY,CLEAR,ICE/FROST,DARK-LIGHTED,NON-INJURY ACCIDENT (PROPERTY- DAMAGE-ONLY ACCIDENT),"LEFT TURN, SAME DIRECTION",45.68221324,-111.0622519
C001201S,002+0.793,BOZEMAN,GALLATIN,December,2013,17:47,FRI,INTERSECTION,ON ROADWAY,CLEAR,ICE/FROST,DARK-LIGHTED,NON-INJURY ACCIDENT (PROPERTY- DAMAGE-ONLY ACCIDENT),"SIDESWIPE, SAME DIRECTION",45.68219635,-111.0622576
C001201S,002+0.806,BOZEMAN,GALLATIN,August,2015,13:33,SUN,NON-JUNCTION,OFF ROADWAY LOCATION UNKNOWN,CLEAR,DRY,DAYLIGHT,UNKNOWN,FIXED OBJECT,45.68199175,-111.0623689
C001201S,002+0.813,BOZEMAN,GALLATIN,October,2015,17:29,FRI,INTERSECTION-RELATED,ON ROADWAY,CLEAR,DRY,DAYLIGHT,NON-INJURY ACCIDENT (PROPERTY- DAMAGE-ONLY ACCIDENT),REAR-END,45.68184343,-111.0621666
C001201S,002+0.831,BOZEMAN,GALLATIN,March,2016,12:47,WED,INTERSECTION-RELATED,ON ROADWAY,CLEAR,DRY,DAYLIGHT,NON-INJURY ACCIDENT (PROPERTY- DAMAGE-ONLY ACCIDENT),REAR-END,45.6816453,-111.0622863
C001201S,002+0.837,BOZEMAN,GALLATIN,December,2014,8:22,WED,DRIVEWAY/ALLEY ACCESS RELATED,ON ROADWAY,CLOUDY,DRY,DAYLIGHT,NON-INJURY ACCIDENT (PROPERTY- DAMAGE-ONLY ACCIDENT),RIGHT ANGLE,45.68156544,-111.0622953
C001201S,002+0.837,BOZEMAN,GALLATIN,December,2015,12:29,SUN,NON-JUNCTION,IN PARKING LANE OR ZONE,CLEAR,DRY,DAYLIGHT,NON-INJURY ACCIDENT (PROPERTY- DAMAGE-ONLY ACCIDENT),REAR-END,45.68155333,-111.0623614
C001201S,002+0.874,BOZEMAN,GALLATIN,September,2014,12:32,MON,INTERSECTION-RELATED,ON ROADWAY,CLEAR,DRY,DAYLIGHT,NON-INCAPACITATING EVIDENT INJURY ACCIDENT,REAR-END,45.68103595,-111.0623037
C001201S,002+0.881,BOZEMAN,GALLATIN,September,2014,16:54,MON,NON-JUNCTION,ON ROADWAY,CLEAR,DRY,DAYLIGHT,NON-INJURY ACCIDENT (PROPERTY- DAMAGE-ONLY ACCIDENT),REAR-END,45.6809444,-111.0623367
C001201S,002+0.881,BOZEMAN,GALLATIN,April,2015,15:55,MON,DRIVEWAY/ALLEY ACCESS RELATED,ON ROADWAY,CLEAR,DRY,DAYLIGHT,NON-INJURY ACCIDENT (PROPERTY- DAMAGE-ONLY ACCIDENT),RIGHT ANGLE,45.68090877,-111.0623686
C001201S,002+0.887,BOZEMAN,GALLATIN,March,2014,20:10,WED,INTERSECTION,ON ROADWAY,CLEAR,DRY,DARK-LIGHTED,NON-INJURY ACCIDENT (PROPERTY- DAMAGE-ONLY ACCIDENT),"LEFT TURN, OPPOSITE DIRECTION",45.68082405,-111.0621977
C001201S,002+0.887,BOZEMAN,GALLATIN,January,2014,13:59,MON,OTHER LOCATION,ON ROADWAY,CLEAR,SNOW,DAYLIGHT,NON-INJURY ACCIDENT (PROPERTY- DAMAGE-ONLY ACCIDENT),REAR-END,45.68080573,-111.0623553
C001201S,002+0.887,BOZEMAN,GALLATIN,September,2014,15:13,THU,DRIVEWAY/ALLEY ACCESS RELATED,ON ROADWAY,CLEAR,DRY,DAYLIGHT,NON-INCAPACITATING EVIDENT INJURY ACCIDENT,RIGHT ANGLE,45.68080853,-111.0623387
C001201S,002+0.887,BOZEMAN,GALLATIN,October,2015,11:29,WED,DRIVEWAY/ALLEY ACCESS RELATED,ON ROADWAY,CLEAR,DRY,DAYLIGHT,POSSIBLE INJURY ACCIDENT,"LEFT TURN, SAME DIRECTION",45.68081351,-111.0624248
C001201S,002+0.887,BOZEMAN,GALLATIN,September,2016,8:49,MON,NON-JUNCTION,ON ROADWAY,CLOUDY,WET,DAYLIGHT,NON-INCAPACITATING EVIDENT INJURY ACCIDENT,RIGHT ANGLE,45.68080169,-111.0622642
C001201S,002+0.887,BOZEMAN,GALLATIN,December,2016,15:14,FRI,INTERSECTION,ON ROADWAY,SNOW,SNOW,DAYLIGHT,NON-INJURY ACCIDENT (PROPERTY- DAMAGE-ONLY ACCIDENT),RIGHT ANGLE,45.6808027,-111.0622095
C001201S,002+0.887,BOZEMAN,GALLATIN,APRIL,2017,10:15,WED,INTERSECTION,ON ROADWAY,CLOUDY,DRY,DAYLIGHT,NON-INJURY ACCIDENT (PROPERTY- DAMAGE-ONLY ACCIDENT),RIGHT ANGLE,45.68079808,-111.0622061
C001201S,002+0.887,BOZEMAN,GALLATIN,AUGUST,2017,12:53,WED,INTERSECTION,ON ROADWAY,CLOUDY,DRY,DAYLIGHT,POSSIBLE INJURY ACCIDENT,RIGHT ANGLE,45.68081243,-111.0623551
C001201S,002+0.890,BOZEMAN,GALLATIN,September,2013,11:50,SAT,NON-JUNCTION,ON ROADWAY,CLEAR,DRY,DAYLIGHT,NON-INJURY ACCIDENT (PROPERTY- DAMAGE-ONLY ACCIDENT),REAR-END,45.68087388,-111.0623085
C001201S,002+0.906,BOZEMAN,GALLATIN,March,2016,18:14,FRI,NON-JUNCTION,ON ROADWAY,CLEAR,DRY,DUSK,NON-INJURY ACCIDENT (PROPERTY- DAMAGE-ONLY ACCIDENT),REAR-END,45.68052292,-111.0623441
C001201S,002+0.912,BOZEMAN,GALLATIN,JULY,2017,12:35,WED,INTERSECTION-RELATED,ON ROADWAY,CLOUDY,DRY,DAYLIGHT,NON-INJURY ACCIDENT (PROPERTY- DAMAGE-ONLY ACCIDENT),REAR-END,45.68049016,-111.0623343
C001201S,002+0.924,BOZEMAN,GALLATIN,April,2016,16:18,FRI,NON-JUNCTION,ON ROADWAY,CLEAR,DRY,DAYLIGHT,NON-INJURY ACCIDENT (PROPERTY- DAMAGE-ONLY ACCIDENT),REAR-END,45.68025182,-111.0623749
C001201S,002+0.930,BOZEMAN,GALLATIN,November,2013,7:38,WED,INTERSECTION-RELATED,ON ROADWAY,CLEAR,WET,DAYLIGHT,NON-INJURY ACCIDENT (PROPERTY- DAMAGE-ONLY ACCIDENT),REAR-END,45.68019081,-111.0624056
C001201S,002+0.981,BOZEMAN,GALLATIN,July,2016,13:57,TUE,INTERSECTION,ON ROADWAY,CLOUDY,DRY,DAYLIGHT,NON-INJURY ACCIDENT (PROPERTY- DAMAGE-ONLY ACCIDENT),REAR-END,45.6794494,-111.0625666
C001201S,002+0.993,BOZEMAN,GALLATIN,October,2014,20:20,FRI,UNKNOWN,ON ROADWAY,CLEAR,DRY,DARK-LIGHTED,POSSIBLE INJURY ACCIDENT,REAR-END,45.67926699,-111.0623988
C001201S,002+0.993,BOZEMAN,GALLATIN,October,2016,7:50,SUN,INTERSECTION,ON ROADWAY,CLOUDY,DRY,DAWN,NON-INCAPACITATING EVIDENT INJURY ACCIDENT,RIGHT ANGLE,45.6793186,-111.0624853
C001201S,002+0.993,BOZEMAN,GALLATIN,OCTOBER,2017,22:46,SAT,INTERSECTION,ON ROADWAY,CLOUDY,WET,DARK-LIGHTED,NON-INCAPACITATING EVIDENT INJURY ACCIDENT,PEDESTRIAN,45.67926928,-111.0623623
C001201S,003+0.051,BOZEMAN,GALLATIN,September,2013,20:22,TUE,INTERSECTION,ON ROADWAY,RAIN,WET,DARK-NOT LIGHTED,NON-INJURY ACCIDENT (PROPERTY- DAMAGE-ONLY ACCIDENT),RIGHT ANGLE,45.67846547,-111.0625946
C001201S,003+0.051,BOZEMAN,GALLATIN,December,2013,18:20,THU,INTERSECTION,ON ROADWAY,CLEAR,ICE/FROST,DARK-LIGHTED,NON-INJURY ACCIDENT (PROPERTY- DAMAGE-ONLY ACCIDENT),RIGHT ANGLE,45.67844396,-111.0625433
C001201S,003+0.051,BOZEMAN,GALLATIN,October,2013,17:24,MON,INTERSECTION,ON ROADWAY,CLEAR,DRY,DAYLIGHT,POSSIBLE INJURY ACCIDENT,REAR-END,45.67842405,-111.0625453
C001201S,003+0.051,BOZEMAN,GALLATIN,January,2013,12:13,WED,INTERSECTION-RELATED,ON ROADWAY,CLOUDY,WET,DAYLIGHT,NON-INJURY ACCIDENT (PROPERTY- DAMAGE-ONLY ACCIDENT),REAR-END,45.67846547,-111.0625946
C001201S,003+0.051,BOZEMAN,GALLATIN,April,2013,12:06,MON,INTERSECTION,ON ROADWAY,CLOUDY,DRY,DAYLIGHT,NON-INJURY ACCIDENT (PROPERTY- DAMAGE-ONLY ACCIDENT),REAR-END,45.67846547,-111.0625946
C001201S,003+0.063,BOZEMAN,GALLATIN,July,2016,17:20,MON,INTERSECTION-RELATED,ON ROADWAY,CLEAR,DRY,DAYLIGHT,POSSIBLE INJURY ACCIDENT,REAR-END,45.67830942,-111.0625515
C001201S,003+0.070,BOZEMAN,GALLATIN,November,2016,16:39,FRI,THROUGH ROADWAY,ON ROADWAY,CLOUDY,DRY,DAYLIGHT,NON-INCAPACITATING EVIDENT INJURY ACCIDENT,REAR-END,45.67825374,-111.0627011
C001201S,003+0.133,BOZEMAN,GALLATIN,November,2013,7:27,MON,INTERSECTION,ON ROADWAY,CLEAR,DRY,DAYLIGHT,NON-INJURY ACCIDENT (PROPERTY- DAMAGE-ONLY ACCIDENT),"LEFT TURN, OPPOSITE DIRECTION",45.67729818,-111.0626982
C001201S,003+0.133,BOZEMAN,GALLATIN,March,2013,14:23,WED,INTERSECTION,ON ROADWAY,CLOUDY,DRY,DAYLIGHT,NON-INJURY ACCIDENT (PROPERTY- DAMAGE-ONLY ACCIDENT),"SIDESWIPE, SAME DIRECTION",45.67728246,-111.0626398
C001201S,003+0.133,BOZEMAN,GALLATIN,May,2013,17:20,TUE,INTERSECTION-RELATED,ON ROADWAY,CLEAR,DRY,DAYLIGHT,NON-INJURY ACCIDENT (PROPERTY- DAMAGE-ONLY ACCIDENT),REAR-END,45.67728246,-111.0626398
C001201S,003+0.133,BOZEMAN,GALLATIN,August,2013,22:50,THU,INTERSECTION-RELATED,ON ROADWAY,CLEAR,DRY,DARK-LIGHTED,POSSIBLE INJURY ACCIDENT,REAR-END,45.67735163,-111.062549
C001201S,003+0.133,BOZEMAN,GALLATIN,July,2013,13:40,TUE,INTERSECTION-RELATED,ON ROADWAY,CLOUDY,DRY,DAYLIGHT,POSSIBLE INJURY ACCIDENT,REAR-END,45.67728246,-111.0626398
C001201S,003+0.198,BOZEMAN,GALLATIN,FEBRUARY,2017,17:26,THU,NON-JUNCTION,ON ROADWAY,CLOUDY,DRY,DAYLIGHT,POSSIBLE INJURY ACCIDENT,REAR-END,45.67630437,-111.0626862
C001201S,003+0.217,BOZEMAN,GALLATIN,September,2016,17:35,MON,NON-JUNCTION,ON ROADWAY,CLOUDY,DRY,DAYLIGHT,NON-INJURY ACCIDENT (PROPERTY- DAMAGE-ONLY ACCIDENT),REAR-END,45.67609134,-111.0625816
C001201S,003+0.268,BOZEMAN,GALLATIN,September,2013,22:21,FRI,INTERSECTION-RELATED,ON ROADWAY,RAIN,WET,DARK-LIGHTED,NON-INCAPACITATING EVIDENT INJURY ACCIDENT,REAR-END,45.67529814,-111.0625507
C001201S,003+0.273,BOZEMAN,GALLATIN,NOVEMBER,2017,14:57,THU,INTERSECTION-RELATED,ON ROADWAY,CLOUDY,DRY,DAYLIGHT,NON-INJURY ACCIDENT (PROPERTY- DAMAGE-ONLY ACCIDENT),REAR-END,45.67523618,-111.0625595
C001201S,003+0.279,BOZEMAN,GALLATIN,January,2014,10:13,WED,INTERSECTION-RELATED,ON ROADWAY,CLEAR,SNOW,DAYLIGHT,NON-INJURY ACCIDENT (PROPERTY- DAMAGE-ONLY ACCIDENT),REAR-END,45.67514026,-111.0625343
C001201S,003+0.292,BOZEMAN,GALLATIN,October,2015,19:45,SAT,INTERSECTION-RELATED,ON ROADWAY,CLEAR,DRY,DARK-LIGHTED,POSSIBLE INJURY ACCIDENT,"SIDESWIPE, SAME DIRECTION",45.67500833,-111.0627483
C001201S,003+0.359,BOZEMAN,GALLATIN,October,2015,15:17,FRI,NON-JUNCTION,SHOULDER,CLEAR,DRY,DAYLIGHT,NON-INCAPACITATING EVIDENT INJURY ACCIDENT,OTHER,45.67404248,-111.0628162
C001201S,003+0.404,BOZEMAN,GALLATIN,November,2013,16:05,THU,NON-JUNCTION,ON ROADWAY,CLEAR,DRY,DAYLIGHT,NON-INJURY ACCIDENT (PROPERTY- DAMAGE-ONLY ACCIDENT),REAR-END,45.67250692,-111.0625574
C001201S,003+0.415,BOZEMAN,GALLATIN,August,2015,10:02,THU,INTERSECTION-RELATED,ON ROADWAY,CLEAR,DRY,DAYLIGHT,NON-INJURY ACCIDENT (PROPERTY- DAMAGE-ONLY ACCIDENT),REAR-END,45.67317427,-111.0626631
C001201S,003+0.459,BOZEMAN,GALLATIN,July,2015,10:40,THU,DRIVEWAY/ALLEY ACCESS RELATED,ON ROADWAY,CLOUDY,DRY,DAYLIGHT,NON-INCAPACITATING EVIDENT INJURY ACCIDENT,RIGHT ANGLE,45.67258022,-111.0625591
C001201S,003+0.550,BOZEMAN,GALLATIN,October,2013,8:37,TUE,INTERSECTION,ON ROADWAY,CLOUDY,DRY,DAYLIGHT,NON-INCAPACITATING EVIDENT INJURY ACCIDENT,"LEFT TURN, OPPOSITE DIRECTION",45.67112055,-111.0626988
C001201S,003+0.556,BOZEMAN,GALLATIN,December,2013,17:30,FRI,INTERSECTION-RELATED,ON ROADWAY,CLEAR,ICE/FROST,DARK-LIGHTED,NON-INJURY ACCIDENT (PROPERTY- DAMAGE-ONLY ACCIDENT),REAR-END,45.67114835,-111.0626948
C001201S,003+0.556,BOZEMAN,GALLATIN,January,2013,8:10,FRI,INTERSECTION,ON ROADWAY,SNOW,ICE/FROST,DAYLIGHT,NON-INJURY ACCIDENT (PROPERTY- DAMAGE-ONLY ACCIDENT),REAR-END,45.67114835,-111.0626948
C001201S,003+0.556,BOZEMAN,GALLATIN,August,2013,8:08,FRI,INTERSECTION-RELATED,ON ROADWAY,CLEAR,DRY,DAYLIGHT,NON-INJURY ACCIDENT (PROPERTY- DAMAGE-ONLY ACCIDENT),REAR-END,45.67138627,-111.0626586
C001201S,003+0.556,BOZEMAN,GALLATIN,December,2014,19:35,THU,INTERSECTION,ON ROADWAY,CLOUDY,DRY,DARK-LIGHTED,NON-INJURY ACCIDENT (PROPERTY- DAMAGE-ONLY ACCIDENT),"LEFT TURN, SAME DIRECTION",45.6711501,-111.0626631
C001201S,003+0.556,BOZEMAN,GALLATIN,December,2014,14:05,TUE,INTERSECTION,ON ROADWAY,CLEAR,DRY,DAYLIGHT,POSSIBLE INJURY ACCIDENT,RIGHT ANGLE,45.6711262,-111.0626815
C001201S,003+0.565,BOZEMAN,GALLATIN,January,2016,11:06,THU,INTERSECTION-RELATED,ON ROADWAY,SNOW,ICE/FROST,DAYLIGHT,NON-INJURY ACCIDENT (PROPERTY- DAMAGE-ONLY ACCIDENT),REAR-END,45.67104412,-111.0626295
C001201S,004+0.556,BOZEMAN,GALLATIN,October,2015,21:56,TUE,INTERSECTION,ON ROADWAY,CLOUDY,DRY,DARK-NOT LIGHTED,POSSIBLE INJURY ACCIDENT,RIGHT ANGLE,45.65662607,-111.062908
C001201S,003+0.596,BOZEMAN,GALLATIN,December,2015,17:19,TUE,INTERSECTION-RELATED,ON ROADWAY,CLEAR,DRY,DARK-LIGHTED,NON-INJURY ACCIDENT (PROPERTY- DAMAGE-ONLY ACCIDENT),REAR-END,45.67058462,-111.0626303
C001201S,003+0.658,BOZEMAN,GALLATIN,JANUARY,2017,18:16,FRI,INTERSECTION,ON ROADWAY,CLOUDY,ICE/FROST,DARK-LIGHTED,NON-INJURY ACCIDENT (PROPERTY- DAMAGE-ONLY ACCIDENT),RIGHT ANGLE,45.66219264,-111.0628293
C001201S,003+0.712,BOZEMAN,GALLATIN,November,2016,8:06,TUE,NON-JUNCTION,ON ROADWAY,CLEAR,WET,DAYLIGHT,NON-INJURY ACCIDENT (PROPERTY- DAMAGE-ONLY ACCIDENT),REAR-END,45.66888489,-111.0626642
C001201S,003+0.712,BOZEMAN,GALLATIN,OCTOBER,2017,12:11,FRI,NON-JUNCTION,ON ROADWAY,CLOUDY,DRY,DAYLIGHT,NON-INJURY ACCIDENT (PROPERTY- DAMAGE-ONLY ACCIDENT),REAR-END,45.66889284,-111.0626578
C001201S,003+0.781,BOZEMAN,GALLATIN,November,2016,19:16,THU,INTERSECTION,ON ROADWAY,CLEAR,ICE/FROST,DARK-LIGHTED,NON-INJURY ACCIDENT (PROPERTY- DAMAGE-ONLY ACCIDENT),REAR-END,45.6678588,-111.0626202
C001201S,003+0.793,BOZEMAN,GALLATIN,July,2014,12:39,TUE,INTERSECTION,ON ROADWAY,CLOUDY,DRY,DAYLIGHT,POSSIBLE INJURY ACCIDENT,BICYCLE,45.66773434,-111.0625436
C001201S,003+0.807,BOZEMAN,GALLATIN,November,2013,8:17,WED,INTERSECTION,ON ROADWAY,SNOW,WET,DAYLIGHT,NON-INJURY ACCIDENT (PROPERTY- DAMAGE-ONLY ACCIDENT),REAR-END,45.66721792,-111.0628746
C001201S,003+0.811,BOZEMAN,GALLATIN,March,2015,16:06,WED,INTERSECTION-RELATED,ON ROADWAY,CLOUDY,DRY,DAYLIGHT,NON-INJURY ACCIDENT (PROPERTY- DAMAGE-ONLY ACCIDENT),REAR-END,45.66741945,-111.0627618
C001201S,003+0.811,BOZEMAN,GALLATIN,October,2016,17:38,TUE,INTERSECTION,ON ROADWAY,CLOUDY,DRY,DAYLIGHT,NON-INJURY ACCIDENT (PROPERTY- DAMAGE-ONLY ACCIDENT),REAR-END,45.6674732,-111.0627559
C001201S,003+0.873,BOZEMAN,GALLATIN,OCTOBER,2017,7:58,MON,NON-JUNCTION,ON ROADWAY,CLOUDY,DRY,DAYLIGHT,NON-INJURY ACCIDENT (PROPERTY- DAMAGE-ONLY ACCIDENT),REAR-END,45.6665588,-111.062888
C001201S,004+0.042,BOZEMAN,GALLATIN,August,2014,15:50,THU,INTERSECTION,ON ROADWAY,CLEAR,DRY,DAYLIGHT,POSSIBLE INJURY ACCIDENT,REAR-END,45.66416182,-111.062707
C001201S,004+0.042,BOZEMAN,GALLATIN,November,2015,10:41,SAT,INTERSECTION-RELATED,ON ROADWAY,CLEAR,WET,DAYLIGHT,POSSIBLE INJURY ACCIDENT,REAR-END,45.66413101,-111.062897
C001201S,004+0.042,BOZEMAN,GALLATIN,MARCH,2017,12:50,WED,INTERSECTION-RELATED,ON ROADWAY,CLOUDY,DRY,DAYLIGHT,NON-INJURY ACCIDENT (PROPERTY- DAMAGE-ONLY ACCIDENT),REAR-END,45.66415793,-111.0626804
C001201S,004+0.054,BOZEMAN,GALLATIN,October,2013,14:30,WED,INTERSECTION,ON ROADWAY,CLOUDY,DRY,DAYLIGHT,INCAPACITATING INJURY ACCIDENT,BICYCLE,45.66416804,-111.062714
C001201S,004+0.054,BOZEMAN,GALLATIN,March,2013,14:55,WED,INTERSECTION-RELATED,ON ROADWAY,CLOUDY,DRY,DAYLIGHT,NON-INJURY ACCIDENT (PROPERTY- DAMAGE-ONLY ACCIDENT),REAR-END,45.66394985,-111.0628197
C001201S,004+0.054,BOZEMAN,GALLATIN,January,2013,18:29,THU,INTERSECTION-RELATED,ON ROADWAY,CLEAR,WET,DARK-LIGHTED,NON-INJURY ACCIDENT (PROPERTY- DAMAGE-ONLY ACCIDENT),REAR-END,45.66394985,-111.0628197
C001201S,004+0.054,BOZEMAN,GALLATIN,February,2013,15:22,FRI,INTERSECTION,ON ROADWAY,CLEAR,DRY,DAYLIGHT,NON-INJURY ACCIDENT (PROPERTY- DAMAGE-ONLY ACCIDENT),REAR-END,45.66394985,-111.0628197
C001201S,004+0.054,BOZEMAN,GALLATIN,April,2013,15:11,MON,INTERSECTION-RELATED,ON ROADWAY,CLOUDY,DRY,DAYLIGHT,NON-INJURY ACCIDENT (PROPERTY- DAMAGE-ONLY ACCIDENT),REAR-END,45.66394985,-111.0628197