MDT_CORRIDOR_ID,SMS_REFPOST_OFFSET,CITY,COUNTY,Month,Year,SMS_TIME,SMT_CRASH_OCC_DAY_OF_WEEK,JUNCTION_RELATED,ROADWAY_RELATED,WEATHER_COND,ROAD_COND,LIGHT_COND,CRASH_SEVERITY,COLLISION_TYPE,LATITUDE,LONGITUDE
C001201S,004+0.060,BOZEMAN,GALLATIN,August,2015,17:20,MON,INTERSECTION,ON ROADWAY,CLEAR,DRY,DAYLIGHT,POSSIBLE INJURY ACCIDENT,REAR-END,45.66390485,-111.0627399
C001201S,004+0.073,BOZEMAN,GALLATIN,JUNE,2017,12:36,THU,NON-JUNCTION,ON ROADWAY,CLOUDY,DRY,DAYLIGHT,NON-INJURY ACCIDENT (PROPERTY- DAMAGE-ONLY ACCIDENT),REAR-END,45.66368134,-111.0628889
C001201S,004+0.166,BOZEMAN,GALLATIN,September,2015,15:18,MON,UNKNOWN,ON ROADWAY,CLEAR,DRY,DAYLIGHT,POSSIBLE INJURY ACCIDENT,REAR-END,45.66234073,-111.0629112
C001201S,004+0.176,BOZEMAN,GALLATIN,February,2013,21:31,WED,INTERSECTION,ON ROADWAY,SNOW,ICE/FROST,DARK-LIGHTED,NON-INJURY ACCIDENT (PROPERTY- DAMAGE-ONLY ACCIDENT),RIGHT ANGLE,45.66219264,-111.0628293
C001201S,004+0.247,BOZEMAN,GALLATIN,February,2015,8:52,WED,NON-JUNCTION,ON ROADWAY,CLEAR,ICE/FROST,DAYLIGHT,NON-INJURY ACCIDENT (PROPERTY- DAMAGE-ONLY ACCIDENT),OTHER,45.66119085,-111.0628381
C001201S,004+0.296,BOZEMAN,GALLATIN,June,2014,23:45,TUE,NON-JUNCTION,ROADSIDE RIGHT,RAIN,WET,DARK-NOT LIGHTED,NON-INJURY ACCIDENT (PROPERTY- DAMAGE-ONLY ACCIDENT),FIXED OBJECT,45.66047498,-111.0628232
C001201S,004+0.296,BOZEMAN,GALLATIN,May,2016,8:07,THU,INTERSECTION-RELATED,ON ROADWAY,CLEAR,DRY,DAYLIGHT,NON-INJURY ACCIDENT (PROPERTY- DAMAGE-ONLY ACCIDENT),REAR-END,45.66045986,-111.0626153
C001201S,004+0.296,BOZEMAN,GALLATIN,JULY,2017,8:50,SAT,NON-JUNCTION,ON ROADWAY,CLEAR,DRY,DAYLIGHT,NON-INJURY ACCIDENT (PROPERTY- DAMAGE-ONLY ACCIDENT),"SIDESWIPE, SAME DIRECTION",45.66041362,-111.0627907
C001201S,004+0.308,BOZEMAN,GALLATIN,July,2015,7:58,WED,INTERSECTION,ON ROADWAY,CLEAR,DRY,DAYLIGHT,NON-INJURY ACCIDENT (PROPERTY- DAMAGE-ONLY ACCIDENT),"LEFT TURN, SAME DIRECTION",45.66023841,-111.0628003
C001201S,004+0.308,BOZEMAN,GALLATIN,February,2015,12:53,WED,INTERSECTION,ON ROADWAY,CLOUDY,WET,DAYLIGHT,NON-INCAPACITATING EVIDENT INJURY ACCIDENT,RIGHT ANGLE,45.66026224,-111.0627869
C001201S,004+0.314,BOZEMAN,GALLATIN,March,2013,12:08,THU,INTERSECTION,ON ROADWAY,CLOUDY,DRY,DAYLIGHT,POSSIBLE INJURY ACCIDENT,"LEFT TURN, OPPOSITE DIRECTION",45.66019872,-111.0628456
C001201S,004+0.314,BOZEMAN,GALLATIN,January,2013,7:31,TUE,INTERSECTION,ON ROADWAY,CLOUDY,ICE/FROST,DAYLIGHT,NON-INJURY ACCIDENT (PROPERTY- DAMAGE-ONLY ACCIDENT),RIGHT ANGLE,45.66019872,-111.0628456
C001201S,004+0.314,BOZEMAN,GALLATIN,April,2013,16:45,TUE,INTERSECTION-RELATED,ON ROADWAY,CLEAR,DRY,DAYLIGHT,NON-INJURY ACCIDENT (PROPERTY- DAMAGE-ONLY ACCIDENT),REAR-END,45.66019872,-111.0628456
C001201S,004+0.314,BOZEMAN,GALLATIN,July,2013,16:03,WED,INTERSECTION-RELATED,ON ROADWAY,CLOUDY,DRY,DAYLIGHT,NON-INCAPACITATING EVIDENT INJURY ACCIDENT,ROLL OVER,45.66019872,-111.0628456
C001201S,004+0.314,BOZEMAN,GALLATIN,July,2015,16:11,FRI,INTERSECTION-RELATED,ON ROADWAY,CLEAR,DRY,DAYLIGHT,NON-INCAPACITATING EVIDENT INJURY ACCIDENT,"SIDESWIPE, SAME DIRECTION",45.6601662,-111.0628061
C001201S,004+0.314,BOZEMAN,GALLATIN,December,2015,16:17,THU,INTERSECTION,ON ROADWAY,CLEAR,ICE/FROST,DUSK,NON-INCAPACITATING EVIDENT INJURY ACCIDENT,RIGHT ANGLE,45.66022188,-111.0629661
C001201S,004+0.352,BOZEMAN,GALLATIN,November,2015,14:03,TUE,NON-JUNCTION,ON ROADWAY,CLOUDY,DRY,DAYLIGHT,NON-INJURY ACCIDENT (PROPERTY- DAMAGE-ONLY ACCIDENT),WILD ANIMAL,45.65964241,-111.0627943
C001201S,004+0.556,BOZEMAN,GALLATIN,June,2014,17:45,THU,INTERSECTION-RELATED,ON ROADWAY,CLOUDY,DRY,DAYLIGHT,NON-INCAPACITATING EVIDENT INJURY ACCIDENT,REAR-END,45.65663737,-111.0629113
C001201S,004+0.556,BOZEMAN,GALLATIN,February,2014,16:51,FRI,INTERSECTION-RELATED,ON ROADWAY,CLEAR,ICE/FROST,DAYLIGHT,NON-INJURY ACCIDENT (PROPERTY- DAMAGE-ONLY ACCIDENT),HEAD ON,45.65664596,-111.0629082
C001202E,000+0.005,BOZEMAN,GALLATIN,June,2014,21:46,WED,INTERSECTION-RELATED,ON ROADWAY,RAIN,WET,DARK-LIGHTED,NON-INJURY ACCIDENT (PROPERTY- DAMAGE-ONLY ACCIDENT),RIGHT ANGLE,45.69312276,-111.0623851
C001202E,000+0.005,BOZEMAN,GALLATIN,SEPTEMBER,2017,12:07,FRI,INTERSECTION-RELATED,ON ROADWAY,CLOUDY,DRY,DAYLIGHT,NON-INCAPACITATING EVIDENT INJURY ACCIDENT,REAR-END,45.69314383,-111.0623242
C001202E,000+0.018,BOZEMAN,GALLATIN,September,2015,18:20,MON,UNKNOWN,ON ROADWAY,CLEAR,DRY,DAYLIGHT,POSSIBLE INJURY ACCIDENT,REAR-END,45.69314601,-111.0621287
C001202E,000+0.106,BOZEMAN,GALLATIN,October,2013,13:42,TUE,DRIVEWAY/ALLEY ACCESS RELATED,ON ROADWAY,CLEAR,DRY,DAYLIGHT,POSSIBLE INJURY ACCIDENT,RIGHT ANGLE,45.69316876,-111.0596937
C001202E,000+0.106,BOZEMAN,GALLATIN,September,2013,7:59,TUE,NON-JUNCTION,ON ROADWAY,CLEAR,DRY,DAYLIGHT,POSSIBLE INJURY ACCIDENT,REAR-END,45.69314011,-111.0605282
C001202E,000+0.111,BOZEMAN,GALLATIN,November,2016,17:32,MON,NON-JUNCTION,ON ROADWAY,CLEAR,DRY,DARK-NOT LIGHTED,NON-INJURY ACCIDENT (PROPERTY- DAMAGE-ONLY ACCIDENT),REAR-END,45.69313895,-111.0601509
C001202E,000+0.130,BOZEMAN,GALLATIN,October,2013,15:57,TUE,THROUGH ROADWAY,ON ROADWAY,CLOUDY,DRY,DAYLIGHT,NON-INJURY ACCIDENT (PROPERTY- DAMAGE-ONLY ACCIDENT),RIGHT ANGLE,45.69318277,-111.0596718
C001202E,000+0.130,BOZEMAN,GALLATIN,September,2013,15:52,FRI,DRIVEWAY/ALLEY ACCESS RELATED,ON ROADWAY,CLOUDY,DRY,DAYLIGHT,INCAPACITATING INJURY ACCIDENT,RIGHT ANGLE,45.693138,-111.0596658
C001202E,000+0.136,BOZEMAN,GALLATIN,September,2015,15:00,WED,DRIVEWAY/ALLEY ACCESS RELATED,ON ROADWAY,CLOUDY,DRY,DAYLIGHT,POSSIBLE INJURY ACCIDENT,OTHER,45.69313922,-111.059617
C001202E,000+0.136,BOZEMAN,GALLATIN,February,2015,17:26,SUN,DRIVEWAY/ALLEY ACCESS RELATED,ON ROADWAY,CLEAR,DRY,DAYLIGHT,NON-INJURY ACCIDENT (PROPERTY- DAMAGE-ONLY ACCIDENT),RIGHT ANGLE,45.69312926,-111.0596229
C001202E,000+0.136,BOZEMAN,GALLATIN,March,2015,18:05,MON,DRIVEWAY/ALLEY ACCESS RELATED,ON ROADWAY,CLEAR,DRY,DUSK,NON-INJURY ACCIDENT (PROPERTY- DAMAGE-ONLY ACCIDENT),"LEFT TURN, SAME DIRECTION",45.69314488,-111.0596099
C001202E,000+0.136,BOZEMAN,GALLATIN,June,2016,23:59,WED,NON-JUNCTION,IN PARKING LANE OR ZONE,CLEAR,DRY,DAYLIGHT,NON-INJURY ACCIDENT (PROPERTY- DAMAGE-ONLY ACCIDENT),"SIDESWIPE, OPPOSITE DIRECTION",45.69347253,-111.059594
C001202E,000+0.136,BOZEMAN,GALLATIN,DECEMBER,2017,14:30,SUN,INTERSECTION,ON ROADWAY,CLOUDY,ICE/FROST,DAYLIGHT,NON-INJURY ACCIDENT (PROPERTY- DAMAGE-ONLY ACCIDENT),RIGHT ANGLE,45.6931357,-111.0596589
C001202E,000+0.136,BOZEMAN,GALLATIN,JUNE,2017,16:12,SAT,THROUGH ROADWAY,ON ROADWAY,CLEAR,DRY,DAYLIGHT,POSSIBLE INJURY ACCIDENT,RIGHT ANGLE,45.69312191,-111.0596159
C001202E,000+0.142,BOZEMAN,GALLATIN,FEBRUARY,2017,16:56,MON,INTERSECTION,ON ROADWAY,CLEAR,DRY,DAYLIGHT,NON-INJURY ACCIDENT (PROPERTY- DAMAGE-ONLY ACCIDENT),REAR-END,45.6931255,-111.0594943
C001202E,000+0.198,BOZEMAN,GALLATIN,November,2014,19:59,SUN,NON-JUNCTION,ON ROADWAY,CLEAR,WET,DARK-NOT LIGHTED,NON-INCAPACITATING EVIDENT INJURY ACCIDENT,PEDESTRIAN,45.69308068,-111.0583859
C001202E,000+0.212,BOZEMAN,GALLATIN,January,2013,8:10,FRI,INTERSECTION-RELATED,ON ROADWAY,CLOUDY,ICE/FROST,DAYLIGHT,NON-INJURY ACCIDENT (PROPERTY- DAMAGE-ONLY ACCIDENT),REAR-END,45.6930762,-111.0580694
C001202E,000+0.247,BOZEMAN,GALLATIN,June,2015,16:36,MON,NON-JUNCTION,ON ROADWAY,CLEAR,WET,DAYLIGHT,NON-INJURY ACCIDENT (PROPERTY- DAMAGE-ONLY ACCIDENT),REAR-END,45.69310988,-111.0573382
C001202E,000+0.260,BOZEMAN,GALLATIN,May,2015,10:47,TUE,INTERSECTION-RELATED,ON ROADWAY,CLEAR,DRY,DAYLIGHT,NON-INJURY ACCIDENT (PROPERTY- DAMAGE-ONLY ACCIDENT),REAR TO FRONT,45.69313815,-111.0571322
C001202E,000+0.260,BOZEMAN,GALLATIN,October,2016,17:20,SAT,INTERSECTION-RELATED,ON ROADWAY,CLOUDY,WET,DAYLIGHT,NON-INJURY ACCIDENT (PROPERTY- DAMAGE-ONLY ACCIDENT),REAR-END,45.69299564,-111.0571205
C001202E,000+0.270,BOZEMAN,GALLATIN,January,2013,15:51,THU,INTERSECTION-RELATED,ON ROADWAY,SNOW,ICE/FROST,DAYLIGHT,NON-INJURY ACCIDENT (PROPERTY- DAMAGE-ONLY ACCIDENT),"SIDESWIPE, SAME DIRECTION",45.69306211,-111.0568695
C001202E,000+0.360,BOZEMAN,GALLATIN,July,2014,11:14,WED,INTERSECTION-RELATED,ON ROADWAY,CLOUDY,DRY,DAYLIGHT,POSSIBLE INJURY ACCIDENT,OTHER,45.69302907,-111.0549646
C001202E,000+0.360,BOZEMAN,GALLATIN,JANUARY,2017,13:30,FRI,INTERSECTION,ON ROADWAY,CLEAR,ICE/FROST,DAYLIGHT,NON-INJURY ACCIDENT (PROPERTY- DAMAGE-ONLY ACCIDENT),RIGHT ANGLE,45.69305255,-111.055033
C001202E,000+0.360,BOZEMAN,GALLATIN,OCTOBER,2017,16:53,THU,INTERSECTION,ROADSIDE RIGHT,CLOUDY,DRY,DAYLIGHT,INCAPACITATING INJURY ACCIDENT,BICYCLE,45.69298302,-111.0549953
C001202E,000+0.533,BOZEMAN,GALLATIN,SEPTEMBER,2017,14:09,WED,INTERSECTION,ON ROADWAY,CLEAR,DRY,DAYLIGHT,NON-INJURY ACCIDENT (PROPERTY- DAMAGE-ONLY ACCIDENT),"LEFT TURN, OPPOSITE DIRECTION",45.69300374,-111.0514365
C001202E,000+0.539,BOZEMAN,GALLATIN,NOVEMBER,2017,19:05,FRI,OTHER LOCATION,ON ROADWAY,CLEAR,WET,DARK-NOT LIGHTED,INCAPACITATING INJURY ACCIDENT,PEDESTRIAN,45.69302162,-111.0513133
C001202E,000+0.638,BOZEMAN,GALLATIN,September,2015,7:44,FRI,NON-JUNCTION,ON ROADWAY,CLEAR,DRY,DAYLIGHT,NON-INCAPACITATING EVIDENT INJURY ACCIDENT,REAR-END,45.69301161,-111.0492415
C001202E,000+0.750,BOZEMAN,GALLATIN,January,2014,14:05,THU,DRIVEWAY/ALLEY ACCESS RELATED,ON ROADWAY,CLOUDY,SNOW,DAYLIGHT,NON-INJURY ACCIDENT (PROPERTY- DAMAGE-ONLY ACCIDENT),"SIDESWIPE, SAME DIRECTION",45.6930537,-111.0470204
C001202E,000+0.775,BOZEMAN,GALLATIN,October,2016,19:43,MON,INTERSECTION,ON ROADWAY,RAIN,WET,DARK-LIGHTED,NON-INJURY ACCIDENT (PROPERTY- DAMAGE-ONLY ACCIDENT),PEDESTRIAN,45.69295235,-111.0463515
C001202E,000+0.775,BOZEMAN,GALLATIN,NOVEMBER,2017,8:27,TUE,INTERSECTION-RELATED,ON ROADWAY,CLOUDY,SNOW,DAYLIGHT,NON-INJURY ACCIDENT (PROPERTY- DAMAGE-ONLY ACCIDENT),REAR-END,45.69294819,-111.0464454
C001202E,000+0.784,BOZEMAN,GALLATIN,July,2013,16:58,TUE,INTERSECTION,ON ROADWAY,CLOUDY,DRY,DAYLIGHT,NON-INJURY ACCIDENT (PROPERTY- DAMAGE-ONLY ACCIDENT),REAR-END,45.69293179,-111.0462554
C001202E,000+0.784,BOZEMAN,GALLATIN,June,2013,20:21,SAT,INTERSECTION,ON ROADWAY,CLEAR,DRY,DAYLIGHT,NON-INJURY ACCIDENT (PROPERTY- DAMAGE-ONLY ACCIDENT),"LEFT TURN, OPPOSITE DIRECTION",45.69293179,-111.0462554
C001202E,000+0.784,BOZEMAN,GALLATIN,June,2013,14:29,SAT,INTERSECTION-RELATED,ON ROADWAY,CLEAR,DRY,DAYLIGHT,NON-INCAPACITATING EVIDENT INJURY ACCIDENT,REAR-END,45.69293179,-111.0462554
C001202E,000+0.784,BOZEMAN,GALLATIN,September,2013,15:18,MON,INTERSECTION,ON ROADWAY,RAIN,WET,DAYLIGHT,NON-INJURY ACCIDENT (PROPERTY- DAMAGE-ONLY ACCIDENT),REAR-END,45.6929624,-111.0463249
C001202E,000+0.784,BOZEMAN,GALLATIN,September,2013,9:53,WED,INTERSECTION,ON ROADWAY,CLEAR,DRY,DAYLIGHT,NON-INJURY ACCIDENT (PROPERTY- DAMAGE-ONLY ACCIDENT),REAR-END,45.70000872,-111.0462211
C001202E,000+0.784,BOZEMAN,GALLATIN,August,2013,0:02,WED,INTERSECTION-RELATED,ON ROADWAY,CLEAR,DRY,DARK-LIGHTED,NON-INJURY ACCIDENT (PROPERTY- DAMAGE-ONLY ACCIDENT),REAR-END,45.69293179,-111.0462554
C001202E,000+0.784,BOZEMAN,GALLATIN,August,2013,6:40,SAT,INTERSECTION-RELATED,OFF ROADWAY LOCATION UNKNOWN,CLEAR,DRY,DAWN,NON-INJURY ACCIDENT (PROPERTY- DAMAGE-ONLY ACCIDENT),OTHER,45.69296547,-111.045969
C001202E,000+0.784,BOZEMAN,GALLATIN,March,2013,21:23,TUE,INTERSECTION,ON ROADWAY,CLEAR,DRY,DARK-LIGHTED,NON-INJURY ACCIDENT (PROPERTY- DAMAGE-ONLY ACCIDENT),REAR-END,45.69293179,-111.0462554
C001202E,000+0.784,BOZEMAN,GALLATIN,May,2013,10:15,SAT,INTERSECTION,ON ROADWAY,CLEAR,DRY,DAYLIGHT,NON-INJURY ACCIDENT (PROPERTY- DAMAGE-ONLY ACCIDENT),"SIDESWIPE, SAME DIRECTION",45.69293179,-111.0462554
C001202E,000+0.784,BOZEMAN,GALLATIN,February,2013,15:44,FRI,INTERSECTION-RELATED,ON ROADWAY,CLOUDY,DRY,DAYLIGHT,NON-INJURY ACCIDENT (PROPERTY- DAMAGE-ONLY ACCIDENT),REAR-END,45.69293179,-111.0462554
C001202E,000+0.784,BOZEMAN,GALLATIN,April,2013,10:55,FRI,INTERSECTION-RELATED,ON ROADWAY,CLOUDY,DRY,DAYLIGHT,POSSIBLE INJURY ACCIDENT,REAR-END,45.69293179,-111.0462554
C001202E,000+0.784,BOZEMAN,GALLATIN,June,2013,22:00,SUN,INTERSECTION,ON ROADWAY,RAIN,WET,DARK-NOT LIGHTED,NON-INJURY ACCIDENT (PROPERTY- DAMAGE-ONLY ACCIDENT),RIGHT ANGLE,45.69293179,-111.0462554
C001202E,000+0.784,BOZEMAN,GALLATIN,August,2014,18:30,THU,THROUGH ROADWAY,ON ROADWAY,CLEAR,DRY,DAYLIGHT,NON-INCAPACITATING EVIDENT INJURY ACCIDENT,RIGHT ANGLE,45.69296039,-111.0461514
C001202E,000+0.784,BOZEMAN,GALLATIN,November,2014,13:30,SAT,INTERSECTION-RELATED,ON ROADWAY,BLOWING SNOW,ICE/FROST,DAYLIGHT,NON-INCAPACITATING EVIDENT INJURY ACCIDENT,REAR TO REAR,45.69295004,-111.0463299
C001202E,000+0.784,BOZEMAN,GALLATIN,July,2016,17:34,THU,INTERSECTION-RELATED,ON ROADWAY,CLOUDY,DRY,DAYLIGHT,NON-INJURY ACCIDENT (PROPERTY- DAMAGE-ONLY ACCIDENT),REAR-END,45.69295482,-111.0460731
C001202E,000+0.784,BOZEMAN,GALLATIN,November,2016,17:37,TUE,INTERSECTION,ON ROADWAY,CLEAR,DRY,DARK-LIGHTED,NON-INJURY ACCIDENT (PROPERTY- DAMAGE-ONLY ACCIDENT),RIGHT ANGLE,45.69295564,-111.0462438
C001202E,000+0.784,BOZEMAN,GALLATIN,January,2016,8:41,SUN,INTERSECTION-RELATED,SHOULDER,CLEAR,SLUSH,DAYLIGHT,NON-INJURY ACCIDENT (PROPERTY- DAMAGE-ONLY ACCIDENT),FIXED OBJECT,45.69297732,-111.0461135
C001202E,000+0.784,BOZEMAN,GALLATIN,APRIL,2017,18:24,MON,INTERSECTION-RELATED,ON ROADWAY,CLOUDY,WET,DAYLIGHT,NON-INJURY ACCIDENT (PROPERTY- DAMAGE-ONLY ACCIDENT),REAR-END,45.69298765,-111.0463237
C001203N,000+0.000,BOZEMAN,GALLATIN,October,2013,19:12,TUE,INTERSECTION-RELATED,ON ROADWAY,CLEAR,DRY,DUSK,NON-INJURY ACCIDENT (PROPERTY- DAMAGE-ONLY ACCIDENT),REAR-END,45.66027602,-111.0521075
C001203N,000+0.105,BOZEMAN,GALLATIN,August,2014,9:17,FRI,NON-JUNCTION,ON ROADWAY,CLEAR,DRY,DAYLIGHT,NON-INJURY ACCIDENT (PROPERTY- DAMAGE-ONLY ACCIDENT),"LEFT TURN, SAME DIRECTION",45.66212926,-111.0521023
C001203N,000+0.316,BOZEMAN,GALLATIN,November,2016,10:11,SAT,INTERSECTION-RELATED,ON ROADWAY,CLEAR,DRY,DAYLIGHT,NON-INJURY ACCIDENT (PROPERTY- DAMAGE-ONLY ACCIDENT),REAR-END,45.66483077,-111.0520658
C001203N,000+0.337,BOZEMAN,GALLATIN,June,2013,15:40,THU,INTERSECTION,ON ROADWAY,CLEAR,DRY,DAYLIGHT,NON-INJURY ACCIDENT (PROPERTY- DAMAGE-ONLY ACCIDENT),REAR-END,45.66515127,-111.0520894
C001203N,000+0.340,BOZEMAN,GALLATIN,September,2016,10:57,WED,INTERSECTION,ON ROADWAY,RAIN,WET,DAYLIGHT,NON-INJURY ACCIDENT (PROPERTY- DAMAGE-ONLY ACCIDENT),"LEFT TURN, OPPOSITE DIRECTION",45.6652398,-111.0521301
C001203N,000+0.477,BOZEMAN,GALLATIN,March,2014,13:04,MON,NON-JUNCTION,ON ROADWAY,SLEET/HAIL/FREEZING RAIN/DRIZZLE,WET,DAYLIGHT,NON-INJURY ACCIDENT (PROPERTY- DAMAGE-ONLY ACCIDENT),REAR-END,45.66715416,-111.0520812
C001203N,000+0.545,BOZEMAN,GALLATIN,January,2015,16:00,FRI,NON-JUNCTION,ON ROADWAY,CLEAR,DRY,DAYLIGHT,NON-INJURY ACCIDENT (PROPERTY- DAMAGE-ONLY ACCIDENT),REAR-END,45.66814601,-111.0520692
C001203N,000+0.607,BOZEMAN,GALLATIN,January,2016,18:00,TUE,THROUGH ROADWAY,ON ROADWAY,CLEAR,WET,DARK-LIGHTED,NON-INJURY ACCIDENT (PROPERTY- DAMAGE-ONLY ACCIDENT),REAR-END,45.66905556,-111.0520282
C001203N,000+0.607,BOZEMAN,GALLATIN,OCTOBER,2017,20:17,TUE,INTERSECTION-RELATED,ON ROADWAY,CLEAR,DRY,DARK-LIGHTED,NON-INJURY ACCIDENT (PROPERTY- DAMAGE-ONLY ACCIDENT),REAR-END,45.6690904,-111.0520274
C001203N,000+0.607,BOZEMAN,GALLATIN,OCTOBER,2017,20:17,TUE,INTERSECTION-RELATED,ON ROADWAY,CLEAR,DRY,DARK-LIGHTED,NON-INJURY ACCIDENT (PROPERTY- DAMAGE-ONLY ACCIDENT),REAR-END,45.66905873,-111.0520228
C001203N,000+0.613,BOZEMAN,GALLATIN,October,2013,21:23,THU,INTERSECTION,ON ROADWAY,CLOUDY,WET,DARK-NOT LIGHTED,NON-INCAPACITATING EVIDENT INJURY ACCIDENT,BICYCLE,45.66914709,-111.0520677
C001203N,000+0.613,BOZEMAN,GALLATIN,September,2014,12:02,FRI,INTERSECTION,ON ROADWAY,CLEAR,DRY,DAYLIGHT,NON-INCAPACITATING EVIDENT INJURY ACCIDENT,PEDESTRIAN,45.66914709,-111.0520677
C001203N,000+0.620,BOZEMAN,GALLATIN,October,2016,18:11,TUE,NON-JUNCTION,ON ROADWAY,CLEAR,DRY,DAYLIGHT,NON-INJURY ACCIDENT (PROPERTY- DAMAGE-ONLY ACCIDENT),REAR-END,45.66923859,-111.0520579
C001203N,000+0.681,BOZEMAN,GALLATIN,May,2014,12:01,MON,NON-JUNCTION,,,,,NON-INJURY ACCIDENT (PROPERTY- DAMAGE-ONLY ACCIDENT),BICYCLE,45.67013099,-111.0520731
C001203N,000+0.681,BOZEMAN,GALLATIN,December,2016,21:10,SUN,INTERSECTION,ON ROADWAY,SNOW,ICE/FROST,DARK-LIGHTED,NON-INJURY ACCIDENT (PROPERTY- DAMAGE-ONLY ACCIDENT),RIGHT ANGLE,45.67013099,-111.0520731
C001203N,000+0.681,BOZEMAN,GALLATIN,APRIL,2017,8:17,THU,NON-JUNCTION,ON ROADWAY,SNOW,WET,DAYLIGHT,NON-INJURY ACCIDENT (PROPERTY- DAMAGE-ONLY ACCIDENT),"LEFT TURN, SAME DIRECTION",45.67016355,-111.052067
C001203N,000+0.737,BOZEMAN,GALLATIN,December,2014,11:11,WED,INTERSECTION-RELATED,ON ROADWAY,CLOUDY,ICE/FROST,DAYLIGHT,NON-INJURY ACCIDENT (PROPERTY- DAMAGE-ONLY ACCIDENT),REAR-END,45.67097852,-111.0518954
C001203N,000+0.750,BOZEMAN,GALLATIN,October,2013,12:07,TUE,INTERSECTION-RELATED,ROADSIDE RIGHT,CLEAR,DRY,DAYLIGHT,NON-INJURY ACCIDENT (PROPERTY- DAMAGE-ONLY ACCIDENT),FIXED OBJECT,45.67143499,-111.0520481
C001203N,000+0.750,BOZEMAN,GALLATIN,January,2014,21:40,SAT,INTERSECTION-RELATED,ON ROADWAY,SNOW,ICE/FROST,DARK-LIGHTED,NON-INJURY ACCIDENT (PROPERTY- DAMAGE-ONLY ACCIDENT),REAR-END,45.6711346,-111.0520576
C001203N,000+0.750,BOZEMAN,GALLATIN,August,2014,22:13,SAT,INTERSECTION,ON ROADWAY,SLEET/HAIL/FREEZING RAIN/DRIZZLE,WET,DARK-LIGHTED,NON-INJURY ACCIDENT (PROPERTY- DAMAGE-ONLY ACCIDENT),RIGHT ANGLE,45.6711346,-111.0520576
C001203N,000+0.750,BOZEMAN,GALLATIN,September,2015,19:42,WED,INTERSECTION,ON ROADWAY,CLOUDY,DRY,DUSK,NON-INCAPACITATING EVIDENT INJURY ACCIDENT,FIXED OBJECT,45.6711346,-111.0520576
C001203N,000+0.750,BOZEMAN,GALLATIN,April,2016,17:26,FRI,INTERSECTION,ON ROADWAY,CLEAR,DRY,DAYLIGHT,NON-INJURY ACCIDENT (PROPERTY- DAMAGE-ONLY ACCIDENT),RIGHT ANGLE,45.6711346,-111.0520576
C001203N,000+0.750,BOZEMAN,GALLATIN,May,2016,17:02,TUE,INTERSECTION-RELATED,ON ROADWAY,CLEAR,DRY,DAYLIGHT,NON-INJURY ACCIDENT (PROPERTY- DAMAGE-ONLY ACCIDENT),REAR-END,45.67116605,-111.0520353
C001204E,000+0.346,BOZEMAN,GALLATIN,September,2016,16:02,FRI,NON-JUNCTION,ON ROADWAY,CLOUDY,DRY,DAYLIGHT,POSSIBLE INJURY ACCIDENT,REAR-END,45.6856964,-111.0548705
C001203N,000+0.750,BOZEMAN,GALLATIN,January,2016,0:06,SAT,INTERSECTION-RELATED,ON ROADWAY,CLOUDY,SNOW,DARK-LIGHTED,NON-INJURY ACCIDENT (PROPERTY- DAMAGE-ONLY ACCIDENT),REAR-END,45.67117513,-111.0520701
C001203N,000+0.750,BOZEMAN,GALLATIN,JANUARY,2017,16:56,WED,INTERSECTION,ON ROADWAY,CLOUDY,SNOW,DUSK,POSSIBLE INJURY ACCIDENT,RIGHT ANGLE,45.67530464,-111.0519009
C001203N,000+0.750,BOZEMAN,GALLATIN,JULY,2017,1:59,SUN,INTERSECTION,ON ROADWAY,CLEAR,DRY,DARK-LIGHTED,NON-INCAPACITATING EVIDENT INJURY ACCIDENT,BICYCLE,45.6711774,-111.0520679
C001203N,000+0.750,BOZEMAN,GALLATIN,NOVEMBER,2017,11:21,SAT,INTERSECTION-RELATED,ON ROADWAY,CLEAR,SNOW,DAYLIGHT,NON-INJURY ACCIDENT (PROPERTY- DAMAGE-ONLY ACCIDENT),REAR-END,45.67113582,-111.0520483
C001203N,000+0.762,BOZEMAN,GALLATIN,July,2014,16:43,TUE,INTERSECTION,ON ROADWAY,CLEAR,DRY,DAYLIGHT,NON-INJURY ACCIDENT (PROPERTY- DAMAGE-ONLY ACCIDENT),"SIDESWIPE, SAME DIRECTION",45.67127963,-111.0520757
C001203N,000+0.762,BOZEMAN,GALLATIN,September,2015,7:44,TUE,INTERSECTION-RELATED,ON ROADWAY,CLEAR,DRY,DAYLIGHT,POSSIBLE INJURY ACCIDENT,REAR-END,45.67132219,-111.0520622
C001203N,000+0.806,BOZEMAN,GALLATIN,December,2015,12:20,SUN,NON-JUNCTION,ON ROADWAY,CLEAR,SNOW,DAYLIGHT,NON-INJURY ACCIDENT (PROPERTY- DAMAGE-ONLY ACCIDENT),HEAD ON,45.67197368,-111.0520316
C001203N,000+0.862,BOZEMAN,GALLATIN,JUNE,2017,7:55,WED,NON-JUNCTION,ON ROADWAY,CLEAR,DRY,DAYLIGHT,NON-INJURY ACCIDENT (PROPERTY- DAMAGE-ONLY ACCIDENT),REAR-END,45.67278852,-111.051932
C001203N,000+0.936,BOZEMAN,GALLATIN,SEPTEMBER,2017,22:30,TUE,NON-JUNCTION,ON ROADWAY,CLEAR,DRY,DARK-LIGHTED,NON-INCAPACITATING EVIDENT INJURY ACCIDENT,BICYCLE,45.67386521,-111.051911