MDT_CORRIDOR_ID,SMS_REFPOST_OFFSET,CITY,COUNTY,Month,Year,SMS_TIME,SMT_CRASH_OCC_DAY_OF_WEEK,JUNCTION_RELATED,ROADWAY_RELATED,WEATHER_COND,ROAD_COND,LIGHT_COND,CRASH_SEVERITY,COLLISION_TYPE,LATITUDE,LONGITUDE
C001207N,001+0.852,BOZEMAN,GALLATIN,November,2016,15:57,TUE,NON-JUNCTION,ON ROADWAY,CLOUDY,ICE/FROST,DAYLIGHT,NON-INCAPACITATING EVIDENT INJURY ACCIDENT,HEAD ON,45.70612941,-111.0463667
C001207N,001+0.864,BOZEMAN,GALLATIN,March,2015,7:02,TUE,NON-JUNCTION,ON ROADWAY,CLOUDY,ICE/FROST,DAYLIGHT,NON-INJURY ACCIDENT (PROPERTY- DAMAGE-ONLY ACCIDENT),ROLL OVER,45.70629221,-111.0464291
C001207N,001+0.978,BOZEMAN,GALLATIN,May,2016,2:30,TUE,NON-JUNCTION,ROADSIDE LEFT,BLOWING SNOW,WET,DARK-NOT LIGHTED,NON-INJURY ACCIDENT (PROPERTY- DAMAGE-ONLY ACCIDENT),FIXED OBJECT,45.70794213,-111.0472476
C001207N,002+0.010,BOZEMAN,GALLATIN,October,2013,1:50,FRI,NON-JUNCTION,SHOULDER,CLEAR,ICE/FROST,DARK-NOT LIGHTED,POSSIBLE INJURY ACCIDENT,FIXED OBJECT,45.70828681,-111.047403
C001207N,002+0.223,BOZEMAN,GALLATIN,December,2014,20:56,SAT,NON-JUNCTION,ON ROADWAY,SNOW,WET,DARK-NOT LIGHTED,NON-INJURY ACCIDENT (PROPERTY- DAMAGE-ONLY ACCIDENT),WILD ANIMAL,45.71037396,-111.0507497
C001207N,002+0.243,NOT IN CITY LIMITS,GALLATIN,JUNE,2017,13:00,MON,NON-JUNCTION,IN PARKING LANE OR ZONE,CLEAR,DRY,DAYLIGHT,NON-INJURY ACCIDENT (PROPERTY- DAMAGE-ONLY ACCIDENT),REAR TO SIDE,45.71085709,-111.0507487
C001207N,002+0.255,BOZEMAN,GALLATIN,November,2015,8:50,TUE,DRIVEWAY/ALLEY ACCESS RELATED,SHOULDER,SNOW,ICE/FROST,DAYLIGHT,NON-INJURY ACCIDENT (PROPERTY- DAMAGE-ONLY ACCIDENT),FIXED OBJECT,45.71099,-111.0508
C001207N,002+0.299,BOZEMAN,GALLATIN,December,2014,17:35,FRI,CROSSOVER-RELATED,ON ROADWAY,CLEAR,ICE/FROST,DARK-NOT LIGHTED,NON-INJURY ACCIDENT (PROPERTY- DAMAGE-ONLY ACCIDENT),HEAD ON,45.71097185,-111.05192
C001207N,002+0.323,BOZEMAN,GALLATIN,March,2014,7:49,FRI,NON-JUNCTION,ON ROADWAY,BLOWING SNOW,ICE/FROST,DAYLIGHT,NON-INJURY ACCIDENT (PROPERTY- DAMAGE-ONLY ACCIDENT),FIXED OBJECT,45.71102745,-111.0525713
C001207N,002+0.354,BOZEMAN,GALLATIN,December,2014,17:00,THU,NON-JUNCTION,ON ROADWAY,CLEAR,DRY,DARK-NOT LIGHTED,NON-INJURY ACCIDENT (PROPERTY- DAMAGE-ONLY ACCIDENT),WILD ANIMAL,45.71141915,-111.0529021
C001207N,002+0.572,BOZEMAN,GALLATIN,February,2014,11:10,SAT,DRIVEWAY/ALLEY ACCESS RELATED,ON ROADWAY,CLOUDY,SLUSH,DAYLIGHT,NON-INJURY ACCIDENT (PROPERTY- DAMAGE-ONLY ACCIDENT),"SIDESWIPE, SAME DIRECTION",45.71340211,-111.0564095
C001207N,002+0.615,BOZEMAN,GALLATIN,June,2014,6:36,WED,NON-JUNCTION,ON ROADWAY,CLOUDY,DRY,DAWN,FATAL ACCIDENT,BICYCLE,45.71372127,-111.0572474
C001207N,002+0.665,BOZEMAN,GALLATIN,March,2015,20:08,MON,NON-JUNCTION,ON ROADWAY,CLEAR,DRY,DARK-NOT LIGHTED,NON-INJURY ACCIDENT (PROPERTY- DAMAGE-ONLY ACCIDENT),WILD ANIMAL,45.71414,-111.0581
C001207N,002+0.715,BOZEMAN,GALLATIN,March,2014,17:22,MON,NON-JUNCTION,ON ROADWAY,SNOW,SNOW,DAYLIGHT,NON-INJURY ACCIDENT (PROPERTY- DAMAGE-ONLY ACCIDENT),RIGHT ANGLE,45.71459975,-111.0587779
C001207N,002+0.771,BOZEMAN,GALLATIN,June,2015,15:37,SAT,NON-JUNCTION,SHOULDER,CLEAR,DRY,DAYLIGHT,NON-INJURY ACCIDENT (PROPERTY- DAMAGE-ONLY ACCIDENT),ROLL OVER,45.71504732,-111.0598426
C001207N,002+0.771,BOZEMAN,GALLATIN,June,2015,22:24,WED,INTERSECTION,ON ROADWAY,CLEAR,DRY,DARK-NOT LIGHTED,NON-INJURY ACCIDENT (PROPERTY- DAMAGE-ONLY ACCIDENT),DOMESTIC ANIMAL,45.71503342,-111.0597861
C001207N,002+0.802,BOZEMAN,GALLATIN,May,2014,12:55,SAT,NON-JUNCTION,ON ROADWAY,CLEAR,DRY,DAYLIGHT,NON-INJURY ACCIDENT (PROPERTY- DAMAGE-ONLY ACCIDENT),WILD ANIMAL,45.71534397,-111.060317
C001207N,002+0.820,BOZEMAN,GALLATIN,November,2014,20:37,TUE,NON-JUNCTION,OUTSIDE RIGHT-OF-WAY (TRAFFICWAY),CLOUDY,DRY,DARK-NOT LIGHTED,NON-INCAPACITATING EVIDENT INJURY ACCIDENT,FIXED OBJECT,45.71592156,-111.0601826
C001207N,002+0.864,BOZEMAN,GALLATIN,December,2016,3:00,SUN,NON-JUNCTION,ON ROADWAY,CLOUDY,SNOW,DARK-NOT LIGHTED,NON-INJURY ACCIDENT (PROPERTY- DAMAGE-ONLY ACCIDENT),FIXED OBJECT,45.71591949,-111.061348
C001207N,002+0.889,BOZEMAN,GALLATIN,November,2014,18:00,THU,NON-JUNCTION,ON ROADWAY,CLEAR,WET,DARK-NOT LIGHTED,NON-INJURY ACCIDENT (PROPERTY- DAMAGE-ONLY ACCIDENT),WILD ANIMAL,45.71609532,-111.061765
C001207N,002+0.894,BOZEMAN,GALLATIN,November,2014,17:40,THU,NON-JUNCTION,ON ROADWAY,CLEAR,WET,DARK-NOT LIGHTED,NON-INJURY ACCIDENT (PROPERTY- DAMAGE-ONLY ACCIDENT),WILD ANIMAL,45.71612265,-111.0618743
C001207N,003+0.180,BOZEMAN,GALLATIN,October,2013,14:50,TUE,INTERSECTION-RELATED,ROADSIDE LEFT,CLEAR,DRY,DAYLIGHT,POSSIBLE INJURY ACCIDENT,FIXED OBJECT,45.71857,-111.0667433
C001208E,000+0.000,BOZEMAN,GALLATIN,June,2014,10:43,MON,INTERSECTION,ON ROADWAY,CLEAR,DRY,DAYLIGHT,NON-INCAPACITATING EVIDENT INJURY ACCIDENT,"LEFT TURN, OPPOSITE DIRECTION",45.6783801,-111.0517809
C001208E,000+0.054,BOZEMAN,GALLATIN,March,2015,12:48,SAT,INTERSECTION,ON ROADWAY,CLEAR,DRY,DAYLIGHT,NON-INJURY ACCIDENT (PROPERTY- DAMAGE-ONLY ACCIDENT),"SIDESWIPE, OPPOSITE DIRECTION",45.67836362,-111.0506703
C001208E,000+0.054,BOZEMAN,GALLATIN,February,2015,15:22,TUE,INTERSECTION,ON ROADWAY,CLEAR,DRY,DAYLIGHT,POSSIBLE INJURY ACCIDENT,RIGHT ANGLE,45.6783516,-111.0506628
C001208E,000+0.136,BOZEMAN,GALLATIN,APRIL,2017,10:20,TUE,NON-JUNCTION,ROADSIDE RIGHT,CLOUDY,DRY,DAYLIGHT,NON-INJURY ACCIDENT (PROPERTY- DAMAGE-ONLY ACCIDENT),"SIDESWIPE, SAME DIRECTION",45.67838485,-111.0489594
C001208E,000+0.186,BOZEMAN,GALLATIN,December,2015,17:39,SAT,INTERSECTION,ON ROADWAY,CLOUDY,WET,DARK-LIGHTED,NON-INJURY ACCIDENT (PROPERTY- DAMAGE-ONLY ACCIDENT),RIGHT ANGLE,45.67835451,-111.047978
C001208E,000+0.217,BOZEMAN,GALLATIN,APRIL,2017,21:01,THU,NON-JUNCTION,IN PARKING LANE OR ZONE,CLOUDY,UNKNOWN,DARK-UNKNOWN LIGHTING,NON-INJURY ACCIDENT (PROPERTY- DAMAGE-ONLY ACCIDENT),REAR TO FRONT,45.6785329,-111.0473557
C001208E,000+0.480,BOZEMAN,GALLATIN,November,2013,8:31,FRI,NON-JUNCTION,SHOULDER,CLEAR,DRY,DAYLIGHT,NON-INJURY ACCIDENT (PROPERTY- DAMAGE-ONLY ACCIDENT),REAR-END,45.678326,-111.0417607
C001208E,000+0.533,BOZEMAN,GALLATIN,January,2014,8:11,SUN,NON-JUNCTION,ON ROADWAY,CLEAR,ICE/FROST,DAYLIGHT,POSSIBLE INJURY ACCIDENT,REAR-END,45.6783213,-111.0407217
C001208E,000+0.566,BOZEMAN,GALLATIN,August,2013,15:51,FRI,INTERSECTION-RELATED,ON ROADWAY,CLEAR,DRY,DAYLIGHT,NON-INJURY ACCIDENT (PROPERTY- DAMAGE-ONLY ACCIDENT),"SIDESWIPE, SAME DIRECTION",45.67825425,-111.0400896
C001208E,000+0.566,BOZEMAN,GALLATIN,January,2013,18:29,WED,INTERSECTION-RELATED,ON ROADWAY,SNOW,ICE/FROST,DARK-LIGHTED,NON-INJURY ACCIDENT (PROPERTY- DAMAGE-ONLY ACCIDENT),"SIDESWIPE, SAME DIRECTION",45.67825425,-111.0400896
C001208E,000+0.566,BOZEMAN,GALLATIN,April,2013,18:00,THU,INTERSECTION-RELATED,ON ROADWAY,CLOUDY,DRY,DAYLIGHT,NON-INJURY ACCIDENT (PROPERTY- DAMAGE-ONLY ACCIDENT),"SIDESWIPE, SAME DIRECTION",45.67825425,-111.0400896
C001208E,000+0.566,BOZEMAN,GALLATIN,September,2013,10:48,WED,INTERSECTION,ON ROADWAY,CLOUDY,DRY,DAYLIGHT,NON-INJURY ACCIDENT (PROPERTY- DAMAGE-ONLY ACCIDENT),"SIDESWIPE, SAME DIRECTION",45.67828852,-111.0401081
C001208E,000+0.632,BOZEMAN,GALLATIN,June,2013,14:15,TUE,INTERSECTION,ON ROADWAY,CLEAR,DRY,DAYLIGHT,POSSIBLE INJURY ACCIDENT,PEDESTRIAN,45.6782543,-111.0387263
C001208E,000+0.632,BOZEMAN,GALLATIN,September,2013,8:30,THU,INTERSECTION,ON ROADWAY,CLEAR,DRY,DAYLIGHT,NON-INJURY ACCIDENT (PROPERTY- DAMAGE-ONLY ACCIDENT),RIGHT ANGLE,45.6782797,-111.038722
C001208E,000+0.632,BOZEMAN,GALLATIN,March,2014,9:34,MON,INTERSECTION,ON ROADWAY,CLEAR,WET,DAYLIGHT,NON-INCAPACITATING EVIDENT INJURY ACCIDENT,RIGHT ANGLE,45.67827986,-111.0387167
C001208E,000+0.632,BOZEMAN,GALLATIN,July,2014,8:09,THU,INTERSECTION,ON ROADWAY,CLEAR,DRY,DAYLIGHT,NON-INCAPACITATING EVIDENT INJURY ACCIDENT,RIGHT ANGLE,45.67827963,-111.0387186
C001208E,000+0.632,BOZEMAN,GALLATIN,September,2014,9:24,MON,INTERSECTION,ON ROADWAY,CLEAR,DRY,DAYLIGHT,NON-INJURY ACCIDENT (PROPERTY- DAMAGE-ONLY ACCIDENT),RIGHT ANGLE,45.67826435,-111.0387163
C001208E,000+0.632,BOZEMAN,GALLATIN,October,2014,20:54,SAT,INTERSECTION,ON ROADWAY,RAIN,WET,DARK-LIGHTED,NON-INJURY ACCIDENT (PROPERTY- DAMAGE-ONLY ACCIDENT),RIGHT ANGLE,45.67827303,-111.0387158
C001208E,000+0.632,BOZEMAN,GALLATIN,January,2015,7:49,THU,INTERSECTION,ON ROADWAY,CLEAR,DRY,DAYLIGHT,NON-INJURY ACCIDENT (PROPERTY- DAMAGE-ONLY ACCIDENT),RIGHT ANGLE,45.67828004,-111.038717
C001208E,000+0.632,BOZEMAN,GALLATIN,February,2016,10:55,MON,INTERSECTION,ON ROADWAY,CLOUDY,DRY,DAYLIGHT,POSSIBLE INJURY ACCIDENT,OTHER,45.67827453,-111.038719
C001208E,000+0.632,BOZEMAN,GALLATIN,JULY,2017,11:27,WED,INTERSECTION,ON ROADWAY,CLOUDY,DRY,DAYLIGHT,NON-INJURY ACCIDENT (PROPERTY- DAMAGE-ONLY ACCIDENT),RIGHT ANGLE,45.67829233,-111.0387179
C001208E,000+0.725,BOZEMAN,GALLATIN,November,2015,11:53,THU,NON-JUNCTION,SHOULDER,CLEAR,DRY,DAYLIGHT,NON-INJURY ACCIDENT (PROPERTY- DAMAGE-ONLY ACCIDENT),"SIDESWIPE, SAME DIRECTION",45.67825839,-111.0367737
C001208E,000+0.738,BOZEMAN,GALLATIN,November,2015,11:53,THU,NON-JUNCTION,SHOULDER,CLEAR,DRY,DAYLIGHT,NON-INJURY ACCIDENT (PROPERTY- DAMAGE-ONLY ACCIDENT),"SIDESWIPE, SAME DIRECTION",45.67827802,-111.0366109
C001208E,000+0.743,BOZEMAN,GALLATIN,September,2013,16:08,TUE,DRIVEWAY/ALLEY ACCESS RELATED,ON ROADWAY,CLOUDY,DRY,DAYLIGHT,NON-INJURY ACCIDENT (PROPERTY- DAMAGE-ONLY ACCIDENT),RIGHT ANGLE,45.67830728,-111.0366591
C001208E,000+0.901,BOZEMAN,GALLATIN,October,2013,9:04,THU,DRIVEWAY/ALLEY ACCESS RELATED,ON ROADWAY,SNOW,WET,DAYLIGHT,NON-INJURY ACCIDENT (PROPERTY- DAMAGE-ONLY ACCIDENT),"LEFT TURN, OPPOSITE DIRECTION",45.67832432,-111.0335759
C001208E,000+0.918,BOZEMAN,GALLATIN,November,2016,23:51,MON,NON-JUNCTION,SHOULDER,CLEAR,DRY,DARK-LIGHTED,NON-INJURY ACCIDENT (PROPERTY- DAMAGE-ONLY ACCIDENT),REAR-END,45.67834271,-111.0328231
C001208E,000+0.957,BOZEMAN,GALLATIN,October,2013,7:40,TUE,INTERSECTION,ON ROADWAY,CLEAR,DRY,DAYLIGHT,NON-INJURY ACCIDENT (PROPERTY- DAMAGE-ONLY ACCIDENT),REAR-END,45.67837212,-111.0320869
C001208E,000+0.957,BOZEMAN,GALLATIN,January,2013,9:58,MON,INTERSECTION,ON ROADWAY,CLOUDY,SNOW,DAYLIGHT,UNKNOWN,RIGHT ANGLE,45.67831086,-111.0320238
C001208E,000+0.957,BOZEMAN,GALLATIN,October,2016,16:02,SUN,INTERSECTION,ON ROADWAY,CLEAR,DRY,DAYLIGHT,NON-INJURY ACCIDENT (PROPERTY- DAMAGE-ONLY ACCIDENT),RIGHT ANGLE,45.67834403,-111.0320574
C001208E,000+0.957,BOZEMAN,GALLATIN,MAY,2017,15:28,THU,INTERSECTION,ON ROADWAY,CLOUDY,DRY,DAYLIGHT,NON-INJURY ACCIDENT (PROPERTY- DAMAGE-ONLY ACCIDENT),RIGHT ANGLE,45.67836091,-111.0320666
C001208E,000+0.957,BOZEMAN,GALLATIN,NOVEMBER,2017,9:28,WED,INTERSECTION,ON ROADWAY,SNOW,SLUSH,DAYLIGHT,NON-INCAPACITATING EVIDENT INJURY ACCIDENT,PEDESTRIAN,45.67832684,-111.0319995
C001208E,000+0.989,BOZEMAN,GALLATIN,September,2016,19:39,FRI,DRIVEWAY/ALLEY ACCESS RELATED,ON ROADWAY,CLOUDY,DRY,DUSK,NON-INCAPACITATING EVIDENT INJURY ACCIDENT,BICYCLE,45.67874555,-111.0320325
C001208E,000+0.993,BOZEMAN,GALLATIN,August,2013,14:49,MON,NON-JUNCTION,SHOULDER,CLEAR,DRY,DAYLIGHT,NON-INJURY ACCIDENT (PROPERTY- DAMAGE-ONLY ACCIDENT),"SIDESWIPE, SAME DIRECTION",45.67902891,-111.0320637
C001208E,000+0.994,BOZEMAN,GALLATIN,February,2014,9:56,FRI,DRIVEWAY/ALLEY ACCESS RELATED,ON ROADWAY,SNOW,ICE/FROST,DAYLIGHT,NON-INJURY ACCIDENT (PROPERTY- DAMAGE-ONLY ACCIDENT),RIGHT ANGLE,45.67886157,-111.032012
C001208E,000+0.994,BOZEMAN,GALLATIN,May,2014,11:53,FRI,INTERSECTION-RELATED,ON ROADWAY,CLOUDY,DRY,DAYLIGHT,NON-INJURY ACCIDENT (PROPERTY- DAMAGE-ONLY ACCIDENT),REAR-END,45.67882923,-111.0319939
C001208E,000+0.994,BOZEMAN,GALLATIN,November,2016,14:47,WED,DRIVEWAY/ALLEY ACCESS RELATED,ON ROADWAY,CLEAR,WET,DAYLIGHT,NON-INJURY ACCIDENT (PROPERTY- DAMAGE-ONLY ACCIDENT),RIGHT ANGLE,45.67884484,-111.0321094
C001209N,001+0.859,BOZEMAN,GALLATIN,May,2013,11:34,SUN,INTERSECTION,ON ROADWAY,CLOUDY,DRY,DAYLIGHT,NON-INCAPACITATING EVIDENT INJURY ACCIDENT,BICYCLE,45.65805124,-111.0417288
C001209N,002+0.010,BOZEMAN,GALLATIN,June,2015,12:50,THU,INTERSECTION-RELATED,ON ROADWAY,CLEAR,DRY,DAYLIGHT,NON-INCAPACITATING EVIDENT INJURY ACCIDENT,REAR-END,45.6602101,-111.0412778
C001209N,002+0.016,BOZEMAN,GALLATIN,January,2014,15:34,TUE,INTERSECTION,ON ROADWAY,CLEAR,DRY,DAYLIGHT,NON-INCAPACITATING EVIDENT INJURY ACCIDENT,"LEFT TURN, OPPOSITE DIRECTION",45.66028026,-111.0412198
C001209N,002+0.021,BOZEMAN,GALLATIN,July,2013,13:29,FRI,INTERSECTION-RELATED,ON ROADWAY,CLEAR,DRY,DAYLIGHT,NON-INJURY ACCIDENT (PROPERTY- DAMAGE-ONLY ACCIDENT),REAR-END,45.6603377,-111.0412287
C001209N,002+0.021,BOZEMAN,GALLATIN,March,2013,22:35,FRI,INTERSECTION,ON ROADWAY,CLEAR,ICE/FROST,DARK-LIGHTED,NON-INJURY ACCIDENT (PROPERTY- DAMAGE-ONLY ACCIDENT),OTHER,45.6603377,-111.0412287
C001209N,002+0.023,BOZEMAN,GALLATIN,March,2016,18:41,THU,INTERSECTION,ON ROADWAY,CLOUDY,WET,DAYLIGHT,NON-INJURY ACCIDENT (PROPERTY- DAMAGE-ONLY ACCIDENT),HEAD ON,45.66038019,-111.0411729
C001209N,002+0.026,BOZEMAN,GALLATIN,May,2015,12:29,WED,INTERSECTION,ON ROADWAY,CLEAR,DRY,DAYLIGHT,NON-INCAPACITATING EVIDENT INJURY ACCIDENT,RIGHT ANGLE,45.66040418,-111.0411191
C001209N,002+0.179,BOZEMAN,GALLATIN,April,2015,0:27,SAT,NON-JUNCTION,ON ROADWAY,CLEAR,DRY,DARK-NOT LIGHTED,NON-INCAPACITATING EVIDENT INJURY ACCIDENT,REAR-END,45.66235489,-111.039613
C001209N,002+0.341,BOZEMAN,GALLATIN,November,2013,6:54,TUE,NON-JUNCTION,SHOULDER,CLEAR,ICE/FROST,DAYLIGHT,NON-INJURY ACCIDENT (PROPERTY- DAMAGE-ONLY ACCIDENT),"SIDESWIPE, SAME DIRECTION",45.66432625,-111.0388849
C001209N,002+0.385,BOZEMAN,GALLATIN,October,2013,17:26,THU,INTERSECTION-RELATED,ON ROADWAY,SNOW,SNOW,DAYLIGHT,NON-INJURY ACCIDENT (PROPERTY- DAMAGE-ONLY ACCIDENT),RIGHT ANGLE,45.66526559,-111.0388878
C001209N,002+0.395,BOZEMAN,GALLATIN,October,2016,14:56,FRI,INTERSECTION-RELATED,ON ROADWAY,RAIN,WET,DAYLIGHT,NON-INJURY ACCIDENT (PROPERTY- DAMAGE-ONLY ACCIDENT),REAR-END,45.66534016,-111.0389083
C001209N,002+0.521,BOZEMAN,GALLATIN,August,2015,10:13,TUE,INTERSECTION,ON ROADWAY,CLEAR,DRY,DAYLIGHT,NON-INCAPACITATING EVIDENT INJURY ACCIDENT,RIGHT ANGLE,45.667174,-111.038855
C001209N,002+0.523,BOZEMAN,GALLATIN,April,2013,8:23,WED,INTERSECTION-RELATED,ON ROADWAY,CLOUDY,DRY,DAYLIGHT,NON-INJURY ACCIDENT (PROPERTY- DAMAGE-ONLY ACCIDENT),REAR-END,45.66721957,-111.0388572
C001209N,002+0.523,BOZEMAN,GALLATIN,June,2013,9:00,TUE,INTERSECTION-RELATED,ON ROADWAY,CLOUDY,DRY,DAYLIGHT,NON-INJURY ACCIDENT (PROPERTY- DAMAGE-ONLY ACCIDENT),REAR-END,45.66721957,-111.0388572
C001209N,002+0.583,BOZEMAN,GALLATIN,February,2014,0:44,SUN,ACCELERATION/DECELERATION LANE,SHOULDER,CLOUDY,SNOW,DARK-NOT LIGHTED,NON-INJURY ACCIDENT (PROPERTY- DAMAGE-ONLY ACCIDENT),RIGHT ANGLE,45.66812351,-111.0389563
C001209N,002+0.589,BOZEMAN,GALLATIN,February,2013,13:10,FRI,INTERSECTION,ON ROADWAY,CLOUDY,DRY,DAYLIGHT,NON-INJURY ACCIDENT (PROPERTY- DAMAGE-ONLY ACCIDENT),RIGHT ANGLE,45.66816959,-111.0388566
C001209N,002+0.658,BOZEMAN,GALLATIN,December,2013,9:54,FRI,INTERSECTION,ON ROADWAY,CLEAR,SNOW,DAYLIGHT,NON-INJURY ACCIDENT (PROPERTY- DAMAGE-ONLY ACCIDENT),RIGHT ANGLE,45.68455887,-111.0387115
C001209N,002+0.763,BOZEMAN,GALLATIN,JULY,2017,21:10,MON,NON-JUNCTION,ON ROADWAY,CLOUDY,DRY,DAYLIGHT,NON-INCAPACITATING EVIDENT INJURY ACCIDENT,OTHER,45.6707304,-111.0388798
C001209N,002+0.800,BOZEMAN,GALLATIN,December,2014,17:35,TUE,INTERSECTION,ON ROADWAY,CLEAR,SNOW,DARK-LIGHTED,POSSIBLE INJURY ACCIDENT,REAR-END,45.67124293,-111.0388735
C001209N,002+0.800,BOZEMAN,GALLATIN,JANUARY,2017,20:12,FRI,INTERSECTION,ON ROADWAY,CLEAR,SNOW,DARK-LIGHTED,POSSIBLE INJURY ACCIDENT,RIGHT ANGLE,45.67126167,-111.0388211
C001209N,003+0.015,BOZEMAN,GALLATIN,March,2013,16:06,TUE,INTERSECTION,ON ROADWAY,CLEAR,DRY,DAYLIGHT,NON-INJURY ACCIDENT (PROPERTY- DAMAGE-ONLY ACCIDENT),RIGHT ANGLE,45.67432975,-111.0387733
C001209N,003+0.161,BOZEMAN,GALLATIN,February,2016,2:04,FRI,NON-JUNCTION,ON ROADWAY,CLEAR,DRY,DARK-LIGHTED,NON-INCAPACITATING EVIDENT INJURY ACCIDENT,HEAD ON,45.67645776,-111.0387163
C001209N,003+0.173,BOZEMAN,GALLATIN,August,2016,18:30,TUE,INTERSECTION-RELATED,ON ROADWAY,CLOUDY,DRY,DAYLIGHT,NON-INJURY ACCIDENT (PROPERTY- DAMAGE-ONLY ACCIDENT),REAR-END,45.67663467,-111.0387324
C001209N,003+0.210,BOZEMAN,GALLATIN,October,2015,0:16,SUN,NON-JUNCTION,SHOULDER,CLEAR,DRY,DARK-LIGHTED,UNKNOWN,REAR-END,45.6771997,-111.0387688
C001209N,003+0.219,BOZEMAN,GALLATIN,November,2013,22:19,TUE,INTERSECTION,ON ROADWAY,CLEAR,DRY,DARK-LIGHTED,NON-INCAPACITATING EVIDENT INJURY ACCIDENT,RIGHT ANGLE,45.67729695,-111.0394656
C001209N,003+0.219,BOZEMAN,GALLATIN,January,2013,16:46,THU,INTERSECTION-RELATED,ON ROADWAY,SNOW,ICE/FROST,DAYLIGHT,POSSIBLE INJURY ACCIDENT,REAR-END,45.67728478,-111.0387167
C001209N,003+0.273,BOZEMAN,GALLATIN,May,2014,10:38,TUE,NON-JUNCTION,SHOULDER,CLOUDY,DRY,DAYLIGHT,POSSIBLE INJURY ACCIDENT,FIXED OBJECT,45.67807804,-111.0388045
C001209N,003+0.291,BOZEMAN,GALLATIN,January,2014,9:25,FRI,INTERSECTION,ON ROADWAY,CLOUDY,SNOW,DAYLIGHT,NON-INJURY ACCIDENT (PROPERTY- DAMAGE-ONLY ACCIDENT),"LEFT TURN, SAME DIRECTION",45.67832845,-111.0387162
C001209N,003+0.397,BOZEMAN,GALLATIN,October,2015,11:13,THU,INTERSECTION,ON ROADWAY,CLEAR,DRY,DAYLIGHT,NON-INJURY ACCIDENT (PROPERTY- DAMAGE-ONLY ACCIDENT),RIGHT ANGLE,45.67985219,-111.0387211
C001209N,003+0.397,BOZEMAN,GALLATIN,September,2016,19:04,WED,DRIVEWAY/ALLEY ACCESS RELATED,ON ROADWAY,CLEAR,DRY,DAYLIGHT,NON-INJURY ACCIDENT (PROPERTY- DAMAGE-ONLY ACCIDENT),RIGHT ANGLE,45.67983835,-111.0387248
C001209N,003+0.397,BOZEMAN,GALLATIN,MAY,2017,18:27,SAT,NON-JUNCTION,ON ROADWAY,CLEAR,DRY,DAYLIGHT,NON-INCAPACITATING EVIDENT INJURY ACCIDENT,RIGHT ANGLE,45.6798558,-111.0387161
C001209N,003+0.465,BOZEMAN,GALLATIN,May,2016,17:54,WED,DRIVEWAY/ALLEY ACCESS RELATED,ON ROADWAY,CLEAR,DRY,DAYLIGHT,NON-INJURY ACCIDENT (PROPERTY- DAMAGE-ONLY ACCIDENT),RIGHT ANGLE,45.68082494,-111.0387328
C001209N,003+0.496,BOZEMAN,GALLATIN,February,2014,8:41,TUE,INTERSECTION,ON ROADWAY,CLOUDY,ICE/FROST,DAYLIGHT,NON-INJURY ACCIDENT (PROPERTY- DAMAGE-ONLY ACCIDENT),RIGHT ANGLE,45.68133748,-111.0387336
C001209N,003+0.496,BOZEMAN,GALLATIN,December,2015,14:19,WED,INTERSECTION,ON ROADWAY,CLOUDY,SNOW,DAYLIGHT,NON-INJURY ACCIDENT (PROPERTY- DAMAGE-ONLY ACCIDENT),RIGHT ANGLE,45.68130375,-111.0387265
C001209N,003+0.546,BOZEMAN,GALLATIN,MARCH,2017,8:30,WED,INTERSECTION,ON ROADWAY,CLEAR,WET,DAYLIGHT,POSSIBLE INJURY ACCIDENT,RIGHT ANGLE,45.68204322,-111.0387779
C001209N,003+0.639,BOZEMAN,GALLATIN,April,2014,20:09,SUN,NON-JUNCTION,ON ROADWAY,RAIN,WET,DAWN,POSSIBLE INJURY ACCIDENT,"SIDESWIPE, SAME DIRECTION",45.68340593,-111.0387136
C001209N,003+0.670,BOZEMAN,GALLATIN,MARCH,2017,2:48,FRI,NON-JUNCTION,ON ROADWAY,CLOUDY,DRY,DARK-LIGHTED,NON-INJURY ACCIDENT (PROPERTY- DAMAGE-ONLY ACCIDENT),HEAD ON,45.68385689,-111.0387008
C001209N,003+0.682,BOZEMAN,GALLATIN,April,2016,22:51,SAT,NON-JUNCTION,OUTSIDE RIGHT-OF-WAY (TRAFFICWAY),RAIN,WET,DARK-NOT LIGHTED,NON-INJURY ACCIDENT (PROPERTY- DAMAGE-ONLY ACCIDENT),REAR-END,45.68403768,-111.0388716
C001210E,000+0.000,BOZEMAN,GALLATIN,March,2015,11:02,FRI,INTERSECTION,ON ROADWAY,CLEAR,DRY,DAYLIGHT,NON-INJURY ACCIDENT (PROPERTY- DAMAGE-ONLY ACCIDENT),HEAD ON,45.67172365,-111.0764642
C001210E,000+0.000,BOZEMAN,GALLATIN,April,2015,8:21,TUE,INTERSECTION,ON ROADWAY,CLEAR,ICE/FROST,DAYLIGHT,NON-INCAPACITATING EVIDENT INJURY ACCIDENT,RIGHT ANGLE,45.67173392,-111.0764148
C001210E,000+0.004,BOZEMAN,GALLATIN,OCTOBER,2017,18:00,TUE,INTERSECTION,ON ROADWAY,CLOUDY,DRY,DAYLIGHT,NON-INJURY ACCIDENT (PROPERTY- DAMAGE-ONLY ACCIDENT),HEAD ON,45.67163092,-111.0764438