MDT_CORRIDOR_ID,SMS_REFPOST_OFFSET,CITY,COUNTY,Month,Year,SMS_TIME,SMT_CRASH_OCC_DAY_OF_WEEK,JUNCTION_RELATED,ROADWAY_RELATED,WEATHER_COND,ROAD_COND,LIGHT_COND,CRASH_SEVERITY,COLLISION_TYPE,LATITUDE,LONGITUDE
C001210E,000+0.028,BOZEMAN,GALLATIN,September,2013,14:57,THU,DRIVEWAY/ALLEY ACCESS RELATED,ON ROADWAY,CLOUDY,DRY,DAYLIGHT,POSSIBLE INJURY ACCIDENT,REAR-END,45.67117336,-111.0739531
C001210E,000+0.097,BOZEMAN,GALLATIN,September,2016,17:58,TUE,THROUGH ROADWAY,ON ROADWAY,CLEAR,DRY,DAYLIGHT,NON-INJURY ACCIDENT (PROPERTY- DAMAGE-ONLY ACCIDENT),RIGHT ANGLE,45.67119299,-111.074824
C001210E,000+0.128,BOZEMAN,GALLATIN,July,2014,17:40,TUE,INTERSECTION-RELATED,ON ROADWAY,CLEAR,DRY,DAYLIGHT,POSSIBLE INJURY ACCIDENT,REAR-END,45.67119837,-111.0742377
C001210E,000+0.438,BOZEMAN,GALLATIN,FEBRUARY,2017,10:23,MON,NON-JUNCTION,ON ROADWAY,CLOUDY,DRY,DAYLIGHT,POSSIBLE INJURY ACCIDENT,REAR-END,45.67116484,-111.0674902
C001210E,000+0.438,BOZEMAN,GALLATIN,OCTOBER,2017,12:34,THU,INTERSECTION-RELATED,ON ROADWAY,CLOUDY,WET,DAYLIGHT,NON-INJURY ACCIDENT (PROPERTY- DAMAGE-ONLY ACCIDENT),REAR-END,45.67111043,-111.0678065
C001210E,000+0.444,BOZEMAN,GALLATIN,August,2016,15:25,TUE,INTERSECTION,ON ROADWAY,CLOUDY,DRY,DAYLIGHT,NON-INJURY ACCIDENT (PROPERTY- DAMAGE-ONLY ACCIDENT),HEAD ON,45.6711901,-111.0676146
C001210E,000+0.450,BOZEMAN,GALLATIN,February,2014,14:00,SAT,INTERSECTION,ON ROADWAY,CLEAR,SNOW,DAYLIGHT,NON-INCAPACITATING EVIDENT INJURY ACCIDENT,"LEFT TURN, SAME DIRECTION",45.671181,-111.067542
C001210E,000+0.450,BOZEMAN,GALLATIN,April,2015,8:03,TUE,INTERSECTION,ON ROADWAY,CLEAR,ICE/FROST,DAYLIGHT,NON-INJURY ACCIDENT (PROPERTY- DAMAGE-ONLY ACCIDENT),REAR-END,45.67117257,-111.0675425
C001210E,000+0.450,BOZEMAN,GALLATIN,DECEMBER,2017,13:44,SAT,INTERSECTION,ON ROADWAY,BLOWING SNOW,SNOW,DAYLIGHT,NON-INJURY ACCIDENT (PROPERTY- DAMAGE-ONLY ACCIDENT),RIGHT ANGLE,45.67117448,-111.0675361
C001210E,000+0.452,BOZEMAN,GALLATIN,December,2013,10:57,FRI,INTERSECTION,ON ROADWAY,CLEAR,ICE/FROST,DAYLIGHT,NON-INJURY ACCIDENT (PROPERTY- DAMAGE-ONLY ACCIDENT),REAR-END,45.67118378,-111.067396
C001210E,000+0.463,BOZEMAN,GALLATIN,May,2015,9:55,TUE,UNKNOWN,ON ROADWAY,CLOUDY,DRY,DAYLIGHT,NON-INJURY ACCIDENT (PROPERTY- DAMAGE-ONLY ACCIDENT),REAR-END,45.67125928,-111.0673372
C001210E,000+0.475,BOZEMAN,GALLATIN,April,2016,18:37,TUE,NON-JUNCTION,ON ROADWAY,CLEAR,DRY,DAYLIGHT,NON-INJURY ACCIDENT (PROPERTY- DAMAGE-ONLY ACCIDENT),REAR-END,45.67117013,-111.06705
C001210E,000+0.544,BOZEMAN,GALLATIN,September,2016,8:00,FRI,THROUGH ROADWAY,ON ROADWAY,CLEAR,DRY,DAYLIGHT,NON-INJURY ACCIDENT (PROPERTY- DAMAGE-ONLY ACCIDENT),REAR-END,45.67116966,-111.0655571
C001210E,000+0.574,BOZEMAN,GALLATIN,October,2014,8:40,WED,INTERSECTION-RELATED,ON ROADWAY,CLEAR,DRY,DAYLIGHT,NON-INCAPACITATING EVIDENT INJURY ACCIDENT,REAR-END,45.67107516,-111.0649265
C001210E,000+0.581,BOZEMAN,GALLATIN,August,2016,11:41,WED,NON-JUNCTION,ON ROADWAY,CLOUDY,DRY,DAYLIGHT,NON-INJURY ACCIDENT (PROPERTY- DAMAGE-ONLY ACCIDENT),RIGHT ANGLE,45.67118182,-111.0648986
C001210E,000+0.652,BOZEMAN,GALLATIN,September,2013,7:42,THU,INTERSECTION-RELATED,ON ROADWAY,CLOUDY,DRY,DAYLIGHT,NON-INJURY ACCIDENT (PROPERTY- DAMAGE-ONLY ACCIDENT),REAR-END,45.67107237,-111.0635517
C001210E,000+0.680,BOZEMAN,GALLATIN,November,2013,17:08,WED,INTERSECTION,ON ROADWAY,CLOUDY,DRY,DUSK,POSSIBLE INJURY ACCIDENT,"LEFT TURN, SAME DIRECTION",45.67113512,-111.0627704
C001210E,000+0.680,BOZEMAN,GALLATIN,May,2014,14:32,MON,INTERSECTION,ON ROADWAY,CLEAR,DRY,DAYLIGHT,NON-INJURY ACCIDENT (PROPERTY- DAMAGE-ONLY ACCIDENT),"LEFT TURN, OPPOSITE DIRECTION",45.67122507,-111.0627918
C001210E,000+0.680,BOZEMAN,GALLATIN,September,2015,9:27,THU,INTERSECTION,ON ROADWAY,CLEAR,DRY,DAYLIGHT,NON-INJURY ACCIDENT (PROPERTY- DAMAGE-ONLY ACCIDENT),"LEFT TURN, OPPOSITE DIRECTION",45.67108592,-111.0627713
C001210E,000+0.680,BOZEMAN,GALLATIN,SEPTEMBER,2017,13:45,SAT,INTERSECTION,ON ROADWAY,CLEAR,DRY,DAYLIGHT,NON-INJURY ACCIDENT (PROPERTY- DAMAGE-ONLY ACCIDENT),REAR-END,45.67119628,-111.0627681
C001210E,000+0.680,BOZEMAN,GALLATIN,SEPTEMBER,2017,17:45,MON,INTERSECTION,ON ROADWAY,CLEAR,DRY,DAYLIGHT,INCAPACITATING INJURY ACCIDENT,BICYCLE,45.67111778,-111.0627983
C001210E,000+0.729,BOZEMAN,GALLATIN,October,2015,17:28,MON,NON-JUNCTION,ON ROADWAY,RAIN,WET,DAYLIGHT,NON-INJURY ACCIDENT (PROPERTY- DAMAGE-ONLY ACCIDENT),REAR-END,45.67111936,-111.0617887
C001210E,000+0.736,BOZEMAN,GALLATIN,April,2014,7:44,TUE,INTERSECTION-RELATED,ON ROADWAY,CLEAR,DRY,DAYLIGHT,NON-INJURY ACCIDENT (PROPERTY- DAMAGE-ONLY ACCIDENT),REAR-END,45.67111871,-111.0616009
C001210E,000+0.853,BOZEMAN,GALLATIN,April,2016,19:00,FRI,DRIVEWAY/ALLEY ACCESS RELATED,ON ROADWAY,CLEAR,DRY,DAYLIGHT,NON-INJURY ACCIDENT (PROPERTY- DAMAGE-ONLY ACCIDENT),RIGHT ANGLE,45.67113915,-111.0591784
C001210E,000+0.879,BOZEMAN,GALLATIN,JUNE,2017,14:51,FRI,INTERSECTION-RELATED,ON ROADWAY,CLOUDY,DRY,DAYLIGHT,NON-INJURY ACCIDENT (PROPERTY- DAMAGE-ONLY ACCIDENT),REAR-END,45.67116535,-111.0587027
C001210E,000+0.885,BOZEMAN,GALLATIN,June,2014,14:41,MON,INTERSECTION-RELATED,ON ROADWAY,CLEAR,DRY,DAYLIGHT,POSSIBLE INJURY ACCIDENT,REAR TO FRONT,45.67114635,-111.0585754
C001210E,000+0.946,BOZEMAN,GALLATIN,September,2015,8:53,WED,INTERSECTION,ON ROADWAY,CLEAR,DRY,DAYLIGHT,NON-INCAPACITATING EVIDENT INJURY ACCIDENT,REAR-END,45.67115719,-111.0572906
C001210E,000+0.951,BOZEMAN,GALLATIN,August,2013,16:30,THU,INTERSECTION,ON ROADWAY,CLOUDY,DRY,DAYLIGHT,NON-INJURY ACCIDENT (PROPERTY- DAMAGE-ONLY ACCIDENT),"SIDESWIPE, OPPOSITE DIRECTION",45.67113311,-111.0571995
C001210E,001+0.059,BOZEMAN,GALLATIN,FEBRUARY,2017,11:48,WED,INTERSECTION,ON ROADWAY,CLEAR,SNOW,DAYLIGHT,NON-INJURY ACCIDENT (PROPERTY- DAMAGE-ONLY ACCIDENT),RIGHT ANGLE,45.67112996,-111.0549769
C001210E,001+0.071,BOZEMAN,GALLATIN,September,2016,9:29,WED,INTERSECTION-RELATED,ON ROADWAY,CLEAR,DRY,DAYLIGHT,NON-INCAPACITATING EVIDENT INJURY ACCIDENT,BICYCLE,45.67113881,-111.0547505
C001210E,001+0.188,BOZEMAN,GALLATIN,February,2014,16:55,TUE,INTERSECTION-RELATED,ON ROADWAY,CLEAR,DRY,DAYLIGHT,INCAPACITATING INJURY ACCIDENT,PEDESTRIAN,45.67115096,-111.0523188
C001210E,001+0.194,BOZEMAN,GALLATIN,November,2014,12:33,WED,INTERSECTION-RELATED,ON ROADWAY,CLEAR,ICE/FROST,DAYLIGHT,NON-INJURY ACCIDENT (PROPERTY- DAMAGE-ONLY ACCIDENT),REAR-END,45.67111,-111.05218
C001210E,001+0.207,BOZEMAN,GALLATIN,March,2014,16:53,SAT,INTERSECTION-RELATED,ON ROADWAY,SNOW,SNOW,DUSK,NON-INJURY ACCIDENT (PROPERTY- DAMAGE-ONLY ACCIDENT),REAR-END,45.6711821,-111.0519883
C001210E,001+0.349,BOZEMAN,GALLATIN,OCTOBER,2017,17:10,WED,NON-JUNCTION,ROADSIDE RIGHT,CLEAR,DRY,DAYLIGHT,NON-INJURY ACCIDENT (PROPERTY- DAMAGE-ONLY ACCIDENT),"SIDESWIPE, SAME DIRECTION",45.67121216,-111.0489633
C001210E,001+0.380,BOZEMAN,GALLATIN,August,2016,8:00,TUE,DRIVEWAY/ALLEY ACCESS RELATED,ON ROADWAY,CLOUDY,DRY,DAYLIGHT,NON-INJURY ACCIDENT (PROPERTY- DAMAGE-ONLY ACCIDENT),REAR TO FRONT,45.6711493,-111.0482891
C001210E,001+0.399,BOZEMAN,GALLATIN,JANUARY,2017,17:05,TUE,INTERSECTION,ON ROADWAY,SNOW,ICE/FROST,DAYLIGHT,NON-INJURY ACCIDENT (PROPERTY- DAMAGE-ONLY ACCIDENT),REAR-END,45.67118058,-111.0479355
C001210E,001+0.524,BOZEMAN,GALLATIN,November,2014,12:32,SAT,INTERSECTION-RELATED,ON ROADWAY,CLEAR,DRY,DAYLIGHT,UNKNOWN,PEDESTRIAN,45.6712448,-111.045362
C001210E,001+0.536,BOZEMAN,GALLATIN,AUGUST,2017,13:40,WED,NON-JUNCTION,ON ROADWAY,CLEAR,DRY,DAYLIGHT,NON-INJURY ACCIDENT (PROPERTY- DAMAGE-ONLY ACCIDENT),REAR-END,45.67129377,-111.0450627
C001210E,001+0.700,BOZEMAN,GALLATIN,August,2013,11:21,FRI,INTERSECTION,ON ROADWAY,CLOUDY,DRY,DAYLIGHT,NON-INJURY ACCIDENT (PROPERTY- DAMAGE-ONLY ACCIDENT),RIGHT ANGLE,45.67126327,-111.0417262
C001210E,001+0.772,BOZEMAN,GALLATIN,August,2015,21:45,FRI,INTERSECTION,ON ROADWAY,CLEAR,DRY,DARK-NOT LIGHTED,NON-INCAPACITATING EVIDENT INJURY ACCIDENT,RIGHT ANGLE,45.67124453,-111.0402442
C001210E,001+0.772,BOZEMAN,GALLATIN,May,2016,20:42,WED,INTERSECTION,ON ROADWAY,CLOUDY,DRY,DUSK,NON-INCAPACITATING EVIDENT INJURY ACCIDENT,BICYCLE,45.67123018,-111.0402352
C001210E,001+0.841,BOZEMAN,GALLATIN,JULY,2017,7:02,FRI,INTERSECTION,ROADSIDE RIGHT,CLEAR,DRY,DAYLIGHT,NON-INJURY ACCIDENT (PROPERTY- DAMAGE-ONLY ACCIDENT),OTHER,45.67125181,-111.0388657
C001212E,000+0.005,BOZEMAN,GALLATIN,December,2015,10:54,MON,INTERSECTION-RELATED,ON ROADWAY,CLOUDY,ICE/FROST,DAYLIGHT,NON-INJURY ACCIDENT (PROPERTY- DAMAGE-ONLY ACCIDENT),REAR-END,45.66024019,-111.0627405
C001212E,000+0.048,BOZEMAN,GALLATIN,April,2015,12:03,FRI,DRIVEWAY/ALLEY ACCESS RELATED,ON ROADWAY,CLOUDY,DRY,DAYLIGHT,NON-INJURY ACCIDENT (PROPERTY- DAMAGE-ONLY ACCIDENT),RIGHT ANGLE,45.66026476,-111.0618308
C001212E,000+0.048,BOZEMAN,GALLATIN,June,2016,16:24,MON,DRIVEWAY/ALLEY ACCESS RELATED,ON ROADWAY,CLEAR,DRY,DAYLIGHT,NON-INJURY ACCIDENT (PROPERTY- DAMAGE-ONLY ACCIDENT),RIGHT ANGLE,45.66028188,-111.0618075
C001212E,000+0.048,BOZEMAN,GALLATIN,OCTOBER,2017,13:47,TUE,INTERSECTION-RELATED,ON ROADWAY,CLOUDY,DRY,DAYLIGHT,NON-INJURY ACCIDENT (PROPERTY- DAMAGE-ONLY ACCIDENT),REAR-END,45.66031033,-111.0618438
C001212E,000+0.097,BOZEMAN,GALLATIN,August,2014,9:10,TUE,DRIVEWAY/ALLEY ACCESS RELATED,ON ROADWAY,CLOUDY,DRY,DAYLIGHT,NON-INJURY ACCIDENT (PROPERTY- DAMAGE-ONLY ACCIDENT),REAR-END,45.66020389,-111.0608329
C001212E,000+0.134,BOZEMAN,GALLATIN,November,2016,14:00,THU,NON-JUNCTION,ON ROADWAY,CLOUDY,WET,DAYLIGHT,NON-INJURY ACCIDENT (PROPERTY- DAMAGE-ONLY ACCIDENT),REAR-END,45.66022978,-111.0601359
C001212E,000+0.196,BOZEMAN,GALLATIN,November,2016,16:30,THU,NON-JUNCTION,ON ROADWAY,CLEAR,DRY,DUSK,NON-INJURY ACCIDENT (PROPERTY- DAMAGE-ONLY ACCIDENT),REAR-END,45.66031114,-111.0587916
C001212E,000+0.202,,GALLATIN,September,2016,15:30,MON,NON-JUNCTION,ON ROADWAY,CLEAR,DRY,DAYLIGHT,NON-INJURY ACCIDENT (PROPERTY- DAMAGE-ONLY ACCIDENT),REAR-END,45.66050429,-111.0587185
C001212E,000+0.208,BOZEMAN,GALLATIN,January,2015,8:02,TUE,INTERSECTION-RELATED,ON ROADWAY,CLOUDY,DRY,DAYLIGHT,NON-INJURY ACCIDENT (PROPERTY- DAMAGE-ONLY ACCIDENT),REAR-END,45.66020627,-111.0585076
C001212E,000+0.226,BOZEMAN,GALLATIN,APRIL,2017,9:14,MON,INTERSECTION,ON ROADWAY,CLOUDY,WET,DAYLIGHT,NON-INJURY ACCIDENT (PROPERTY- DAMAGE-ONLY ACCIDENT),REAR-END,45.66023042,-111.0581572
C001212E,000+0.245,BOZEMAN,GALLATIN,March,2015,21:14,SUN,INTERSECTION-RELATED,ON ROADWAY,CLEAR,DRY,DARK-NOT LIGHTED,NON-INJURY ACCIDENT (PROPERTY- DAMAGE-ONLY ACCIDENT),"SIDESWIPE, SAME DIRECTION",45.66025593,-111.0577514
C001212E,000+0.320,BOZEMAN,GALLATIN,January,2015,17:41,WED,DRIVEWAY/ALLEY ACCESS RELATED,ON ROADWAY,CLEAR,DRY,DARK-NOT LIGHTED,NON-INJURY ACCIDENT (PROPERTY- DAMAGE-ONLY ACCIDENT),REAR-END,45.66028905,-111.0562143
C001212E,000+0.370,BOZEMAN,GALLATIN,November,2013,17:32,THU,INTERSECTION-RELATED,ON ROADWAY,CLOUDY,DRY,DARK-LIGHTED,NON-INJURY ACCIDENT (PROPERTY- DAMAGE-ONLY ACCIDENT),REAR-END,45.66025201,-111.0550995
C001212E,000+0.460,BOZEMAN,GALLATIN,November,2013,13:10,FRI,UNKNOWN,ON ROADWAY,CLEAR,WET,DAYLIGHT,NON-INJURY ACCIDENT (PROPERTY- DAMAGE-ONLY ACCIDENT),"LEFT TURN, SAME DIRECTION",45.66027833,-111.0532217
C001212E,000+0.494,BOZEMAN,GALLATIN,May,2016,17:41,TUE,INTERSECTION-RELATED,ON ROADWAY,CLEAR,DRY,DAYLIGHT,NON-INJURY ACCIDENT (PROPERTY- DAMAGE-ONLY ACCIDENT),REAR-END,45.66023996,-111.052668
C001212E,000+0.524,BOZEMAN,GALLATIN,FEBRUARY,2017,23:02,FRI,INTERSECTION-RELATED,ON ROADWAY,SNOW,ICE/FROST,DARK-LIGHTED,NON-INJURY ACCIDENT (PROPERTY- DAMAGE-ONLY ACCIDENT),"RIGHT TURN, OPPOSITE DIRECTION",45.66031078,-111.0520503
C001212E,000+0.537,BOZEMAN,GALLATIN,September,2015,15:15,THU,INTERSECTION-RELATED,ON ROADWAY,CLEAR,DRY,DAYLIGHT,NON-INJURY ACCIDENT (PROPERTY- DAMAGE-ONLY ACCIDENT),REAR-END,45.66036831,-111.0517197
C001212E,000+0.586,BOZEMAN,GALLATIN,December,2016,16:31,FRI,INTERSECTION,ON ROADWAY,SNOW,ICE/FROST,DUSK,POSSIBLE INJURY ACCIDENT,REAR-END,45.66033538,-111.0507264
C001212E,000+0.599,BOZEMAN,GALLATIN,MARCH,2017,7:53,THU,NON-JUNCTION,ON ROADWAY,BLOWING SNOW,SNOW,DAYLIGHT,NON-INJURY ACCIDENT (PROPERTY- DAMAGE-ONLY ACCIDENT),REAR-END,45.66028583,-111.0504107
C001212E,000+0.611,BOZEMAN,GALLATIN,October,2016,16:03,FRI,NON-JUNCTION,ON ROADWAY,RAIN,WET,DAYLIGHT,POSSIBLE INJURY ACCIDENT,REAR-END,45.66031207,-111.0502552
C001212E,000+0.624,BOZEMAN,GALLATIN,September,2015,0:00,THU,INTERSECTION-RELATED,ON ROADWAY,CLOUDY,DRY,DAYLIGHT,NON-INCAPACITATING EVIDENT INJURY ACCIDENT,REAR-END,45.66034667,-111.0499792
C001212E,000+0.630,BOZEMAN,GALLATIN,November,2014,17:15,SAT,DRIVEWAY/ALLEY ACCESS RELATED,ON ROADWAY,CLEAR,ICE/FROST,DUSK,NON-INJURY ACCIDENT (PROPERTY- DAMAGE-ONLY ACCIDENT),"LEFT TURN, OPPOSITE DIRECTION",45.66212926,-111.0521023
C001212E,000+0.630,BOZEMAN,GALLATIN,APRIL,2017,9:45,FRI,INTERSECTION,ON ROADWAY,CLOUDY,WET,DAYLIGHT,NON-INJURY ACCIDENT (PROPERTY- DAMAGE-ONLY ACCIDENT),REAR-END,45.66029839,-111.0498567
C001212E,000+0.649,BOZEMAN,GALLATIN,February,2015,13:09,WED,NON-JUNCTION,ON ROADWAY,CLEAR,DRY,DAYLIGHT,NON-INJURY ACCIDENT (PROPERTY- DAMAGE-ONLY ACCIDENT),"SIDESWIPE, SAME DIRECTION",45.66029433,-111.0493993
C001212E,000+0.655,BOZEMAN,GALLATIN,MARCH,2017,7:53,THU,NON-JUNCTION,ON ROADWAY,CLOUDY,SNOW,DAYLIGHT,NON-INJURY ACCIDENT (PROPERTY- DAMAGE-ONLY ACCIDENT),REAR-END,45.66031362,-111.0492959
C001212E,000+0.673,BOZEMAN,GALLATIN,OCTOBER,2017,12:13,TUE,NON-JUNCTION,ON ROADWAY,CLOUDY,DRY,DAYLIGHT,POSSIBLE INJURY ACCIDENT,REAR-END,45.66037019,-111.048983
C001212E,000+0.692,BOZEMAN,GALLATIN,AUGUST,2017,16:07,MON,NON-JUNCTION,ON ROADWAY,CLEAR,DRY,DAYLIGHT,NON-INCAPACITATING EVIDENT INJURY ACCIDENT,REAR-END,45.66034345,-111.0484906
C001212E,000+0.692,BOZEMAN,GALLATIN,SEPTEMBER,2017,17:25,FRI,NON-JUNCTION,ON ROADWAY,CLEAR,DRY,DAYLIGHT,NON-INJURY ACCIDENT (PROPERTY- DAMAGE-ONLY ACCIDENT),REAR-END,45.66039062,-111.0485946
C001212E,000+0.717,BOZEMAN,GALLATIN,AUGUST,2017,16:18,TUE,NON-JUNCTION,ON ROADWAY,CLEAR,DRY,DAYLIGHT,NON-INJURY ACCIDENT (PROPERTY- DAMAGE-ONLY ACCIDENT),REAR-END,45.66034956,-111.0480553
C001212E,000+0.723,BOZEMAN,GALLATIN,OCTOBER,2017,12:12,FRI,NON-JUNCTION,ON ROADWAY,CLEAR,DRY,DAYLIGHT,NON-INJURY ACCIDENT (PROPERTY- DAMAGE-ONLY ACCIDENT),REAR-END,45.66030432,-111.0479433
C001212E,000+0.735,BOZEMAN,GALLATIN,October,2016,17:29,THU,INTERSECTION-RELATED,ON ROADWAY,CLEAR,DRY,DAYLIGHT,NON-INJURY ACCIDENT (PROPERTY- DAMAGE-ONLY ACCIDENT),REAR-END,45.66033308,-111.0476065
C001212E,000+0.772,BOZEMAN,GALLATIN,November,2016,16:26,MON,NON-JUNCTION,ON ROADWAY,CLEAR,DRY,DAYLIGHT,NON-INJURY ACCIDENT (PROPERTY- DAMAGE-ONLY ACCIDENT),REAR-END,45.66032393,-111.0468717
C001212E,000+0.779,BOZEMAN,GALLATIN,DECEMBER,2017,20:14,WED,INTERSECTION,ON ROADWAY,SNOW,SNOW,DARK-LIGHTED,NON-INJURY ACCIDENT (PROPERTY- DAMAGE-ONLY ACCIDENT),REAR-END,45.66033432,-111.0467915
C001212E,000+0.779,BOZEMAN,GALLATIN,DECEMBER,2017,20:14,WED,INTERSECTION-RELATED,ON ROADWAY,CLOUDY,SNOW,DARK-LIGHTED,NON-INJURY ACCIDENT (PROPERTY- DAMAGE-ONLY ACCIDENT),REAR-END,45.66030991,-111.046796
C001212E,000+0.782,BOZEMAN,GALLATIN,June,2013,9:18,MON,INTERSECTION-RELATED,ON ROADWAY,CLEAR,DRY,DAYLIGHT,NON-INJURY ACCIDENT (PROPERTY- DAMAGE-ONLY ACCIDENT),REAR-END,45.66031331,-111.0466945
C001212E,000+0.782,BOZEMAN,GALLATIN,January,2013,7:24,TUE,INTERSECTION,ON ROADWAY,SNOW,ICE/FROST,DAWN,NON-INJURY ACCIDENT (PROPERTY- DAMAGE-ONLY ACCIDENT),REAR-END,45.66031331,-111.0466945
C001212E,000+0.782,BOZEMAN,GALLATIN,March,2013,16:14,TUE,INTERSECTION-RELATED,ON ROADWAY,CLEAR,DRY,DAYLIGHT,NON-INJURY ACCIDENT (PROPERTY- DAMAGE-ONLY ACCIDENT),REAR-END,45.66031331,-111.0466945
C001212E,000+0.782,BOZEMAN,GALLATIN,July,2013,11:46,FRI,INTERSECTION,ON ROADWAY,CLEAR,DRY,DAYLIGHT,NON-INJURY ACCIDENT (PROPERTY- DAMAGE-ONLY ACCIDENT),REAR-END,45.66031331,-111.0466945
C001212E,000+0.867,BOZEMAN,GALLATIN,September,2013,17:32,WED,NON-JUNCTION,ON ROADWAY,CLOUDY,DRY,DAYLIGHT,NON-INJURY ACCIDENT (PROPERTY- DAMAGE-ONLY ACCIDENT),REAR-END,45.66028667,-111.0445223
C001212E,000+0.971,BOZEMAN,GALLATIN,March,2014,2:00,FRI,INTERSECTION,MEDIAN,CLEAR,DRY,DARK-NOT LIGHTED,NON-INJURY ACCIDENT (PROPERTY- DAMAGE-ONLY ACCIDENT),NOT FIXED OBJECT OR DEBRIS,45.6603405,-111.0427976
C001212E,001+0.207,BOZEMAN,GALLATIN,JUNE,2017,18:41,THU,INTERSECTION-RELATED,ON ROADWAY,CLEAR,DRY,DAYLIGHT,NON-INJURY ACCIDENT (PROPERTY- DAMAGE-ONLY ACCIDENT),REAR-END,45.66029995,-111.037906
C001212E,001+0.216,BOZEMAN,GALLATIN,October,2013,13:40,SAT,INTERSECTION,ON ROADWAY,CLEAR,DRY,DAYLIGHT,NON-INJURY ACCIDENT (PROPERTY- DAMAGE-ONLY ACCIDENT),REAR-END,45.66029993,-111.037771
C001212E,001+0.331,BOZEMAN,GALLATIN,FEBRUARY,2017,16:22,SAT,NON-JUNCTION,ROADSIDE RIGHT,CLEAR,ICE/FROST,DAYLIGHT,NON-INJURY ACCIDENT (PROPERTY- DAMAGE-ONLY ACCIDENT),FIXED OBJECT,45.66014054,-111.0354281
C001212E,001+0.650,BOZEMAN,GALLATIN,October,2013,0:45,SUN,NON-JUNCTION,MEDIAN,CLEAR,DRY,DARK-NOT LIGHTED,INCAPACITATING INJURY ACCIDENT,FIXED OBJECT,45.657259,-111.030745
C001212E,001+0.870,BOZEMAN,GALLATIN,March,2016,6:52,FRI,INTERSECTION,ON ROADWAY,CLEAR,DRY,DAYLIGHT,NON-INJURY ACCIDENT (PROPERTY- DAMAGE-ONLY ACCIDENT),RIGHT ANGLE,45.65710101,-111.0263336
C001212E,001+0.873,BOZEMAN,GALLATIN,October,2013,20:08,FRI,INTERSECTION,ON ROADWAY,CLEAR,DRY,DARK-LIGHTED,NON-INJURY ACCIDENT (PROPERTY- DAMAGE-ONLY ACCIDENT),RIGHT ANGLE,45.6571933,-111.0263597
C001212E,001+0.873,BOZEMAN,GALLATIN,March,2013,12:23,SUN,INTERSECTION-RELATED,ON ROADWAY,CLOUDY,WET,DAYLIGHT,POSSIBLE INJURY ACCIDENT,RIGHT ANGLE,45.65711727,-111.0262903
C001212E,001+0.873,BOZEMAN,GALLATIN,August,2013,16:45,THU,INTERSECTION-RELATED,ON ROADWAY,CLEAR,DRY,DAYLIGHT,INCAPACITATING INJURY ACCIDENT,BICYCLE,45.65722707,-111.0263706
C001212E,001+0.873,BOZEMAN,GALLATIN,JANUARY,2017,17:37,WED,INTERSECTION,ON ROADWAY,CLEAR,WET,DUSK,POSSIBLE INJURY ACCIDENT,"LEFT TURN, OPPOSITE DIRECTION",45.65711727,-111.0262903
C001212E,002+0.013,BOZEMAN,GALLATIN,February,2016,23:02,FRI,NON-JUNCTION,SHOULDER,CLEAR,WET,DARK-LIGHTED,NON-INJURY ACCIDENT (PROPERTY- DAMAGE-ONLY ACCIDENT),ROLL OVER,45.65672392,-111.0234814
C001212E,002+0.093,BOZEMAN,GALLATIN,OCTOBER,2017,2:44,SUN,INTERSECTION,ROADSIDE RIGHT,CLOUDY,WET,DARK-NOT LIGHTED,NON-INCAPACITATING EVIDENT INJURY ACCIDENT,FIXED OBJECT,45.65658272,-111.021843
C001212E,002+0.099,BOZEMAN,GALLATIN,January,2013,20:17,FRI,INTERSECTION,ON ROADWAY,CLOUDY,SNOW,DARK-LIGHTED,NON-INJURY ACCIDENT (PROPERTY- DAMAGE-ONLY ACCIDENT),"LEFT TURN, OPPOSITE DIRECTION",45.6565296,-111.0217549
C001212E,002+0.099,BOZEMAN,GALLATIN,June,2016,14:52,TUE,INTERSECTION,ON ROADWAY,CLOUDY,DRY,DAYLIGHT,NON-INJURY ACCIDENT (PROPERTY- DAMAGE-ONLY ACCIDENT),RIGHT ANGLE,45.65654892,-111.021783
C001212E,002+0.198,BOZEMAN,GALLATIN,August,2014,1:20,FRI,NON-JUNCTION,SHOULDER,CLEAR,DRY,DARK-NOT LIGHTED,NON-INCAPACITATING EVIDENT INJURY ACCIDENT,REAR-END,45.65657725,-111.0197278
C001212E,002+0.360,BOZEMAN,GALLATIN,January,2014,0:00,SUN,NON-JUNCTION,SHOULDER,BLOWING SNOW,ICE/FROST,DARK-NOT LIGHTED,NON-INJURY ACCIDENT (PROPERTY- DAMAGE-ONLY ACCIDENT),ROLL OVER,45.6564575,-111.0163374
C001212E,002+0.546,BOZEMAN,GALLATIN,October,2014,16:44,SUN,NON-JUNCTION,ON ROADWAY,CLEAR,DRY,DAYLIGHT,NON-INJURY ACCIDENT (PROPERTY- DAMAGE-ONLY ACCIDENT),BICYCLE,45.65654054,-111.0124879
C001212E,002+0.571,BOZEMAN,GALLATIN,April,2015,8:25,WED,NON-JUNCTION,ON ROADWAY,SNOW,SNOW,DAYLIGHT,NON-INJURY ACCIDENT (PROPERTY- DAMAGE-ONLY ACCIDENT),REAR-END,45.65644048,-111.0119388
C001212E,002+0.683,BOZEMAN,GALLATIN,April,2015,8:01,WED,INTERSECTION,,BLOWING SNOW,SNOW,DAYLIGHT,NON-INJURY ACCIDENT (PROPERTY- DAMAGE-ONLY ACCIDENT),REAR-END,45.65648755,-111.0084276