MDT_CORRIDOR_ID,SMS_REFPOST_OFFSET,CITY,COUNTY,Month,Year,SMS_TIME,SMT_CRASH_OCC_DAY_OF_WEEK,JUNCTION_RELATED,ROADWAY_RELATED,WEATHER_COND,ROAD_COND,LIGHT_COND,CRASH_SEVERITY,COLLISION_TYPE,LATITUDE,LONGITUDE
C001212E,002+0.795,BOZEMAN,GALLATIN,December,2015,14:40,SUN,NON-JUNCTION,ROADSIDE RIGHT,CLOUDY,SLUSH,DAYLIGHT,NON-INCAPACITATING EVIDENT INJURY ACCIDENT,ROLL OVER,45.65642682,-111.0073694
C001212E,003+0.042,BOZEMAN,GALLATIN,July,2016,18:05,SAT,NON-JUNCTION,ON ROADWAY,CLEAR,DRY,DAYLIGHT,NON-INJURY ACCIDENT (PROPERTY- DAMAGE-ONLY ACCIDENT),FIRE/ EXPLOSION,45.65654083,-111.0022238
C001212E,003+0.433,,GALLATIN,November,2014,8:15,MON,DRIVEWAY/ALLEY ACCESS RELATED,ON ROADWAY,SNOW,ICE/FROST,DAYLIGHT,NON-INJURY ACCIDENT (PROPERTY- DAMAGE-ONLY ACCIDENT),REAR-END,45.65672633,-110.9942071
C001212E,003+0.532,NOT IN CITY LIMITS,GALLATIN,JANUARY,2017,6:24,FRI,NON-JUNCTION,ROADSIDE RIGHT,CLOUDY,ICE/FROST,DARK-NOT LIGHTED,NON-INJURY ACCIDENT (PROPERTY- DAMAGE-ONLY ACCIDENT),FIXED OBJECT,45.65652259,-110.9920966
C001212E,003+0.687,,GALLATIN,October,2016,18:50,WED,NON-JUNCTION,ON ROADWAY,CLOUDY,DRY,DARK-LIGHTED,NON-INJURY ACCIDENT (PROPERTY- DAMAGE-ONLY ACCIDENT),WILD ANIMAL,45.65649791,-110.988975
C001212E,003+1.097,,GALLATIN,November,2015,19:50,WED,INTERSECTION-RELATED,ON ROADWAY,CLOUDY,DRY,DARK-NOT LIGHTED,NON-INJURY ACCIDENT (PROPERTY- DAMAGE-ONLY ACCIDENT),WILD ANIMAL,45.65648482,-110.9804926
C001213S,000+0.065,BOZEMAN,GALLATIN,July,2015,9:57,THU,INTERSECTION,ON ROADWAY,CLEAR,DRY,DAYLIGHT,NON-INCAPACITATING EVIDENT INJURY ACCIDENT,"LEFT TURN, SAME DIRECTION",45.67839393,-111.0302941
C001213S,000+0.068,BOZEMAN,GALLATIN,July,2014,16:48,TUE,INTERSECTION,ON ROADWAY,RAIN,WET,DAYLIGHT,NON-INJURY ACCIDENT (PROPERTY- DAMAGE-ONLY ACCIDENT),RIGHT ANGLE,45.67836598,-111.0302764
C001213S,000+0.068,BOZEMAN,GALLATIN,APRIL,2017,17:08,SUN,INTERSECTION,ON ROADWAY,CLEAR,DRY,DAYLIGHT,NON-INJURY ACCIDENT (PROPERTY- DAMAGE-ONLY ACCIDENT),RIGHT ANGLE,45.67836228,-111.0302635
C001213S,000+0.274,BOZEMAN,GALLATIN,FEBRUARY,2017,2:06,FRI,NON-JUNCTION,ROADSIDE LEFT,CLOUDY,ICE/FROST,DARK-NOT LIGHTED,NON-INJURY ACCIDENT (PROPERTY- DAMAGE-ONLY ACCIDENT),FIXED OBJECT,45.67539533,-111.0302927
C001213S,000+0.356,BOZEMAN,GALLATIN,OCTOBER,2017,21:07,SUN,NON-JUNCTION,ROADSIDE RIGHT,CLEAR,DRY,DARK-NOT LIGHTED,NON-INJURY ACCIDENT (PROPERTY- DAMAGE-ONLY ACCIDENT),"SIDESWIPE, SAME DIRECTION",45.67414709,-111.0303367
C001213S,000+0.592,BOZEMAN,GALLATIN,March,2015,20:58,SUN,NON-JUNCTION,SHOULDER,CLEAR,DRY,DARK-NOT LIGHTED,UNKNOWN,FIXED OBJECT,45.67082779,-111.0300495
C001213S,000+0.679,BOZEMAN,GALLATIN,October,2015,8:40,SAT,NON-JUNCTION,SHOULDER,CLOUDY,DRY,DAYLIGHT,POSSIBLE INJURY ACCIDENT,ROLL OVER,45.66962919,-111.0292791
C001213S,001+0.256,BOZEMAN,GALLATIN,March,2016,23:15,FRI,NON-JUNCTION,SHOULDER,CLEAR,DRY,DARK-NOT LIGHTED,NON-INCAPACITATING EVIDENT INJURY ACCIDENT,ROLL OVER,45.66140986,-111.029548
C001213S,001+0.368,,GALLATIN,October,2016,18:35,SAT,NON-JUNCTION,ROADSIDE LEFT,CLEAR,DRY,DUSK,NON-INCAPACITATING EVIDENT INJURY ACCIDENT,ROLL OVER,45.65992574,-111.0286384
C001213S,001+0.461,,GALLATIN,December,2014,23:30,THU,DRIVEWAY/ALLEY ACCESS RELATED,SHOULDER,CLOUDY,ICE/FROST,DARK-NOT LIGHTED,NON-INJURY ACCIDENT (PROPERTY- DAMAGE-ONLY ACCIDENT),ROLL OVER,45.65881197,-111.0276892
C001215N,000+0.687,BOZEMAN,GALLATIN,March,2016,0:15,THU,THROUGH ROADWAY,MEDIAN,SNOW,ICE/FROST,DARK-NOT LIGHTED,UNKNOWN,FIXED OBJECT,45.66645734,-111.0216928
C001215N,000+0.799,BOZEMAN,GALLATIN,November,2016,7:28,THU,NON-JUNCTION,ON ROADWAY,CLEAR,DRY,DAYLIGHT,NON-INCAPACITATING EVIDENT INJURY ACCIDENT,HEAD ON,45.66771957,-111.0202287
C001215N,000+0.801,BOZEMAN,GALLATIN,September,2013,8:09,TUE,DRIVEWAY/ALLEY ACCESS RELATED,ON ROADWAY,RAIN,WET,DAYLIGHT,NON-INJURY ACCIDENT (PROPERTY- DAMAGE-ONLY ACCIDENT),REAR-END,45.66787453,-111.0198848
C001215N,000+0.886,BOZEMAN,GALLATIN,December,2015,12:45,FRI,NON-JUNCTION,ON ROADWAY,CLOUDY,ICE/FROST,DAYLIGHT,NON-INCAPACITATING EVIDENT INJURY ACCIDENT,RIGHT ANGLE,45.66933865,-111.019662
C001215N,000+0.886,BOZEMAN,GALLATIN,December,2015,12:45,FRI,NON-JUNCTION,ROADSIDE LEFT,CLOUDY,ICE/FROST,DAYLIGHT,NON-INJURY ACCIDENT (PROPERTY- DAMAGE-ONLY ACCIDENT),FIXED OBJECT,45.66933962,-111.0196624
C001215N,000+0.886,BOZEMAN,GALLATIN,December,2015,12:45,FRI,NON-JUNCTION,ON ROADWAY,CLOUDY,ICE/FROST,DAYLIGHT,NON-INCAPACITATING EVIDENT INJURY ACCIDENT,REAR-END,45.66933623,-111.0196614
C001215N,000+0.923,,GALLATIN,December,2014,2:10,TUE,OTHER LOCATION,IN PARKING LANE OR ZONE,CLEAR,SNOW,DARK-NOT LIGHTED,NON-INJURY ACCIDENT (PROPERTY- DAMAGE-ONLY ACCIDENT),REAR-END,45.82516316,-111.2676201
C001215N,000+0.985,BOZEMAN,GALLATIN,December,2015,9:02,MON,NON-JUNCTION,ON ROADWAY,CLOUDY,ICE/FROST,DAYLIGHT,NON-INJURY ACCIDENT (PROPERTY- DAMAGE-ONLY ACCIDENT),RIGHT ANGLE,45.66948762,-111.0174173
C001215N,001+0.146,BOZEMAN,GALLATIN,May,2015,8:16,FRI,INTERSECTION,ON ROADWAY,CLOUDY,DRY,DAYLIGHT,NON-INJURY ACCIDENT (PROPERTY- DAMAGE-ONLY ACCIDENT),RIGHT ANGLE,45.67174241,-111.0171226
C001215N,001+0.593,BOZEMAN,GALLATIN,November,2015,10:34,WED,INTERSECTION-RELATED,ON ROADWAY,CLOUDY,DRY,DAYLIGHT,POSSIBLE INJURY ACCIDENT,REAR-END,45.67793788,-111.0187772
C001215N,001+0.625,BOZEMAN,GALLATIN,November,2014,14:05,SUN,INTERSECTION,ON ROADWAY,CLEAR,ICE/FROST,DAYLIGHT,NON-INJURY ACCIDENT (PROPERTY- DAMAGE-ONLY ACCIDENT),RIGHT ANGLE,45.67838348,-111.0184704
C001215N,001+0.630,BOZEMAN,GALLATIN,August,2015,10:16,MON,INTERSECTION-RELATED,ON ROADWAY,CLEAR,DRY,DAYLIGHT,POSSIBLE INJURY ACCIDENT,REAR-END,45.67847325,-111.0183725
C001217N,000+0.027,Bozeman,GALLATIN,NOVEMBER,2017,15:42,MON,INTERSECTION-RELATED,ROADSIDE RIGHT,CLEAR,ICE/FROST,DAYLIGHT,NON-INJURY ACCIDENT (PROPERTY- DAMAGE-ONLY ACCIDENT),RIGHT ANGLE,45.69967233,-111.0456012
C001217N,000+0.136,BOZEMAN,GALLATIN,August,2014,16:53,THU,NON-JUNCTION,ON ROADWAY,CLEAR,DRY,DAYLIGHT,NON-INJURY ACCIDENT (PROPERTY- DAMAGE-ONLY ACCIDENT),REAR-END,45.70005466,-111.0433548
C001217N,000+0.136,BOZEMAN,GALLATIN,June,2015,17:42,TUE,NON-JUNCTION,ON ROADWAY,CLEAR,DRY,DAYLIGHT,NON-INCAPACITATING EVIDENT INJURY ACCIDENT,REAR-END,45.70003148,-111.0434448
C001217N,000+0.136,BOZEMAN,GALLATIN,JUNE,2017,12:32,WED,NON-JUNCTION,ON ROADWAY,CLOUDY,DRY,DAYLIGHT,NON-INJURY ACCIDENT (PROPERTY- DAMAGE-ONLY ACCIDENT),REAR-END,45.70000708,-111.0433763
C001217N,000+0.357,BOZEMAN,GALLATIN,June,2014,12:16,TUE,INTERSECTION,ON ROADWAY,CLOUDY,DRY,DAYLIGHT,NON-INJURY ACCIDENT (PROPERTY- DAMAGE-ONLY ACCIDENT),REAR-END,45.70006623,-111.0387668
C001217N,000+0.378,BOZEMAN,GALLATIN,DECEMBER,2017,23:55,MON,RAILWAY GRADE CROSSING,ON ROADWAY,CLEAR,ICE/FROST,DARK-NOT LIGHTED,POSSIBLE INJURY ACCIDENT,RIGHT ANGLE,45.70006548,-111.0383477
C001217N,000+0.430,BOZEMAN,GALLATIN,October,2013,7:20,TUE,INTERSECTION,ON ROADWAY,CLEAR,DRY,DARK-NOT LIGHTED,NON-INJURY ACCIDENT (PROPERTY- DAMAGE-ONLY ACCIDENT),RIGHT ANGLE,45.70005858,-111.0373131
C001217N,000+0.430,BOZEMAN,GALLATIN,October,2013,14:04,TUE,INTERSECTION,ON ROADWAY,CLEAR,DRY,DAYLIGHT,POSSIBLE INJURY ACCIDENT,REAR-END,45.70005698,-111.037334
C001217N,000+0.482,BOZEMAN,GALLATIN,September,2015,7:52,THU,DRIVEWAY/ALLEY ACCESS RELATED,ON ROADWAY,CLOUDY,DRY,DAYLIGHT,NON-INJURY ACCIDENT (PROPERTY- DAMAGE-ONLY ACCIDENT),REAR-END,45.70003236,-111.036148
C001217N,000+0.557,BOZEMAN,GALLATIN,May,2014,11:26,MON,DRIVEWAY/ALLEY ACCESS RELATED,ON ROADWAY,CLEAR,DRY,DAYLIGHT,NON-INJURY ACCIDENT (PROPERTY- DAMAGE-ONLY ACCIDENT),REAR-END,45.70007625,-111.0346911
C001217N,000+0.700,BOZEMAN,GALLATIN,September,2013,21:19,WED,NON-JUNCTION,SHOULDER,CLOUDY,WET,DARK-LIGHTED,NON-INJURY ACCIDENT (PROPERTY- DAMAGE-ONLY ACCIDENT),FIXED OBJECT,45.70001161,-111.0316802
C001217N,000+0.741,BOZEMAN,GALLATIN,September,2016,12:23,WED,INTERSECTION,ON ROADWAY,RAIN,WET,DAYLIGHT,NON-INJURY ACCIDENT (PROPERTY- DAMAGE-ONLY ACCIDENT),RIGHT ANGLE,45.70000277,-111.0309215
C001218N,000+0.008,BOZEMAN,GALLATIN,January,2014,16:00,FRI,NON-JUNCTION,ON ROADWAY,CLOUDY,WET,DAYLIGHT,POSSIBLE INJURY ACCIDENT,REAR-END,45.69426181,-111.0463538
C001218N,000+0.024,BOZEMAN,GALLATIN,April,2016,13:00,THU,INTERSECTION,ON ROADWAY,CLEAR,DRY,DAYLIGHT,NON-INJURY ACCIDENT (PROPERTY- DAMAGE-ONLY ACCIDENT),REAR-END,45.69446206,-111.0464926
C001218N,000+0.028,BOZEMAN,GALLATIN,JULY,2017,17:31,TUE,NON-JUNCTION,ON ROADWAY,CLEAR,DRY,DAYLIGHT,NON-INCAPACITATING EVIDENT INJURY ACCIDENT,REAR TO FRONT,45.69445611,-111.0466285
C001218N,000+0.180,BOZEMAN,GALLATIN,December,2013,14:54,SAT,NON-JUNCTION,ON ROADWAY,CLEAR,ICE/FROST,DAYLIGHT,POSSIBLE INJURY ACCIDENT,"SIDESWIPE, OPPOSITE DIRECTION",45.69664342,-111.0483536
C001218N,000+0.212,BOZEMAN,GALLATIN,OCTOBER,2017,4:41,TUE,NON-JUNCTION,ROADSIDE RIGHT,SNOW,SNOW,DARK-NOT LIGHTED,UNKNOWN,FIXED OBJECT,45.69670331,-111.0481903
C001218N,000+0.261,BOZEMAN,GALLATIN,September,2016,2:52,TUE,DRIVEWAY/ALLEY ACCESS RELATED,ROADSIDE LEFT,CLEAR,DRY,DARK-NOT LIGHTED,NON-INJURY ACCIDENT (PROPERTY- DAMAGE-ONLY ACCIDENT),OTHER,45.69694347,-111.0493267
C001218N,000+0.359,BOZEMAN,GALLATIN,DECEMBER,2017,17:06,WED,INTERSECTION,ON ROADWAY,CLEAR,SNOW,DARK-NOT LIGHTED,NON-INJURY ACCIDENT (PROPERTY- DAMAGE-ONLY ACCIDENT),RIGHT ANGLE,45.6976269,-111.0511131
C001218N,000+0.785,BOZEMAN,GALLATIN,SEPTEMBER,2017,21:30,FRI,THROUGH ROADWAY,ON ROADWAY,RAIN,WET,DARK-LIGHTED,POSSIBLE INJURY ACCIDENT,BICYCLE,45.70019775,-111.0588624
C001218N,000+0.937,BOZEMAN,GALLATIN,March,2016,16:00,TUE,INTERSECTION,ON ROADWAY,SNOW,WET,DAYLIGHT,POSSIBLE INJURY ACCIDENT,RIGHT ANGLE,45.70030709,-111.0620667
C001218N,000+0.937,BOZEMAN,GALLATIN,OCTOBER,2017,21:04,SUN,INTERSECTION,ON ROADWAY,RAIN,WET,DARK-NOT LIGHTED,INCAPACITATING INJURY ACCIDENT,BICYCLE,45.70039544,-111.0620359
C001218N,001+0.013,BOZEMAN,GALLATIN,JUNE,2017,15:19,TUE,INTERSECTION,ON ROADWAY,CLOUDY,DRY,DAYLIGHT,NON-INCAPACITATING EVIDENT INJURY ACCIDENT,RIGHT ANGLE,45.70027205,-111.0636432
C001218N,001+0.013,BOZEMAN,GALLATIN,NOVEMBER,2017,22:10,SAT,INTERSECTION-RELATED,ON ROADWAY,CLEAR,ICE/FROST,DARK-LIGHTED,NON-INCAPACITATING EVIDENT INJURY ACCIDENT,"LEFT TURN, OPPOSITE DIRECTION",45.70031561,-111.0636226
C001218N,001+0.055,BOZEMAN,GALLATIN,March,2015,8:29,FRI,DRIVEWAY/ALLEY ACCESS RELATED,ON ROADWAY,CLEAR,DRY,DAYLIGHT,POSSIBLE INJURY ACCIDENT,HEAD ON,45.70034141,-111.064521
C001218N,001+0.087,BOZEMAN,GALLATIN,October,2014,9:21,FRI,INTERSECTION,ON ROADWAY,CLOUDY,DRY,DAYLIGHT,NON-INJURY ACCIDENT (PROPERTY- DAMAGE-ONLY ACCIDENT),RIGHT ANGLE,45.70023909,-111.0651657
C001218N,001+0.094,BOZEMAN,GALLATIN,June,2014,15:18,SUN,INTERSECTION,ON ROADWAY,CLOUDY,DRY,DAYLIGHT,POSSIBLE INJURY ACCIDENT,"LEFT TURN, SAME DIRECTION",45.70030415,-111.0653372
C001218N,001+0.094,BOZEMAN,GALLATIN,December,2014,10:44,MON,INTERSECTION,ON ROADWAY,CLEAR,DRY,DAYLIGHT,INCAPACITATING INJURY ACCIDENT,RIGHT ANGLE,45.70030377,-111.0653145
C001218N,001+0.094,BOZEMAN,GALLATIN,November,2015,17:11,TUE,INTERSECTION,ON ROADWAY,SNOW,WET,DARK-LIGHTED,NON-INJURY ACCIDENT (PROPERTY- DAMAGE-ONLY ACCIDENT),RIGHT ANGLE,45.70029456,-111.0653215
C001218N,001+0.094,BOZEMAN,GALLATIN,August,2015,15:24,WED,INTERSECTION,ON ROADWAY,CLEAR,DRY,DAYLIGHT,POSSIBLE INJURY ACCIDENT,"LEFT TURN, OPPOSITE DIRECTION",45.70030316,-111.0652994
C001218N,001+0.094,BOZEMAN,GALLATIN,June,2015,18:35,MON,INTERSECTION,ON ROADWAY,CLEAR,DRY,DAYLIGHT,NON-INJURY ACCIDENT (PROPERTY- DAMAGE-ONLY ACCIDENT),"LEFT TURN, SAME DIRECTION",45.7002967,-111.0653155
C001218N,001+0.094,BOZEMAN,GALLATIN,June,2015,18:35,MON,INTERSECTION,ON ROADWAY,CLEAR,DRY,DAYLIGHT,NON-INJURY ACCIDENT (PROPERTY- DAMAGE-ONLY ACCIDENT),OTHER,45.70031352,-111.0653077
C001218N,001+0.094,BOZEMAN,GALLATIN,July,2015,21:51,SAT,INTERSECTION,ON ROADWAY,CLEAR,DRY,DARK-LIGHTED,NON-INCAPACITATING EVIDENT INJURY ACCIDENT,RIGHT ANGLE,45.70029849,-111.0653072
C001218N,001+0.094,BOZEMAN,GALLATIN,December,2015,9:12,SAT,INTERSECTION,ON ROADWAY,CLEAR,SNOW,DAYLIGHT,INCAPACITATING INJURY ACCIDENT,RIGHT ANGLE,45.70029749,-111.0653073
C001218N,001+0.094,BOZEMAN,GALLATIN,June,2016,10:21,SAT,INTERSECTION,ON ROADWAY,CLEAR,DRY,DAYLIGHT,NON-INCAPACITATING EVIDENT INJURY ACCIDENT,RIGHT ANGLE,45.70030914,-111.0653322
C001218N,001+0.094,BOZEMAN,GALLATIN,February,2016,12:05,WED,INTERSECTION-RELATED,ON ROADWAY,CLEAR,DRY,DAYLIGHT,NON-INJURY ACCIDENT (PROPERTY- DAMAGE-ONLY ACCIDENT),"SIDESWIPE, SAME DIRECTION",45.70030224,-111.0652569
C001218N,001+0.094,BOZEMAN,GALLATIN,AUGUST,2017,7:54,TUE,INTERSECTION,ON ROADWAY,CLEAR,DRY,DAYLIGHT,NON-INJURY ACCIDENT (PROPERTY- DAMAGE-ONLY ACCIDENT),HEAD ON,45.70029849,-111.0653171
C001218N,001+0.094,BOZEMAN,GALLATIN,JUNE,2017,17:42,FRI,INTERSECTION,ON ROADWAY,CLOUDY,WET,DAYLIGHT,NON-INCAPACITATING EVIDENT INJURY ACCIDENT,HEAD ON,45.70029142,-111.0653069
C001218N,001+0.094,BOZEMAN,GALLATIN,SEPTEMBER,2017,14:04,WED,INTERSECTION,ON ROADWAY,CLEAR,DRY,DAYLIGHT,NON-INJURY ACCIDENT (PROPERTY- DAMAGE-ONLY ACCIDENT),"LEFT TURN, OPPOSITE DIRECTION",45.70029481,-111.0653237
C001218N,001+0.101,BOZEMAN,GALLATIN,December,2016,12:42,WED,INTERSECTION,ON ROADWAY,CLOUDY,WET,DAYLIGHT,NON-INJURY ACCIDENT (PROPERTY- DAMAGE-ONLY ACCIDENT),RIGHT ANGLE,45.70029409,-111.0653558
C001218N,001+0.171,BOZEMAN,GALLATIN,JULY,2017,13:14,THU,NON-JUNCTION,ON ROADWAY,CLOUDY,DRY,DAYLIGHT,POSSIBLE INJURY ACCIDENT,REAR-END,45.70026942,-111.066916
C001218N,001+0.202,BOZEMAN,GALLATIN,July,2014,8:30,SUN,NON-JUNCTION,OUTSIDE RIGHT-OF-WAY (TRAFFICWAY),CLEAR,DRY,DAYLIGHT,NON-INJURY ACCIDENT (PROPERTY- DAMAGE-ONLY ACCIDENT),FIXED OBJECT,45.69862004,-111.067534
C001218N,001+0.232,BOZEMAN,GALLATIN,November,2014,17:51,MON,DRIVEWAY/ALLEY ACCESS RELATED,ON ROADWAY,SNOW,ICE/FROST,DARK-LIGHTED,NON-INCAPACITATING EVIDENT INJURY ACCIDENT,REAR-END,45.70067382,-111.0681333
C001218N,001+0.248,,GALLATIN,April,2014,15:50,TUE,NON-JUNCTION,OFF ROADWAY LOCATION UNKNOWN,CLOUDY,DRY,DAYLIGHT,UNKNOWN,RIGHT ANGLE,45.70035855,-111.0684176
C001218N,001+0.256,NOT IN CITY LIMITS,GALLATIN,MARCH,2017,12:30,TUE,NON-JUNCTION,IN PARKING LANE OR ZONE,CLOUDY,DRY,DAYLIGHT,NON-INJURY ACCIDENT (PROPERTY- DAMAGE-ONLY ACCIDENT),REAR TO REAR,45.70045828,-111.0686294
C001218N,001+0.442,BOZEMAN,GALLATIN,August,2013,14:43,WED,INTERSECTION,ON ROADWAY,CLOUDY,DRY,DAYLIGHT,POSSIBLE INJURY ACCIDENT,"LEFT TURN, OPPOSITE DIRECTION",45.70029522,-111.0724721
C001218N,001+0.530,BOZEMAN,GALLATIN,November,2014,6:30,SAT,NON-JUNCTION,ROADSIDE RIGHT,CLEAR,SNOW,DARK-NOT LIGHTED,NON-INJURY ACCIDENT (PROPERTY- DAMAGE-ONLY ACCIDENT),FIXED OBJECT,45.70039613,-111.0742507
C001218N,001+0.555,BOZEMAN,GALLATIN,February,2015,7:35,FRI,INTERSECTION,ON ROADWAY,CLOUDY,DRY,DAYLIGHT,UNKNOWN,FIXED OBJECT,45.70019737,-111.0748001
C001218N,001+0.793,,GALLATIN,September,2015,0:00,MON,DRIVEWAY/ALLEY ACCESS RELATED,SHOULDER,CLEAR,DRY,DARK-NOT LIGHTED,NON-INJURY ACCIDENT (PROPERTY- DAMAGE-ONLY ACCIDENT),FIXED OBJECT,45.7002459,-111.0797011
C001218N,001+0.793,NOT IN CITY LIMITS,GALLATIN,APRIL,2017,0:00,FRI,DRIVEWAY/ALLEY ACCESS RELATED,ROADSIDE RIGHT,SNOW,SNOW,DARK-LIGHTED,NON-INJURY ACCIDENT (PROPERTY- DAMAGE-ONLY ACCIDENT),FIXED OBJECT,45.70036722,-111.0796795
C001218N,001+0.941,BOZEMAN,GALLATIN,March,2013,21:14,SUN,INTERSECTION,ON ROADWAY,CLEAR,DRY,DARK-NOT LIGHTED,NON-INJURY ACCIDENT (PROPERTY- DAMAGE-ONLY ACCIDENT),OTHER,45.70024458,-111.0827828
C001218N,001+0.941,BOZEMAN,GALLATIN,February,2013,16:47,FRI,INTERSECTION,ON ROADWAY,CLEAR,DRY,DAYLIGHT,NON-INJURY ACCIDENT (PROPERTY- DAMAGE-ONLY ACCIDENT),"SIDESWIPE, OPPOSITE DIRECTION",45.70024458,-111.0827828
C001218N,002+0.245,BOZEMAN,GALLATIN,May,2014,9:22,WED,CROSSOVER-RELATED,ON ROADWAY,CLEAR,DRY,DAYLIGHT,POSSIBLE INJURY ACCIDENT,"RIGHT TURN, SAME DIRECTION",45.70024709,-111.0890673
C001218N,002+0.390,BOZEMAN,GALLATIN,July,2013,3:30,TUE,NON-JUNCTION,SHOULDER,CLOUDY,DRY,DARK-NOT LIGHTED,NON-INJURY ACCIDENT (PROPERTY- DAMAGE-ONLY ACCIDENT),"SIDESWIPE, SAME DIRECTION",45.70029024,-111.092132
C001218N,002+0.690,BOZEMAN,GALLATIN,November,2013,23:00,SAT,INTERSECTION,ROADSIDE RIGHT,CLOUDY,DRY,DARK-NOT LIGHTED,NON-INJURY ACCIDENT (PROPERTY- DAMAGE-ONLY ACCIDENT),FIXED OBJECT,45.70010584,-111.0983543
C001218N,002+0.690,BOZEMAN,GALLATIN,September,2013,3:47,THU,INTERSECTION,ROADSIDE RIGHT,CLEAR,DRY,DARK-NOT LIGHTED,NON-INJURY ACCIDENT (PROPERTY- DAMAGE-ONLY ACCIDENT),FIXED OBJECT,45.70028002,-111.0983124
C001218N,002+0.692,BOZEMAN,GALLATIN,November,2016,7:00,MON,INTERSECTION-RELATED,ON ROADWAY,SNOW,ICE/FROST,DARK-NOT LIGHTED,POSSIBLE INJURY ACCIDENT,FIXED OBJECT,45.70022269,-111.0982964
C001218N,002+0.852,,GALLATIN,October,2014,0:45,TUE,NON-JUNCTION,ROADSIDE LEFT,CLEAR,DRY,DARK-NOT LIGHTED,NON-INJURY ACCIDENT (PROPERTY- DAMAGE-ONLY ACCIDENT),FIXED OBJECT,45.70018438,-111.1016397
C001218N,002+0.872,,GALLATIN,December,2014,20:30,FRI,NON-JUNCTION,ROADSIDE RIGHT,CLEAR,ICE/FROST,DARK-NOT LIGHTED,NON-INJURY ACCIDENT (PROPERTY- DAMAGE-ONLY ACCIDENT),FIXED OBJECT,45.70021501,-111.1019827
C001218N,002+0.940,BOZEMAN,GALLATIN,September,2014,5:30,MON,NON-JUNCTION,SHOULDER,CLOUDY,WET,DARK-NOT LIGHTED,NON-INJURY ACCIDENT (PROPERTY- DAMAGE-ONLY ACCIDENT),FIXED OBJECT,45.7002,-111.10343
C001218N,003+0.340,,GALLATIN,November,2013,2:05,SAT,NON-JUNCTION,ROADSIDE LEFT,CLEAR,DRY,DARK-NOT LIGHTED,NON-INJURY ACCIDENT (PROPERTY- DAMAGE-ONLY ACCIDENT),ROLL OVER,45.7001501,-111.1118201
C001218N,003+0.476,NOT IN CITY LIMITS,GALLATIN,DECEMBER,2017,8:00,THU,NON-JUNCTION,ROADSIDE RIGHT,CLOUDY,SNOW,DAYLIGHT,NON-INJURY ACCIDENT (PROPERTY- DAMAGE-ONLY ACCIDENT),FIXED OBJECT,45.70018635,-111.1145649
C001218N,003+0.878,,GALLATIN,July,2016,10:33,SAT,DRIVEWAY/ALLEY ACCESS RELATED,ON ROADWAY,CLEAR,DRY,DAYLIGHT,NON-INCAPACITATING EVIDENT INJURY ACCIDENT,"SIDESWIPE, SAME DIRECTION",45.70012057,-111.12281
C001218N,003+0.950,,GALLATIN,December,2013,7:17,WED,NON-JUNCTION,ON ROADWAY,CLOUDY,DRY,DAWN,NON-INJURY ACCIDENT (PROPERTY- DAMAGE-ONLY ACCIDENT),WILD ANIMAL,45.70012294,-111.1243022
C001218N,004+0.154,,GALLATIN,January,2015,18:30,SUN,NON-JUNCTION,ON ROADWAY,CLOUDY,DRY,DARK-NOT LIGHTED,NON-INJURY ACCIDENT (PROPERTY- DAMAGE-ONLY ACCIDENT),DOMESTIC ANIMAL,45.70016393,-111.1285711
C001218N,004+0.332,NOT IN CITY LIMITS,GALLATIN,DECEMBER,2017,8:10,WED,NON-JUNCTION,ROADSIDE RIGHT,CLOUDY,ICE/FROST,DAYLIGHT,NON-INJURY ACCIDENT (PROPERTY- DAMAGE-ONLY ACCIDENT),FIXED OBJECT,45.70015102,-111.1321575
C001218N,004+0.340,,GALLATIN,September,2013,17:00,THU,DRIVEWAY/ALLEY ACCESS RELATED,SHOULDER,CLEAR,DRY,DAYLIGHT,NON-INJURY ACCIDENT (PROPERTY- DAMAGE-ONLY ACCIDENT),ROLL OVER,45.70013316,-111.132478
C001218N,004+0.341,NOT IN CITY LIMITS,GALLATIN,DECEMBER,2017,18:37,TUE,NON-JUNCTION,ROADSIDE RIGHT,CLOUDY,ICE/FROST,DARK-NOT LIGHTED,NON-INJURY ACCIDENT (PROPERTY- DAMAGE-ONLY ACCIDENT),FIXED OBJECT,45.70017284,-111.1324486
C001218N,004+0.474,NOT IN CITY LIMITS,GALLATIN,DECEMBER,2017,15:50,SUN,NON-JUNCTION,ROADSIDE RIGHT,CLOUDY,ICE/FROST,DAYLIGHT,NON-INJURY ACCIDENT (PROPERTY- DAMAGE-ONLY ACCIDENT),FIXED OBJECT,45.70014142,-111.1350828
C001218N,004+0.735,,GALLATIN,February,2014,21:13,FRI,NON-JUNCTION,ROADSIDE RIGHT,SNOW,SNOW,DARK-NOT LIGHTED,NON-INJURY ACCIDENT (PROPERTY- DAMAGE-ONLY ACCIDENT),FIXED OBJECT,45.70008874,-111.1404966
C001218N,004+0.883,BOZEMAN,GALLATIN,June,2014,14:40,MON,NON-JUNCTION,SHOULDER,CLOUDY,DRY,DAYLIGHT,NON-INCAPACITATING EVIDENT INJURY ACCIDENT,FIXED OBJECT,45.70009,-111.1436
C001218N,004+0.940,BOZEMAN,GALLATIN,July,2014,12:50,SAT,INTERSECTION,ON ROADWAY,CLEAR,DRY,DAYLIGHT,NON-INJURY ACCIDENT (PROPERTY- DAMAGE-ONLY ACCIDENT),RIGHT ANGLE,45.70018,-111.144735