MDT_CORRIDOR_ID,SMS_REFPOST_OFFSET,CITY,COUNTY,Month,Year,SMS_TIME,SMT_CRASH_OCC_DAY_OF_WEEK,JUNCTION_RELATED,ROADWAY_RELATED,WEATHER_COND,ROAD_COND,LIGHT_COND,CRASH_SEVERITY,COLLISION_TYPE,LATITUDE,LONGITUDE
C001218N,004+0.946,,GALLATIN,December,2016,20:00,SAT,NON-JUNCTION,ON ROADWAY,SNOW,SNOW,DARK-LIGHTED,NON-INJURY ACCIDENT (PROPERTY- DAMAGE-ONLY ACCIDENT),RIGHT ANGLE,45.70012677,-111.1449951
C001218N,004+0.950,,GALLATIN,October,2013,17:03,FRI,INTERSECTION,ON ROADWAY,CLEAR,DRY,DAYLIGHT,NON-INJURY ACCIDENT (PROPERTY- DAMAGE-ONLY ACCIDENT),RIGHT ANGLE,45.70012294,-111.145025
C001218N,004+0.951,,GALLATIN,July,2014,11:30,MON,INTERSECTION,ON ROADWAY,CLOUDY,DRY,DAYLIGHT,NON-INJURY ACCIDENT (PROPERTY- DAMAGE-ONLY ACCIDENT),RIGHT ANGLE,45.70009905,-111.1450046
C001218N,004+0.951,,GALLATIN,September,2014,7:40,THU,INTERSECTION,ON ROADWAY,SNOW,WET,DAYLIGHT,POSSIBLE INJURY ACCIDENT,RIGHT ANGLE,45.70012973,-111.1449704
C001218N,004+0.951,,GALLATIN,October,2016,15:15,FRI,INTERSECTION,ON ROADWAY,RAIN,WET,DAYLIGHT,NON-INCAPACITATING EVIDENT INJURY ACCIDENT,RIGHT ANGLE,45.70013,-111.14497
C001218N,004+0.951,,GALLATIN,February,2016,19:15,TUE,INTERSECTION,ON ROADWAY,CLOUDY,DRY,DARK-NOT LIGHTED,NON-INJURY ACCIDENT (PROPERTY- DAMAGE-ONLY ACCIDENT),RIGHT ANGLE,45.70008195,-111.1449773
C001218N,004+0.960,,GALLATIN,October,2013,20:00,THU,INTERSECTION,ON ROADWAY,CLEAR,DRY,DARK-NOT LIGHTED,NON-INCAPACITATING EVIDENT INJURY ACCIDENT,RIGHT ANGLE,45.70015104,-111.1452254
C001218N,004+0.960,,GALLATIN,April,2013,16:50,WED,INTERSECTION,ON ROADWAY,CLOUDY,DRY,DAYLIGHT,POSSIBLE INJURY ACCIDENT,RIGHT ANGLE,45.70018837,-111.1453266
C001218N,004+0.963,,GALLATIN,June,2015,17:14,MON,NON-JUNCTION,ON ROADWAY,CLOUDY,DRY,DAYLIGHT,NON-INJURY ACCIDENT (PROPERTY- DAMAGE-ONLY ACCIDENT),REAR TO FRONT,45.70009905,-111.145271
C001218N,005+0.035,BOZEMAN,GALLATIN,December,2014,10:00,SUN,NON-JUNCTION,SHOULDER,CLEAR,ICE/FROST,DAYLIGHT,NON-INJURY ACCIDENT (PROPERTY- DAMAGE-ONLY ACCIDENT),REAR-END,45.70013761,-111.1467706
C001218N,005+0.129,,GALLATIN,December,2016,15:34,FRI,NON-JUNCTION,ROADSIDE RIGHT,CLEAR,ICE/FROST,DAYLIGHT,NON-INCAPACITATING EVIDENT INJURY ACCIDENT,ROLL OVER,45.70062343,-111.1485925
C001218N,005+0.137,BOZEMAN,GALLATIN,April,2014,9:50,THU,DRIVEWAY/ALLEY ACCESS RELATED,ON ROADWAY,CLOUDY,DRY,DAYLIGHT,INCAPACITATING INJURY ACCIDENT,REAR-END,45.70006141,-111.1488704
C001218N,005+0.184,,GALLATIN,October,2016,17:45,FRI,NON-JUNCTION,ROADSIDE RIGHT,CLEAR,DRY,DAYLIGHT,NON-INJURY ACCIDENT (PROPERTY- DAMAGE-ONLY ACCIDENT),FIXED OBJECT,45.70006141,-111.1498608
C001218N,005+0.440,,GALLATIN,July,2013,22:20,THU,NON-JUNCTION,SHOULDER,CLEAR,DRY,DARK-NOT LIGHTED,POSSIBLE INJURY ACCIDENT,FIXED OBJECT,45.70007508,-111.1552976
C001218N,005+0.470,,GALLATIN,July,2013,16:22,THU,DRIVEWAY/ALLEY ACCESS RELATED,ON ROADWAY,CLOUDY,DRY,DAYLIGHT,NON-INJURY ACCIDENT (PROPERTY- DAMAGE-ONLY ACCIDENT),"SIDESWIPE, SAME DIRECTION",45.70007333,-111.1557267
C001218N,005+0.472,NOT IN CITY LIMITS,GALLATIN,SEPTEMBER,2017,15:22,THU,NON-JUNCTION,ON ROADWAY,CLOUDY,DRY,DAYLIGHT,NON-INJURY ACCIDENT (PROPERTY- DAMAGE-ONLY ACCIDENT),WILD ANIMAL,45.70003424,-111.1557689
C001218N,005+0.847,,GALLATIN,December,2014,5:40,WED,NON-JUNCTION,ON ROADWAY,CLOUDY,ICE/FROST,DARK-NOT LIGHTED,NON-INJURY ACCIDENT (PROPERTY- DAMAGE-ONLY ACCIDENT),WILD ANIMAL,45.70007667,-111.1634833
C001218N,006+0.000,,GALLATIN,March,2013,20:10,SAT,NON-JUNCTION,ON ROADWAY,CLEAR,DRY,DARK-NOT LIGHTED,NON-INJURY ACCIDENT (PROPERTY- DAMAGE-ONLY ACCIDENT),ROLL OVER,45.70014,-111.166785
C001218N,006+0.252,,GALLATIN,August,2016,9:16,FRI,NON-JUNCTION,ON ROADWAY,CLEAR,DRY,DAYLIGHT,FATAL ACCIDENT,OTHER,45.70010612,-111.1718751
C001218N,006+0.338,NOT IN CITY LIMITS,GALLATIN,JUNE,2017,11:00,MON,INTERSECTION,ON ROADWAY,CLEAR,DRY,DAYLIGHT,NON-INJURY ACCIDENT (PROPERTY- DAMAGE-ONLY ACCIDENT),REAR-END,45.7001195,-111.173664
C001218N,006+0.887,,GALLATIN,February,2014,11:18,SUN,INTERSECTION-RELATED,ON ROADWAY,CLEAR,ICE/FROST,DAYLIGHT,NON-INJURY ACCIDENT (PROPERTY- DAMAGE-ONLY ACCIDENT),HEAD ON,45.69997833,-111.1850133
C001218N,006+0.887,,GALLATIN,January,2015,14:20,THU,INTERSECTION,ON ROADWAY,SLEET/HAIL/FREEZING RAIN/DRIZZLE,SAND,DAYLIGHT,NON-INJURY ACCIDENT (PROPERTY- DAMAGE-ONLY ACCIDENT),OTHER,45.70014167,-111.1850133
C001218N,006+0.896,,GALLATIN,May,2014,17:14,TUE,INTERSECTION,ON ROADWAY,RAIN,WET,DAYLIGHT,POSSIBLE INJURY ACCIDENT,"LEFT TURN, SAME DIRECTION",45.70018781,-111.1851524
C001218N,006+0.896,,GALLATIN,January,2016,18:15,SAT,INTERSECTION,ON ROADWAY,CLOUDY,DRY,DARK-LIGHTED,POSSIBLE INJURY ACCIDENT,RIGHT ANGLE,45.70007569,-111.1851997
C001218N,006+0.896,NOT IN CITY LIMITS,GALLATIN,MAY,2017,15:55,WED,INTERSECTION-RELATED,ON ROADWAY,CLEAR,DRY,DAYLIGHT,NON-INJURY ACCIDENT (PROPERTY- DAMAGE-ONLY ACCIDENT),REAR-END,45.70007508,-111.1851387
C001505N,000+0.245,BOZEMAN,GALLATIN,August,2016,2:59,SAT,NON-JUNCTION,SHOULDER,CLEAR,DRY,DARK-NOT LIGHTED,NON-INJURY ACCIDENT (PROPERTY- DAMAGE-ONLY ACCIDENT),REAR-END,45.67146404,-111.0708704
C001505N,000+0.263,BOZEMAN,GALLATIN,August,2016,7:35,TUE,INTERSECTION,ON ROADWAY,CLEAR,DRY,DAYLIGHT,NON-INJURY ACCIDENT (PROPERTY- DAMAGE-ONLY ACCIDENT),REAR-END,45.67119918,-111.0709271
C001507N,000+0.000,BOZEMAN,GALLATIN,September,2014,14:34,TUE,INTERSECTION,ON ROADWAY,CLEAR,DRY,DAYLIGHT,NON-INCAPACITATING EVIDENT INJURY ACCIDENT,"LEFT TURN, SAME DIRECTION",45.7000256,-111.0462274
C001509N,000+0.095,BOZEMAN,GALLATIN,November,2016,17:44,THU,INTERSECTION,ON ROADWAY,CLOUDY,DRY,DARK-LIGHTED,NON-INJURY ACCIDENT (PROPERTY- DAMAGE-ONLY ACCIDENT),RIGHT ANGLE,45.71215828,-111.0690292
C001509N,000+0.095,BOZEMAN,GALLATIN,November,2016,16:26,FRI,INTERSECTION,ON ROADWAY,CLEAR,DRY,DAYLIGHT,NON-INJURY ACCIDENT (PROPERTY- DAMAGE-ONLY ACCIDENT),RIGHT ANGLE,45.71215774,-111.0690354
C001509N,000+0.095,BOZEMAN,GALLATIN,MARCH,2017,10:09,THU,INTERSECTION,ON ROADWAY,RAIN,WET,DAYLIGHT,NON-INJURY ACCIDENT (PROPERTY- DAMAGE-ONLY ACCIDENT),RIGHT ANGLE,45.71215238,-111.0690369
C001509N,000+0.187,BOZEMAN,GALLATIN,June,2016,13:01,FRI,NON-JUNCTION,MEDIAN,CLEAR,DRY,DAYLIGHT,NON-INCAPACITATING EVIDENT INJURY ACCIDENT,FIXED OBJECT,45.71234369,-111.0708926
C001509N,000+0.335,BOZEMAN,GALLATIN,May,2015,18:05,THU,INTERSECTION,ON ROADWAY,CLEAR,DRY,DAYLIGHT,NON-INJURY ACCIDENT (PROPERTY- DAMAGE-ONLY ACCIDENT),"LEFT TURN, OPPOSITE DIRECTION",45.71190839,-111.073966
C001509N,000+0.337,BOZEMAN,GALLATIN,July,2013,19:59,WED,INTERSECTION,ON ROADWAY,CLEAR,DRY,DAYLIGHT,POSSIBLE INJURY ACCIDENT,RIGHT ANGLE,45.71189767,-111.0739917
C001512N,000+0.055,BOZEMAN,GALLATIN,JUNE,2017,16:25,THU,OTHER LOCATION,ON ROADWAY,CLOUDY,DRY,DAYLIGHT,NON-INJURY ACCIDENT (PROPERTY- DAMAGE-ONLY ACCIDENT),PARKED VEHICLE,45.68887159,-111.0451444
C001512N,000+0.107,BOZEMAN,GALLATIN,AUGUST,2017,15:48,THU,INTERSECTION,ON ROADWAY,CLOUDY,DRY,DAYLIGHT,NON-INJURY ACCIDENT (PROPERTY- DAMAGE-ONLY ACCIDENT),RIGHT ANGLE,45.68852671,-111.043978
C001512N,000+0.130,BOZEMAN,GALLATIN,February,2014,2:39,SAT,NON-JUNCTION,ROADSIDE RIGHT,SNOW,SNOW,DARK-NOT LIGHTED,NON-INJURY ACCIDENT (PROPERTY- DAMAGE-ONLY ACCIDENT),FIXED OBJECT,45.68859021,-111.0434692
C001512N,000+0.181,BOZEMAN,GALLATIN,December,2015,19:52,WED,NON-JUNCTION,IN PARKING LANE OR ZONE,CLEAR,ICE/FROST,DARK-NOT LIGHTED,POSSIBLE INJURY ACCIDENT,REAR-END,45.68853844,-111.0423944
C001512N,000+0.246,BOZEMAN,GALLATIN,FEBRUARY,2017,0:00,FRI,INTERSECTION-RELATED,ROADSIDE RIGHT,CLOUDY,DRY,DARK-LIGHTED,NON-INJURY ACCIDENT (PROPERTY- DAMAGE-ONLY ACCIDENT),FIXED OBJECT,45.68862452,-111.0411243
C001512N,000+0.608,BOZEMAN,GALLATIN,March,2015,17:15,TUE,NON-JUNCTION,ON ROADWAY,CLEAR,DRY,DAYLIGHT,NON-INCAPACITATING EVIDENT INJURY ACCIDENT,REAR-END,45.68862549,-111.0336097
C001512N,000+0.707,BOZEMAN,GALLATIN,October,2015,9:53,SAT,INTERSECTION,ON ROADWAY,CLOUDY,DRY,DAYLIGHT,NON-INJURY ACCIDENT (PROPERTY- DAMAGE-ONLY ACCIDENT),REAR-END,45.68859039,-111.0316044
C001512N,000+0.707,BOZEMAN,GALLATIN,JUNE,2017,8:19,THU,INTERSECTION,ON ROADWAY,CLEAR,DRY,DAYLIGHT,NON-INJURY ACCIDENT (PROPERTY- DAMAGE-ONLY ACCIDENT),RIGHT ANGLE,45.68864956,-111.0316497
C001512N,000+0.863,BOZEMAN,GALLATIN,February,2014,1:39,FRI,INTERSECTION-RELATED,SHOULDER,SNOW,SNOW,DARK-NOT LIGHTED,NON-INJURY ACCIDENT (PROPERTY- DAMAGE-ONLY ACCIDENT),FIXED OBJECT,45.68865363,-111.0284152
C001512N,000+0.867,BOZEMAN,GALLATIN,July,2013,15:04,MON,INTERSECTION,ON ROADWAY,CLEAR,DRY,DAYLIGHT,POSSIBLE INJURY ACCIDENT,RIGHT ANGLE,45.68864213,-111.0283021
C001514N,000+0.000,BOZEMAN,GALLATIN,December,2014,10:20,SUN,INTERSECTION,ON ROADWAY,CLEAR,DRY,DAYLIGHT,POSSIBLE INJURY ACCIDENT,RIGHT ANGLE,45.68756728,-111.0461826
C001514N,000+0.000,BOZEMAN,GALLATIN,SEPTEMBER,2017,15:40,SAT,INTERSECTION,ON ROADWAY,RAIN,WET,DAYLIGHT,NON-INJURY ACCIDENT (PROPERTY- DAMAGE-ONLY ACCIDENT),RIGHT ANGLE,45.68756327,-111.0463541
C001515N,000+0.174,BOZEMAN,GALLATIN,January,2014,20:00,THU,INTERSECTION,ON ROADWAY,BLOWING SNOW,SNOW,DARK-LIGHTED,NON-INJURY ACCIDENT (PROPERTY- DAMAGE-ONLY ACCIDENT),RIGHT ANGLE,45.68668564,-111.0265819
C001515N,000+0.174,BOZEMAN,GALLATIN,JULY,2017,10:39,SAT,INTERSECTION,ON ROADWAY,CLOUDY,DRY,DAYLIGHT,NON-INJURY ACCIDENT (PROPERTY- DAMAGE-ONLY ACCIDENT),OTHER,45.68670077,-111.0265781
C001515N,000+0.174,BOZEMAN,GALLATIN,OCTOBER,2017,17:13,FRI,INTERSECTION,ON ROADWAY,RAIN,WET,DAYLIGHT,NON-INJURY ACCIDENT (PROPERTY- DAMAGE-ONLY ACCIDENT),RIGHT ANGLE,45.68668101,-111.0265628
C001516N,000+0.044,BOZEMAN,GALLATIN,May,2015,15:55,THU,INTERSECTION,ON ROADWAY,CLEAR,DRY,DAYLIGHT,NON-INJURY ACCIDENT (PROPERTY- DAMAGE-ONLY ACCIDENT),"LEFT TURN, OPPOSITE DIRECTION",45.68566293,-111.0307902
C001516N,000+0.159,BOZEMAN,GALLATIN,July,2013,9:15,WED,INTERSECTION-RELATED,ON ROADWAY,CLOUDY,DRY,DAYLIGHT,NON-INJURY ACCIDENT (PROPERTY- DAMAGE-ONLY ACCIDENT),"SIDESWIPE, SAME DIRECTION",45.68569724,-111.0283849
C001519N,000+0.203,BOZEMAN,GALLATIN,July,2016,9:15,MON,INTERSECTION,ON ROADWAY,RAIN,WET,DAYLIGHT,NON-INCAPACITATING EVIDENT INJURY ACCIDENT,RIGHT ANGLE,45.66220578,-111.0629309
C001519N,000+0.208,BOZEMAN,GALLATIN,June,2014,16:22,MON,INTERSECTION,ON ROADWAY,CLEAR,DRY,DAYLIGHT,NON-INCAPACITATING EVIDENT INJURY ACCIDENT,RIGHT ANGLE,45.66221078,-111.0628383
C001519N,000+0.211,BOZEMAN,GALLATIN,February,2014,15:42,TUE,INTERSECTION,ON ROADWAY,CLOUDY,ICE/FROST,DAYLIGHT,NON-INCAPACITATING EVIDENT INJURY ACCIDENT,RIGHT ANGLE,45.66220615,-111.0627924
C001520N,000+0.000,BOZEMAN,GALLATIN,January,2016,22:15,SAT,INTERSECTION-RELATED,ROADSIDE LEFT,CLEAR,SNOW,DARK-LIGHTED,NON-INJURY ACCIDENT (PROPERTY- DAMAGE-ONLY ACCIDENT),NOT FIXED OBJECT OR DEBRIS,45.6821529,-111.0701734
C001520N,000+0.011,BOZEMAN,GALLATIN,July,2015,22:12,THU,NON-JUNCTION,ON ROADWAY,CLEAR,DRY,DARK-NOT LIGHTED,NON-INJURY ACCIDENT (PROPERTY- DAMAGE-ONLY ACCIDENT),"SIDESWIPE, SAME DIRECTION",45.68215348,-111.0697842
C001520N,000+0.016,BOZEMAN,GALLATIN,October,2015,6:10,TUE,NON-JUNCTION,SHOULDER,CLEAR,WET,DARK-NOT LIGHTED,NON-INJURY ACCIDENT (PROPERTY- DAMAGE-ONLY ACCIDENT),REAR-END,45.68218163,-111.0697346
C001520N,000+0.378,BOZEMAN,GALLATIN,October,2016,17:17,THU,INTERSECTION,ON ROADWAY,CLOUDY,DRY,DAYLIGHT,POSSIBLE INJURY ACCIDENT,OTHER,45.68220474,-111.0622385
C001520N,000+0.386,BOZEMAN,GALLATIN,August,2015,15:31,FRI,INTERSECTION,ON ROADWAY,CLOUDY,DRY,DAYLIGHT,NON-INCAPACITATING EVIDENT INJURY ACCIDENT,BICYCLE,45.68219501,-111.062091
C001520N,000+0.444,BOZEMAN,GALLATIN,December,2014,12:31,SUN,INTERSECTION-RELATED,ON ROADWAY,CLEAR,ICE/FROST,DAYLIGHT,NON-INJURY ACCIDENT (PROPERTY- DAMAGE-ONLY ACCIDENT),HEAD ON,45.6822125,-111.0609403
C001520N,000+0.516,BOZEMAN,GALLATIN,September,2014,23:00,WED,NON-JUNCTION,OUTSIDE RIGHT-OF-WAY (TRAFFICWAY),CLEAR,DRY,DARK-LIGHTED,POSSIBLE INJURY ACCIDENT,FIXED OBJECT,45.68221439,-111.0594782
C001520N,000+0.637,BOZEMAN,GALLATIN,January,2013,20:25,SAT,INTERSECTION,ON ROADWAY,CLEAR,DRY,DARK-NOT LIGHTED,NON-INJURY ACCIDENT (PROPERTY- DAMAGE-ONLY ACCIDENT),RIGHT ANGLE,45.68214832,-111.0568972
C001520N,000+0.637,BOZEMAN,GALLATIN,June,2016,16:24,WED,INTERSECTION,ON ROADWAY,CLEAR,DRY,DAYLIGHT,NON-INJURY ACCIDENT (PROPERTY- DAMAGE-ONLY ACCIDENT),REAR-END,45.68213804,-111.0569297
C001520N,000+0.637,BOZEMAN,GALLATIN,July,2016,22:17,TUE,INTERSECTION,ON ROADWAY,CLEAR,DRY,DARK-LIGHTED,NON-INJURY ACCIDENT (PROPERTY- DAMAGE-ONLY ACCIDENT),"LEFT TURN, OPPOSITE DIRECTION",45.68215875,-111.0569537
C001521N,000+0.066,BOZEMAN,GALLATIN,JUNE,2017,23:25,SUN,NON-JUNCTION,ROADSIDE RIGHT,CLEAR,DRY,DARK-NOT LIGHTED,NON-INCAPACITATING EVIDENT INJURY ACCIDENT,FIXED OBJECT,45.68656216,-111.0247719
C001526N,000+0.235,BOZEMAN,GALLATIN,October,2015,15:35,FRI,NON-JUNCTION,ON ROADWAY,CLOUDY,WET,DAYLIGHT,NON-INJURY ACCIDENT (PROPERTY- DAMAGE-ONLY ACCIDENT),REAR-END,45.68141874,-111.0464998
C001526N,000+0.550,BOZEMAN,GALLATIN,September,2013,12:54,THU,INTERSECTION,ON ROADWAY,CLEAR,DRY,DAYLIGHT,NON-INJURY ACCIDENT (PROPERTY- DAMAGE-ONLY ACCIDENT),RIGHT ANGLE,45.68131782,-111.0400286
C001526N,000+0.552,BOZEMAN,GALLATIN,August,2013,16:37,FRI,INTERSECTION,ON ROADWAY,CLEAR,DRY,DAYLIGHT,NON-INJURY ACCIDENT (PROPERTY- DAMAGE-ONLY ACCIDENT),OTHER,45.68131661,-111.0400148
C001526N,000+0.552,BOZEMAN,GALLATIN,November,2014,9:05,FRI,INTERSECTION,ON ROADWAY,SNOW,SNOW,DAYLIGHT,NON-INJURY ACCIDENT (PROPERTY- DAMAGE-ONLY ACCIDENT),RIGHT ANGLE,45.68131893,-111.0400413
C001526N,000+0.552,BOZEMAN,GALLATIN,November,2015,10:00,TUE,INTERSECTION,ON ROADWAY,CLEAR,WET,DAYLIGHT,NON-INJURY ACCIDENT (PROPERTY- DAMAGE-ONLY ACCIDENT),RIGHT ANGLE,45.68132251,-111.0400222
C001526N,000+0.552,BOZEMAN,GALLATIN,OCTOBER,2017,10:27,TUE,INTERSECTION,ON ROADWAY,CLOUDY,DRY,DAYLIGHT,POSSIBLE INJURY ACCIDENT,RIGHT ANGLE,45.68131132,-111.0400256
C001527N,000+0.144,BOZEMAN,GALLATIN,December,2013,7:37,TUE,INTERSECTION,ON ROADWAY,SNOW,SNOW,DAYLIGHT,NON-INJURY ACCIDENT (PROPERTY- DAMAGE-ONLY ACCIDENT),RIGHT ANGLE,45.68046586,-111.0285377
C001527N,000+0.144,BOZEMAN,GALLATIN,August,2015,13:44,TUE,INTERSECTION,ON ROADWAY,CLEAR,DRY,DAYLIGHT,NON-INJURY ACCIDENT (PROPERTY- DAMAGE-ONLY ACCIDENT),RIGHT ANGLE,45.68046173,-111.0285408
C001527N,000+0.144,BOZEMAN,GALLATIN,December,2015,15:59,THU,INTERSECTION,ON ROADWAY,CLEAR,SNOW,DAYLIGHT,NON-INJURY ACCIDENT (PROPERTY- DAMAGE-ONLY ACCIDENT),RIGHT ANGLE,45.68047573,-111.0285453
C001527N,000+0.146,BOZEMAN,GALLATIN,August,2016,22:51,FRI,NON-JUNCTION,ON ROADWAY,CLEAR,DRY,DARK-NOT LIGHTED,NON-INJURY ACCIDENT (PROPERTY- DAMAGE-ONLY ACCIDENT),HEAD ON,45.68046694,-111.0286279
C001527N,000+0.234,BOZEMAN,GALLATIN,August,2014,11:33,TUE,INTERSECTION,ON ROADWAY,CLOUDY,DRY,DAYLIGHT,POSSIBLE INJURY ACCIDENT,BICYCLE,45.68045985,-111.0303881
C001527N,000+0.240,BOZEMAN,GALLATIN,January,2016,1:59,FRI,INTERSECTION-RELATED,ON ROADWAY,CLEAR,SNOW,DARK-LIGHTED,NON-INJURY ACCIDENT (PROPERTY- DAMAGE-ONLY ACCIDENT),REAR-END,45.68044148,-111.0305517
C001527N,000+0.311,BOZEMAN,GALLATIN,December,2016,16:48,MON,NON-JUNCTION,ON ROADWAY,CLEAR,SNOW,DARK-LIGHTED,NON-INJURY ACCIDENT (PROPERTY- DAMAGE-ONLY ACCIDENT),RIGHT ANGLE,45.68043328,-111.0319861
C001528N,000+0.000,BOZEMAN,GALLATIN,November,2014,16:10,SUN,INTERSECTION-RELATED,ON ROADWAY,CLEAR,ICE/FROST,DAYLIGHT,NON-INJURY ACCIDENT (PROPERTY- DAMAGE-ONLY ACCIDENT),RIGHT ANGLE,45.66396766,-111.0574479
C001528N,000+0.000,BOZEMAN,GALLATIN,December,2016,11:50,THU,INTERSECTION,ON ROADWAY,CLEAR,ICE/FROST,DAYLIGHT,NON-INJURY ACCIDENT (PROPERTY- DAMAGE-ONLY ACCIDENT),RIGHT ANGLE,45.66396766,-111.0574479
C001528N,000+0.048,,GALLATIN,October,2016,0:10,SAT,NON-JUNCTION,ROADSIDE RIGHT,RAIN,WET,DARK-NOT LIGHTED,NON-INJURY ACCIDENT (PROPERTY- DAMAGE-ONLY ACCIDENT),"SIDESWIPE, SAME DIRECTION",45.6632519,-111.0575295
C001528N,000+0.060,BOZEMAN,GALLATIN,November,2013,0:00,SUN,NON-JUNCTION,ON ROADWAY,UNKNOWN,DRY,DARK-NOT LIGHTED,UNKNOWN,OTHER,45.66298717,-111.0574142
C001528N,000+0.219,NOT IN CITY LIMITS,GALLATIN,NOVEMBER,2017,0:00,SUN,NON-JUNCTION,ON ROADWAY,CLEAR,DRY,DUSK,NON-INJURY ACCIDENT (PROPERTY- DAMAGE-ONLY ACCIDENT),PARKED VEHICLE,45.66080907,-111.0577063
C001529N,000+0.063,BOZEMAN,GALLATIN,November,2014,9:13,TUE,NON-JUNCTION,SHOULDER,CLEAR,ICE/FROST,DAYLIGHT,NON-INJURY ACCIDENT (PROPERTY- DAMAGE-ONLY ACCIDENT),OTHER,45.68295521,-111.0356259
C001529N,000+0.069,BOZEMAN,GALLATIN,March,2016,15:16,WED,INTERSECTION,ON ROADWAY,CLOUDY,DRY,DAYLIGHT,NON-INJURY ACCIDENT (PROPERTY- DAMAGE-ONLY ACCIDENT),HEAD ON,45.68295839,-111.0357886
C001529N,000+0.210,BOZEMAN,GALLATIN,June,2014,15:07,MON,INTERSECTION,ON ROADWAY,CLEAR,DRY,DAYLIGHT,NON-INJURY ACCIDENT (PROPERTY- DAMAGE-ONLY ACCIDENT),RIGHT ANGLE,45.68300772,-111.0387188
C001529N,000+0.341,BOZEMAN,GALLATIN,OCTOBER,2017,14:19,MON,INTERSECTION,ON ROADWAY,CLOUDY,DRY,DAYLIGHT,NON-INJURY ACCIDENT (PROPERTY- DAMAGE-ONLY ACCIDENT),RIGHT ANGLE,45.6830057,-111.0413584
C001529N,000+0.460,BOZEMAN,GALLATIN,December,2014,16:16,TUE,INTERSECTION,ON ROADWAY,CLOUDY,ICE/FROST,DAYLIGHT,NON-INJURY ACCIDENT (PROPERTY- DAMAGE-ONLY ACCIDENT),RIGHT ANGLE,45.68303126,-111.0439089
C001529N,000+0.482,BOZEMAN,GALLATIN,July,2015,22:22,THU,NON-JUNCTION,SHOULDER,CLEAR,DRY,DARK-LIGHTED,NON-INJURY ACCIDENT (PROPERTY- DAMAGE-ONLY ACCIDENT),RIGHT ANGLE,45.68300698,-111.0443506
C001529N,000+0.574,BOZEMAN,GALLATIN,June,2015,11:13,THU,INTERSECTION-RELATED,ON ROADWAY,CLEAR,DRY,DAYLIGHT,NON-INJURY ACCIDENT (PROPERTY- DAMAGE-ONLY ACCIDENT),REAR-END,45.68297545,-111.0461709
C001530N,000+0.000,BOZEMAN,GALLATIN,January,2014,11:58,SUN,UNKNOWN,ON ROADWAY,CLEAR,ICE/FROST,DAYLIGHT,NON-INJURY ACCIDENT (PROPERTY- DAMAGE-ONLY ACCIDENT),REAR-END,45.67815764,-111.066907
C001530N,000+0.000,BOZEMAN,GALLATIN,September,2014,17:18,SAT,INTERSECTION,ON ROADWAY,CLEAR,DRY,DAYLIGHT,NON-INCAPACITATING EVIDENT INJURY ACCIDENT,RIGHT ANGLE,45.67812935,-111.066931
C001530N,000+0.000,BOZEMAN,GALLATIN,November,2014,20:33,FRI,INTERSECTION,ON ROADWAY,CLEAR,DRY,DARK-LIGHTED,NON-INCAPACITATING EVIDENT INJURY ACCIDENT,BICYCLE,45.67815574,-111.0669485
C001530N,000+0.000,BOZEMAN,GALLATIN,December,2014,13:23,WED,INTERSECTION,ON ROADWAY,CLOUDY,WET,DAYLIGHT,NON-INJURY ACCIDENT (PROPERTY- DAMAGE-ONLY ACCIDENT),RIGHT ANGLE,45.67812596,-111.0668402
C001530N,000+0.000,BOZEMAN,GALLATIN,January,2015,11:25,MON,INTERSECTION,ON ROADWAY,CLEAR,DRY,DAYLIGHT,UNKNOWN,HEAD ON,45.67813643,-111.0669353
C001530N,000+0.000,BOZEMAN,GALLATIN,October,2015,13:08,SUN,INTERSECTION-RELATED,ON ROADWAY,CLEAR,DRY,DAYLIGHT,NON-INJURY ACCIDENT (PROPERTY- DAMAGE-ONLY ACCIDENT),HEAD ON,45.67812559,-111.0669277
C001530N,000+0.009,BOZEMAN,GALLATIN,September,2016,12:22,MON,INTERSECTION,ON ROADWAY,CLOUDY,DRY,DAYLIGHT,POSSIBLE INJURY ACCIDENT,RIGHT ANGLE,45.67819908,-111.0670087
C001530N,000+0.039,BOZEMAN,GALLATIN,March,2015,8:07,THU,DRIVEWAY/ALLEY ACCESS RELATED,ON ROADWAY,CLOUDY,DRY,DAYLIGHT,POSSIBLE INJURY ACCIDENT,RIGHT ANGLE,45.67848378,-111.0675287
C001530N,000+0.044,BOZEMAN,GALLATIN,FEBRUARY,2017,12:34,MON,NON-JUNCTION,ON ROADWAY,CLEAR,DRY,DAYLIGHT,NON-INJURY ACCIDENT (PROPERTY- DAMAGE-ONLY ACCIDENT),"LEFT TURN, SAME DIRECTION",45.67848205,-111.0676204
C001530N,000+0.053,BOZEMAN,GALLATIN,July,2015,16:05,SAT,DRIVEWAY/ALLEY ACCESS RELATED,ON ROADWAY,CLEAR,DRY,DAYLIGHT,NON-INCAPACITATING EVIDENT INJURY ACCIDENT,BICYCLE,45.67848057,-111.0678837
C001530N,000+0.061,BOZEMAN,GALLATIN,February,2014,7:27,THU,INTERSECTION-RELATED,ON ROADWAY,CLOUDY,SNOW,DAYLIGHT,NON-INJURY ACCIDENT (PROPERTY- DAMAGE-ONLY ACCIDENT),REAR-END,45.67846607,-111.0680087