MDT_CORRIDOR_ID,SMS_REFPOST_OFFSET,CITY,COUNTY,Month,Year,SMS_TIME,SMT_CRASH_OCC_DAY_OF_WEEK,JUNCTION_RELATED,ROADWAY_RELATED,WEATHER_COND,ROAD_COND,LIGHT_COND,CRASH_SEVERITY,COLLISION_TYPE,LATITUDE,LONGITUDE
C001530N,000+0.125,BOZEMAN,GALLATIN,August,2015,18:00,TUE,INTERSECTION,ROADSIDE RIGHT,CLEAR,DRY,DAYLIGHT,NON-INJURY ACCIDENT (PROPERTY- DAMAGE-ONLY ACCIDENT),BICYCLE,45.67846834,-111.0693575
C001530N,000+0.200,BOZEMAN,GALLATIN,January,2013,0:45,SUN,INTERSECTION-RELATED,ON ROADWAY,SNOW,ICE/FROST,DARK-LIGHTED,NON-INJURY ACCIDENT (PROPERTY- DAMAGE-ONLY ACCIDENT),FIXED OBJECT,45.67844399,-111.0708661
C001530N,000+0.255,BOZEMAN,GALLATIN,October,2014,19:25,WED,INTERSECTION,ON ROADWAY,CLOUDY,DRY,DUSK,INCAPACITATING INJURY ACCIDENT,"LEFT TURN, OPPOSITE DIRECTION",45.67843131,-111.0720718
C001530N,000+0.289,BOZEMAN,GALLATIN,August,2015,7:45,SUN,NON-JUNCTION,SHOULDER,CLEAR,DRY,DAYLIGHT,NON-INJURY ACCIDENT (PROPERTY- DAMAGE-ONLY ACCIDENT),FIXED OBJECT,45.67837333,-111.0726533
C001530N,000+0.378,BOZEMAN,GALLATIN,November,2015,2:21,THU,THROUGH ROADWAY,OUTSIDE RIGHT-OF-WAY (TRAFFICWAY),CLEAR,SNOW,DARK-LIGHTED,NON-INJURY ACCIDENT (PROPERTY- DAMAGE-ONLY ACCIDENT),FIXED OBJECT,45.67842097,-111.0745253
C001530N,000+0.418,BOZEMAN,GALLATIN,August,2015,14:45,WED,NON-JUNCTION,ON ROADWAY,"FOG, SMOG, SMOKE",DRY,DAYLIGHT,NON-INCAPACITATING EVIDENT INJURY ACCIDENT,REAR-END,45.6784359,-111.075422
C001530N,000+0.430,BOZEMAN,GALLATIN,September,2013,16:59,TUE,NON-JUNCTION,ON ROADWAY,CLOUDY,DRY,DAYLIGHT,NON-INJURY ACCIDENT (PROPERTY- DAMAGE-ONLY ACCIDENT),REAR-END,45.67841713,-111.0757401
C001530N,000+0.692,BOZEMAN,GALLATIN,April,2015,8:05,THU,INTERSECTION,ON ROADWAY,CLOUDY,WET,DAYLIGHT,NON-INJURY ACCIDENT (PROPERTY- DAMAGE-ONLY ACCIDENT),REAR-END,45.67836573,-111.0809665
C001530N,000+0.692,BOZEMAN,GALLATIN,APRIL,2017,7:48,WED,INTERSECTION,ON ROADWAY,CLEAR,DRY,DAYLIGHT,NON-INCAPACITATING EVIDENT INJURY ACCIDENT,BICYCLE,45.67837666,-111.081079
C001530N,000+0.797,BOZEMAN,GALLATIN,February,2013,8:06,SUN,INTERSECTION,ON ROADWAY,CLOUDY,ICE/FROST,DAYLIGHT,NON-INJURY ACCIDENT (PROPERTY- DAMAGE-ONLY ACCIDENT),RIGHT ANGLE,45.67837488,-111.0832092
C001530N,000+0.801,BOZEMAN,GALLATIN,DECEMBER,2017,16:40,TUE,INTERSECTION,ON ROADWAY,CLEAR,ICE/FROST,DARK-LIGHTED,NON-INJURY ACCIDENT (PROPERTY- DAMAGE-ONLY ACCIDENT),RIGHT ANGLE,45.67839434,-111.0832716
C001530N,000+0.845,BOZEMAN,GALLATIN,DECEMBER,2017,7:09,TUE,NON-JUNCTION,ON ROADWAY,CLOUDY,SNOW,DARK-LIGHTED,NON-INCAPACITATING EVIDENT INJURY ACCIDENT,RIGHT ANGLE,45.67841443,-111.0842861
C001530N,001+0.302,BOZEMAN,GALLATIN,December,2013,17:51,MON,INTERSECTION-RELATED,ON ROADWAY,SNOW,SNOW,DARK-LIGHTED,NON-INJURY ACCIDENT (PROPERTY- DAMAGE-ONLY ACCIDENT),REAR-END,45.67840961,-111.0936667
C001530N,001+0.302,BOZEMAN,GALLATIN,August,2013,22:47,SAT,INTERSECTION,ON ROADWAY,CLEAR,DRY,DARK-LIGHTED,NON-INJURY ACCIDENT (PROPERTY- DAMAGE-ONLY ACCIDENT),RIGHT ANGLE,45.67842227,-111.0936453
C001530N,001+0.302,BOZEMAN,GALLATIN,March,2013,19:23,WED,INTERSECTION,ON ROADWAY,CLOUDY,WET,DARK-LIGHTED,POSSIBLE INJURY ACCIDENT,RIGHT ANGLE,45.67842227,-111.0936453
C001530N,001+0.302,BOZEMAN,GALLATIN,January,2013,19:14,MON,INTERSECTION,ON ROADWAY,CLEAR,DRY,DARK-NOT LIGHTED,NON-INJURY ACCIDENT (PROPERTY- DAMAGE-ONLY ACCIDENT),RIGHT ANGLE,45.67842227,-111.0936453
C001530N,001+0.302,BOZEMAN,GALLATIN,August,2013,15:10,THU,INTERSECTION,ON ROADWAY,CLOUDY,DRY,DAYLIGHT,POSSIBLE INJURY ACCIDENT,RIGHT ANGLE,45.67842741,-111.093668
C001530N,001+0.302,BOZEMAN,GALLATIN,July,2014,14:05,SAT,INTERSECTION,ON ROADWAY,CLEAR,DRY,DAYLIGHT,NON-INCAPACITATING EVIDENT INJURY ACCIDENT,RIGHT ANGLE,45.67842833,-111.0936801
C001530N,001+0.302,BOZEMAN,GALLATIN,October,2014,6:04,THU,INTERSECTION,ON ROADWAY,CLEAR,DRY,DARK-NOT LIGHTED,NON-INJURY ACCIDENT (PROPERTY- DAMAGE-ONLY ACCIDENT),RIGHT ANGLE,45.67842542,-111.0936706
C001530N,001+0.302,BOZEMAN,GALLATIN,March,2015,10:25,SUN,INTERSECTION,ON ROADWAY,CLOUDY,DRY,DAYLIGHT,NON-INJURY ACCIDENT (PROPERTY- DAMAGE-ONLY ACCIDENT),RIGHT ANGLE,45.67843109,-111.0936673
C001530N,001+0.302,BOZEMAN,GALLATIN,September,2015,8:05,THU,INTERSECTION,ON ROADWAY,CLEAR,DRY,DAYLIGHT,POSSIBLE INJURY ACCIDENT,RIGHT ANGLE,45.67844795,-111.0936624
C001530N,001+0.302,BOZEMAN,GALLATIN,August,2016,20:22,THU,INTERSECTION,ON ROADWAY,CLEAR,DRY,DAYLIGHT,POSSIBLE INJURY ACCIDENT,RIGHT ANGLE,45.6784308,-111.0936586
C001530N,001+0.302,BOZEMAN,GALLATIN,OCTOBER,2017,17:24,MON,INTERSECTION,ON ROADWAY,CLOUDY,DRY,DAYLIGHT,NON-INJURY ACCIDENT (PROPERTY- DAMAGE-ONLY ACCIDENT),RIGHT ANGLE,45.67843763,-111.0936785
C001530N,001+0.307,BOZEMAN,GALLATIN,October,2016,9:35,WED,INTERSECTION,ON ROADWAY,CLOUDY,DRY,DAYLIGHT,NON-INJURY ACCIDENT (PROPERTY- DAMAGE-ONLY ACCIDENT),RIGHT ANGLE,45.67844754,-111.0937011
C001530N,001+0.340,BOZEMAN,GALLATIN,MAY,2017,1:00,WED,INTERSECTION-RELATED,ON ROADWAY,CLEAR,DRY,DARK-LIGHTED,NON-INJURY ACCIDENT (PROPERTY- DAMAGE-ONLY ACCIDENT),PARKED VEHICLE,45.67846277,-111.0944471
C001530N,001+0.813,BOZEMAN,GALLATIN,October,2013,8:29,THU,INTERSECTION,ON ROADWAY,CLOUDY,WET,DAYLIGHT,NON-INJURY ACCIDENT (PROPERTY- DAMAGE-ONLY ACCIDENT),RIGHT ANGLE,45.67849233,-111.10423
C001532N,000+0.070,BOZEMAN,GALLATIN,September,2013,14:25,WED,INTERSECTION,ON ROADWAY,CLOUDY,DRY,DAYLIGHT,NON-INJURY ACCIDENT (PROPERTY- DAMAGE-ONLY ACCIDENT),REAR-END,45.67726537,-111.0625448
C001532N,000+0.074,BOZEMAN,GALLATIN,July,2015,14:55,SAT,INTERSECTION,ON ROADWAY,CLEAR,DRY,DAYLIGHT,NON-INCAPACITATING EVIDENT INJURY ACCIDENT,BICYCLE,45.67729471,-111.0625279
C001532N,000+0.189,BOZEMAN,GALLATIN,February,2015,14:01,SUN,INTERSECTION-RELATED,ON ROADWAY,CLEAR,ICE/FROST,DAYLIGHT,POSSIBLE INJURY ACCIDENT,"LEFT TURN, OPPOSITE DIRECTION",45.67732358,-111.0601418
C001532N,000+0.255,BOZEMAN,GALLATIN,NOVEMBER,2017,10:50,WED,INTERSECTION,ON ROADWAY,CLOUDY,SNOW,DAYLIGHT,NON-INJURY ACCIDENT (PROPERTY- DAMAGE-ONLY ACCIDENT),"SIDESWIPE, OPPOSITE DIRECTION",45.67720992,-111.0588278
C001534N,000+0.380,BOZEMAN,GALLATIN,May,2013,9:01,FRI,INTERSECTION,ON ROADWAY,CLOUDY,DRY,DAYLIGHT,NON-INJURY ACCIDENT (PROPERTY- DAMAGE-ONLY ACCIDENT),RIGHT ANGLE,45.67629205,-111.0453394
C001534N,000+0.440,BOZEMAN,GALLATIN,December,2013,12:00,SAT,INTERSECTION,ON ROADWAY,CLEAR,SNOW,DAYLIGHT,POSSIBLE INJURY ACCIDENT,RIGHT ANGLE,45.67633983,-111.0439491
C001534N,000+0.447,BOZEMAN,GALLATIN,SEPTEMBER,2017,16:53,THU,INTERSECTION,ON ROADWAY,CLEAR,DRY,DAYLIGHT,NON-INJURY ACCIDENT (PROPERTY- DAMAGE-ONLY ACCIDENT),HEAD ON,45.67631141,-111.0439423
C001534N,000+0.450,BOZEMAN,GALLATIN,December,2013,20:45,SAT,INTERSECTION,ON ROADWAY,CLEAR,SNOW,DARK-LIGHTED,NON-INJURY ACCIDENT (PROPERTY- DAMAGE-ONLY ACCIDENT),RIGHT ANGLE,45.67631533,-111.0439386
C001534N,000+0.566,BOZEMAN,GALLATIN,November,2016,11:24,SAT,INTERSECTION,ON ROADWAY,CLOUDY,DRY,DAYLIGHT,NON-INCAPACITATING EVIDENT INJURY ACCIDENT,RIGHT ANGLE,45.67630046,-111.0415201
C001534N,000+0.683,BOZEMAN,GALLATIN,July,2016,0:00,THU,NON-JUNCTION,IN PARKING LANE OR ZONE,CLEAR,DRY,DARK-UNKNOWN LIGHTING,NON-INJURY ACCIDENT (PROPERTY- DAMAGE-ONLY ACCIDENT),"SIDESWIPE, OPPOSITE DIRECTION",45.6762776,-111.0390302
C001534N,000+0.700,BOZEMAN,GALLATIN,December,2014,15:41,TUE,INTERSECTION,ON ROADWAY,CLEAR,DRY,DAYLIGHT,NON-INJURY ACCIDENT (PROPERTY- DAMAGE-ONLY ACCIDENT),REAR-END,45.67629881,-111.0387812
C001534N,000+0.700,BOZEMAN,GALLATIN,JUNE,2017,11:24,THU,INTERSECTION,ON ROADWAY,CLEAR,DRY,DAYLIGHT,NON-INCAPACITATING EVIDENT INJURY ACCIDENT,OTHER,45.67629476,-111.0387701
C001534N,000+0.709,BOZEMAN,GALLATIN,November,2016,13:20,SUN,THROUGH ROADWAY,ROADSIDE LEFT,CLEAR,DRY,DAYLIGHT,UNKNOWN,HEAD ON,45.6763648,-111.0385524
C001534N,000+0.740,BOZEMAN,GALLATIN,July,2016,21:35,THU,DRIVEWAY/ALLEY ACCESS RELATED,ON ROADWAY,CLEAR,DRY,DUSK,NON-INJURY ACCIDENT (PROPERTY- DAMAGE-ONLY ACCIDENT),RIGHT ANGLE,45.67630128,-111.0378909
C001534N,000+0.849,BOZEMAN,GALLATIN,April,2013,12:51,THU,INTERSECTION,ON ROADWAY,CLOUDY,DRY,DAYLIGHT,NON-INJURY ACCIDENT (PROPERTY- DAMAGE-ONLY ACCIDENT),"SIDESWIPE, OPPOSITE DIRECTION",45.67630692,-111.0356413
C001535N,000+0.905,,GALLATIN,December,2015,21:00,THU,INTERSECTION-RELATED,OFF ROADWAY LOCATION UNKNOWN,CLOUDY,ICE/FROST,DARK-NOT LIGHTED,NON-INJURY ACCIDENT (PROPERTY- DAMAGE-ONLY ACCIDENT),FIXED OBJECT,45.6694383,-110.9805814
C001535N,000+0.908,NOT IN CITY LIMITS,GALLATIN,JANUARY,2017,12:40,THU,INTERSECTION,ON ROADWAY,CLEAR,SNOW,DAYLIGHT,INCAPACITATING INJURY ACCIDENT,RIGHT ANGLE,45.66951684,-110.9805951
C001535N,000+0.941,NOT IN CITY LIMITS,GALLATIN,AUGUST,2017,13:40,SUN,NON-JUNCTION,ROADSIDE RIGHT,CLOUDY,DRY,DAYLIGHT,NON-INJURY ACCIDENT (PROPERTY- DAMAGE-ONLY ACCIDENT),FIXED OBJECT,45.66995739,-110.9807112
C001536N,000+0.111,BOZEMAN,GALLATIN,July,2015,23:12,FRI,NON-JUNCTION,ROADSIDE LEFT,CLEAR,DRY,DARK-LIGHTED,NON-INJURY ACCIDENT (PROPERTY- DAMAGE-ONLY ACCIDENT),FIXED OBJECT,45.67532635,-111.0655387
C001536N,000+0.182,BOZEMAN,GALLATIN,March,2013,18:16,SAT,INTERSECTION-RELATED,ON ROADWAY,CLOUDY,DRY,DAYLIGHT,POSSIBLE INJURY ACCIDENT,ROLL OVER,45.67531839,-111.0640517
C001536N,000+0.247,BOZEMAN,GALLATIN,January,2015,15:57,THU,INTERSECTION,ON ROADWAY,CLOUDY,WET,DAYLIGHT,NON-INJURY ACCIDENT (PROPERTY- DAMAGE-ONLY ACCIDENT),RIGHT ANGLE,45.67534679,-111.0627484
C001536N,000+0.250,BOZEMAN,GALLATIN,August,2014,14:17,SAT,INTERSECTION-RELATED,ON ROADWAY,RAIN,WET,DAYLIGHT,POSSIBLE INJURY ACCIDENT,REAR-END,45.6753413,-111.0626094
C001536N,000+0.250,BOZEMAN,GALLATIN,May,2015,21:22,SAT,INTERSECTION,ON ROADWAY,CLEAR,DRY,DARK-LIGHTED,NON-INCAPACITATING EVIDENT INJURY ACCIDENT,"LEFT TURN, SAME DIRECTION",45.67534732,-111.062628
C001536N,000+0.250,BOZEMAN,GALLATIN,JANUARY,2017,0:38,WED,NON-JUNCTION,ON ROADWAY,CLEAR,SNOW,DARK-NOT LIGHTED,UNKNOWN,HEAD ON,45.67530199,-111.0532047
C001536N,000+0.250,BOZEMAN,GALLATIN,MARCH,2017,7:41,WED,INTERSECTION,ON ROADWAY,CLEAR,DRY,DAYLIGHT,NON-INJURY ACCIDENT (PROPERTY- DAMAGE-ONLY ACCIDENT),HEAD ON,45.67537053,-111.062619
C001536N,000+0.255,BOZEMAN,GALLATIN,August,2014,14:34,FRI,INTERSECTION,ON ROADWAY,CLOUDY,DRY,DAYLIGHT,NON-INJURY ACCIDENT (PROPERTY- DAMAGE-ONLY ACCIDENT),REAR-END,45.67538179,-111.0625249
C001536N,000+0.255,BOZEMAN,GALLATIN,October,2015,11:20,MON,INTERSECTION,ON ROADWAY,RAIN,WET,DAYLIGHT,POSSIBLE INJURY ACCIDENT,RIGHT ANGLE,45.67533152,-111.0625592
C001536N,000+0.255,BOZEMAN,GALLATIN,OCTOBER,2017,16:41,WED,INTERSECTION,ON ROADWAY,CLOUDY,DRY,DAYLIGHT,NON-INCAPACITATING EVIDENT INJURY ACCIDENT,RIGHT ANGLE,45.67533569,-111.0625594
C001536N,000+0.313,BOZEMAN,GALLATIN,September,2015,2:20,SUN,NON-JUNCTION,SHOULDER,CLEAR,DRY,DARK-NOT LIGHTED,NON-INJURY ACCIDENT (PROPERTY- DAMAGE-ONLY ACCIDENT),REAR-END,45.67534868,-111.0613151
C001536N,000+0.493,BOZEMAN,GALLATIN,February,2015,23:30,FRI,NON-JUNCTION,IN PARKING LANE OR ZONE,CLEAR,DRY,DARK-NOT LIGHTED,UNKNOWN,PARKED VEHICLE,45.67531837,-111.0576797
C001536N,000+0.508,BOZEMAN,GALLATIN,MARCH,2017,22:32,FRI,NON-JUNCTION,ROADSIDE RIGHT,CLEAR,DRY,DARK-NOT LIGHTED,NON-INCAPACITATING EVIDENT INJURY ACCIDENT,"SIDESWIPE, SAME DIRECTION",45.67534893,-111.0573384
C001536N,000+0.694,BOZEMAN,GALLATIN,November,2014,23:34,FRI,INTERSECTION,SHOULDER,CLEAR,DRY,DARK-LIGHTED,NON-INJURY ACCIDENT (PROPERTY- DAMAGE-ONLY ACCIDENT),"SIDESWIPE, SAME DIRECTION",45.67534921,-111.0534398
C001536N,000+0.699,BOZEMAN,GALLATIN,APRIL,2017,2:00,SUN,NON-JUNCTION,ROADSIDE RIGHT,CLEAR,DRY,DARK-NOT LIGHTED,POSSIBLE INJURY ACCIDENT,REAR-END,45.6753286,-111.0533768
C001536N,000+0.768,BOZEMAN,GALLATIN,NOVEMBER,2017,9:43,SUN,INTERSECTION,ON ROADWAY,CLOUDY,DRY,DAYLIGHT,NON-INJURY ACCIDENT (PROPERTY- DAMAGE-ONLY ACCIDENT),RIGHT ANGLE,45.67528976,-111.0519437
C001536N,000+0.771,BOZEMAN,GALLATIN,January,2014,23:41,SAT,INTERSECTION,ON ROADWAY,CLOUDY,ICE/FROST,DARK-LIGHTED,NON-INJURY ACCIDENT (PROPERTY- DAMAGE-ONLY ACCIDENT),RIGHT ANGLE,45.67532171,-111.051892
C001536N,000+0.771,BOZEMAN,GALLATIN,June,2015,17:00,FRI,UNKNOWN,ON ROADWAY,CLEAR,DRY,DAYLIGHT,POSSIBLE INJURY ACCIDENT,OTHER,45.67530631,-111.0518996
C001536N,000+0.771,BOZEMAN,GALLATIN,July,2015,10:17,THU,INTERSECTION,ON ROADWAY,CLEAR,DRY,DAYLIGHT,INCAPACITATING INJURY ACCIDENT,RIGHT ANGLE,45.67530978,-111.0518879
C001536N,000+0.771,BOZEMAN,GALLATIN,January,2015,15:30,THU,INTERSECTION,ON ROADWAY,CLEAR,WET,DAYLIGHT,NON-INCAPACITATING EVIDENT INJURY ACCIDENT,RIGHT ANGLE,45.67530544,-111.0518905
C001536N,000+0.829,BOZEMAN,GALLATIN,April,2014,19:36,FRI,INTERSECTION,ON ROADWAY,CLEAR,DRY,DAYLIGHT,NON-INJURY ACCIDENT (PROPERTY- DAMAGE-ONLY ACCIDENT),HEAD ON,45.6753135,-111.0507067
C001536N,001+0.030,BOZEMAN,GALLATIN,December,2014,2:30,SUN,INTERSECTION-RELATED,SHOULDER,CLOUDY,SNOW,DARK-LIGHTED,NON-INJURY ACCIDENT (PROPERTY- DAMAGE-ONLY ACCIDENT),FIXED OBJECT,45.67534647,-111.0465853
C001536N,001+0.088,BOZEMAN,GALLATIN,November,2013,8:40,FRI,INTERSECTION,ON ROADWAY,CLEAR,ICE/FROST,DAYLIGHT,NON-INJURY ACCIDENT (PROPERTY- DAMAGE-ONLY ACCIDENT),RIGHT ANGLE,45.67533132,-111.0453189
C001536N,001+0.088,BOZEMAN,GALLATIN,January,2013,12:26,MON,INTERSECTION,ON ROADWAY,CLEAR,ICE/FROST,DAYLIGHT,NON-INJURY ACCIDENT (PROPERTY- DAMAGE-ONLY ACCIDENT),RIGHT ANGLE,45.67531028,-111.0453464
C001536N,001+0.157,BOZEMAN,GALLATIN,January,2013,14:16,TUE,INTERSECTION,ON ROADWAY,CLOUDY,ICE/FROST,DAYLIGHT,NON-INJURY ACCIDENT (PROPERTY- DAMAGE-ONLY ACCIDENT),RIGHT ANGLE,45.67530866,-111.0439088
C001536N,001+0.233,BOZEMAN,GALLATIN,AUGUST,2017,17:40,SAT,INTERSECTION-RELATED,ON ROADWAY,CLEAR,DRY,DAYLIGHT,NON-INJURY ACCIDENT (PROPERTY- DAMAGE-ONLY ACCIDENT),RIGHT ANGLE,45.67530932,-111.0423377
C001536N,001+0.403,BOZEMAN,GALLATIN,October,2014,10:20,TUE,INTERSECTION,ON ROADWAY,CLEAR,DRY,DAYLIGHT,POSSIBLE INJURY ACCIDENT,RIGHT ANGLE,45.67529319,-111.0388085
C001536N,001+0.403,BOZEMAN,GALLATIN,November,2014,13:04,WED,INTERSECTION-RELATED,ON ROADWAY,CLEAR,SNOW,DAYLIGHT,NON-INJURY ACCIDENT (PROPERTY- DAMAGE-ONLY ACCIDENT),RIGHT ANGLE,45.67531081,-111.0388129
C001536N,001+0.403,BOZEMAN,GALLATIN,October,2015,17:13,TUE,NON-JUNCTION,ON ROADWAY,CLEAR,DRY,DAYLIGHT,NON-INJURY ACCIDENT (PROPERTY- DAMAGE-ONLY ACCIDENT),REAR-END,45.67529428,-111.0388129
C001536N,001+0.403,BOZEMAN,GALLATIN,June,2015,11:54,WED,INTERSECTION,ON ROADWAY,CLEAR,DRY,DAYLIGHT,NON-INJURY ACCIDENT (PROPERTY- DAMAGE-ONLY ACCIDENT),RIGHT ANGLE,45.67529455,-111.0387976
C001536N,001+0.403,BOZEMAN,GALLATIN,DECEMBER,2017,8:08,THU,INTERSECTION,ON ROADWAY,CLEAR,SNOW,DAYLIGHT,NON-INJURY ACCIDENT (PROPERTY- DAMAGE-ONLY ACCIDENT),RIGHT ANGLE,45.67529514,-111.0388108
C001536N,001+0.403,BOZEMAN,GALLATIN,MAY,2017,12:00,TUE,INTERSECTION,ON ROADWAY,CLOUDY,DRY,DAYLIGHT,NON-INJURY ACCIDENT (PROPERTY- DAMAGE-ONLY ACCIDENT),RIGHT ANGLE,45.67530224,-111.0388225
C001539N,000+0.251,BOZEMAN,GALLATIN,February,2015,10:35,SAT,INTERSECTION,ON ROADWAY,SNOW,ICE/FROST,DAYLIGHT,POSSIBLE INJURY ACCIDENT,RIGHT ANGLE,45.6743219,-111.0519313
C001539N,000+0.251,BOZEMAN,GALLATIN,October,2016,14:48,WED,INTERSECTION,ON ROADWAY,CLEAR,DRY,DAYLIGHT,NON-INJURY ACCIDENT (PROPERTY- DAMAGE-ONLY ACCIDENT),RIGHT ANGLE,45.67432876,-111.0519342
C001539N,000+0.253,BOZEMAN,GALLATIN,SEPTEMBER,2017,15:45,SAT,INTERSECTION,ON ROADWAY,CLEAR,DRY,DAYLIGHT,NON-INJURY ACCIDENT (PROPERTY- DAMAGE-ONLY ACCIDENT),RIGHT ANGLE,45.6743228,-111.0519262
C001539N,000+0.310,BOZEMAN,GALLATIN,November,2014,11:20,FRI,INTERSECTION-RELATED,ON ROADWAY,CLEAR,SNOW,DAYLIGHT,NON-INJURY ACCIDENT (PROPERTY- DAMAGE-ONLY ACCIDENT),OTHER,45.6743675,-111.0507669
C001539N,000+0.310,BOZEMAN,GALLATIN,October,2014,16:37,FRI,INTERSECTION,ON ROADWAY,CLOUDY,DRY,DAYLIGHT,POSSIBLE INJURY ACCIDENT,RIGHT ANGLE,45.67435875,-111.0507541
C001539N,000+0.569,BOZEMAN,GALLATIN,April,2015,11:01,WED,INTERSECTION,ON ROADWAY,SNOW,SNOW,DAYLIGHT,POSSIBLE INJURY ACCIDENT,RIGHT ANGLE,45.67431458,-111.0453532
C001539N,000+0.571,BOZEMAN,GALLATIN,July,2013,14:57,TUE,INTERSECTION,ON ROADWAY,CLEAR,DRY,DAYLIGHT,POSSIBLE INJURY ACCIDENT,RIGHT ANGLE,45.67432323,-111.0453495
C001539N,000+0.750,BOZEMAN,GALLATIN,September,2013,8:31,THU,INTERSECTION,ON ROADWAY,RAIN,WET,DAYLIGHT,POSSIBLE INJURY ACCIDENT,RIGHT ANGLE,45.67433795,-111.0416184
C001539N,000+0.819,BOZEMAN,GALLATIN,December,2014,9:12,SUN,INTERSECTION,ON ROADWAY,CLEAR,DRY,DAYLIGHT,POSSIBLE INJURY ACCIDENT,RIGHT ANGLE,45.67433301,-111.0401976
C001539N,000+0.822,BOZEMAN,GALLATIN,November,2013,8:25,TUE,INTERSECTION,ON ROADWAY,CLEAR,ICE/FROST,DAYLIGHT,POSSIBLE INJURY ACCIDENT,RIGHT ANGLE,45.67436643,-111.0402056
C001539N,000+0.822,BOZEMAN,GALLATIN,July,2013,15:02,WED,INTERSECTION,ON ROADWAY,CLEAR,DRY,DAYLIGHT,NON-INCAPACITATING EVIDENT INJURY ACCIDENT,ROLL OVER,45.67432742,-111.0401663
C001541N,000+0.249,BOZEMAN,GALLATIN,April,2015,12:58,FRI,CROSSOVER-RELATED,ON ROADWAY,CLEAR,DRY,DAYLIGHT,NON-INJURY ACCIDENT (PROPERTY- DAMAGE-ONLY ACCIDENT),RIGHT ANGLE,45.67333048,-111.0627214
C001541N,000+0.249,BOZEMAN,GALLATIN,May,2015,13:52,FRI,INTERSECTION,ON ROADWAY,CLEAR,DRY,DAYLIGHT,NON-INJURY ACCIDENT (PROPERTY- DAMAGE-ONLY ACCIDENT),"LEFT TURN, SAME DIRECTION",45.67332812,-111.0627121
C001541N,000+0.372,BOZEMAN,GALLATIN,February,2016,0:30,WED,NON-JUNCTION,IN PARKING LANE OR ZONE,OTHER,DRY,OTHER,NON-INJURY ACCIDENT (PROPERTY- DAMAGE-ONLY ACCIDENT),RIGHT ANGLE,45.67394237,-111.0589825
C001542N,000+0.212,BOZEMAN,GALLATIN,May,2015,6:28,TUE,INTERSECTION,ON ROADWAY,CLEAR,DRY,DAYLIGHT,NON-INJURY ACCIDENT (PROPERTY- DAMAGE-ONLY ACCIDENT),RIGHT ANGLE,45.67171645,-111.0171197
C001542N,000+0.425,BOZEMAN,GALLATIN,November,2016,14:22,MON,INTERSECTION,ON ROADWAY,CLOUDY,DRY,DAYLIGHT,NON-INJURY ACCIDENT (PROPERTY- DAMAGE-ONLY ACCIDENT),RIGHT ANGLE,45.6721438,-111.0127668
C001542N,000+0.605,BOZEMAN,GALLATIN,February,2016,8:04,TUE,INTERSECTION,ON ROADWAY,CLEAR,DRY,DAYLIGHT,NON-INJURY ACCIDENT (PROPERTY- DAMAGE-ONLY ACCIDENT),RIGHT ANGLE,45.67218949,-111.0091845
C001543N,000+0.060,BOZEMAN,GALLATIN,February,2013,17:09,WED,INTERSECTION,ON ROADWAY,SNOW,ICE/FROST,DAYLIGHT,NON-INJURY ACCIDENT (PROPERTY- DAMAGE-ONLY ACCIDENT),RIGHT ANGLE,45.67235694,-111.0559261
C001543N,000+0.188,BOZEMAN,GALLATIN,December,2013,8:05,WED,INTERSECTION,ON ROADWAY,CLEAR,ICE/FROST,DAYLIGHT,NON-INJURY ACCIDENT (PROPERTY- DAMAGE-ONLY ACCIDENT),RIGHT ANGLE,45.67236279,-111.0533109
C001543N,000+0.188,BOZEMAN,GALLATIN,March,2013,17:57,MON,INTERSECTION-RELATED,ON ROADWAY,CLEAR,DRY,DAYLIGHT,NON-INJURY ACCIDENT (PROPERTY- DAMAGE-ONLY ACCIDENT),FIXED OBJECT,45.67235637,-111.0533024
C001543N,000+0.311,BOZEMAN,GALLATIN,January,2013,9:25,SUN,INTERSECTION,ON ROADWAY,SNOW,ICE/FROST,DAYLIGHT,NON-INJURY ACCIDENT (PROPERTY- DAMAGE-ONLY ACCIDENT),RIGHT ANGLE,45.67235219,-111.0507539
C001543N,000+0.311,BOZEMAN,GALLATIN,September,2014,8:09,FRI,INTERSECTION,ON ROADWAY,CLEAR,DRY,DAYLIGHT,NON-INJURY ACCIDENT (PROPERTY- DAMAGE-ONLY ACCIDENT),RIGHT ANGLE,45.67235524,-111.0507326
C001543N,000+0.543,BOZEMAN,GALLATIN,DECEMBER,2017,10:03,MON,DRIVEWAY/ALLEY ACCESS RELATED,ON ROADWAY,CLOUDY,SNOW,DAYLIGHT,NON-INJURY ACCIDENT (PROPERTY- DAMAGE-ONLY ACCIDENT),RIGHT ANGLE,45.6723728,-111.0460064
C001543N,000+0.572,BOZEMAN,GALLATIN,February,2013,21:52,TUE,INTERSECTION-RELATED,ROADSIDE LEFT,CLEAR,SNOW,DARK-LIGHTED,NON-INJURY ACCIDENT (PROPERTY- DAMAGE-ONLY ACCIDENT),ROLL OVER,45.67235399,-111.0453592
C001545N,000+0.000,BOZEMAN,GALLATIN,October,2014,21:53,FRI,NON-JUNCTION,ROADSIDE LEFT,CLEAR,DRY,DARK-NOT LIGHTED,NON-INJURY ACCIDENT (PROPERTY- DAMAGE-ONLY ACCIDENT),FIXED OBJECT,45.65646,-111.00089