MDT_CORRIDOR_ID,SMS_REFPOST_OFFSET,CITY,COUNTY,Month,Year,SMS_TIME,SMT_CRASH_OCC_DAY_OF_WEEK,JUNCTION_RELATED,ROADWAY_RELATED,WEATHER_COND,ROAD_COND,LIGHT_COND,CRASH_SEVERITY,COLLISION_TYPE,LATITUDE,LONGITUDE
C001545N,000+0.113,NOT IN CITY LIMITS,GALLATIN,AUGUST,2017,5:00,THU,NON-JUNCTION,ROADSIDE RIGHT,UNKNOWN,UNKNOWN,UNKNOWN,NON-INJURY ACCIDENT (PROPERTY- DAMAGE-ONLY ACCIDENT),FIXED OBJECT,45.65813432,-111.0009516
C001545N,000+0.809,,GALLATIN,September,2014,1:00,TUE,NON-JUNCTION,ROADSIDE LEFT,CLEAR,DRY,DARK-NOT LIGHTED,NON-INJURY ACCIDENT (PROPERTY- DAMAGE-ONLY ACCIDENT),FIXED OBJECT,45.66811664,-111.0008876
C001545N,000+0.809,,GALLATIN,October,2015,2:00,SAT,INTERSECTION-RELATED,ROADSIDE RIGHT,CLEAR,DRY,DARK-NOT LIGHTED,NON-INJURY ACCIDENT (PROPERTY- DAMAGE-ONLY ACCIDENT),FIXED OBJECT,45.6682,-111.00096
C001547N,000+0.150,BOZEMAN,GALLATIN,November,2013,11:09,TUE,INTERSECTION,ON ROADWAY,CLOUDY,DRY,DAYLIGHT,NON-INJURY ACCIDENT (PROPERTY- DAMAGE-ONLY ACCIDENT),RIGHT ANGLE,45.67469735,-111.0937398
C001548N,000+0.000,BOZEMAN,GALLATIN,December,2014,21:27,THU,INTERSECTION-RELATED,ON ROADWAY,CLEAR,SNOW,DARK-LIGHTED,POSSIBLE INJURY ACCIDENT,REAR-END,45.67128229,-111.1042115
C001548N,000+0.000,BOZEMAN,GALLATIN,December,2014,8:23,TUE,INTERSECTION-RELATED,ON ROADWAY,CLEAR,ICE/FROST,DAYLIGHT,NON-INJURY ACCIDENT (PROPERTY- DAMAGE-ONLY ACCIDENT),REAR-END,45.67126382,-111.1043037
C001548N,000+0.000,BOZEMAN,GALLATIN,June,2016,17:31,THU,INTERSECTION,ON ROADWAY,CLOUDY,DRY,DAYLIGHT,NON-INJURY ACCIDENT (PROPERTY- DAMAGE-ONLY ACCIDENT),RIGHT ANGLE,45.67126397,-111.1042957
C001548N,000+0.000,BOZEMAN,GALLATIN,March,2016,8:38,TUE,INTERSECTION-RELATED,ON ROADWAY,CLEAR,DRY,DAYLIGHT,NON-INJURY ACCIDENT (PROPERTY- DAMAGE-ONLY ACCIDENT),REAR-END,45.67128768,-111.1042494
C001548N,000+0.000,BOZEMAN,GALLATIN,March,2016,11:09,MON,INTERSECTION,ON ROADWAY,CLOUDY,DRY,DAYLIGHT,NON-INJURY ACCIDENT (PROPERTY- DAMAGE-ONLY ACCIDENT),OTHER,45.67128936,-111.1042783
C001548N,000+0.000,BOZEMAN,GALLATIN,April,2016,8:43,FRI,INTERSECTION-RELATED,ON ROADWAY,CLEAR,DRY,DAYLIGHT,NON-INCAPACITATING EVIDENT INJURY ACCIDENT,REAR-END,45.67126148,-111.1042779
C001548N,000+0.000,BOZEMAN,GALLATIN,DECEMBER,2017,12:29,SUN,INTERSECTION,ON ROADWAY,BLOWING SNOW,SNOW,DAYLIGHT,NON-INJURY ACCIDENT (PROPERTY- DAMAGE-ONLY ACCIDENT),RIGHT ANGLE,45.67126872,-111.1042633
C001548N,000+0.000,BOZEMAN,GALLATIN,DECEMBER,2017,13:11,WED,INTERSECTION-RELATED,ON ROADWAY,SNOW,SNOW,DAYLIGHT,NON-INJURY ACCIDENT (PROPERTY- DAMAGE-ONLY ACCIDENT),OTHER,45.67123462,-111.1042488
C001548N,000+0.000,BOZEMAN,GALLATIN,MARCH,2017,15:49,WED,INTERSECTION,ON ROADWAY,CLOUDY,DRY,DAYLIGHT,NON-INCAPACITATING EVIDENT INJURY ACCIDENT,RIGHT ANGLE,45.67127643,-111.1042587
C001548N,000+0.000,BOZEMAN,GALLATIN,NOVEMBER,2017,21:04,WED,INTERSECTION,ON ROADWAY,SNOW,ICE/FROST,DARK-LIGHTED,NON-INCAPACITATING EVIDENT INJURY ACCIDENT,RIGHT ANGLE,45.67129094,-111.1042997
C001548N,000+0.013,BOZEMAN,GALLATIN,July,2015,16:42,MON,INTERSECTION,SHOULDER,CLEAR,DRY,DAYLIGHT,INCAPACITATING INJURY ACCIDENT,OTHER,45.67141904,-111.1042004
C001548N,000+0.070,BOZEMAN,GALLATIN,December,2013,17:45,WED,INTERSECTION,ON ROADWAY,CLOUDY,ICE/FROST,DARK-NOT LIGHTED,NON-INJURY ACCIDENT (PROPERTY- DAMAGE-ONLY ACCIDENT),RIGHT ANGLE,45.67230466,-111.1043164
C001548N,000+0.253,BOZEMAN,GALLATIN,August,2013,13:45,WED,INTERSECTION,ON ROADWAY,CLEAR,DRY,DAYLIGHT,NON-INCAPACITATING EVIDENT INJURY ACCIDENT,RIGHT ANGLE,45.67490771,-111.1042595
C001548N,000+0.500,BOZEMAN,GALLATIN,October,2014,15:39,FRI,INTERSECTION-RELATED,ON ROADWAY,CLEAR,DRY,DAYLIGHT,NON-INJURY ACCIDENT (PROPERTY- DAMAGE-ONLY ACCIDENT),"LEFT TURN, SAME DIRECTION",45.6785417,-111.104248
C001548N,000+0.765,BOZEMAN,GALLATIN,December,2016,18:13,THU,NON-JUNCTION,ON ROADWAY,SNOW,ICE/FROST,DARK-NOT LIGHTED,NON-INJURY ACCIDENT (PROPERTY- DAMAGE-ONLY ACCIDENT),REAR-END,45.68263214,-111.1040629
C001548N,000+0.888,BOZEMAN,GALLATIN,November,2016,17:01,TUE,INTERSECTION,ON ROADWAY,CLEAR,WET,DARK-NOT LIGHTED,NON-INJURY ACCIDENT (PROPERTY- DAMAGE-ONLY ACCIDENT),REAR-END,45.68407259,-111.1041045
C001548N,000+1.005,BOZEMAN,GALLATIN,September,2013,0:17,THU,INTERSECTION,ON ROADWAY,CLEAR,DRY,DARK-LIGHTED,NON-INJURY ACCIDENT (PROPERTY- DAMAGE-ONLY ACCIDENT),"LEFT TURN, OPPOSITE DIRECTION",45.68576362,-111.1039752
C001548N,000+1.005,BOZEMAN,GALLATIN,July,2014,7:49,MON,INTERSECTION,ON ROADWAY,CLEAR,DRY,DAYLIGHT,NON-INJURY ACCIDENT (PROPERTY- DAMAGE-ONLY ACCIDENT),RIGHT ANGLE,45.68580086,-111.1039751
C001548N,000+1.005,BOZEMAN,GALLATIN,August,2014,16:55,MON,INTERSECTION,ON ROADWAY,CLEAR,DRY,DAYLIGHT,NON-INJURY ACCIDENT (PROPERTY- DAMAGE-ONLY ACCIDENT),OTHER,45.68579633,-111.1039846
C001548N,000+1.005,BOZEMAN,GALLATIN,October,2015,19:21,SAT,INTERSECTION,ON ROADWAY,CLOUDY,DRY,DARK-LIGHTED,NON-INJURY ACCIDENT (PROPERTY- DAMAGE-ONLY ACCIDENT),RIGHT ANGLE,45.68579438,-111.1039767
C001548N,000+1.005,BOZEMAN,GALLATIN,SEPTEMBER,2017,16:44,FRI,INTERSECTION,ON ROADWAY,CLOUDY,DRY,DAYLIGHT,POSSIBLE INJURY ACCIDENT,BICYCLE,45.68576025,-111.1039632
C001555N,000+0.416,NOT IN CITY LIMITS,GALLATIN,SEPTEMBER,2017,9:45,FRI,INTERSECTION,ON ROADWAY,CLOUDY,DRY,DAYLIGHT,POSSIBLE INJURY ACCIDENT,HEAD ON,45.66889188,-110.9997742
C001556N,000+0.430,BOZEMAN,GALLATIN,AUGUST,2017,7:51,MON,INTERSECTION,ON ROADWAY,RAIN,WET,DAYLIGHT,NON-INJURY ACCIDENT (PROPERTY- DAMAGE-ONLY ACCIDENT),RIGHT ANGLE,45.67847084,-111.0885363
C001556N,000+0.440,BOZEMAN,GALLATIN,JULY,2017,23:25,SAT,INTERSECTION-RELATED,ROADSIDE LEFT,CLEAR,DRY,DARK-NOT LIGHTED,NON-INJURY ACCIDENT (PROPERTY- DAMAGE-ONLY ACCIDENT),NOT FIXED OBJECT OR DEBRIS,45.67855103,-111.0885664
C001556N,000+0.717,BOZEMAN,GALLATIN,December,2013,17:05,THU,NON-JUNCTION,ON ROADWAY,CLEAR,ICE/FROST,DUSK,NON-INCAPACITATING EVIDENT INJURY ACCIDENT,RIGHT ANGLE,45.68266768,-111.0884618
C001556N,000+0.933,BOZEMAN,GALLATIN,November,2013,14:23,FRI,INTERSECTION,ON ROADWAY,CLEAR,WET,DAYLIGHT,NON-INJURY ACCIDENT (PROPERTY- DAMAGE-ONLY ACCIDENT),RIGHT ANGLE,45.68575016,-111.0883689
C001556N,000+0.933,BOZEMAN,GALLATIN,May,2015,12:48,TUE,INTERSECTION-RELATED,ON ROADWAY,CLEAR,DRY,DAYLIGHT,NON-INJURY ACCIDENT (PROPERTY- DAMAGE-ONLY ACCIDENT),REAR-END,45.68573746,-111.0882889
C001557N,000+0.034,BOZEMAN,GALLATIN,August,2015,13:37,WED,INTERSECTION-RELATED,ON ROADWAY,CLEAR,DRY,DAYLIGHT,NON-INJURY ACCIDENT (PROPERTY- DAMAGE-ONLY ACCIDENT),"SIDESWIPE, SAME DIRECTION",45.67013543,-111.0473834
C001557N,000+0.045,BOZEMAN,GALLATIN,October,2016,2:25,TUE,NON-JUNCTION,ROADSIDE RIGHT,CLOUDY,WET,DARK-LIGHTED,NON-INJURY ACCIDENT (PROPERTY- DAMAGE-ONLY ACCIDENT),REAR-END,45.6701547,-111.0471072
C001559N,000+0.131,BOZEMAN,GALLATIN,September,2016,14:10,FRI,INTERSECTION,ON ROADWAY,CLEAR,DRY,DAYLIGHT,NON-INCAPACITATING EVIDENT INJURY ACCIDENT,BICYCLE,45.6691571,-111.0453946
C001559N,000+0.131,BOZEMAN,GALLATIN,MARCH,2017,2:00,FRI,INTERSECTION,ON ROADWAY,CLEAR,DRY,DARK-LIGHTED,NON-INJURY ACCIDENT (PROPERTY- DAMAGE-ONLY ACCIDENT),"LEFT TURN, SAME DIRECTION",45.66916631,-111.0453957
C001559N,000+0.444,BOZEMAN,GALLATIN,November,2014,10:37,FRI,INTERSECTION,ON ROADWAY,CLOUDY,DRY,DAYLIGHT,NON-INJURY ACCIDENT (PROPERTY- DAMAGE-ONLY ACCIDENT),RIGHT ANGLE,45.66919358,-111.0388875
C001559N,000+0.444,BOZEMAN,GALLATIN,DECEMBER,2017,11:14,THU,INTERSECTION,ON ROADWAY,CLOUDY,SLUSH,DAYLIGHT,NON-INJURY ACCIDENT (PROPERTY- DAMAGE-ONLY ACCIDENT),REAR-END,45.66918743,-111.0388861
C001561N,000+0.000,BOZEMAN,GALLATIN,June,2013,12:48,THU,INTERSECTION,ON ROADWAY,CLOUDY,WET,DAYLIGHT,NON-INJURY ACCIDENT (PROPERTY- DAMAGE-ONLY ACCIDENT),RIGHT ANGLE,45.6484594,-111.0244517
C001561N,000+0.094,NOT IN CITY LIMITS,GALLATIN,APRIL,2017,0:00,TUE,NON-JUNCTION,ROADSIDE RIGHT,CLOUDY,ICE/FROST,DARK-NOT LIGHTED,NON-INJURY ACCIDENT (PROPERTY- DAMAGE-ONLY ACCIDENT),FIXED OBJECT,45.64808831,-111.022695
C001561N,000+0.268,,GALLATIN,June,2014,18:10,TUE,NON-JUNCTION,ROADSIDE RIGHT,CLOUDY,DRY,DAYLIGHT,NON-INJURY ACCIDENT (PROPERTY- DAMAGE-ONLY ACCIDENT),NOT FIXED OBJECT OR DEBRIS,45.64712064,-111.0207771
C001562N,000+0.316,BOZEMAN,GALLATIN,November,2014,11:13,TUE,INTERSECTION,ON ROADWAY,CLEAR,ICE/FROST,DAYLIGHT,NON-INJURY ACCIDENT (PROPERTY- DAMAGE-ONLY ACCIDENT),RIGHT ANGLE,45.66818856,-111.0388982
C001562N,000+0.316,BOZEMAN,GALLATIN,OCTOBER,2017,16:45,TUE,INTERSECTION,ON ROADWAY,CLOUDY,DRY,DAYLIGHT,NON-INJURY ACCIDENT (PROPERTY- DAMAGE-ONLY ACCIDENT),RIGHT ANGLE,45.66818832,-111.0388951
C001563N,000+0.162,BOZEMAN,GALLATIN,November,2014,7:50,MON,INTERSECTION-RELATED,ON ROADWAY,CLEAR,SNOW,DAYLIGHT,NON-INCAPACITATING EVIDENT INJURY ACCIDENT,"LEFT TURN, OPPOSITE DIRECTION",45.66751017,-111.0628589
C001563N,000+0.171,BOZEMAN,GALLATIN,March,2015,14:16,FRI,INTERSECTION-RELATED,ON ROADWAY,CLEAR,DRY,DAYLIGHT,NON-INJURY ACCIDENT (PROPERTY- DAMAGE-ONLY ACCIDENT),REAR-END,45.66751499,-111.0627453
C001563N,000+0.171,BOZEMAN,GALLATIN,March,2015,15:55,MON,INTERSECTION,ON ROADWAY,CLEAR,DRY,DAYLIGHT,NON-INJURY ACCIDENT (PROPERTY- DAMAGE-ONLY ACCIDENT),REAR-END,45.66751499,-111.0627453
C001564N,000+0.068,BOZEMAN,GALLATIN,September,2013,8:54,FRI,INTERSECTION,ON ROADWAY,CLEAR,DRY,DAYLIGHT,NON-INJURY ACCIDENT (PROPERTY- DAMAGE-ONLY ACCIDENT),RIGHT ANGLE,45.66621857,-111.0440047
C001564N,000+0.068,BOZEMAN,GALLATIN,January,2013,7:58,MON,INTERSECTION,ON ROADWAY,CLEAR,ICE/FROST,DAYLIGHT,NON-INJURY ACCIDENT (PROPERTY- DAMAGE-ONLY ACCIDENT),RIGHT ANGLE,45.66621571,-111.0439976
C001564N,000+0.068,BOZEMAN,GALLATIN,October,2016,15:38,WED,INTERSECTION,ON ROADWAY,CLEAR,DRY,DAYLIGHT,NON-INJURY ACCIDENT (PROPERTY- DAMAGE-ONLY ACCIDENT),RIGHT ANGLE,45.66620755,-111.0439938
C001564N,000+0.145,BOZEMAN,GALLATIN,January,2015,14:41,TUE,INTERSECTION,ON ROADWAY,CLOUDY,ICE/FROST,DAYLIGHT,NON-INJURY ACCIDENT (PROPERTY- DAMAGE-ONLY ACCIDENT),RIGHT ANGLE,45.66622135,-111.0424309
C001565N,000+0.000,BOZEMAN,GALLATIN,January,2014,21:00,SAT,INTERSECTION,ON ROADWAY,UNKNOWN,UNKNOWN,DARK-LIGHTED,NON-INJURY ACCIDENT (PROPERTY- DAMAGE-ONLY ACCIDENT),RIGHT ANGLE,45.66515127,-111.0520894
C001565N,000+0.000,BOZEMAN,GALLATIN,May,2015,12:25,TUE,INTERSECTION-RELATED,ON ROADWAY,CLEAR,DRY,DAYLIGHT,NON-INJURY ACCIDENT (PROPERTY- DAMAGE-ONLY ACCIDENT),REAR-END,45.66515127,-111.0520894
C001565N,000+0.000,BOZEMAN,GALLATIN,DECEMBER,2017,9:30,SAT,INTERSECTION,ON ROADWAY,SNOW,SNOW,DAYLIGHT,NON-INJURY ACCIDENT (PROPERTY- DAMAGE-ONLY ACCIDENT),"RIGHT TURN, OPPOSITE DIRECTION",45.66517175,-111.0520699
C001565N,000+0.131,BOZEMAN,GALLATIN,April,2015,17:54,TUE,NON-JUNCTION,,BLOWING SNOW,WET,DAYLIGHT,NON-INJURY ACCIDENT (PROPERTY- DAMAGE-ONLY ACCIDENT),"LEFT TURN, OPPOSITE DIRECTION",45.66516258,-111.0493725
C001565N,000+0.131,BOZEMAN,GALLATIN,February,2015,19:33,THU,NON-JUNCTION,ON ROADWAY,CLEAR,DRY,DARK-LIGHTED,UNKNOWN,PEDESTRIAN,45.66516258,-111.0493725
C001565N,000+0.131,BOZEMAN,GALLATIN,March,2016,15:51,TUE,NON-JUNCTION,ON ROADWAY,SNOW,WET,DAYLIGHT,POSSIBLE INJURY ACCIDENT,REAR-END,45.66516258,-111.0493725
C001565N,000+0.176,BOZEMAN,GALLATIN,August,2015,10:00,MON,NON-JUNCTION,ON ROADWAY,CLEAR,DRY,DAYLIGHT,NON-INJURY ACCIDENT (PROPERTY- DAMAGE-ONLY ACCIDENT),REAR-END,45.66519685,-111.0483811
C001565N,000+0.250,BOZEMAN,GALLATIN,December,2014,18:49,TUE,NON-JUNCTION,ON ROADWAY,CLOUDY,ICE/FROST,DARK-LIGHTED,NON-INJURY ACCIDENT (PROPERTY- DAMAGE-ONLY ACCIDENT),REAR-END,45.66516258,-111.0493725
C001565N,000+0.263,BOZEMAN,GALLATIN,January,2014,15:10,THU,INTERSECTION,ON ROADWAY,CLEAR,WET,DAYLIGHT,NON-INJURY ACCIDENT (PROPERTY- DAMAGE-ONLY ACCIDENT),REAR-END,45.665172,-111.046662
C001565N,000+0.263,BOZEMAN,GALLATIN,October,2015,17:09,MON,INTERSECTION,ON ROADWAY,CLEAR,DRY,DAYLIGHT,NON-INJURY ACCIDENT (PROPERTY- DAMAGE-ONLY ACCIDENT),REAR-END,45.665172,-111.046662
C001565N,000+0.263,BOZEMAN,GALLATIN,NOVEMBER,2017,0:15,THU,INTERSECTION-RELATED,ON ROADWAY,CLEAR,ICE/FROST,DARK-LIGHTED,POSSIBLE INJURY ACCIDENT,BICYCLE,45.66518911,-111.0467006
C001565N,000+0.573,BOZEMAN,GALLATIN,May,2015,11:20,FRI,INTERSECTION,ON ROADWAY,CLOUDY,DRY,DAYLIGHT,NON-INJURY ACCIDENT (PROPERTY- DAMAGE-ONLY ACCIDENT),RIGHT ANGLE,45.66524134,-111.0402928
C001565N,000+0.630,BOZEMAN,GALLATIN,November,2013,10:02,WED,INTERSECTION,ON ROADWAY,SNOW,SNOW,DAYLIGHT,NON-INJURY ACCIDENT (PROPERTY- DAMAGE-ONLY ACCIDENT),RIGHT ANGLE,45.66523838,-111.0388862
C001565N,000+0.630,BOZEMAN,GALLATIN,November,2013,20:33,WED,INTERSECTION,ON ROADWAY,SNOW,ICE/FROST,DARK-LIGHTED,NON-INJURY ACCIDENT (PROPERTY- DAMAGE-ONLY ACCIDENT),HEAD ON,45.66523082,-111.0388943
C001565N,000+0.639,BOZEMAN,GALLATIN,March,2014,18:11,SUN,INTERSECTION,ON ROADWAY,CLEAR,ICE/FROST,DAYLIGHT,NON-INJURY ACCIDENT (PROPERTY- DAMAGE-ONLY ACCIDENT),RIGHT ANGLE,45.66523556,-111.0389068
C001565N,000+0.639,BOZEMAN,GALLATIN,November,2015,8:00,MON,INTERSECTION,ON ROADWAY,CLEAR,ICE/FROST,DAYLIGHT,NON-INJURY ACCIDENT (PROPERTY- DAMAGE-ONLY ACCIDENT),RIGHT ANGLE,45.66523498,-111.0388932
C001568N,000+0.000,BOZEMAN,GALLATIN,June,2015,17:30,SUN,UNKNOWN,ON ROADWAY,CLEAR,DRY,DAYLIGHT,NON-INCAPACITATING EVIDENT INJURY ACCIDENT,HEAD ON,45.66318379,-111.0390695
C001568N,000+0.000,BOZEMAN,GALLATIN,DECEMBER,2017,12:11,TUE,INTERSECTION,ON ROADWAY,CLEAR,DRY,DAYLIGHT,NON-INJURY ACCIDENT (PROPERTY- DAMAGE-ONLY ACCIDENT),REAR-END,45.66317961,-111.0390796
C001570N,000+0.000,BOZEMAN,GALLATIN,June,2014,16:52,TUE,INTERSECTION,ON ROADWAY,CLOUDY,DRY,DAYLIGHT,NON-INJURY ACCIDENT (PROPERTY- DAMAGE-ONLY ACCIDENT),BICYCLE,45.66392194,-111.062895
C001570N,000+0.000,BOZEMAN,GALLATIN,January,2015,7:51,TUE,INTERSECTION,ON ROADWAY,CLEAR,DRY,DAYLIGHT,NON-INJURY ACCIDENT (PROPERTY- DAMAGE-ONLY ACCIDENT),REAR-END,45.66396212,-111.0628786
C001570N,000+0.000,BOZEMAN,GALLATIN,September,2015,12:10,MON,INTERSECTION,ON ROADWAY,CLEAR,DRY,DAYLIGHT,NON-INJURY ACCIDENT (PROPERTY- DAMAGE-ONLY ACCIDENT),REAR-END,45.66394985,-111.0628197
C001570N,000+0.000,BOZEMAN,GALLATIN,FEBRUARY,2017,18:55,TUE,INTERSECTION,ON ROADWAY,UNKNOWN,SNOW,DARK-LIGHTED,NON-INCAPACITATING EVIDENT INJURY ACCIDENT,PEDESTRIAN,45.66395605,-111.0608575
C001570N,000+0.000,BOZEMAN,GALLATIN,SEPTEMBER,2017,18:14,TUE,INTERSECTION,ON ROADWAY,CLEAR,DRY,DAYLIGHT,NON-INJURY ACCIDENT (PROPERTY- DAMAGE-ONLY ACCIDENT),BICYCLE,45.66394426,-111.0629022
C001570N,000+0.015,BOZEMAN,GALLATIN,June,2014,19:07,MON,INTERSECTION-RELATED,ON ROADWAY,CLEAR,DRY,DAYLIGHT,NON-INJURY ACCIDENT (PROPERTY- DAMAGE-ONLY ACCIDENT),FIXED OBJECT,45.66399745,-111.0624883
C001570N,000+0.070,BOZEMAN,GALLATIN,SEPTEMBER,2017,16:10,FRI,INTERSECTION-RELATED,ON ROADWAY,CLEAR,DRY,DAYLIGHT,NON-INJURY ACCIDENT (PROPERTY- DAMAGE-ONLY ACCIDENT),REAR-END,45.66396499,-111.0613063
C001570N,000+0.108,BOZEMAN,GALLATIN,OCTOBER,2017,15:22,MON,NON-JUNCTION,ON ROADWAY,CLOUDY,DRY,DAYLIGHT,NON-INJURY ACCIDENT (PROPERTY- DAMAGE-ONLY ACCIDENT),REAR-END,45.6639554,-111.0605194
C001570N,000+0.229,BOZEMAN,GALLATIN,February,2014,21:30,THU,NON-JUNCTION,ON ROADWAY,BLOWING SNOW,SNOW,DARK-NOT LIGHTED,POSSIBLE INJURY ACCIDENT,REAR-END,45.66396915,-111.0581191
C001570N,000+0.355,BOZEMAN,GALLATIN,November,2014,12:56,MON,NON-JUNCTION,SHOULDER,CLEAR,ICE/FROST,DAYLIGHT,NON-INJURY ACCIDENT (PROPERTY- DAMAGE-ONLY ACCIDENT),REAR-END,45.663976,-111.054776
C001570N,000+0.379,BOZEMAN,GALLATIN,November,2014,16:21,WED,NON-JUNCTION,ON ROADWAY,CLEAR,DRY,DAYLIGHT,NON-INJURY ACCIDENT (PROPERTY- DAMAGE-ONLY ACCIDENT),"LEFT TURN, SAME DIRECTION",45.663976,-111.054776
C001570N,000+0.379,BOZEMAN,GALLATIN,April,2015,14:57,THU,INTERSECTION-RELATED,ON ROADWAY,CLOUDY,DRY,DAYLIGHT,NON-INJURY ACCIDENT (PROPERTY- DAMAGE-ONLY ACCIDENT),REAR-END,45.66397886,-111.0538151
C001570N,000+0.387,BOZEMAN,GALLATIN,March,2015,14:44,SAT,INTERSECTION-RELATED,ON ROADWAY,CLEAR,DRY,DAYLIGHT,NON-INJURY ACCIDENT (PROPERTY- DAMAGE-ONLY ACCIDENT),"LEFT TURN, OPPOSITE DIRECTION",45.66397623,-111.0547739
C001570N,000+0.387,BOZEMAN,GALLATIN,March,2016,15:08,TUE,NON-JUNCTION,ON ROADWAY,CLOUDY,DRY,DAYLIGHT,NON-INJURY ACCIDENT (PROPERTY- DAMAGE-ONLY ACCIDENT),OTHER,45.663976,-111.054776
C001570N,000+0.402,BOZEMAN,GALLATIN,November,2015,13:46,FRI,INTERSECTION-RELATED,ON ROADWAY,CLOUDY,ICE/FROST,DAYLIGHT,NON-INJURY ACCIDENT (PROPERTY- DAMAGE-ONLY ACCIDENT),RIGHT ANGLE,45.66398762,-111.0544912
C001570N,000+0.436,BOZEMAN,GALLATIN,February,2013,11:55,WED,INTERSECTION,ON ROADWAY,CLOUDY,DRY,DAYLIGHT,NON-INJURY ACCIDENT (PROPERTY- DAMAGE-ONLY ACCIDENT),RIGHT ANGLE,45.66397886,-111.0538151
C001570N,000+0.519,BOZEMAN,GALLATIN,October,2015,17:48,MON,INTERSECTION,ON ROADWAY,RAIN,WET,DAYLIGHT,NON-INJURY ACCIDENT (PROPERTY- DAMAGE-ONLY ACCIDENT),RIGHT ANGLE,45.66397626,-111.0520925
C001570N,000+0.519,BOZEMAN,GALLATIN,August,2015,23:13,SAT,INTERSECTION-RELATED,ROADSIDE RIGHT,CLEAR,DRY,DARK-LIGHTED,NON-INJURY ACCIDENT (PROPERTY- DAMAGE-ONLY ACCIDENT),FIXED OBJECT,45.66397626,-111.0520925
C001570N,000+0.519,BOZEMAN,GALLATIN,December,2015,8:55,WED,INTERSECTION,ON ROADWAY,CLEAR,SNOW,DAYLIGHT,NON-INJURY ACCIDENT (PROPERTY- DAMAGE-ONLY ACCIDENT),RIGHT ANGLE,45.663995,-111.0520835
C001572N,000+0.000,BOZEMAN,GALLATIN,August,2013,12:46,THU,INTERSECTION,ON ROADWAY,CLEAR,DRY,DAYLIGHT,NON-INCAPACITATING EVIDENT INJURY ACCIDENT,ROLL OVER,45.6960938,-111.0314332
C001574N,000+0.047,BOZEMAN,GALLATIN,JULY,2017,11:34,THU,DRIVEWAY/ALLEY ACCESS RELATED,ON ROADWAY,CLOUDY,DRY,DAYLIGHT,NON-INJURY ACCIDENT (PROPERTY- DAMAGE-ONLY ACCIDENT),HEAD ON,45.69482906,-111.0304765
C001575N,000+0.084,BOZEMAN,GALLATIN,JUNE,2017,12:14,FRI,NON-JUNCTION,ROADSIDE RIGHT,CLEAR,DRY,DAYLIGHT,NON-INJURY ACCIDENT (PROPERTY- DAMAGE-ONLY ACCIDENT),REAR-END,45.65741621,-111.0200008
C001581N,000+0.100,BOZEMAN,GALLATIN,February,2015,0:08,SAT,NON-JUNCTION,IN PARKING LANE OR ZONE,CLEAR,DRY,DARK-NOT LIGHTED,NON-INJURY ACCIDENT (PROPERTY- DAMAGE-ONLY ACCIDENT),RIGHT ANGLE,45.6687379,-111.0372252
C001581N,000+0.199,BOZEMAN,GALLATIN,November,2014,0:09,THU,NON-JUNCTION,SHOULDER,CLEAR,SNOW,DARK-LIGHTED,UNKNOWN,"SIDESWIPE, OPPOSITE DIRECTION",45.67004738,-111.0372884
C001581N,000+0.248,BOZEMAN,GALLATIN,May,2016,2:10,THU,NON-JUNCTION,SHOULDER,CLEAR,DRY,DARK-UNKNOWN LIGHTING,POSSIBLE INJURY ACCIDENT,HEAD ON,45.6707782,-111.037265
C001581N,000+0.283,BOZEMAN,GALLATIN,March,2015,14:02,SUN,UNKNOWN,SHOULDER,CLEAR,DRY,DAYLIGHT,NON-INJURY ACCIDENT (PROPERTY- DAMAGE-ONLY ACCIDENT),FIXED OBJECT,45.67127455,-111.0373593
C001581N,000+0.325,BOZEMAN,GALLATIN,June,2016,21:40,SUN,NON-JUNCTION,ROADSIDE RIGHT,CLEAR,DRY,DAYLIGHT,NON-INJURY ACCIDENT (PROPERTY- DAMAGE-ONLY ACCIDENT),FIXED OBJECT,45.67185919,-111.0370613
C001581N,000+0.700,BOZEMAN,GALLATIN,January,2013,8:51,FRI,INTERSECTION,ON ROADWAY,CLEAR,WET,DAYLIGHT,NON-INJURY ACCIDENT (PROPERTY- DAMAGE-ONLY ACCIDENT),REAR-END,45.67728501,-111.0371845
C001581N,000+0.700,BOZEMAN,GALLATIN,March,2015,17:20,MON,INTERSECTION,ON ROADWAY,CLEAR,DRY,DAYLIGHT,POSSIBLE INJURY ACCIDENT,RIGHT ANGLE,45.67729032,-111.0371566
C001581N,000+0.700,BOZEMAN,GALLATIN,March,2015,12:45,SAT,INTERSECTION,ON ROADWAY,CLOUDY,DRY,DAYLIGHT,NON-INJURY ACCIDENT (PROPERTY- DAMAGE-ONLY ACCIDENT),RIGHT ANGLE,45.67729245,-111.03715
C001581N,000+0.700,BOZEMAN,GALLATIN,August,2016,9:41,MON,INTERSECTION,ON ROADWAY,CLEAR,DRY,DAYLIGHT,NON-INJURY ACCIDENT (PROPERTY- DAMAGE-ONLY ACCIDENT),RIGHT ANGLE,45.67729348,-111.0371441
C001581N,000+0.700,BOZEMAN,GALLATIN,January,2016,0:00,THU,INTERSECTION,ON ROADWAY,SNOW,SNOW,DAYLIGHT,NON-INJURY ACCIDENT (PROPERTY- DAMAGE-ONLY ACCIDENT),OTHER,45.6772963,-111.0371644
C001581N,000+0.700,BOZEMAN,GALLATIN,May,2016,22:42,WED,INTERSECTION,ON ROADWAY,CLEAR,DRY,DARK-LIGHTED,POSSIBLE INJURY ACCIDENT,RIGHT ANGLE,45.67730318,-111.0371694