MDT_CORRIDOR_ID,SMS_REFPOST_OFFSET,CITY,COUNTY,Month,Year,SMS_TIME,SMT_CRASH_OCC_DAY_OF_WEEK,JUNCTION_RELATED,ROADWAY_RELATED,WEATHER_COND,ROAD_COND,LIGHT_COND,CRASH_SEVERITY,COLLISION_TYPE,LATITUDE,LONGITUDE
C001581N,000+0.700,BOZEMAN,GALLATIN,May,2016,10:53,FRI,INTERSECTION,ON ROADWAY,CLEAR,DRY,DAYLIGHT,POSSIBLE INJURY ACCIDENT,RIGHT ANGLE,45.67730203,-111.0371538
C001581N,000+0.702,BOZEMAN,GALLATIN,January,2014,7:54,MON,INTERSECTION,ON ROADWAY,CLEAR,WET,DAYLIGHT,NON-INJURY ACCIDENT (PROPERTY- DAMAGE-ONLY ACCIDENT),RIGHT ANGLE,45.67731367,-111.0371784
C001581N,000+0.704,BOZEMAN,GALLATIN,AUGUST,2017,16:02,TUE,INTERSECTION-RELATED,ON ROADWAY,CLOUDY,DRY,DAYLIGHT,NON-INJURY ACCIDENT (PROPERTY- DAMAGE-ONLY ACCIDENT),RIGHT ANGLE,45.67736341,-111.0371707
C001581N,000+0.768,BOZEMAN,GALLATIN,January,2014,11:57,SUN,INTERSECTION,ON ROADWAY,CLEAR,SNOW,DAYLIGHT,NON-INJURY ACCIDENT (PROPERTY- DAMAGE-ONLY ACCIDENT),RIGHT ANGLE,45.67826803,-111.0371747
C001581N,000+0.768,BOZEMAN,GALLATIN,March,2015,14:20,SAT,INTERSECTION-RELATED,ON ROADWAY,CLEAR,DRY,DAYLIGHT,NON-INJURY ACCIDENT (PROPERTY- DAMAGE-ONLY ACCIDENT),FELL/ JUMPED FROM MOTOR VEHICLE,45.67826155,-111.0371795
C001581N,000+0.768,BOZEMAN,GALLATIN,AUGUST,2017,11:39,WED,INTERSECTION,ON ROADWAY,CLOUDY,DRY,DAYLIGHT,INCAPACITATING INJURY ACCIDENT,PEDESTRIAN,45.67826462,-111.0371903
C001581N,000+0.839,BOZEMAN,GALLATIN,July,2015,9:14,THU,INTERSECTION-RELATED,ON ROADWAY,CLEAR,DRY,DAYLIGHT,NON-INJURY ACCIDENT (PROPERTY- DAMAGE-ONLY ACCIDENT),REAR-END,45.67929402,-111.0372607
C001581N,000+0.845,BOZEMAN,GALLATIN,February,2015,21:16,FRI,INTERSECTION,ON ROADWAY,SNOW,WET,DARK-LIGHTED,POSSIBLE INJURY ACCIDENT,PEDESTRIAN,45.67932937,-111.0372763
C001581N,000+0.914,BOZEMAN,GALLATIN,June,2014,17:50,WED,INTERSECTION,ON ROADWAY,CLEAR,DRY,DAYLIGHT,NON-INJURY ACCIDENT (PROPERTY- DAMAGE-ONLY ACCIDENT),RIGHT ANGLE,45.68035361,-111.0372332
C001581N,000+0.914,BOZEMAN,GALLATIN,February,2015,17:12,SAT,INTERSECTION,ON ROADWAY,CLEAR,DRY,DAYLIGHT,NON-INJURY ACCIDENT (PROPERTY- DAMAGE-ONLY ACCIDENT),RIGHT ANGLE,45.68035331,-111.0372057
C001581N,000+0.914,BOZEMAN,GALLATIN,April,2016,16:57,MON,INTERSECTION,ON ROADWAY,CLEAR,DRY,DAYLIGHT,NON-INJURY ACCIDENT (PROPERTY- DAMAGE-ONLY ACCIDENT),RIGHT ANGLE,45.68036257,-111.0372143
C001581N,000+0.940,BOZEMAN,GALLATIN,February,2014,17:00,WED,NON-JUNCTION,SHOULDER,CLEAR,WET,DUSK,NON-INJURY ACCIDENT (PROPERTY- DAMAGE-ONLY ACCIDENT),"SIDESWIPE, SAME DIRECTION",45.68076596,-111.0372444
C001581N,000+0.959,BOZEMAN,GALLATIN,JUNE,2017,17:51,WED,INTERSECTION-RELATED,ROADSIDE LEFT,CLEAR,DRY,DAYLIGHT,POSSIBLE INJURY ACCIDENT,RIGHT ANGLE,45.68098056,-111.0371766
C001581N,001+0.271,BOZEMAN,GALLATIN,November,2015,8:37,MON,INTERSECTION-RELATED,ON ROADWAY,CLEAR,DRY,DAYLIGHT,POSSIBLE INJURY ACCIDENT,REAR-END,45.68552967,-111.0372426
C001581N,001+0.275,BOZEMAN,GALLATIN,August,2015,1:26,FRI,INTERSECTION,ON ROADWAY,CLEAR,DRY,DARK-NOT LIGHTED,NON-INJURY ACCIDENT (PROPERTY- DAMAGE-ONLY ACCIDENT),RIGHT ANGLE,45.68556659,-111.0372697
C001583N,000+0.476,BOZEMAN,GALLATIN,September,2014,22:01,WED,CROSSOVER-RELATED,SHOULDER,CLEAR,DRY,DARK-NOT LIGHTED,NON-INJURY ACCIDENT (PROPERTY- DAMAGE-ONLY ACCIDENT),PARKED VEHICLE,45.65573662,-111.044585
C001583N,000+0.611,BOZEMAN,GALLATIN,December,2014,14:52,SUN,INTERSECTION-RELATED,ON ROADWAY,CLEAR,DRY,DAYLIGHT,POSSIBLE INJURY ACCIDENT,REAR-END,45.65576088,-111.0417705
C001583N,000+0.611,BOZEMAN,GALLATIN,November,2014,16:07,MON,INTERSECTION,ON ROADWAY,CLOUDY,SNOW,DAYLIGHT,NON-INJURY ACCIDENT (PROPERTY- DAMAGE-ONLY ACCIDENT),RIGHT ANGLE,45.65574999,-111.0417633
C001583N,000+0.616,BOZEMAN,GALLATIN,July,2015,7:32,WED,INTERSECTION,ON ROADWAY,CLEAR,DRY,DAYLIGHT,POSSIBLE INJURY ACCIDENT,BICYCLE,45.65575703,-111.0417534
C001584N,000+0.142,BOZEMAN,GALLATIN,May,2013,19:19,MON,INTERSECTION,ON ROADWAY,CLEAR,DRY,DAYLIGHT,POSSIBLE INJURY ACCIDENT,RIGHT ANGLE,45.68369313,-111.071298
C001584N,000+0.142,BOZEMAN,GALLATIN,January,2014,8:20,THU,INTERSECTION,ON ROADWAY,SNOW,ICE/FROST,DAYLIGHT,NON-INJURY ACCIDENT (PROPERTY- DAMAGE-ONLY ACCIDENT),RIGHT ANGLE,45.68368006,-111.0712624
C001584N,000+0.255,BOZEMAN,GALLATIN,December,2016,18:25,WED,DRIVEWAY/ALLEY ACCESS RELATED,ROADSIDE RIGHT,CLOUDY,ICE/FROST,DARK-NOT LIGHTED,NON-INJURY ACCIDENT (PROPERTY- DAMAGE-ONLY ACCIDENT),RIGHT ANGLE,45.68209807,-111.0716005
C001584N,000+0.327,BOZEMAN,GALLATIN,October,2014,13:30,WED,DRIVEWAY/ALLEY ACCESS RELATED,ON ROADWAY,CLEAR,DRY,DAYLIGHT,NON-INJURY ACCIDENT (PROPERTY- DAMAGE-ONLY ACCIDENT),RIGHT ANGLE,45.68110888,-111.0720472
C001585N,000+0.087,BOZEMAN,GALLATIN,DECEMBER,2017,16:10,THU,NON-JUNCTION,ON ROADWAY,CLOUDY,SNOW,DAYLIGHT,NON-INJURY ACCIDENT (PROPERTY- DAMAGE-ONLY ACCIDENT),RIGHT ANGLE,45.67971874,-111.0708725
C001585N,000+0.093,BOZEMAN,GALLATIN,April,2015,16:05,TUE,INTERSECTION,SHOULDER,CLOUDY,DRY,DAYLIGHT,NON-INJURY ACCIDENT (PROPERTY- DAMAGE-ONLY ACCIDENT),FIXED OBJECT,45.6798,-111.0709
C001585N,000+0.155,BOZEMAN,GALLATIN,June,2013,18:00,MON,INTERSECTION,ON ROADWAY,CLOUDY,DRY,DAYLIGHT,UNKNOWN,RIGHT ANGLE,45.68066033,-111.0707057
C001585N,000+0.155,BOZEMAN,GALLATIN,November,2014,18:27,WED,INTERSECTION,ON ROADWAY,CLEAR,DRY,DARK-NOT LIGHTED,NON-INJURY ACCIDENT (PROPERTY- DAMAGE-ONLY ACCIDENT),RIGHT ANGLE,45.68067942,-111.0707786
C001585N,000+0.159,BOZEMAN,GALLATIN,July,2014,12:30,SAT,INTERSECTION,ON ROADWAY,CLEAR,DRY,DAYLIGHT,NON-INJURY ACCIDENT (PROPERTY- DAMAGE-ONLY ACCIDENT),RIGHT ANGLE,45.68075524,-111.070796
C001585N,000+0.182,BOZEMAN,GALLATIN,June,2015,4:05,MON,NON-JUNCTION,ROADSIDE RIGHT,CLEAR,DRY,DARK-NOT LIGHTED,NON-INJURY ACCIDENT (PROPERTY- DAMAGE-ONLY ACCIDENT),FIXED OBJECT,45.68110767,-111.0707946
C001585N,000+0.512,BOZEMAN,GALLATIN,October,2015,12:20,SAT,INTERSECTION-RELATED,ON ROADWAY,CLEAR,DRY,DAYLIGHT,NON-INJURY ACCIDENT (PROPERTY- DAMAGE-ONLY ACCIDENT),REAR-END,45.68573945,-111.0698984
C001585N,000+0.512,BOZEMAN,GALLATIN,December,2016,16:17,MON,INTERSECTION,ON ROADWAY,CLOUDY,DRY,DAYLIGHT,NON-INCAPACITATING EVIDENT INJURY ACCIDENT,HEAD ON,45.68572027,-111.0699282
C001585N,000+0.516,BOZEMAN,GALLATIN,January,2014,20:07,SAT,INTERSECTION,ON ROADWAY,SNOW,SNOW,DARK-LIGHTED,NON-INJURY ACCIDENT (PROPERTY- DAMAGE-ONLY ACCIDENT),RIGHT ANGLE,45.68575932,-111.06994
C001585N,000+0.637,BOZEMAN,GALLATIN,May,2016,20:37,WED,NON-JUNCTION,OFF ROADWAY LOCATION UNKNOWN,CLEAR,DRY,DAYLIGHT,NON-INJURY ACCIDENT (PROPERTY- DAMAGE-ONLY ACCIDENT),FIXED OBJECT,45.68752601,-111.0697891
C001585N,000+0.933,BOZEMAN,GALLATIN,September,2015,13:44,THU,NON-JUNCTION,ROADSIDE LEFT,CLEAR,DRY,DAYLIGHT,NON-INJURY ACCIDENT (PROPERTY- DAMAGE-ONLY ACCIDENT),FIXED OBJECT,45.69175046,-111.0707767
C001585N,001+0.015,BOZEMAN,GALLATIN,FEBRUARY,2017,14:34,WED,INTERSECTION,ON ROADWAY,CLOUDY,SNOW,DAYLIGHT,NON-INJURY ACCIDENT (PROPERTY- DAMAGE-ONLY ACCIDENT),RIGHT ANGLE,45.69295224,-111.0707309
C001587N,000+0.052,NOT IN CITY LIMITS,GALLATIN,MARCH,2017,19:50,MON,NON-JUNCTION,ON ROADWAY,CLOUDY,DRY,DARK-NOT LIGHTED,NON-INCAPACITATING EVIDENT INJURY ACCIDENT,NOT FIXED OBJECT OR DEBRIS,45.68491334,-111.080935
C001587N,000+0.064,,GALLATIN,December,2014,14:10,TUE,DRIVEWAY/ALLEY ACCESS RELATED,ON ROADWAY,CLOUDY,ICE/FROST,DAYLIGHT,NON-INJURY ACCIDENT (PROPERTY- DAMAGE-ONLY ACCIDENT),REAR TO SIDE,45.68474613,-111.0809268
C001588N,000+0.000,BOZEMAN,GALLATIN,October,2016,21:57,FRI,THROUGH ROADWAY,ON ROADWAY,CLEAR,DRY,DARK-LIGHTED,NON-INJURY ACCIDENT (PROPERTY- DAMAGE-ONLY ACCIDENT),"SIDESWIPE, SAME DIRECTION",45.67112121,-111.0640728
C001588N,000+0.275,BOZEMAN,GALLATIN,February,2014,16:45,WED,DRIVEWAY/ALLEY ACCESS RELATED,ON ROADWAY,CLEAR,SNOW,DAYLIGHT,NON-INJURY ACCIDENT (PROPERTY- DAMAGE-ONLY ACCIDENT),HEAD ON,45.67508791,-111.0640628
C001588N,000+0.288,BOZEMAN,GALLATIN,December,2014,14:10,SUN,INTERSECTION-RELATED,ON ROADWAY,SNOW,SNOW,DAYLIGHT,NON-INJURY ACCIDENT (PROPERTY- DAMAGE-ONLY ACCIDENT),RIGHT ANGLE,45.67534467,-111.0640318
C001588N,000+0.389,BOZEMAN,GALLATIN,OCTOBER,2017,15:35,MON,NON-JUNCTION,IN PARKING LANE OR ZONE,CLOUDY,DRY,DAYLIGHT,NON-INJURY ACCIDENT (PROPERTY- DAMAGE-ONLY ACCIDENT),PEDESTRIAN,45.67675853,-111.0653616
C001590N,000+0.056,BOZEMAN,GALLATIN,September,2016,23:55,FRI,NON-JUNCTION,ROADSIDE RIGHT,CLEAR,DRY,DARK-LIGHTED,NON-INJURY ACCIDENT (PROPERTY- DAMAGE-ONLY ACCIDENT),FIXED OBJECT,45.68037858,-111.0907096
C001591N,000+0.123,BOZEMAN,GALLATIN,September,2013,23:06,SUN,THROUGH ROADWAY,ON ROADWAY,CLEAR,DRY,DARK-UNKNOWN LIGHTING,UNKNOWN,FIXED OBJECT,45.68470356,-111.060793
C001592N,000+0.000,,GALLATIN,July,2016,3:25,FRI,INTERSECTION-RELATED,ROADSIDE LEFT,CLEAR,DRY,DARK-NOT LIGHTED,INCAPACITATING INJURY ACCIDENT,FIXED OBJECT,45.69004839,-111.0596272
C001592N,000+0.036,NOT IN CITY LIMITS,GALLATIN,FEBRUARY,2017,0:40,SAT,NON-JUNCTION,ON ROADWAY,CLOUDY,ICE/FROST,DARK-LIGHTED,NON-INJURY ACCIDENT (PROPERTY- DAMAGE-ONLY ACCIDENT),REAR-END,45.68981398,-111.0597177
C001592N,000+0.292,BOZEMAN,GALLATIN,March,2014,17:29,TUE,INTERSECTION-RELATED,ON ROADWAY,CLEAR,DRY,DAYLIGHT,POSSIBLE INJURY ACCIDENT,REAR-END,45.68576402,-111.0595258
C001592N,000+0.292,BOZEMAN,GALLATIN,August,2014,12:52,WED,INTERSECTION,ON ROADWAY,CLOUDY,DRY,DAYLIGHT,NON-INJURY ACCIDENT (PROPERTY- DAMAGE-ONLY ACCIDENT),REAR-END,45.68576656,-111.059496
C001592N,000+0.292,BOZEMAN,GALLATIN,December,2016,11:17,SAT,INTERSECTION,ON ROADWAY,CLEAR,ICE/FROST,DAYLIGHT,NON-INJURY ACCIDENT (PROPERTY- DAMAGE-ONLY ACCIDENT),RIGHT ANGLE,45.68578476,-111.0595746
C001592N,000+0.297,BOZEMAN,GALLATIN,August,2014,16:16,MON,INTERSECTION,ON ROADWAY,CLEAR,DRY,DAYLIGHT,NON-INCAPACITATING EVIDENT INJURY ACCIDENT,REAR-END,45.68575482,-111.0595479
C001592N,000+0.297,BOZEMAN,GALLATIN,April,2015,17:22,TUE,INTERSECTION,ON ROADWAY,SNOW,WET,DAYLIGHT,POSSIBLE INJURY ACCIDENT,HEAD ON,45.685756,-111.0595572
C001592N,000+0.297,BOZEMAN,GALLATIN,February,2016,17:24,WED,INTERSECTION,ON ROADWAY,CLEAR,DRY,DUSK,NON-INCAPACITATING EVIDENT INJURY ACCIDENT,REAR-END,45.68575606,-111.0595545
C001595N,000+0.000,BOZEMAN,GALLATIN,February,2014,11:01,SAT,INTERSECTION-RELATED,ON ROADWAY,CLEAR,SNOW,DAYLIGHT,POSSIBLE INJURY ACCIDENT,REAR-END,45.68156815,-111.0936203
C001595N,000+0.000,BOZEMAN,GALLATIN,July,2015,20:58,THU,INTERSECTION-RELATED,ON ROADWAY,CLEAR,DRY,DUSK,NON-INJURY ACCIDENT (PROPERTY- DAMAGE-ONLY ACCIDENT),"SIDESWIPE, OPPOSITE DIRECTION",45.68156815,-111.0936203
C001595N,000+0.197,BOZEMAN,GALLATIN,September,2015,12:19,TUE,INTERSECTION,ON ROADWAY,RAIN,WET,DAYLIGHT,POSSIBLE INJURY ACCIDENT,OTHER,45.68157504,-111.089527
C001595N,000+0.344,BOZEMAN,GALLATIN,June,2015,17:55,FRI,INTERSECTION,ON ROADWAY,CLEAR,DRY,DAYLIGHT,NON-INCAPACITATING EVIDENT INJURY ACCIDENT,OTHER,45.68157565,-111.0864328
C001596N,000+0.000,BOZEMAN,GALLATIN,April,2016,21:10,THU,INTERSECTION,ON ROADWAY,SLEET/HAIL/FREEZING RAIN/DRIZZLE,WET,DARK-LIGHTED,NON-INCAPACITATING EVIDENT INJURY ACCIDENT,RIGHT ANGLE,45.67113393,-111.0572296
C001596N,000+0.290,BOZEMAN,GALLATIN,September,2014,14:10,SAT,CROSSOVER-RELATED,ON ROADWAY,CLEAR,DRY,DAYLIGHT,NON-INJURY ACCIDENT (PROPERTY- DAMAGE-ONLY ACCIDENT),"LEFT TURN, SAME DIRECTION",45.67531596,-111.0571404
C001596N,000+0.383,BOZEMAN,GALLATIN,October,2013,22:08,SUN,NON-JUNCTION,ROADSIDE RIGHT,CLEAR,DRY,DARK-NOT LIGHTED,NON-INCAPACITATING EVIDENT INJURY ACCIDENT,"SIDESWIPE, SAME DIRECTION",45.67639226,-111.0571223
C001597N,000+0.209,BOZEMAN,GALLATIN,JANUARY,2017,15:54,SAT,INTERSECTION,ON ROADWAY,CLEAR,SNOW,DAYLIGHT,POSSIBLE INJURY ACCIDENT,RIGHT ANGLE,45.67960986,-111.0884833
C001597N,000+0.306,BOZEMAN,GALLATIN,JULY,2017,14:49,FRI,INTERSECTION,ON ROADWAY,CLOUDY,DRY,DAYLIGHT,NON-INJURY ACCIDENT (PROPERTY- DAMAGE-ONLY ACCIDENT),RIGHT ANGLE,45.6795747,-111.0864707
C001600N,000+0.000,BOZEMAN,GALLATIN,JANUARY,2017,16:12,TUE,INTERSECTION,ON ROADWAY,CLEAR,SNOW,DAYLIGHT,NON-INJURY ACCIDENT (PROPERTY- DAMAGE-ONLY ACCIDENT),RIGHT ANGLE,45.67433119,-111.0545738
C001601N,000+0.085,BOZEMAN,GALLATIN,JANUARY,2017,18:03,SAT,INTERSECTION,ON ROADWAY,CLEAR,ICE/FROST,DARK-LIGHTED,NON-INJURY ACCIDENT (PROPERTY- DAMAGE-ONLY ACCIDENT),RIGHT ANGLE,45.67235418,-111.0533094
C001602N,000+0.157,BOZEMAN,GALLATIN,September,2015,12:35,WED,INTERSECTION,ON ROADWAY,CLEAR,DRY,DAYLIGHT,NON-INJURY ACCIDENT (PROPERTY- DAMAGE-ONLY ACCIDENT),RIGHT ANGLE,45.67611002,-111.089787
C001602N,000+0.164,BOZEMAN,GALLATIN,NOVEMBER,2017,10:48,TUE,INTERSECTION,ON ROADWAY,CLOUDY,SNOW,DAYLIGHT,NON-INJURY ACCIDENT (PROPERTY- DAMAGE-ONLY ACCIDENT),RIGHT ANGLE,45.67606479,-111.0897717
C001603N,000+0.000,BOZEMAN,GALLATIN,June,2015,17:07,MON,INTERSECTION-RELATED,ON ROADWAY,CLEAR,DRY,DAYLIGHT,NON-INJURY ACCIDENT (PROPERTY- DAMAGE-ONLY ACCIDENT),REAR-END,45.68032824,-111.0514202
C001603N,000+0.000,BOZEMAN,GALLATIN,December,2015,0:59,FRI,INTERSECTION,OUTSIDE RIGHT-OF-WAY (TRAFFICWAY),CLOUDY,ICE/FROST,DARK-LIGHTED,NON-INCAPACITATING EVIDENT INJURY ACCIDENT,FIXED OBJECT,45.68033654,-111.0514817
C001603N,000+0.000,BOZEMAN,GALLATIN,September,2016,2:30,SUN,INTERSECTION-RELATED,OFF ROADWAY LOCATION UNKNOWN,CLEAR,DRY,DARK-LIGHTED,NON-INJURY ACCIDENT (PROPERTY- DAMAGE-ONLY ACCIDENT),FIXED OBJECT,45.68036327,-111.0517898
C001603N,000+0.018,BOZEMAN,GALLATIN,March,2014,5:37,SAT,NON-JUNCTION,ON ROADWAY,CLEAR,DRY,DARK-NOT LIGHTED,NON-INJURY ACCIDENT (PROPERTY- DAMAGE-ONLY ACCIDENT),REAR-END,45.68055562,-111.0514309
C001603N,000+0.023,BOZEMAN,GALLATIN,October,2015,14:19,THU,NON-JUNCTION,ON ROADWAY,CLEAR,DRY,DAYLIGHT,NON-INJURY ACCIDENT (PROPERTY- DAMAGE-ONLY ACCIDENT),"SIDESWIPE, SAME DIRECTION",45.68067992,-111.0514219
C001603N,000+0.116,BOZEMAN,GALLATIN,May,2014,10:28,THU,NON-JUNCTION,ON ROADWAY,CLEAR,DRY,DAYLIGHT,POSSIBLE INJURY ACCIDENT,REAR-END,45.68199522,-111.0514027
C001603N,000+0.361,BOZEMAN,GALLATIN,AUGUST,2017,8:01,WED,INTERSECTION-RELATED,ON ROADWAY,CLEAR,DRY,DAYLIGHT,POSSIBLE INJURY ACCIDENT,BICYCLE,45.68556481,-111.0513448
C001603N,000+0.364,BOZEMAN,GALLATIN,July,2016,23:31,SAT,INTERSECTION,ON ROADWAY,CLEAR,DRY,DARK-LIGHTED,POSSIBLE INJURY ACCIDENT,BICYCLE,45.68559192,-111.0513525
C001603N,000+0.364,BOZEMAN,GALLATIN,MAY,2017,16:01,WED,INTERSECTION,ON ROADWAY,CLOUDY,DRY,DAYLIGHT,POSSIBLE INJURY ACCIDENT,REAR-END,45.68560101,-111.0513458
C001604N,000+0.385,BOZEMAN,GALLATIN,MAY,2017,23:58,TUE,INTERSECTION-RELATED,ON ROADWAY,CLEAR,DRY,DARK-NOT LIGHTED,NON-INJURY ACCIDENT (PROPERTY- DAMAGE-ONLY ACCIDENT),"RIGHT TURN, SAME DIRECTION",45.67612337,-111.0857545
C001604N,000+0.422,BOZEMAN,GALLATIN,June,2015,18:52,SAT,OTHER LOCATION,ON ROADWAY,CLEAR,DRY,DAYLIGHT,NON-INJURY ACCIDENT (PROPERTY- DAMAGE-ONLY ACCIDENT),BICYCLE,45.67616323,-111.085067
C001604N,000+0.457,BOZEMAN,GALLATIN,September,2013,23:45,SAT,NON-JUNCTION,SHOULDER,CLEAR,DRY,DARK-LIGHTED,UNKNOWN,REAR-END,45.6761727,-111.0842908
C001605N,000+0.000,BOZEMAN,GALLATIN,November,2014,11:29,WED,INTERSECTION,ON ROADWAY,CLEAR,ICE/FROST,DAYLIGHT,NON-INJURY ACCIDENT (PROPERTY- DAMAGE-ONLY ACCIDENT),"LEFT TURN, OPPOSITE DIRECTION",45.67119665,-111.050755
C001605N,000+0.000,BOZEMAN,GALLATIN,DECEMBER,2017,17:30,MON,INTERSECTION,ON ROADWAY,CLEAR,ICE/FROST,DAYLIGHT,NON-INJURY ACCIDENT (PROPERTY- DAMAGE-ONLY ACCIDENT),"LEFT TURN, SAME DIRECTION",45.67122007,-111.0507424
C001605N,000+0.356,BOZEMAN,GALLATIN,February,2014,19:57,SUN,INTERSECTION-RELATED,ROADSIDE RIGHT,CLEAR,SNOW,DARK-NOT LIGHTED,NON-INJURY ACCIDENT (PROPERTY- DAMAGE-ONLY ACCIDENT),REAR TO SIDE,45.67631507,-111.0507058
C001605N,000+0.356,BOZEMAN,GALLATIN,October,2015,16:07,WED,INTERSECTION,ON ROADWAY,CLEAR,DRY,DAYLIGHT,NON-INJURY ACCIDENT (PROPERTY- DAMAGE-ONLY ACCIDENT),RIGHT ANGLE,45.67632176,-111.0506919
C001605N,000+0.356,BOZEMAN,GALLATIN,May,2016,13:28,MON,INTERSECTION,ON ROADWAY,CLEAR,DRY,DAYLIGHT,NON-INJURY ACCIDENT (PROPERTY- DAMAGE-ONLY ACCIDENT),RIGHT ANGLE,45.67632675,-111.0507021
C001605N,000+0.421,BOZEMAN,GALLATIN,July,2016,9:42,TUE,INTERSECTION,ON ROADWAY,CLEAR,DRY,DAYLIGHT,NON-INJURY ACCIDENT (PROPERTY- DAMAGE-ONLY ACCIDENT),OTHER,45.6772968,-111.0506909
C001605N,000+0.496,BOZEMAN,GALLATIN,July,2015,17:28,TUE,INTERSECTION,ON ROADWAY,CLEAR,DRY,DAYLIGHT,NON-INJURY ACCIDENT (PROPERTY- DAMAGE-ONLY ACCIDENT),RIGHT ANGLE,45.67837011,-111.0506678
C001605N,000+0.562,BOZEMAN,GALLATIN,July,2014,8:11,THU,INTERSECTION,ON ROADWAY,CLEAR,DRY,DAYLIGHT,NON-INJURY ACCIDENT (PROPERTY- DAMAGE-ONLY ACCIDENT),"SIDESWIPE, SAME DIRECTION",45.67932751,-111.0506645
C001606N,000+0.000,BOZEMAN,GALLATIN,October,2015,9:09,THU,INTERSECTION,ON ROADWAY,CLEAR,DRY,DAYLIGHT,INCAPACITATING INJURY ACCIDENT,HEAD ON,45.67307879,-111.0937715
C001606N,000+0.000,BOZEMAN,GALLATIN,May,2015,0:00,WED,INTERSECTION,ON ROADWAY,CLEAR,DRY,DAYLIGHT,NON-INJURY ACCIDENT (PROPERTY- DAMAGE-ONLY ACCIDENT),RIGHT ANGLE,45.67306182,-111.0937874
C001606N,000+0.007,BOZEMAN,GALLATIN,August,2016,15:58,TUE,INTERSECTION-RELATED,ON ROADWAY,CLOUDY,DRY,DAYLIGHT,INCAPACITATING INJURY ACCIDENT,BICYCLE,45.67306244,-111.0936386
C001606N,000+0.007,BOZEMAN,GALLATIN,January,2016,11:55,MON,INTERSECTION-RELATED,ON ROADWAY,CLOUDY,SNOW,DAYLIGHT,NON-INJURY ACCIDENT (PROPERTY- DAMAGE-ONLY ACCIDENT),REAR-END,45.6730756,-111.0936584
C001606N,000+0.500,BOZEMAN,GALLATIN,December,2016,22:00,SAT,INTERSECTION-RELATED,SHOULDER,CLEAR,SNOW,DARK-NOT LIGHTED,NON-INJURY ACCIDENT (PROPERTY- DAMAGE-ONLY ACCIDENT),FIXED OBJECT,45.67303258,-111.0833579
C001607N,000+0.145,BOZEMAN,GALLATIN,November,2014,6:54,WED,INTERSECTION,ON ROADWAY,SNOW,ICE/FROST,DARK-LIGHTED,NON-INJURY ACCIDENT (PROPERTY- DAMAGE-ONLY ACCIDENT),RIGHT ANGLE,45.6733284,-111.0493164
C001607N,000+0.535,BOZEMAN,GALLATIN,July,2013,16:55,MON,INTERSECTION-RELATED,SHOULDER,CLEAR,DRY,DAYLIGHT,NON-INJURY ACCIDENT (PROPERTY- DAMAGE-ONLY ACCIDENT),FIXED OBJECT,45.6793333,-111.0492845
C001607N,000+0.540,BOZEMAN,GALLATIN,November,2013,22:29,FRI,OTHER LOCATION,OUTSIDE RIGHT-OF-WAY (TRAFFICWAY),CLEAR,DRY,DARK-LIGHTED,NON-INJURY ACCIDENT (PROPERTY- DAMAGE-ONLY ACCIDENT),FIXED OBJECT,45.67912945,-111.0492922
C001607N,000+0.545,BOZEMAN,GALLATIN,November,2015,1:45,SAT,NON-JUNCTION,SHOULDER,CLEAR,ICE/FROST,DARK-LIGHTED,NON-INJURY ACCIDENT (PROPERTY- DAMAGE-ONLY ACCIDENT),FIXED OBJECT,45.67934303,-111.0497436
C001609N,000+0.000,BOZEMAN,GALLATIN,November,2013,11:42,SUN,NON-JUNCTION,ON ROADWAY,CLEAR,DRY,DAYLIGHT,NON-INJURY ACCIDENT (PROPERTY- DAMAGE-ONLY ACCIDENT),RIGHT ANGLE,45.67934072,-111.0475276
C001609N,000+0.000,BOZEMAN,GALLATIN,November,2016,13:34,FRI,INTERSECTION,ON ROADWAY,CLEAR,DRY,DAYLIGHT,NON-INJURY ACCIDENT (PROPERTY- DAMAGE-ONLY ACCIDENT),"LEFT TURN, SAME DIRECTION",45.67933942,-111.0475263
C001609N,000+0.072,BOZEMAN,GALLATIN,December,2014,23:18,FRI,INTERSECTION-RELATED,ROADSIDE RIGHT,CLEAR,SNOW,DARK-LIGHTED,NON-INJURY ACCIDENT (PROPERTY- DAMAGE-ONLY ACCIDENT),FIXED OBJECT,45.68037104,-111.0475459
C001610N,000+0.000,BOZEMAN,GALLATIN,November,2013,17:18,FRI,INTERSECTION,ON ROADWAY,CLEAR,DRY,DUSK,POSSIBLE INJURY ACCIDENT,"LEFT TURN, OPPOSITE DIRECTION",45.67124756,-111.0937982
C001610N,000+0.000,BOZEMAN,GALLATIN,November,2013,17:44,WED,INTERSECTION,ON ROADWAY,CLOUDY,DRY,DARK-NOT LIGHTED,POSSIBLE INJURY ACCIDENT,"LEFT TURN, OPPOSITE DIRECTION",45.67123811,-111.093787
C001610N,000+0.000,BOZEMAN,GALLATIN,November,2013,17:19,FRI,INTERSECTION-RELATED,ON ROADWAY,CLEAR,DRY,DARK-LIGHTED,NON-INJURY ACCIDENT (PROPERTY- DAMAGE-ONLY ACCIDENT),"LEFT TURN, SAME DIRECTION",45.67124145,-111.0937854