MDT_CORRIDOR_ID,SMS_REFPOST_OFFSET,CITY,COUNTY,Month,Year,SMS_TIME,SMT_CRASH_OCC_DAY_OF_WEEK,JUNCTION_RELATED,ROADWAY_RELATED,WEATHER_COND,ROAD_COND,LIGHT_COND,CRASH_SEVERITY,COLLISION_TYPE,LATITUDE,LONGITUDE
C001610N,000+0.000,BOZEMAN,GALLATIN,October,2013,17:28,FRI,INTERSECTION,ON ROADWAY,CLEAR,DRY,DAYLIGHT,NON-INJURY ACCIDENT (PROPERTY- DAMAGE-ONLY ACCIDENT),"LEFT TURN, SAME DIRECTION",45.67133405,-111.0938128
C001610N,000+0.000,BOZEMAN,GALLATIN,September,2013,7:30,FRI,INTERSECTION-RELATED,ON ROADWAY,CLEAR,DRY,DAYLIGHT,NON-INJURY ACCIDENT (PROPERTY- DAMAGE-ONLY ACCIDENT),REAR-END,45.67122208,-111.0938272
C001610N,000+0.000,BOZEMAN,GALLATIN,December,2013,14:36,WED,INTERSECTION,ON ROADWAY,CLEAR,SNOW,DAYLIGHT,NON-INJURY ACCIDENT (PROPERTY- DAMAGE-ONLY ACCIDENT),RIGHT ANGLE,45.67123043,-111.0937802
C001610N,000+0.000,BOZEMAN,GALLATIN,December,2013,11:21,TUE,INTERSECTION,ON ROADWAY,CLEAR,WET,DAYLIGHT,NON-INJURY ACCIDENT (PROPERTY- DAMAGE-ONLY ACCIDENT),RIGHT ANGLE,45.67122806,-111.0937916
C001610N,000+0.000,BOZEMAN,GALLATIN,November,2013,17:29,MON,INTERSECTION,ON ROADWAY,CLEAR,DRY,DARK-LIGHTED,NON-INJURY ACCIDENT (PROPERTY- DAMAGE-ONLY ACCIDENT),RIGHT ANGLE,45.67124283,-111.0938171
C001610N,000+0.000,BOZEMAN,GALLATIN,September,2013,7:36,WED,INTERSECTION-RELATED,ON ROADWAY,CLEAR,DRY,DAYLIGHT,NON-INJURY ACCIDENT (PROPERTY- DAMAGE-ONLY ACCIDENT),REAR-END,45.67123218,-111.0937864
C001610N,000+0.000,BOZEMAN,GALLATIN,July,2014,17:14,MON,INTERSECTION,ON ROADWAY,CLEAR,DRY,DAYLIGHT,POSSIBLE INJURY ACCIDENT,"LEFT TURN, SAME DIRECTION",45.67123206,-111.0938037
C001610N,000+0.000,BOZEMAN,GALLATIN,February,2014,8:56,TUE,INTERSECTION-RELATED,ON ROADWAY,CLEAR,DRY,DAYLIGHT,NON-INJURY ACCIDENT (PROPERTY- DAMAGE-ONLY ACCIDENT),REAR-END,45.67123218,-111.093752
C001610N,000+0.000,BOZEMAN,GALLATIN,April,2014,12:00,FRI,INTERSECTION,ON ROADWAY,CLEAR,DRY,DAYLIGHT,NON-INCAPACITATING EVIDENT INJURY ACCIDENT,RIGHT ANGLE,45.67126068,-111.0938035
C001610N,000+0.000,BOZEMAN,GALLATIN,September,2014,19:15,TUE,INTERSECTION,ON ROADWAY,CLEAR,DRY,DAYLIGHT,INCAPACITATING INJURY ACCIDENT,OTHER,45.67122744,-111.0937757
C001610N,000+0.000,BOZEMAN,GALLATIN,April,2015,7:48,WED,INTERSECTION,ON ROADWAY,SNOW,SNOW,DAYLIGHT,POSSIBLE INJURY ACCIDENT,RIGHT ANGLE,45.67128458,-111.0938186
C001610N,000+0.000,BOZEMAN,GALLATIN,April,2015,14:52,WED,NON-JUNCTION,ON ROADWAY,CLEAR,DRY,DAYLIGHT,NON-INJURY ACCIDENT (PROPERTY- DAMAGE-ONLY ACCIDENT),REAR-END,45.67122893,-111.0937927
C001610N,000+0.000,BOZEMAN,GALLATIN,November,2015,17:24,FRI,INTERSECTION,ON ROADWAY,CLEAR,DRY,DAYLIGHT,POSSIBLE INJURY ACCIDENT,"LEFT TURN, SAME DIRECTION",45.67123015,-111.0937941
C001610N,000+0.000,BOZEMAN,GALLATIN,January,2015,17:40,TUE,INTERSECTION,ON ROADWAY,CLEAR,DRY,DARK-NOT LIGHTED,POSSIBLE INJURY ACCIDENT,RIGHT ANGLE,45.67124621,-111.0937867
C001610N,000+0.000,BOZEMAN,GALLATIN,June,2015,21:43,FRI,INTERSECTION,ON ROADWAY,CLOUDY,WET,DARK-LIGHTED,NON-INJURY ACCIDENT (PROPERTY- DAMAGE-ONLY ACCIDENT),"LEFT TURN, SAME DIRECTION",45.67123522,-111.0937975
C001610N,000+0.000,BOZEMAN,GALLATIN,October,2015,17:32,THU,INTERSECTION,ON ROADWAY,CLEAR,DRY,DAYLIGHT,NON-INJURY ACCIDENT (PROPERTY- DAMAGE-ONLY ACCIDENT),REAR-END,45.67122159,-111.093788
C001610N,000+0.000,BOZEMAN,GALLATIN,June,2016,18:09,THU,INTERSECTION,ON ROADWAY,CLEAR,DRY,DAYLIGHT,NON-INJURY ACCIDENT (PROPERTY- DAMAGE-ONLY ACCIDENT),RIGHT ANGLE,45.67123986,-111.0937976
C001610N,000+0.000,BOZEMAN,GALLATIN,June,2016,13:47,THU,NON-JUNCTION,ON ROADWAY,CLOUDY,DRY,DAYLIGHT,POSSIBLE INJURY ACCIDENT,HEAD ON,45.67130161,-111.0937883
C001610N,000+0.000,BOZEMAN,GALLATIN,November,2016,18:10,MON,INTERSECTION,ON ROADWAY,CLEAR,DRY,DARK-LIGHTED,POSSIBLE INJURY ACCIDENT,RIGHT ANGLE,45.67125756,-111.0937973
C001610N,000+0.000,BOZEMAN,GALLATIN,December,2016,17:54,TUE,INTERSECTION,ON ROADWAY,CLEAR,ICE/FROST,DARK-NOT LIGHTED,NON-INJURY ACCIDENT (PROPERTY- DAMAGE-ONLY ACCIDENT),RIGHT ANGLE,45.67122402,-111.0937985
C001610N,000+0.000,BOZEMAN,GALLATIN,December,2016,16:05,SAT,INTERSECTION,ON ROADWAY,CLOUDY,SLUSH,DUSK,POSSIBLE INJURY ACCIDENT,"LEFT TURN, SAME DIRECTION",45.67122654,-111.0937967
C001610N,000+0.000,BOZEMAN,GALLATIN,December,2016,13:29,SAT,INTERSECTION,ON ROADWAY,CLEAR,ICE/FROST,DAYLIGHT,NON-INCAPACITATING EVIDENT INJURY ACCIDENT,RIGHT ANGLE,45.6713004,-111.0937682
C001610N,000+0.000,BOZEMAN,GALLATIN,December,2016,7:50,MON,INTERSECTION-RELATED,ON ROADWAY,CLEAR,SNOW,DAYLIGHT,POSSIBLE INJURY ACCIDENT,HEAD ON,45.67124952,-111.0937763
C001610N,000+0.000,BOZEMAN,GALLATIN,December,2016,16:23,FRI,INTERSECTION,ON ROADWAY,SNOW,SNOW,DUSK,POSSIBLE INJURY ACCIDENT,HEAD ON,45.67128602,-111.0937981
C001610N,000+0.000,BOZEMAN,GALLATIN,FEBRUARY,2017,15:46,SUN,INTERSECTION-RELATED,ON ROADWAY,CLEAR,WET,DAYLIGHT,INCAPACITATING INJURY ACCIDENT,"LEFT TURN, SAME DIRECTION",45.67122415,-111.0937915
C001610N,000+0.000,BOZEMAN,GALLATIN,JANUARY,2017,15:07,SUN,INTERSECTION,ON ROADWAY,CLOUDY,WET,DAYLIGHT,POSSIBLE INJURY ACCIDENT,REAR-END,45.67304301,-111.0937552
C001610N,000+0.000,BOZEMAN,GALLATIN,JUNE,2017,8:44,SAT,INTERSECTION,ON ROADWAY,CLEAR,WET,DAYLIGHT,POSSIBLE INJURY ACCIDENT,"LEFT TURN, SAME DIRECTION",45.67122564,-111.0937885
C001610N,000+0.000,BOZEMAN,GALLATIN,OCTOBER,2017,12:14,FRI,INTERSECTION,ON ROADWAY,CLOUDY,DRY,DAYLIGHT,POSSIBLE INJURY ACCIDENT,HEAD ON,45.67128701,-111.0937965
C001610N,000+0.015,BOZEMAN,GALLATIN,January,2014,21:02,FRI,INTERSECTION,ON ROADWAY,SNOW,SNOW,DARK-LIGHTED,NON-INJURY ACCIDENT (PROPERTY- DAMAGE-ONLY ACCIDENT),RIGHT ANGLE,45.67138857,-111.0937826
C001610N,000+0.037,BOZEMAN,GALLATIN,November,2013,23:34,SAT,NON-JUNCTION,ON ROADWAY,SLEET/HAIL/FREEZING RAIN/DRIZZLE,DRY,DARK-LIGHTED,NON-INJURY ACCIDENT (PROPERTY- DAMAGE-ONLY ACCIDENT),REAR-END,45.67233503,-111.0938375
C001610N,000+0.115,BOZEMAN,GALLATIN,December,2016,10:40,MON,NON-JUNCTION,ON ROADWAY,CLEAR,SNOW,DAYLIGHT,NON-INJURY ACCIDENT (PROPERTY- DAMAGE-ONLY ACCIDENT),"SIDESWIPE, OPPOSITE DIRECTION",45.67304301,-111.0937552
C001610N,000+0.501,BOZEMAN,GALLATIN,December,2014,18:49,FRI,INTERSECTION,ON ROADWAY,CLEAR,DRY,DARK-LIGHTED,NON-INCAPACITATING EVIDENT INJURY ACCIDENT,RIGHT ANGLE,45.67847367,-111.0936914
C001610N,000+0.534,BOZEMAN,GALLATIN,November,2015,8:42,FRI,NON-JUNCTION,ON ROADWAY,CLOUDY,ICE/FROST,DAYLIGHT,NON-INJURY ACCIDENT (PROPERTY- DAMAGE-ONLY ACCIDENT),"SIDESWIPE, OPPOSITE DIRECTION",45.67901611,-111.0937109
C001610N,000+0.700,BOZEMAN,GALLATIN,December,2016,18:47,TUE,NON-JUNCTION,OFF ROADWAY LOCATION UNKNOWN,CLOUDY,SNOW,DARK-LIGHTED,NON-INJURY ACCIDENT (PROPERTY- DAMAGE-ONLY ACCIDENT),FIXED OBJECT,45.68159351,-111.0935927
C001610N,000+0.856,,GALLATIN,June,2015,8:28,FRI,INTERSECTION,ON ROADWAY,CLEAR,DRY,DAYLIGHT,NON-INJURY ACCIDENT (PROPERTY- DAMAGE-ONLY ACCIDENT),"LEFT TURN, OPPOSITE DIRECTION",1,1
C001610N,000+1.003,BOZEMAN,GALLATIN,July,2013,15:17,THU,INTERSECTION,ON ROADWAY,CLOUDY,DRY,DAYLIGHT,NON-INJURY ACCIDENT (PROPERTY- DAMAGE-ONLY ACCIDENT),RIGHT ANGLE,45.68575453,-111.0935093
C001610N,000+1.003,BOZEMAN,GALLATIN,October,2013,14:08,TUE,INTERSECTION,ON ROADWAY,CLEAR,DRY,DAYLIGHT,NON-INJURY ACCIDENT (PROPERTY- DAMAGE-ONLY ACCIDENT),RIGHT ANGLE,45.68575414,-111.0935511
C001610N,000+1.003,BOZEMAN,GALLATIN,August,2013,17:08,SUN,INTERSECTION,ON ROADWAY,CLEAR,DRY,DAYLIGHT,NON-INJURY ACCIDENT (PROPERTY- DAMAGE-ONLY ACCIDENT),RIGHT ANGLE,45.68575453,-111.0935093
C001610N,000+1.003,BOZEMAN,GALLATIN,May,2013,17:07,MON,INTERSECTION,ON ROADWAY,CLEAR,DRY,DAYLIGHT,NON-INJURY ACCIDENT (PROPERTY- DAMAGE-ONLY ACCIDENT),RIGHT ANGLE,45.68575453,-111.0935093
C001610N,000+1.003,BOZEMAN,GALLATIN,July,2013,7:59,WED,INTERSECTION,ON ROADWAY,CLEAR,DRY,DAYLIGHT,NON-INJURY ACCIDENT (PROPERTY- DAMAGE-ONLY ACCIDENT),RIGHT ANGLE,45.68575453,-111.0935093
C001610N,000+1.003,BOZEMAN,GALLATIN,November,2014,17:48,THU,INTERSECTION,ON ROADWAY,CLEAR,WET,DARK-LIGHTED,NON-INJURY ACCIDENT (PROPERTY- DAMAGE-ONLY ACCIDENT),RIGHT ANGLE,45.68574525,-111.0935434
C001610N,000+1.003,BOZEMAN,GALLATIN,December,2015,17:34,WED,INTERSECTION,ON ROADWAY,CLOUDY,ICE/FROST,DARK-LIGHTED,NON-INJURY ACCIDENT (PROPERTY- DAMAGE-ONLY ACCIDENT),RIGHT ANGLE,45.6857606,-111.0935429
C001610N,000+1.003,BOZEMAN,GALLATIN,September,2016,16:51,SUN,INTERSECTION,ON ROADWAY,RAIN,WET,DAYLIGHT,POSSIBLE INJURY ACCIDENT,REAR-END,45.68574753,-111.0935228
C001610N,000+1.003,BOZEMAN,GALLATIN,September,2016,19:25,MON,INTERSECTION,ON ROADWAY,CLEAR,DRY,DUSK,NON-INJURY ACCIDENT (PROPERTY- DAMAGE-ONLY ACCIDENT),OTHER,45.68573733,-111.093554
C001610N,000+1.003,BOZEMAN,GALLATIN,July,2016,12:57,SUN,INTERSECTION,ON ROADWAY,CLEAR,DRY,DAYLIGHT,NON-INCAPACITATING EVIDENT INJURY ACCIDENT,RIGHT ANGLE,45.68574688,-111.0935511
C001610N,000+1.003,BOZEMAN,GALLATIN,August,2016,17:43,WED,INTERSECTION,ON ROADWAY,CLEAR,DRY,DAYLIGHT,NON-INJURY ACCIDENT (PROPERTY- DAMAGE-ONLY ACCIDENT),RIGHT ANGLE,45.68576699,-111.0935467
C001610N,000+1.003,BOZEMAN,GALLATIN,November,2016,11:05,WED,INTERSECTION,ON ROADWAY,CLEAR,DRY,DAYLIGHT,POSSIBLE INJURY ACCIDENT,REAR-END,45.68576612,-111.0935568
C001610N,000+1.003,BOZEMAN,GALLATIN,February,2016,16:22,SUN,INTERSECTION,ON ROADWAY,CLEAR,DRY,DAYLIGHT,NON-INJURY ACCIDENT (PROPERTY- DAMAGE-ONLY ACCIDENT),OTHER,45.6857481,-111.0935497
C001610N,000+1.003,BOZEMAN,GALLATIN,May,2016,15:08,SUN,INTERSECTION,ON ROADWAY,CLEAR,DRY,DAYLIGHT,POSSIBLE INJURY ACCIDENT,HEAD ON,45.68574228,-111.0935596
C001610N,000+1.003,BOZEMAN,GALLATIN,APRIL,2017,18:56,THU,INTERSECTION,ON ROADWAY,CLOUDY,WET,DAYLIGHT,UNKNOWN,RIGHT ANGLE,45.6857462,-111.0935487
C001610N,000+1.003,BOZEMAN,GALLATIN,APRIL,2017,19:42,WED,INTERSECTION,ON ROADWAY,CLOUDY,DRY,DAYLIGHT,NON-INJURY ACCIDENT (PROPERTY- DAMAGE-ONLY ACCIDENT),RIGHT ANGLE,45.68575955,-111.0935643
C001610N,000+1.003,BOZEMAN,GALLATIN,FEBRUARY,2017,22:15,FRI,INTERSECTION-RELATED,ON ROADWAY,CLEAR,SNOW,DARK-LIGHTED,NON-INJURY ACCIDENT (PROPERTY- DAMAGE-ONLY ACCIDENT),REAR TO FRONT,45.68575262,-111.0935077
C001611N,000+0.069,BOZEMAN,GALLATIN,JUNE,2017,16:05,THU,INTERSECTION,ON ROADWAY,CLOUDY,DRY,DAYLIGHT,NON-INJURY ACCIDENT (PROPERTY- DAMAGE-ONLY ACCIDENT),RIGHT ANGLE,45.67834956,-111.0465869
C001613N,000+0.274,BOZEMAN,GALLATIN,December,2014,15:33,TUE,INTERSECTION-RELATED,ON ROADWAY,CLEAR,SNOW,DAYLIGHT,NON-INJURY ACCIDENT (PROPERTY- DAMAGE-ONLY ACCIDENT),OTHER,45.67432816,-111.0453556
C001613N,000+0.343,BOZEMAN,GALLATIN,December,2015,18:03,SAT,INTERSECTION,ON ROADWAY,CLEAR,SNOW,DARK-LIGHTED,NON-INJURY ACCIDENT (PROPERTY- DAMAGE-ONLY ACCIDENT),RIGHT ANGLE,45.67337729,-111.045344
C001613N,000+0.343,BOZEMAN,GALLATIN,DECEMBER,2017,9:59,WED,NON-JUNCTION,ON ROADWAY,CLOUDY,SNOW,DAYLIGHT,NON-INJURY ACCIDENT (PROPERTY- DAMAGE-ONLY ACCIDENT),RIGHT ANGLE,45.67334757,-111.0453452
C001615N,000+0.358,BOZEMAN,GALLATIN,March,2015,0:34,SAT,INTERSECTION,ON ROADWAY,CLEAR,DRY,DARK-LIGHTED,NON-INJURY ACCIDENT (PROPERTY- DAMAGE-ONLY ACCIDENT),RIGHT ANGLE,45.66822299,-111.0439757
C001615N,000+0.531,BOZEMAN,GALLATIN,April,2013,6:15,SUN,INTERSECTION-RELATED,ON ROADWAY,CLEAR,DRY,DAWN,POSSIBLE INJURY ACCIDENT,HEAD ON,45.67016827,-111.0439511
C001615N,000+0.570,BOZEMAN,GALLATIN,January,2016,17:01,SAT,INTERSECTION,ON ROADWAY,CLEAR,WET,DAYLIGHT,NON-INJURY ACCIDENT (PROPERTY- DAMAGE-ONLY ACCIDENT),RIGHT ANGLE,45.67125546,-111.0439712
C001615N,000+0.715,BOZEMAN,GALLATIN,April,2013,13:24,MON,INTERSECTION,ON ROADWAY,CLOUDY,DRY,DAYLIGHT,NON-INJURY ACCIDENT (PROPERTY- DAMAGE-ONLY ACCIDENT),RIGHT ANGLE,45.67333832,-111.0439057
C001615N,000+0.715,BOZEMAN,GALLATIN,NOVEMBER,2017,15:12,FRI,INTERSECTION,ON ROADWAY,CLOUDY,ICE/FROST,DAYLIGHT,NON-INJURY ACCIDENT (PROPERTY- DAMAGE-ONLY ACCIDENT),RIGHT ANGLE,45.67335229,-111.0439526
C001615N,000+0.853,BOZEMAN,GALLATIN,November,2015,7:56,MON,INTERSECTION,ON ROADWAY,CLEAR,WET,DAYLIGHT,NON-INCAPACITATING EVIDENT INJURY ACCIDENT,OTHER,45.67533962,-111.0439451
C001615N,000+0.853,BOZEMAN,GALLATIN,November,2015,12:17,MON,INTERSECTION,ON ROADWAY,CLEAR,SNOW,DAYLIGHT,NON-INJURY ACCIDENT (PROPERTY- DAMAGE-ONLY ACCIDENT),RIGHT ANGLE,45.6753455,-111.0439416
C001615N,000+0.853,BOZEMAN,GALLATIN,JANUARY,2017,14:55,WED,INTERSECTION,ON ROADWAY,CLEAR,SNOW,DAYLIGHT,NON-INJURY ACCIDENT (PROPERTY- DAMAGE-ONLY ACCIDENT),RIGHT ANGLE,45.67533416,-111.0439182
C001615N,000+0.856,BOZEMAN,GALLATIN,November,2015,17:18,THU,INTERSECTION,ON ROADWAY,CLOUDY,ICE/FROST,DARK-LIGHTED,NON-INJURY ACCIDENT (PROPERTY- DAMAGE-ONLY ACCIDENT),RIGHT ANGLE,45.67536305,-111.043952
C001615N,000+0.856,BOZEMAN,GALLATIN,January,2016,16:48,MON,INTERSECTION,ON ROADWAY,CLEAR,ICE/FROST,DAYLIGHT,NON-INJURY ACCIDENT (PROPERTY- DAMAGE-ONLY ACCIDENT),HEAD ON,45.67535624,-111.0439395
C001615N,000+0.933,BOZEMAN,GALLATIN,February,2014,16:30,TUE,INTERSECTION,ON ROADWAY,CLEAR,SNOW,DAYLIGHT,NON-INJURY ACCIDENT (PROPERTY- DAMAGE-ONLY ACCIDENT),RIGHT ANGLE,45.6764799,-111.0440714
C001617N,000+0.201,BOZEMAN,GALLATIN,JANUARY,2017,11:26,WED,INTERSECTION,ON ROADWAY,CLEAR,SNOW,DAYLIGHT,NON-INJURY ACCIDENT (PROPERTY- DAMAGE-ONLY ACCIDENT),RIGHT ANGLE,45.6753062,-111.0423338
C001617N,000+0.702,BOZEMAN,GALLATIN,February,2016,15:59,MON,INTERSECTION,ON ROADWAY,CLOUDY,DRY,DAYLIGHT,NON-INCAPACITATING EVIDENT INJURY ACCIDENT,RIGHT ANGLE,45.66818492,-111.0423983
C001619N,000+0.271,BOZEMAN,GALLATIN,August,2014,12:06,WED,INTERSECTION,ON ROADWAY,CLEAR,DRY,DAYLIGHT,NON-INJURY ACCIDENT (PROPERTY- DAMAGE-ONLY ACCIDENT),RIGHT ANGLE,45.67336249,-111.0416287
C001619N,000+0.274,BOZEMAN,GALLATIN,February,2013,20:01,WED,INTERSECTION,ON ROADWAY,CLEAR,SNOW,DARK-LIGHTED,NON-INJURY ACCIDENT (PROPERTY- DAMAGE-ONLY ACCIDENT),"SIDESWIPE, OPPOSITE DIRECTION",45.67332371,-111.0416368
C001619N,000+0.697,BOZEMAN,GALLATIN,February,2014,11:00,MON,INTERSECTION,ON ROADWAY,SNOW,SNOW,DAYLIGHT,NON-INJURY ACCIDENT (PROPERTY- DAMAGE-ONLY ACCIDENT),RIGHT ANGLE,45.66722366,-111.0417514
C001619N,000+0.898,BOZEMAN,GALLATIN,FEBRUARY,2017,12:11,THU,NON-JUNCTION,ON ROADWAY,CLEAR,SNOW,DAYLIGHT,NON-INJURY ACCIDENT (PROPERTY- DAMAGE-ONLY ACCIDENT),"SIDESWIPE, OPPOSITE DIRECTION",45.66433588,-111.0417372
C001623N,000+0.135,BOZEMAN,GALLATIN,July,2015,7:21,THU,INTERSECTION,ON ROADWAY,CLEAR,DRY,DAYLIGHT,NON-INJURY ACCIDENT (PROPERTY- DAMAGE-ONLY ACCIDENT),RIGHT ANGLE,45.68659431,-111.0400286
C001623N,000+0.211,BOZEMAN,GALLATIN,DECEMBER,2017,10:11,MON,INTERSECTION,ON ROADWAY,CLOUDY,SLUSH,DAYLIGHT,NON-INJURY ACCIDENT (PROPERTY- DAMAGE-ONLY ACCIDENT),RIGHT ANGLE,45.68551723,-111.0400635
C001623N,000+0.341,BOZEMAN,GALLATIN,JUNE,2017,23:21,THU,NON-JUNCTION,SHOULDER,CLEAR,DRY,DARK-LIGHTED,NON-INJURY ACCIDENT (PROPERTY- DAMAGE-ONLY ACCIDENT),REAR-END,45.68362523,-111.040106
C001623N,000+0.695,BOZEMAN,GALLATIN,August,2016,17:04,WED,NON-JUNCTION,ROADSIDE RIGHT,CLOUDY,DRY,DAYLIGHT,NON-INJURY ACCIDENT (PROPERTY- DAMAGE-ONLY ACCIDENT),"SIDESWIPE, SAME DIRECTION",45.67854605,-111.0401675
C001623N,001+0.336,BOZEMAN,GALLATIN,April,2016,7:26,WED,INTERSECTION,ON ROADWAY,CLOUDY,DRY,DAYLIGHT,NON-INJURY ACCIDENT (PROPERTY- DAMAGE-ONLY ACCIDENT),OTHER,45.66921958,-111.0402398
C001623N,001+0.540,BOZEMAN,GALLATIN,November,2015,9:57,SAT,INTERSECTION,ON ROADWAY,CLEAR,SNOW,DAYLIGHT,NON-INJURY ACCIDENT (PROPERTY- DAMAGE-ONLY ACCIDENT),HEAD ON,45.66633347,-111.0403147
C001625N,000+0.075,BOZEMAN,GALLATIN,November,2016,13:12,WED,INTERSECTION,ON ROADWAY,CLEAR,WET,DAYLIGHT,NON-INJURY ACCIDENT (PROPERTY- DAMAGE-ONLY ACCIDENT),RIGHT ANGLE,45.68552463,-111.0387029
C001628N,000+0.419,BOZEMAN,GALLATIN,JULY,2017,1:30,SUN,NON-JUNCTION,ROADSIDE RIGHT,CLOUDY,DRY,DARK-NOT LIGHTED,NON-INJURY ACCIDENT (PROPERTY- DAMAGE-ONLY ACCIDENT),PARKED VEHICLE,45.66439427,-111.0356648
C001628N,000+0.537,BOZEMAN,GALLATIN,APRIL,2017,12:12,SAT,NON-JUNCTION,ROADSIDE RIGHT,CLEAR,DRY,DAYLIGHT,POSSIBLE INJURY ACCIDENT,REAR-END,45.66613005,-111.0355986
C001630N,000+0.372,BOZEMAN,GALLATIN,January,2015,13:26,MON,INTERSECTION,ON ROADWAY,CLEAR,DRY,DAYLIGHT,NON-INCAPACITATING EVIDENT INJURY ACCIDENT,PEDESTRIAN,45.67929702,-111.034319
C001630N,000+0.375,BOZEMAN,GALLATIN,December,2016,1:54,FRI,INTERSECTION,ON ROADWAY,CLEAR,SNOW,DARK-LIGHTED,NON-INJURY ACCIDENT (PROPERTY- DAMAGE-ONLY ACCIDENT),REAR-END,45.67934626,-111.0343261
C001630N,000+0.469,BOZEMAN,GALLATIN,January,2016,0:35,FRI,DRIVEWAY/ALLEY ACCESS RELATED,ROADSIDE RIGHT,CLEAR,SNOW,DARK-LIGHTED,NON-INJURY ACCIDENT (PROPERTY- DAMAGE-ONLY ACCIDENT),"RIGHT TURN, SAME DIRECTION",45.68067904,-111.0343104
C001630N,000+0.555,BOZEMAN,GALLATIN,February,2013,12:39,TUE,INTERSECTION,ON ROADWAY,CLOUDY,DRY,DAYLIGHT,NON-INJURY ACCIDENT (PROPERTY- DAMAGE-ONLY ACCIDENT),RIGHT ANGLE,45.68193398,-111.0343452
C001630N,000+0.555,BOZEMAN,GALLATIN,July,2013,16:04,SUN,INTERSECTION,ON ROADWAY,CLEAR,DRY,DAYLIGHT,NON-INCAPACITATING EVIDENT INJURY ACCIDENT,RIGHT ANGLE,45.68193398,-111.0343452
C001630N,000+0.558,BOZEMAN,GALLATIN,JUNE,2017,6:27,MON,INTERSECTION,ON ROADWAY,CLEAR,DRY,DAYLIGHT,NON-INJURY ACCIDENT (PROPERTY- DAMAGE-ONLY ACCIDENT),HEAD ON,45.68197397,-111.0343402
C001630N,000+0.573,BOZEMAN,GALLATIN,NOVEMBER,2017,1:28,SUN,NON-JUNCTION,ON ROADWAY,CLEAR,DRY,DARK-LIGHTED,NON-INJURY ACCIDENT (PROPERTY- DAMAGE-ONLY ACCIDENT),REAR-END,45.6822187,-111.0343052
C001630N,000+0.879,BOZEMAN,GALLATIN,May,2013,16:28,WED,INTERSECTION,ON ROADWAY,CLOUDY,DRY,DAYLIGHT,NON-INJURY ACCIDENT (PROPERTY- DAMAGE-ONLY ACCIDENT),RIGHT ANGLE,45.68662636,-111.0343609
C001630N,000+0.879,BOZEMAN,GALLATIN,DECEMBER,2017,17:47,SUN,INTERSECTION,ON ROADWAY,CLEAR,ICE/FROST,DARK-NOT LIGHTED,NON-INJURY ACCIDENT (PROPERTY- DAMAGE-ONLY ACCIDENT),OTHER,45.68660977,-111.0343289
C001630N,000+0.882,BOZEMAN,GALLATIN,December,2015,17:04,SAT,INTERSECTION-RELATED,ON ROADWAY,CLEAR,SNOW,DUSK,NON-INJURY ACCIDENT (PROPERTY- DAMAGE-ONLY ACCIDENT),RIGHT ANGLE,45.6866694,-111.0343567
C001632N,000+0.000,BOZEMAN,GALLATIN,July,2016,23:48,THU,INTERSECTION-RELATED,ON ROADWAY,CLEAR,DRY,DARK-LIGHTED,NON-INJURY ACCIDENT (PROPERTY- DAMAGE-ONLY ACCIDENT),REAR-END,45.681496,-111.0331598
C001637N,000+0.000,BOZEMAN,GALLATIN,November,2014,14:59,WED,INTERSECTION,ON ROADWAY,CLEAR,WET,DAYLIGHT,POSSIBLE INJURY ACCIDENT,"LEFT TURN, OPPOSITE DIRECTION",45.67930302,-111.0303277
C001637N,000+0.076,BOZEMAN,GALLATIN,April,2014,16:17,MON,INTERSECTION,ON ROADWAY,CLEAR,DRY,DAYLIGHT,NON-INJURY ACCIDENT (PROPERTY- DAMAGE-ONLY ACCIDENT),"LEFT TURN, OPPOSITE DIRECTION",45.68044853,-111.0303071
C001637N,000+0.076,BOZEMAN,GALLATIN,DECEMBER,2017,9:41,WED,INTERSECTION,ON ROADWAY,SNOW,SNOW,DAYLIGHT,NON-INJURY ACCIDENT (PROPERTY- DAMAGE-ONLY ACCIDENT),RIGHT ANGLE,45.68045093,-111.0303149
C001639N,000+0.022,BOZEMAN,GALLATIN,January,2014,14:22,TUE,NON-JUNCTION,SHOULDER,CLOUDY,DRY,DAYLIGHT,NON-INCAPACITATING EVIDENT INJURY ACCIDENT,RIGHT ANGLE,45.69965256,-111.0505959
C001639N,000+0.130,BOZEMAN,GALLATIN,July,2015,20:53,THU,NON-JUNCTION,OUTSIDE RIGHT-OF-WAY (TRAFFICWAY),CLEAR,DRY,DARK-LIGHTED,NON-INJURY ACCIDENT (PROPERTY- DAMAGE-ONLY ACCIDENT),REAR TO REAR,45.69940061,-111.0491654
C001639N,000+0.262,BOZEMAN,GALLATIN,September,2016,0:00,TUE,INTERSECTION-RELATED,ON ROADWAY,CLOUDY,DRY,DAYLIGHT,NON-INJURY ACCIDENT (PROPERTY- DAMAGE-ONLY ACCIDENT),REAR TO FRONT,45.69895626,-111.0464308
C001640N,000+0.340,BOZEMAN,GALLATIN,February,2014,15:22,FRI,INTERSECTION,ON ROADWAY,SNOW,ICE/FROST,DAYLIGHT,NON-INJURY ACCIDENT (PROPERTY- DAMAGE-ONLY ACCIDENT),RIGHT ANGLE,45.70000414,-111.042801
C001642N,000+0.000,BOZEMAN,GALLATIN,March,2014,14:58,SAT,INTERSECTION,ON ROADWAY,CLOUDY,ICE/FROST,DAYLIGHT,POSSIBLE INJURY ACCIDENT,RIGHT ANGLE,45.70278469,-111.0211769