MDT_CORRIDOR_ID,SMS_REFPOST_OFFSET,CITY,COUNTY,Month,Year,SMS_TIME,SMT_CRASH_OCC_DAY_OF_WEEK,JUNCTION_RELATED,ROADWAY_RELATED,WEATHER_COND,ROAD_COND,LIGHT_COND,CRASH_SEVERITY,COLLISION_TYPE,LATITUDE,LONGITUDE
C001642N,000+0.000,BOZEMAN,GALLATIN,September,2015,20:22,TUE,INTERSECTION,ON ROADWAY,CLEAR,DRY,DARK-NOT LIGHTED,NON-INJURY ACCIDENT (PROPERTY- DAMAGE-ONLY ACCIDENT),RIGHT ANGLE,45.70277731,-111.02118
C001642N,000+0.000,BOZEMAN,GALLATIN,June,2015,15:20,WED,INTERSECTION-RELATED,ON ROADWAY,CLEAR,DRY,DAYLIGHT,NON-INCAPACITATING EVIDENT INJURY ACCIDENT,RIGHT ANGLE,45.70279278,-111.0211828
C001642N,000+0.000,BOZEMAN,GALLATIN,November,2016,18:58,TUE,INTERSECTION,ON ROADWAY,CLEAR,ICE/FROST,DARK-NOT LIGHTED,NON-INJURY ACCIDENT (PROPERTY- DAMAGE-ONLY ACCIDENT),OTHER,45.70278413,-111.0211817
C001642N,000+0.000,BOZEMAN,GALLATIN,July,2016,18:13,TUE,INTERSECTION,ON ROADWAY,CLEAR,DRY,DAYLIGHT,NON-INCAPACITATING EVIDENT INJURY ACCIDENT,RIGHT ANGLE,45.70277982,-111.0211837
C001642N,000+0.000,BOZEMAN,GALLATIN,NOVEMBER,2017,10:16,MON,INTERSECTION,ON ROADWAY,CLOUDY,DRY,DAYLIGHT,POSSIBLE INJURY ACCIDENT,RIGHT ANGLE,45.70278297,-111.0211758
C001642N,000+0.000,BOZEMAN,GALLATIN,SEPTEMBER,2017,18:28,WED,INTERSECTION,ON ROADWAY,CLEAR,DRY,DAYLIGHT,NON-INCAPACITATING EVIDENT INJURY ACCIDENT,RIGHT ANGLE,45.70279599,-111.0211739
C001642N,000+0.515,BOZEMAN,GALLATIN,APRIL,2017,13:17,SUN,INTERSECTION-RELATED,ON ROADWAY,CLOUDY,DRY,DAYLIGHT,NON-INCAPACITATING EVIDENT INJURY ACCIDENT,HEAD ON,45.69574012,-111.0184402
C001642N,000+0.515,BOZEMAN,GALLATIN,SEPTEMBER,2017,11:00,SAT,INTERSECTION,ROADSIDE LEFT,RAIN,WET,DAYLIGHT,NON-INJURY ACCIDENT (PROPERTY- DAMAGE-ONLY ACCIDENT),ROLL OVER,45.69573782,-111.018436
C001642N,000+0.518,BOZEMAN,GALLATIN,MAY,2017,12:56,WED,INTERSECTION-RELATED,ON ROADWAY,SNOW,SLUSH,DAYLIGHT,NON-INCAPACITATING EVIDENT INJURY ACCIDENT,HEAD ON,45.69573733,-111.0185
C001642N,000+0.518,NOT IN CITY LIMITS,GALLATIN,APRIL,2017,21:30,SUN,INTERSECTION,ROADSIDE RIGHT,CLOUDY,DRY,DARK-LIGHTED,INCAPACITATING INJURY ACCIDENT,ROLL OVER,45.69571062,-111.0184138
C001642N,000+0.575,BOZEMAN,GALLATIN,JULY,2017,23:31,THU,NON-JUNCTION,ROADSIDE LEFT,CLEAR,DRY,DARK-NOT LIGHTED,NON-INCAPACITATING EVIDENT INJURY ACCIDENT,FIXED OBJECT,45.69519483,-111.0192977
C001642N,001+0.126,BOZEMAN,GALLATIN,SEPTEMBER,2017,17:15,FRI,RAILWAY GRADE CROSSING,ON ROADWAY,CLEAR,WET,DAYLIGHT,NON-INCAPACITATING EVIDENT INJURY ACCIDENT,HEAD ON,45.69002536,-111.0278441
C001642N,001+0.292,BOZEMAN,GALLATIN,December,2015,17:11,TUE,INTERSECTION,ON ROADWAY,CLEAR,ICE/FROST,DARK-LIGHTED,POSSIBLE INJURY ACCIDENT,RIGHT ANGLE,45.68766999,-111.0283354
C001642N,001+0.397,BOZEMAN,GALLATIN,March,2015,2:28,WED,NON-JUNCTION,ON ROADWAY,CLEAR,DRY,DARK-LIGHTED,NON-INJURY ACCIDENT (PROPERTY- DAMAGE-ONLY ACCIDENT),"SIDESWIPE, SAME DIRECTION",45.68617264,-111.0283844
C001642N,001+0.474,BOZEMAN,GALLATIN,May,2016,14:57,MON,NON-JUNCTION,ROADSIDE RIGHT,CLEAR,DRY,DAYLIGHT,NON-INJURY ACCIDENT (PROPERTY- DAMAGE-ONLY ACCIDENT),"SIDESWIPE, SAME DIRECTION",45.6850653,-111.0283211
C001642N,001+0.614,BOZEMAN,GALLATIN,January,2015,8:06,FRI,NON-JUNCTION,ON ROADWAY,CLOUDY,ICE/FROST,DAYLIGHT,NON-INJURY ACCIDENT (PROPERTY- DAMAGE-ONLY ACCIDENT),RIGHT ANGLE,45.68305027,-111.0284735
C001642N,001+0.719,BOZEMAN,GALLATIN,January,2013,19:23,THU,INTERSECTION,ON ROADWAY,SNOW,ICE/FROST,DARK-LIGHTED,NON-INJURY ACCIDENT (PROPERTY- DAMAGE-ONLY ACCIDENT),RIGHT ANGLE,45.68151199,-111.0285437
C001642N,001+0.789,BOZEMAN,GALLATIN,February,2016,8:00,MON,INTERSECTION,ON ROADWAY,CLOUDY,DRY,DAYLIGHT,NON-INJURY ACCIDENT (PROPERTY- DAMAGE-ONLY ACCIDENT),RIGHT ANGLE,45.68049061,-111.0285552
C001642N,001+0.789,BOZEMAN,GALLATIN,MAY,2017,10:37,MON,INTERSECTION,ON ROADWAY,CLEAR,DRY,DAYLIGHT,NON-INJURY ACCIDENT (PROPERTY- DAMAGE-ONLY ACCIDENT),RIGHT ANGLE,45.68051633,-111.0285445
C001642N,001+0.868,BOZEMAN,GALLATIN,January,2015,17:55,THU,INTERSECTION,ON ROADWAY,CLEAR,ICE/FROST,DARK-LIGHTED,NON-INJURY ACCIDENT (PROPERTY- DAMAGE-ONLY ACCIDENT),OTHER,45.67937658,-111.0285101
C001642N,001+0.936,BOZEMAN,GALLATIN,May,2013,0:00,WED,INTERSECTION,ON ROADWAY,CLEAR,DRY,DAYLIGHT,NON-INJURY ACCIDENT (PROPERTY- DAMAGE-ONLY ACCIDENT),"SIDESWIPE, SAME DIRECTION",45.67837267,-111.0285028
C001644N,000+0.219,BOZEMAN,GALLATIN,October,2015,5:54,WED,NON-JUNCTION,ON ROADWAY,CLOUDY,DRY,DAWN,NON-INJURY ACCIDENT (PROPERTY- DAMAGE-ONLY ACCIDENT),REAR-END,45.68570927,-111.026601
C001646N,000+0.000,BOZEMAN,GALLATIN,November,2013,15:02,WED,INTERSECTION-RELATED,ON ROADWAY,SNOW,SNOW,DAYLIGHT,NON-INJURY ACCIDENT (PROPERTY- DAMAGE-ONLY ACCIDENT),REAR-END,45.6793884,-111.0259578
C001646N,000+0.000,BOZEMAN,GALLATIN,November,2016,17:13,FRI,INTERSECTION,ON ROADWAY,CLEAR,DRY,DAYLIGHT,NON-INCAPACITATING EVIDENT INJURY ACCIDENT,REAR-END,45.67936917,-111.0259724
C001646N,000+0.000,BOZEMAN,GALLATIN,JANUARY,2017,15:15,FRI,INTERSECTION,ON ROADWAY,CLOUDY,SNOW,DAYLIGHT,NON-INJURY ACCIDENT (PROPERTY- DAMAGE-ONLY ACCIDENT),REAR-END,45.68378761,-111.0243541
C001646N,000+0.011,BOZEMAN,GALLATIN,September,2016,8:30,WED,INTERSECTION-RELATED,ON ROADWAY,CLEAR,DRY,DAYLIGHT,NON-INJURY ACCIDENT (PROPERTY- DAMAGE-ONLY ACCIDENT),"SIDESWIPE, SAME DIRECTION",45.6794976,-111.0259669
C001646N,000+0.315,BOZEMAN,GALLATIN,September,2013,0:05,FRI,NON-JUNCTION,ROADSIDE RIGHT,CLEAR,DRY,DARK-LIGHTED,NON-INJURY ACCIDENT (PROPERTY- DAMAGE-ONLY ACCIDENT),HEAD ON,45.68351887,-111.0245328
C001646N,000+0.367,BOZEMAN,GALLATIN,March,2014,2:08,FRI,INTERSECTION-RELATED,IN PARKING LANE OR ZONE,CLEAR,SLUSH,DARK-NOT LIGHTED,NON-INJURY ACCIDENT (PROPERTY- DAMAGE-ONLY ACCIDENT),RIGHT ANGLE,45.68454874,-111.02404
C001656N,000+0.360,BOZEMAN,GALLATIN,September,2014,6:45,MON,NON-JUNCTION,ROADSIDE RIGHT,CLOUDY,DRY,DAWN,POSSIBLE INJURY ACCIDENT,ROLL OVER,45.68855486,-111.0183211
C001656N,000+0.369,BOZEMAN,GALLATIN,April,2015,22:26,FRI,UNKNOWN,OFF ROADWAY LOCATION UNKNOWN,CLEAR,WET,DARK-NOT LIGHTED,NON-INJURY ACCIDENT (PROPERTY- DAMAGE-ONLY ACCIDENT),OTHER,45.68857351,-111.0180668
C001657N,+,BOZEMAN,GALLATIN,SEPTEMBER,2017,22:07,SAT,INTERSECTION,ON ROADWAY,CLEAR,DRY,DARK-LIGHTED,NON-INJURY ACCIDENT (PROPERTY- DAMAGE-ONLY ACCIDENT),"SIDESWIPE, SAME DIRECTION",45.68574654,-111.0619524
C001657N,000+0.000,BOZEMAN,GALLATIN,September,2014,18:11,THU,INTERSECTION,ON ROADWAY,CLEAR,DRY,DAYLIGHT,POSSIBLE INJURY ACCIDENT,"LEFT TURN, SAME DIRECTION",45.68578198,-111.0620139
C001657N,000+0.000,BOZEMAN,GALLATIN,May,2016,21:56,FRI,INTERSECTION-RELATED,ON ROADWAY,RAIN,WET,DARK-LIGHTED,NON-INJURY ACCIDENT (PROPERTY- DAMAGE-ONLY ACCIDENT),REAR-END,45.68575657,-111.0619784
C001657N,000+0.000,BOZEMAN,GALLATIN,DECEMBER,2017,17:14,MON,INTERSECTION,ON ROADWAY,CLOUDY,SNOW,DUSK,NON-INJURY ACCIDENT (PROPERTY- DAMAGE-ONLY ACCIDENT),RIGHT ANGLE,45.68577636,-111.0619968
C001657N,000+0.000,BOZEMAN,GALLATIN,NOVEMBER,2017,3:38,SAT,ACCELERATION/DECELERATION LANE,ON ROADWAY,CLEAR,SNOW,DARK-LIGHTED,NON-INJURY ACCIDENT (PROPERTY- DAMAGE-ONLY ACCIDENT),"SIDESWIPE, SAME DIRECTION",45.68576596,-111.06198
C001657N,000+0.000,BOZEMAN,GALLATIN,SEPTEMBER,2017,18:27,TUE,INTERSECTION,ON ROADWAY,CLEAR,DRY,DAYLIGHT,NON-INCAPACITATING EVIDENT INJURY ACCIDENT,BICYCLE,45.6857722,-111.0619941
C001657N,000+0.061,BOZEMAN,GALLATIN,July,2013,14:15,TUE,INTERSECTION,ON ROADWAY,CLEAR,DRY,DAYLIGHT,NON-INJURY ACCIDENT (PROPERTY- DAMAGE-ONLY ACCIDENT),RIGHT ANGLE,45.68577184,-111.0632446
C001657N,000+0.091,BOZEMAN,GALLATIN,APRIL,2017,13:16,FRI,NON-JUNCTION,ON ROADWAY,CLOUDY,DRY,DAYLIGHT,NON-INJURY ACCIDENT (PROPERTY- DAMAGE-ONLY ACCIDENT),REAR-END,45.6857589,-111.0639285
C001657N,000+0.114,BOZEMAN,GALLATIN,May,2014,17:14,THU,NON-JUNCTION,IN PARKING LANE OR ZONE,CLEAR,DRY,DAYLIGHT,NON-INCAPACITATING EVIDENT INJURY ACCIDENT,BICYCLE,45.68617501,-111.0643786
C001657N,000+0.116,BOZEMAN,GALLATIN,February,2013,9:21,THU,INTERSECTION,ON ROADWAY,CLOUDY,ICE/FROST,DAYLIGHT,NON-INJURY ACCIDENT (PROPERTY- DAMAGE-ONLY ACCIDENT),RIGHT ANGLE,45.68576599,-111.0643972
C001657N,000+0.380,BOZEMAN,GALLATIN,April,2015,19:20,THU,INTERSECTION-RELATED,ON ROADWAY,RAIN,DRY,DAYLIGHT,NON-INJURY ACCIDENT (PROPERTY- DAMAGE-ONLY ACCIDENT),REAR-END,45.68576726,-111.0698171
C001657N,000+0.388,BOZEMAN,GALLATIN,December,2014,10:51,SUN,INTERSECTION,ON ROADWAY,SNOW,ICE/FROST,DAYLIGHT,NON-INJURY ACCIDENT (PROPERTY- DAMAGE-ONLY ACCIDENT),HEAD ON,45.68575941,-111.0699675
C001657N,000+0.388,BOZEMAN,GALLATIN,December,2016,23:05,TUE,INTERSECTION,ON ROADWAY,CLOUDY,SNOW,DARK-LIGHTED,NON-INJURY ACCIDENT (PROPERTY- DAMAGE-ONLY ACCIDENT),RIGHT ANGLE,45.68575709,-111.0699767
C001657N,000+0.442,BOZEMAN,GALLATIN,December,2015,8:40,FRI,INTERSECTION-RELATED,ON ROADWAY,CLOUDY,ICE/FROST,DAYLIGHT,NON-INJURY ACCIDENT (PROPERTY- DAMAGE-ONLY ACCIDENT),RIGHT ANGLE,45.68567706,-111.0711566
C001657N,000+0.513,BOZEMAN,GALLATIN,March,2016,7:00,MON,INTERSECTION,ON ROADWAY,CLOUDY,DRY,DAYLIGHT,NON-INJURY ACCIDENT (PROPERTY- DAMAGE-ONLY ACCIDENT),RIGHT ANGLE,45.6856976,-111.0725772
C001657N,000+0.636,BOZEMAN,GALLATIN,APRIL,2017,21:12,FRI,INTERSECTION,ON ROADWAY,RAIN,WET,DARK-LIGHTED,NON-INJURY ACCIDENT (PROPERTY- DAMAGE-ONLY ACCIDENT),REAR-END,45.68575745,-111.0751583
C001657N,000+0.644,BOZEMAN,GALLATIN,September,2013,21:43,SAT,INTERSECTION,ON ROADWAY,CLEAR,DRY,DARK-LIGHTED,NON-INJURY ACCIDENT (PROPERTY- DAMAGE-ONLY ACCIDENT),"RIGHT TURN, OPPOSITE DIRECTION",45.68590235,-111.0753231
C001657N,000+0.644,BOZEMAN,GALLATIN,August,2014,12:16,THU,INTERSECTION,ON ROADWAY,CLOUDY,DRY,DAYLIGHT,NON-INJURY ACCIDENT (PROPERTY- DAMAGE-ONLY ACCIDENT),RIGHT ANGLE,45.68569525,-111.0752947
C001657N,001+0.085,BOZEMAN,GALLATIN,May,2016,1:20,FRI,OTHER LOCATION,OUTSIDE RIGHT-OF-WAY (TRAFFICWAY),CLEAR,DRY,DARK-NOT LIGHTED,NON-INJURY ACCIDENT (PROPERTY- DAMAGE-ONLY ACCIDENT),FIXED OBJECT,45.68571624,-111.0844342
C001657N,001+0.100,,GALLATIN,December,2013,13:05,THU,NON-JUNCTION,OFF ROADWAY LOCATION UNKNOWN,CLOUDY,ICE/FROST,DAYLIGHT,NON-INJURY ACCIDENT (PROPERTY- DAMAGE-ONLY ACCIDENT),REAR-END,45.68596333,-111.084815
C001657N,001+0.177,BOZEMAN,GALLATIN,December,2016,17:46,WED,INTERSECTION,ON ROADWAY,CLOUDY,SNOW,DARK-LIGHTED,NON-INJURY ACCIDENT (PROPERTY- DAMAGE-ONLY ACCIDENT),RIGHT ANGLE,45.68571124,-111.0863495
C001657N,001+0.282,BOZEMAN,GALLATIN,MARCH,2017,16:39,FRI,INTERSECTION,ON ROADWAY,CLOUDY,DRY,DAYLIGHT,POSSIBLE INJURY ACCIDENT,REAR-END,45.68572765,-111.0884499
C001657N,001+0.613,BOZEMAN,GALLATIN,April,2014,1:55,SAT,NON-JUNCTION,ON ROADWAY,CLEAR,DRY,DAYLIGHT,POSSIBLE INJURY ACCIDENT,REAR-END,45.68585738,-111.0954075
C001657N,001+0.735,NOT IN CITY LIMITS,GALLATIN,OCTOBER,2017,16:45,THU,NON-JUNCTION,IN PARKING LANE OR ZONE,CLEAR,DRY,DAYLIGHT,NON-INJURY ACCIDENT (PROPERTY- DAMAGE-ONLY ACCIDENT),RIGHT ANGLE,45.6854921,-111.0978864
C001657N,001+0.902,BOZEMAN,GALLATIN,September,2013,8:09,THU,INTERSECTION,ON ROADWAY,CLOUDY,DRY,DAYLIGHT,POSSIBLE INJURY ACCIDENT,REAR-END,45.68576593,-111.1013337
C001657N,001+0.902,BOZEMAN,GALLATIN,February,2013,9:00,WED,INTERSECTION,ON ROADWAY,CLEAR,DRY,DAYLIGHT,NON-INJURY ACCIDENT (PROPERTY- DAMAGE-ONLY ACCIDENT),"SIDESWIPE, SAME DIRECTION",45.68578773,-111.1013099
C001657N,002+0.035,BOZEMAN,GALLATIN,March,2014,18:13,SAT,CROSSOVER-RELATED,ON ROADWAY,RAIN,WET,DAYLIGHT,NON-INJURY ACCIDENT (PROPERTY- DAMAGE-ONLY ACCIDENT),RIGHT ANGLE,45.68580786,-111.1040726
C001657N,002+0.760,BOZEMAN,GALLATIN,October,2013,19:30,SUN,NON-JUNCTION,ROADSIDE RIGHT,RAIN,WET,DARK-NOT LIGHTED,POSSIBLE INJURY ACCIDENT,FIXED OBJECT,45.6857898,-111.1191182
C001657N,002+0.790,,GALLATIN,January,2013,9:00,MON,NON-JUNCTION,SHOULDER,CLEAR,ICE/FROST,DAYLIGHT,POSSIBLE INJURY ACCIDENT,ROLL OVER,45.685715,-111.1197483
C001657N,002+0.808,,GALLATIN,January,2015,22:00,FRI,NON-JUNCTION,ROADSIDE RIGHT,CLOUDY,DRY,DARK-NOT LIGHTED,NON-INJURY ACCIDENT (PROPERTY- DAMAGE-ONLY ACCIDENT),FIXED OBJECT,45.68560875,-111.1200128
C001657N,002+0.842,,GALLATIN,September,2014,3:10,SAT,NON-JUNCTION,ROADSIDE LEFT,CLEAR,DRY,DARK-NOT LIGHTED,NON-INJURY ACCIDENT (PROPERTY- DAMAGE-ONLY ACCIDENT),FIXED OBJECT,45.6855883,-111.1206276
C001657N,002+0.842,,GALLATIN,April,2015,0:00,FRI,NON-JUNCTION,ROADSIDE RIGHT,CLEAR,DRY,DARK-NOT LIGHTED,NON-INJURY ACCIDENT (PROPERTY- DAMAGE-ONLY ACCIDENT),FIXED OBJECT,45.68558486,-111.1206549
C001657N,002+0.880,,GALLATIN,August,2013,19:20,WED,NON-JUNCTION,ON ROADWAY,CLEAR,DRY,DAYLIGHT,INCAPACITATING INJURY ACCIDENT,BICYCLE,45.68562167,-111.1216683
C001657N,002+0.998,NOT IN CITY LIMITS,GALLATIN,DECEMBER,2017,1:21,WED,INTERSECTION,OFF ROADWAY LOCATION UNKNOWN,CLOUDY,DRY,DARK-LIGHTED,NON-INJURY ACCIDENT (PROPERTY- DAMAGE-ONLY ACCIDENT),FIXED OBJECT,45.68556358,-111.1239787
C001657N,003+0.006,,GALLATIN,December,2015,20:15,SAT,NON-JUNCTION,ROADSIDE LEFT,CLEAR,DRY,DARK-NOT LIGHTED,NON-INCAPACITATING EVIDENT INJURY ACCIDENT,ROLL OVER,45.68567706,-111.1241041
C001657N,003+0.010,,GALLATIN,August,2013,7:00,MON,NON-JUNCTION,ROADSIDE LEFT,CLEAR,DRY,DAYLIGHT,NON-INJURY ACCIDENT (PROPERTY- DAMAGE-ONLY ACCIDENT),FIXED OBJECT,45.68555667,-111.1242717
C001657N,003+0.014,,GALLATIN,June,2016,18:45,TUE,INTERSECTION-RELATED,ROADSIDE RIGHT,CLOUDY,DRY,DAYLIGHT,NON-INJURY ACCIDENT (PROPERTY- DAMAGE-ONLY ACCIDENT),FIXED OBJECT,45.68556241,-111.1243038
C001657N,003+0.029,,GALLATIN,October,2016,4:30,FRI,INTERSECTION,ROADSIDE RIGHT,CLOUDY,DRY,DARK-NOT LIGHTED,NON-INJURY ACCIDENT (PROPERTY- DAMAGE-ONLY ACCIDENT),FIXED OBJECT,45.68559852,-111.1245618
C001657N,003+0.034,NOT IN CITY LIMITS,GALLATIN,FEBRUARY,2017,17:35,TUE,INTERSECTION,ON ROADWAY,SNOW,SNOW,DAYLIGHT,NON-INCAPACITATING EVIDENT INJURY ACCIDENT,RIGHT ANGLE,45.68561049,-111.14532
C001657N,003+0.037,,GALLATIN,December,2016,1:30,SAT,INTERSECTION,ROADSIDE LEFT,CLOUDY,ICE/FROST,DARK-NOT LIGHTED,NON-INJURY ACCIDENT (PROPERTY- DAMAGE-ONLY ACCIDENT),FIXED OBJECT,45.68550976,-111.1247394
C001657N,003+0.130,,GALLATIN,May,2013,18:38,TUE,NON-JUNCTION,ROADSIDE LEFT,CLEAR,DRY,DAYLIGHT,INCAPACITATING INJURY ACCIDENT,ROLL OVER,45.68556441,-111.1266382
C001657N,003+0.140,NOT IN CITY LIMITS,GALLATIN,DECEMBER,2017,23:40,THU,NON-JUNCTION,ROADSIDE RIGHT,CLEAR,SLUSH,DARK-NOT LIGHTED,NON-INCAPACITATING EVIDENT INJURY ACCIDENT,FIXED OBJECT,45.68564491,-111.126907
C001657N,003+0.148,,GALLATIN,January,2016,23:42,THU,NON-JUNCTION,ROADSIDE LEFT,SNOW,ICE/FROST,DARK-NOT LIGHTED,NON-INCAPACITATING EVIDENT INJURY ACCIDENT,FIXED OBJECT,45.68549883,-111.126987
C001657N,003+0.190,,GALLATIN,April,2013,16:10,WED,NON-JUNCTION,ROADSIDE LEFT,CLEAR,DRY,DAYLIGHT,NON-INJURY ACCIDENT (PROPERTY- DAMAGE-ONLY ACCIDENT),FIXED OBJECT,45.6855883,-111.1280793
C001657N,003+0.207,,GALLATIN,August,2016,15:30,WED,NON-JUNCTION,ON ROADWAY,CLEAR,DRY,DAYLIGHT,NON-INJURY ACCIDENT (PROPERTY- DAMAGE-ONLY ACCIDENT),DOMESTIC ANIMAL,45.68557526,-111.1281922
C001657N,003+0.247,,GALLATIN,January,2015,17:55,SUN,NON-JUNCTION,ROADSIDE RIGHT,SNOW,ICE/FROST,DARK-NOT LIGHTED,INCAPACITATING INJURY ACCIDENT,FIXED OBJECT,45.68558486,-111.1291448
C001657N,003+0.306,NOT IN CITY LIMITS,GALLATIN,DECEMBER,2017,17:30,SUN,NON-JUNCTION,ROADSIDE LEFT,CLEAR,ICE/FROST,DARK-NOT LIGHTED,NON-INJURY ACCIDENT (PROPERTY- DAMAGE-ONLY ACCIDENT),FIXED OBJECT,45.68564979,-111.1303385
C001657N,003+0.867,,GALLATIN,July,2016,3:00,SAT,NON-JUNCTION,ROADSIDE LEFT,CLEAR,DRY,DARK-NOT LIGHTED,NON-INCAPACITATING EVIDENT INJURY ACCIDENT,ROLL OVER,45.68560196,-111.1419446
C001657N,004+0.025,,GALLATIN,November,2014,16:54,TUE,INTERSECTION,ON ROADWAY,SNOW,SNOW,DAYLIGHT,NON-INJURY ACCIDENT (PROPERTY- DAMAGE-ONLY ACCIDENT),REAR-END,45.68565661,-111.1452094
C001657N,004+0.025,BOZEMAN,GALLATIN,NOVEMBER,2017,8:10,TUE,INTERSECTION-RELATED,ON ROADWAY,CLOUDY,ICE/FROST,DAYLIGHT,NON-INJURY ACCIDENT (PROPERTY- DAMAGE-ONLY ACCIDENT),REAR-END,45.68560875,-111.1451138
C001657N,004+0.025,NOT IN CITY LIMITS,GALLATIN,OCTOBER,2017,17:15,TUE,INTERSECTION,ON ROADWAY,CLOUDY,DRY,DAYLIGHT,NON-INJURY ACCIDENT (PROPERTY- DAMAGE-ONLY ACCIDENT),REAR-END,45.68561898,-111.145189
C001660N,000+0.000,HELENA,GALLATIN,February,2014,13:21,TUE,INTERSECTION-RELATED,ON ROADWAY,,DRY,DAYLIGHT,NON-INJURY ACCIDENT (PROPERTY- DAMAGE-ONLY ACCIDENT),REAR-END,46.58862944,-112.0378713
C001660N,000+0.000,HELENA,GALLATIN,January,2014,12:00,WED,INTERSECTION-RELATED,ON ROADWAY,SNOW,ICE/FROST,DAYLIGHT,NON-INJURY ACCIDENT (PROPERTY- DAMAGE-ONLY ACCIDENT),OTHER,46.58862944,-112.0378713
C001668N,000+0.000,BOZEMAN,GALLATIN,October,2013,17:52,WED,INTERSECTION-RELATED,ON ROADWAY,CLEAR,DRY,DUSK,NON-INJURY ACCIDENT (PROPERTY- DAMAGE-ONLY ACCIDENT),REAR-END,45.65662913,-111.0629232
C001668N,000+0.000,BOZEMAN,GALLATIN,September,2013,15:10,WED,INTERSECTION-RELATED,ON ROADWAY,CLEAR,DRY,DAYLIGHT,NON-INJURY ACCIDENT (PROPERTY- DAMAGE-ONLY ACCIDENT),REAR-END,45.65660847,-111.0629049
C001668N,000+0.000,BOZEMAN,GALLATIN,December,2014,8:40,TUE,INTERSECTION-RELATED,ON ROADWAY,CLOUDY,ICE/FROST,DAYLIGHT,NON-INJURY ACCIDENT (PROPERTY- DAMAGE-ONLY ACCIDENT),"SIDESWIPE, SAME DIRECTION",45.65656001,-111.062933
C001668N,000+0.000,BOZEMAN,GALLATIN,January,2015,13:20,THU,INTERSECTION,ON ROADWAY,CLOUDY,ICE/FROST,DAYLIGHT,POSSIBLE INJURY ACCIDENT,RIGHT ANGLE,45.65657544,-111.0629427
C001668N,000+0.000,BOZEMAN,GALLATIN,APRIL,2017,17:01,THU,INTERSECTION-RELATED,ON ROADWAY,CLOUDY,DRY,DAYLIGHT,NON-INJURY ACCIDENT (PROPERTY- DAMAGE-ONLY ACCIDENT),REAR-END,45.6566181,-111.0629155
C001668N,000+0.012,,GALLATIN,September,2016,8:50,THU,INTERSECTION-RELATED,ON ROADWAY,CLOUDY,DRY,DAYLIGHT,NON-INCAPACITATING EVIDENT INJURY ACCIDENT,REAR-END,45.65652925,-111.0631515
C001668N,000+0.059,BOZEMAN,GALLATIN,FEBRUARY,2017,18:30,FRI,NON-JUNCTION,ON ROADWAY,SNOW,SNOW,DARK-NOT LIGHTED,NON-INJURY ACCIDENT (PROPERTY- DAMAGE-ONLY ACCIDENT),WILD ANIMAL,45.65654834,-111.0640367
C001668N,000+0.139,BOZEMAN,GALLATIN,January,2015,0:00,FRI,NON-JUNCTION,ON ROADWAY,SNOW,SNOW,DAYLIGHT,NON-INJURY ACCIDENT (PROPERTY- DAMAGE-ONLY ACCIDENT),NOT FIXED OBJECT OR DEBRIS,45.65653268,-111.0657539
C001668N,000+0.156,NOT IN CITY LIMITS,GALLATIN,NOVEMBER,2017,10:40,SUN,INTERSECTION,ON ROADWAY,CLOUDY,SNOW,DAYLIGHT,NON-INJURY ACCIDENT (PROPERTY- DAMAGE-ONLY ACCIDENT),RIGHT ANGLE,45.65649169,-111.0661022
C001668N,000+0.207,,GALLATIN,November,2014,8:30,THU,INTERSECTION-RELATED,SHOULDER,CLOUDY,ICE/FROST,DAYLIGHT,NON-INJURY ACCIDENT (PROPERTY- DAMAGE-ONLY ACCIDENT),FIXED OBJECT,45.6566,-111.06713
C001668N,000+0.320,,GALLATIN,November,2014,17:40,FRI,INTERSECTION,ON ROADWAY,SNOW,ICE/FROST,DARK-NOT LIGHTED,NON-INJURY ACCIDENT (PROPERTY- DAMAGE-ONLY ACCIDENT),HEAD ON,45.656655,-111.06944
C001668N,000+0.330,NOT IN CITY LIMITS,GALLATIN,DECEMBER,2017,8:30,THU,INTERSECTION-RELATED,ON ROADWAY,CLEAR,ICE/FROST,DAYLIGHT,NON-INJURY ACCIDENT (PROPERTY- DAMAGE-ONLY ACCIDENT),REAR-END,45.65657874,-111.0697001
C001668N,000+0.370,BOZEMAN,GALLATIN,August,2015,21:30,SUN,NON-JUNCTION,ON ROADWAY,CLEAR,DRY,DARK-NOT LIGHTED,NON-INJURY ACCIDENT (PROPERTY- DAMAGE-ONLY ACCIDENT),DOMESTIC ANIMAL,45.65666922,-111.0705077
C001668N,000+0.508,BOZEMAN,GALLATIN,November,2015,18:20,FRI,NON-JUNCTION,ON ROADWAY,CLEAR,DRY,DARK-NOT LIGHTED,NON-INJURY ACCIDENT (PROPERTY- DAMAGE-ONLY ACCIDENT),WILD ANIMAL,45.65666587,-111.0734173
C001668N,000+0.733,NOT IN CITY LIMITS,GALLATIN,JANUARY,2017,0:00,FRI,INTERSECTION-RELATED,OFF ROADWAY LOCATION UNKNOWN,CLEAR,DRY,DUSK,NON-INJURY ACCIDENT (PROPERTY- DAMAGE-ONLY ACCIDENT),FIXED OBJECT,45.65657365,-111.0833749
C001668N,000+0.874,,GALLATIN,October,2016,20:30,THU,NON-JUNCTION,ON ROADWAY,CLEAR,DRY,DARK-NOT LIGHTED,NON-INJURY ACCIDENT (PROPERTY- DAMAGE-ONLY ACCIDENT),DOMESTIC ANIMAL,45.65663498,-111.0810589