MDT_CORRIDOR_ID,SMS_REFPOST_OFFSET,CITY,COUNTY,Month,Year,SMS_TIME,SMT_CRASH_OCC_DAY_OF_WEEK,JUNCTION_RELATED,ROADWAY_RELATED,WEATHER_COND,ROAD_COND,LIGHT_COND,CRASH_SEVERITY,COLLISION_TYPE,LATITUDE,LONGITUDE
C001668N,000+0.910,,GALLATIN,June,2015,17:17,SUN,NON-JUNCTION,ON ROADWAY,CLEAR,DRY,DAYLIGHT,POSSIBLE INJURY ACCIDENT,HEAD ON,45.65658646,-111.0816995
C001668N,000+0.989,,GALLATIN,January,2014,12:16,SAT,INTERSECTION,ROADSIDE RIGHT,CLOUDY,DRY,DAYLIGHT,NON-INJURY ACCIDENT (PROPERTY- DAMAGE-ONLY ACCIDENT),FIXED OBJECT,45.65658792,-111.0833376
C001668N,001+0.040,NOT IN CITY LIMITS,GALLATIN,JANUARY,2017,15:30,TUE,NON-JUNCTION,ROADSIDE LEFT,SNOW,SNOW,DAYLIGHT,NON-INJURY ACCIDENT (PROPERTY- DAMAGE-ONLY ACCIDENT),ROLL OVER,45.65659412,-111.0844412
C001668N,001+0.432,,GALLATIN,April,2014,0:00,MON,NON-JUNCTION,ROADSIDE RIGHT,SNOW,SNOW,DARK-NOT LIGHTED,NON-INJURY ACCIDENT (PROPERTY- DAMAGE-ONLY ACCIDENT),FIXED OBJECT,45.65652925,-111.0924463
C001668N,001+0.441,NOT IN CITY LIMITS,GALLATIN,JANUARY,2017,18:30,MON,NON-JUNCTION,ROADSIDE RIGHT,CLEAR,ICE/FROST,DARK-NOT LIGHTED,NON-INJURY ACCIDENT (PROPERTY- DAMAGE-ONLY ACCIDENT),FIXED OBJECT,45.65662129,-111.0927147
C001668N,001+0.500,,GALLATIN,July,2013,23:05,FRI,NON-JUNCTION,ON ROADWAY,CLEAR,DRY,DARK-NOT LIGHTED,POSSIBLE INJURY ACCIDENT,DOMESTIC ANIMAL,45.65653915,-111.0939679
C001668N,001+0.510,NOT IN CITY LIMITS,GALLATIN,JANUARY,2017,23:45,SUN,NON-JUNCTION,ON ROADWAY,CLEAR,ICE/FROST,DARK-NOT LIGHTED,NON-INJURY ACCIDENT (PROPERTY- DAMAGE-ONLY ACCIDENT),DOMESTIC ANIMAL,45.65664622,-111.0940271
C001668N,001+0.510,NOT IN CITY LIMITS,GALLATIN,OCTOBER,2017,7:45,TUE,NON-JUNCTION,ROADSIDE RIGHT,CLOUDY,ICE/FROST,DAYLIGHT,NON-INJURY ACCIDENT (PROPERTY- DAMAGE-ONLY ACCIDENT),FIXED OBJECT,45.65648938,-111.0940226
C001668N,001+0.602,,GALLATIN,November,2014,9:25,THU,NON-JUNCTION,ROADSIDE LEFT,CLEAR,ICE/FROST,DAYLIGHT,NON-INJURY ACCIDENT (PROPERTY- DAMAGE-ONLY ACCIDENT),FIXED OBJECT,45.65653668,-111.0960021
C001668N,001+0.626,BOZEMAN,GALLATIN,January,2015,11:19,MON,DRIVEWAY/ALLEY ACCESS RELATED,SHOULDER,CLEAR,SNOW,DAYLIGHT,NON-INJURY ACCIDENT (PROPERTY- DAMAGE-ONLY ACCIDENT),FIXED OBJECT,45.65659756,-111.0965511
C001668N,001+0.891,NOT IN CITY LIMITS,GALLATIN,NOVEMBER,2017,21:41,MON,NON-JUNCTION,ROADSIDE LEFT,CLOUDY,ICE/FROST,DARK-NOT LIGHTED,NON-INJURY ACCIDENT (PROPERTY- DAMAGE-ONLY ACCIDENT),FIXED OBJECT,45.65652982,-111.101903
C001668N,001+0.939,,GALLATIN,November,2015,0:00,THU,NON-JUNCTION,ON ROADWAY,CLOUDY,WET,DARK-NOT LIGHTED,NON-INJURY ACCIDENT (PROPERTY- DAMAGE-ONLY ACCIDENT),"SIDESWIPE, SAME DIRECTION",45.65653947,-111.1029784
C001668N,001+0.976,NOT IN CITY LIMITS,GALLATIN,OCTOBER,2017,13:10,SUN,NON-JUNCTION,ON ROADWAY,CLOUDY,DRY,DAYLIGHT,NON-INJURY ACCIDENT (PROPERTY- DAMAGE-ONLY ACCIDENT),REAR TO FRONT,45.65656219,-111.1036944
C001668N,001+0.987,,GALLATIN,June,2015,19:50,TUE,INTERSECTION-RELATED,ROADSIDE RIGHT,RAIN,WET,DAYLIGHT,NON-INJURY ACCIDENT (PROPERTY- DAMAGE-ONLY ACCIDENT),FIXED OBJECT,45.65660778,-111.1039483
C001668N,001+0.995,,GALLATIN,October,2015,1:55,SAT,INTERSECTION,ON ROADWAY,CLOUDY,DRY,DARK-NOT LIGHTED,NON-INCAPACITATING EVIDENT INJURY ACCIDENT,REAR-END,45.65652925,-111.1041053
C001668N,002+0.000,,GALLATIN,June,2013,16:40,THU,INTERSECTION,ON ROADWAY,CLEAR,DRY,DAYLIGHT,INCAPACITATING INJURY ACCIDENT,RIGHT ANGLE,45.6565668,-111.1042556
C001668N,002+0.020,,GALLATIN,February,2013,17:15,SAT,INTERSECTION,ON ROADWAY,CLEAR,SLUSH,DAYLIGHT,NON-INJURY ACCIDENT (PROPERTY- DAMAGE-ONLY ACCIDENT),HEAD ON,45.656535,-111.10472
C001668N,002+0.025,NOT IN CITY LIMITS,GALLATIN,OCTOBER,2017,13:00,SUN,NON-JUNCTION,ROADSIDE RIGHT,CLOUDY,DRY,DAYLIGHT,NON-INJURY ACCIDENT (PROPERTY- DAMAGE-ONLY ACCIDENT),FIXED OBJECT,45.65657367,-111.1046927
C001668N,002+0.340,,GALLATIN,June,2015,16:20,THU,DRIVEWAY/ALLEY ACCESS RELATED,ROADSIDE LEFT,CLEAR,DRY,DAYLIGHT,NON-INJURY ACCIDENT (PROPERTY- DAMAGE-ONLY ACCIDENT),FIXED OBJECT,45.65659412,-111.111318
C001668N,002+0.383,,GALLATIN,November,2015,12:30,FRI,NON-JUNCTION,ROADSIDE RIGHT,CLOUDY,SLUSH,DAYLIGHT,NON-INJURY ACCIDENT (PROPERTY- DAMAGE-ONLY ACCIDENT),FIXED OBJECT,45.65653833,-111.112165
C001668N,002+0.899,,GALLATIN,May,2014,8:00,FRI,DRIVEWAY/ALLEY ACCESS RELATED,SHOULDER,CLEAR,DRY,DAYLIGHT,NON-INJURY ACCIDENT (PROPERTY- DAMAGE-ONLY ACCIDENT),FIXED OBJECT,45.65657702,-111.1227859
C001668N,002+0.944,,GALLATIN,September,2015,15:05,SUN,NON-JUNCTION,ROADSIDE RIGHT,CLEAR,DRY,DAYLIGHT,NON-INJURY ACCIDENT (PROPERTY- DAMAGE-ONLY ACCIDENT),ROLL OVER,45.65652925,-111.1237285
C001668N,002+0.984,NOT IN CITY LIMITS,GALLATIN,NOVEMBER,2017,7:30,TUE,INTERSECTION,ON ROADWAY,SNOW,SNOW,DAYLIGHT,NON-INJURY ACCIDENT (PROPERTY- DAMAGE-ONLY ACCIDENT),RIGHT ANGLE,45.65655056,-111.1245355
C001668N,002+0.989,NOT IN CITY LIMITS,GALLATIN,NOVEMBER,2017,10:29,TUE,INTERSECTION-RELATED,ROADSIDE LEFT,CLOUDY,ICE/FROST,DAYLIGHT,NON-INJURY ACCIDENT (PROPERTY- DAMAGE-ONLY ACCIDENT),ROLL OVER,45.65654225,-111.1246663
C001668N,002+1.002,,GALLATIN,May,2016,11:15,MON,INTERSECTION,ON ROADWAY,RAIN,WET,DAYLIGHT,NON-INJURY ACCIDENT (PROPERTY- DAMAGE-ONLY ACCIDENT),REAR TO FRONT,45.6565668,-111.1248896
C001668N,002+1.002,NOT IN CITY LIMITS,GALLATIN,OCTOBER,2017,12:50,MON,INTERSECTION-RELATED,ROADSIDE RIGHT,CLEAR,DRY,DAYLIGHT,NON-INJURY ACCIDENT (PROPERTY- DAMAGE-ONLY ACCIDENT),ROLL OVER,45.6565216,-111.1248694
C001677N,000+0.243,BOZEMAN,GALLATIN,NOVEMBER,2017,10:17,FRI,NON-JUNCTION,ROADSIDE RIGHT,CLOUDY,SNOW,DAYLIGHT,NON-INJURY ACCIDENT (PROPERTY- DAMAGE-ONLY ACCIDENT),RIGHT ANGLE,45.64987652,-111.0367677
C001677N,000+0.250,BOZEMAN,GALLATIN,NOVEMBER,2017,11:00,FRI,NON-JUNCTION,ROADSIDE RIGHT,CLOUDY,SNOW,DAYLIGHT,NON-INJURY ACCIDENT (PROPERTY- DAMAGE-ONLY ACCIDENT),REAR-END,45.64984463,-111.036593
C001677N,000+0.451,BOZEMAN,GALLATIN,August,2013,12:26,FRI,INTERSECTION-RELATED,ON ROADWAY,CLEAR,DRY,DAYLIGHT,NON-INJURY ACCIDENT (PROPERTY- DAMAGE-ONLY ACCIDENT),OTHER,45.64716974,-111.0353931
C001678N,000+0.096,BOZEMAN,GALLATIN,OCTOBER,2017,18:16,MON,INTERSECTION,ON ROADWAY,CLEAR,DRY,DAYLIGHT,NON-INCAPACITATING EVIDENT INJURY ACCIDENT,BICYCLE,45.64944118,-111.0443607
C001679N,000+0.240,BOZEMAN,GALLATIN,December,2013,7:47,MON,INTERSECTION-RELATED,ON ROADWAY,CLEAR,ICE/FROST,DAYLIGHT,POSSIBLE INJURY ACCIDENT,REAR-END,45.68579739,-111.0643948
C001680N,000+0.009,BOZEMAN,GALLATIN,March,2015,16:40,SAT,NON-JUNCTION,IN PARKING LANE OR ZONE,CLEAR,DRY,DAYLIGHT,UNKNOWN,REAR-END,45.68228733,-111.0657209
C001680N,000+0.439,BOZEMAN,GALLATIN,April,2014,11:11,TUE,OTHER LOCATION,UNKNOWN,CLOUDY,DRY,DAYLIGHT,NON-INJURY ACCIDENT (PROPERTY- DAMAGE-ONLY ACCIDENT),REAR TO FRONT,45.68803372,-111.064182
C001680N,000+0.473,BOZEMAN,GALLATIN,May,2014,14:11,THU,INTERSECTION,ON ROADWAY,CLOUDY,DRY,DAYLIGHT,NON-INJURY ACCIDENT (PROPERTY- DAMAGE-ONLY ACCIDENT),HEAD ON,45.68821518,-111.0635871
C001680N,000+0.473,BOZEMAN,GALLATIN,November,2015,0:03,WED,INTERSECTION,ON ROADWAY,SNOW,SNOW,DARK-LIGHTED,NON-INJURY ACCIDENT (PROPERTY- DAMAGE-ONLY ACCIDENT),FIXED OBJECT,45.68833231,-111.063607
C001680N,000+0.537,BOZEMAN,GALLATIN,April,2014,11:31,SAT,INTERSECTION,ON ROADWAY,CLOUDY,DRY,DAYLIGHT,NON-INJURY ACCIDENT (PROPERTY- DAMAGE-ONLY ACCIDENT),REAR-END,45.68829042,-111.0623117
C001682N,000+0.000,BOZEMAN,GALLATIN,September,2016,8:00,FRI,INTERSECTION-RELATED,ON ROADWAY,CLEAR,DRY,DAYLIGHT,NON-INJURY ACCIDENT (PROPERTY- DAMAGE-ONLY ACCIDENT),RIGHT ANGLE,45.67116311,-111.0674983
C001682N,000+0.000,BOZEMAN,GALLATIN,August,2016,17:29,MON,INTERSECTION,ON ROADWAY,CLOUDY,DRY,DAYLIGHT,NON-INJURY ACCIDENT (PROPERTY- DAMAGE-ONLY ACCIDENT),REAR-END,45.67118274,-111.0674838
C001682N,000+0.060,BOZEMAN,GALLATIN,October,2016,17:17,FRI,NON-JUNCTION,ON ROADWAY,CLOUDY,WET,DAYLIGHT,NON-INCAPACITATING EVIDENT INJURY ACCIDENT,HEAD ON,45.67031743,-111.0672411
C001685N,000+0.057,BOZEMAN,GALLATIN,November,2015,15:32,WED,INTERSECTION,ON ROADWAY,CLOUDY,SNOW,DAYLIGHT,NON-INJURY ACCIDENT (PROPERTY- DAMAGE-ONLY ACCIDENT),RIGHT ANGLE,45.69246241,-111.0659414
C001687N,000+0.000,BOZEMAN,GALLATIN,November,2013,17:32,TUE,INTERSECTION,ON ROADWAY,CLEAR,DRY,DUSK,NON-INCAPACITATING EVIDENT INJURY ACCIDENT,BICYCLE,45.68852455,-111.0660034
C001688N,000+0.208,BOZEMAN,GALLATIN,November,2015,21:56,WED,NON-JUNCTION,ON ROADWAY,CLEAR,OTHER,DARK-LIGHTED,NON-INCAPACITATING EVIDENT INJURY ACCIDENT,"SIDESWIPE, SAME DIRECTION",45.68995807,-111.067154
C001696N,000+0.085,BOZEMAN,GALLATIN,June,2015,18:01,TUE,INTERSECTION,ON ROADWAY,CLEAR,DRY,DAYLIGHT,NON-INJURY ACCIDENT (PROPERTY- DAMAGE-ONLY ACCIDENT),RIGHT ANGLE,45.67960785,-111.0864507
C001696N,000+0.266,BOZEMAN,GALLATIN,January,2015,14:07,THU,NON-JUNCTION,ROADSIDE LEFT,CLEAR,ICE/FROST,DAYLIGHT,NON-INCAPACITATING EVIDENT INJURY ACCIDENT,FIXED OBJECT,45.68220703,-111.0864153
C001696N,000+0.493,BOZEMAN,GALLATIN,September,2015,19:30,FRI,INTERSECTION-RELATED,ON ROADWAY,CLEAR,DRY,DAYLIGHT,NON-INJURY ACCIDENT (PROPERTY- DAMAGE-ONLY ACCIDENT),HEAD ON,45.68555597,-111.0863581
C001696N,000+0.509,BOZEMAN,GALLATIN,APRIL,2017,9:25,SAT,THROUGH ROADWAY,ON ROADWAY,CLEAR,DRY,DAYLIGHT,NON-INCAPACITATING EVIDENT INJURY ACCIDENT,BICYCLE,45.6857227,-111.0863573
C001698N,000+0.273,BOZEMAN,GALLATIN,July,2014,12:20,SUN,NON-JUNCTION,IN PARKING LANE OR ZONE,CLEAR,DRY,DAYLIGHT,NON-INJURY ACCIDENT (PROPERTY- DAMAGE-ONLY ACCIDENT),REAR-END,45.64771559,-111.0462121
C001700N,000+0.499,,GALLATIN,December,2016,14:30,TUE,INTERSECTION,ON ROADWAY,CLOUDY,ICE/FROST,DAYLIGHT,NON-INJURY ACCIDENT (PROPERTY- DAMAGE-ONLY ACCIDENT),RIGHT ANGLE,45.64512,-111.04186
C001700N,000+0.796,BOZEMAN,GALLATIN,November,2015,18:10,SUN,INTERSECTION,ON ROADWAY,CLEAR,DRY,DARK-NOT LIGHTED,NON-INJURY ACCIDENT (PROPERTY- DAMAGE-ONLY ACCIDENT),FIXED OBJECT,45.64948694,-111.0418277
C001704N,000+0.040,BOZEMAN,GALLATIN,July,2016,3:20,SUN,NON-JUNCTION,SHOULDER,CLEAR,DRY,DARK-LIGHTED,NON-INJURY ACCIDENT (PROPERTY- DAMAGE-ONLY ACCIDENT),FIXED OBJECT,45.67116711,-111.0371452
C001705N,000+0.000,,GALLATIN,February,2013,20:40,WED,INTERSECTION,ON ROADWAY,SNOW,ICE/FROST,DARK-NOT LIGHTED,POSSIBLE INJURY ACCIDENT,REAR-END,45.63467333,-111.0624467
C001705N,000+0.000,BOZEMAN,GALLATIN,November,2015,11:00,TUE,NON-JUNCTION,ROADSIDE LEFT,SNOW,SLUSH,DAYLIGHT,NON-INJURY ACCIDENT (PROPERTY- DAMAGE-ONLY ACCIDENT),FIXED OBJECT,45.63459,-111.06264
C001705N,000+0.000,BOZEMAN,GALLATIN,September,2016,7:12,WED,NON-JUNCTION,ON ROADWAY,CLOUDY,DRY,DAYLIGHT,NON-INJURY ACCIDENT (PROPERTY- DAMAGE-ONLY ACCIDENT),"SIDESWIPE, OPPOSITE DIRECTION",45.63459,-111.06264
C001705N,000+0.006,,GALLATIN,January,2014,10:00,SAT,INTERSECTION-RELATED,ON ROADWAY,CLEAR,DRY,DAYLIGHT,NON-INJURY ACCIDENT (PROPERTY- DAMAGE-ONLY ACCIDENT),HEAD ON,45.63465558,-111.0625369
C001705N,000+0.022,,GALLATIN,March,2016,8:15,WED,INTERSECTION,ON ROADWAY,CLEAR,WET,DAYLIGHT,POSSIBLE INJURY ACCIDENT,REAR-END,45.63463926,-111.0621296
C001705N,000+0.300,,GALLATIN,December,2013,2:30,SUN,DRIVEWAY/ALLEY ACCESS RELATED,ROADSIDE RIGHT,CLOUDY,ICE/FROST,DARK-NOT LIGHTED,NON-INJURY ACCIDENT (PROPERTY- DAMAGE-ONLY ACCIDENT),FIXED OBJECT,45.63465558,-111.0562121
C001705N,000+0.506,BOZEMAN,GALLATIN,December,2014,10:00,SUN,INTERSECTION-RELATED,ON ROADWAY,SNOW,SNOW,DAYLIGHT,NON-INJURY ACCIDENT (PROPERTY- DAMAGE-ONLY ACCIDENT),FIXED OBJECT,45.63485364,-111.0522301
C001705N,000+0.530,,GALLATIN,November,2013,0:00,MON,INTERSECTION-RELATED,ROADSIDE LEFT,CLEAR,ICE/FROST,DARK-NOT LIGHTED,NON-INJURY ACCIDENT (PROPERTY- DAMAGE-ONLY ACCIDENT),FIXED OBJECT,45.63479006,-111.0515056
C001705N,001+0.195,,GALLATIN,January,2014,18:18,SUN,NON-JUNCTION,ROADSIDE LEFT,CLEAR,DRY,DARK-LIGHTED,NON-INJURY ACCIDENT (PROPERTY- DAMAGE-ONLY ACCIDENT),FIXED OBJECT,45.63488776,-111.0378252
C001705N,001+0.208,,GALLATIN,May,2014,0:05,TUE,NON-JUNCTION,SHOULDER,CLOUDY,DRY,DARK-NOT LIGHTED,NON-INCAPACITATING EVIDENT INJURY ACCIDENT,ROLL OVER,45.6348741,-111.037634
C001705N,001+0.248,NOT IN CITY LIMITS,GALLATIN,JANUARY,2017,12:25,WED,INTERSECTION,ON ROADWAY,CLEAR,ICE/FROST,DAYLIGHT,POSSIBLE INJURY ACCIDENT,RIGHT ANGLE,45.63483212,-111.0344658
C001705N,001+0.250,,GALLATIN,July,2013,21:30,TUE,NON-JUNCTION,ROADSIDE RIGHT,CLOUDY,DRY,DARK-NOT LIGHTED,NON-INJURY ACCIDENT (PROPERTY- DAMAGE-ONLY ACCIDENT),ROLL OVER,45.634845,-111.0366567
C001705N,001+0.377,BOZEMAN,GALLATIN,November,2015,15:30,MON,INTERSECTION,ON ROADWAY,RAIN,DRY,DAYLIGHT,NON-INJURY ACCIDENT (PROPERTY- DAMAGE-ONLY ACCIDENT),RIGHT ANGLE,45.6347819,-111.0340891
C001705N,001+0.389,,GALLATIN,June,2015,11:10,TUE,INTERSECTION,ON ROADWAY,CLOUDY,DRY,DAYLIGHT,NON-INJURY ACCIDENT (PROPERTY- DAMAGE-ONLY ACCIDENT),"LEFT TURN, OPPOSITE DIRECTION",45.63468871,-111.0339102
C001705N,001+0.447,BOZEMAN,GALLATIN,November,2015,21:25,FRI,NON-JUNCTION,ON ROADWAY,CLOUDY,ICE/FROST,DAYLIGHT,NON-INJURY ACCIDENT (PROPERTY- DAMAGE-ONLY ACCIDENT),WILD ANIMAL,45.63485978,-111.0327692
C001705N,001+0.876,,GALLATIN,January,2014,8:40,THU,INTERSECTION,ON ROADWAY,CLOUDY,ICE/FROST,DAYLIGHT,POSSIBLE INJURY ACCIDENT,RIGHT ANGLE,45.63473068,-111.0239122
C001705N,001+0.977,NOT IN CITY LIMITS,GALLATIN,DECEMBER,2017,11:00,FRI,INTERSECTION,ON ROADWAY,CLOUDY,SNOW,DAYLIGHT,NON-INJURY ACCIDENT (PROPERTY- DAMAGE-ONLY ACCIDENT),RIGHT ANGLE,45.63471035,-111.0218573
C001706N,000+0.569,,GALLATIN,October,2015,16:35,TUE,INTERSECTION,ON ROADWAY,CLEAR,DRY,DAYLIGHT,NON-INCAPACITATING EVIDENT INJURY ACCIDENT,RIGHT ANGLE,45.63472389,-111.0273135
C001707N,000+0.570,,GALLATIN,November,2013,8:45,SUN,NON-JUNCTION,OFF ROADWAY LOCATION UNKNOWN,CLOUDY,DRY,DAYLIGHT,NON-INJURY ACCIDENT (PROPERTY- DAMAGE-ONLY ACCIDENT),NOT FIXED OBJECT OR DEBRIS,45.63669439,-111.0299773
C001707N,000+0.578,,GALLATIN,February,2014,14:50,FRI,DRIVEWAY/ALLEY ACCESS RELATED,ON ROADWAY,CLEAR,SNOW,DAYLIGHT,NON-INJURY ACCIDENT (PROPERTY- DAMAGE-ONLY ACCIDENT),RIGHT ANGLE,45.63674904,-111.0298817
C001714N,000+0.000,BOZEMAN,GALLATIN,December,2014,21:39,THU,INTERSECTION,ON ROADWAY,CLEAR,DRY,DARK-LIGHTED,NON-INJURY ACCIDENT (PROPERTY- DAMAGE-ONLY ACCIDENT),RIGHT ANGLE,45.65711566,-111.0263085
C001714N,000+0.000,BOZEMAN,GALLATIN,October,2016,14:44,WED,INTERSECTION,ON ROADWAY,CLOUDY,DRY,DAYLIGHT,POSSIBLE INJURY ACCIDENT,RIGHT ANGLE,45.65707771,-111.0262925
C001714N,000+0.243,BOZEMAN,GALLATIN,OCTOBER,2017,18:50,THU,NON-JUNCTION,ROADSIDE RIGHT,CLEAR,DRY,DUSK,NON-INJURY ACCIDENT (PROPERTY- DAMAGE-ONLY ACCIDENT),FIXED OBJECT,45.65366027,-111.025455
C001714N,000+0.465,,GALLATIN,November,2016,18:40,MON,NON-JUNCTION,SHOULDER,SNOW,ICE/FROST,DARK-NOT LIGHTED,NON-INJURY ACCIDENT (PROPERTY- DAMAGE-ONLY ACCIDENT),FIXED OBJECT,45.65038587,-111.0250683
C001714N,000+0.540,,GALLATIN,September,2014,23:30,FRI,NON-JUNCTION,OFF ROADWAY LOCATION UNKNOWN,CLEAR,DRY,DARK-NOT LIGHTED,NON-INJURY ACCIDENT (PROPERTY- DAMAGE-ONLY ACCIDENT),FIXED OBJECT,45.64948727,-111.0246156
C001714N,000+0.549,,GALLATIN,July,2016,9:15,TUE,NON-JUNCTION,ON ROADWAY,CLEAR,DRY,DAYLIGHT,NON-INCAPACITATING EVIDENT INJURY ACCIDENT,BICYCLE,45.64931047,-111.0245496
C001714N,001+0.265,NOT IN CITY LIMITS,GALLATIN,FEBRUARY,2017,14:45,SAT,NON-JUNCTION,ROADSIDE RIGHT,CLEAR,DRY,DAYLIGHT,NON-INCAPACITATING EVIDENT INJURY ACCIDENT,FIXED OBJECT,45.63889675,-111.0235449
C001714N,001+0.325,,GALLATIN,August,2016,20:40,SUN,NON-JUNCTION,ON ROADWAY,CLEAR,DRY,DARK-NOT LIGHTED,NON-INJURY ACCIDENT (PROPERTY- DAMAGE-ONLY ACCIDENT),WILD ANIMAL,45.63811102,-111.0229925
C001714N,001+0.407,NOT IN CITY LIMITS,GALLATIN,MAY,2017,21:05,THU,NON-JUNCTION,ON ROADWAY,CLEAR,DRY,DARK-NOT LIGHTED,NON-INJURY ACCIDENT (PROPERTY- DAMAGE-ONLY ACCIDENT),WILD ANIMAL,45.63708254,-111.0222124
C001714N,001+0.580,,GALLATIN,July,2013,22:00,TUE,NON-JUNCTION,ON ROADWAY,CLOUDY,DRY,DARK-NOT LIGHTED,NON-INCAPACITATING EVIDENT INJURY ACCIDENT,ROLL OVER,45.63456673,-111.0216718
C001714N,001+0.585,,GALLATIN,May,2015,11:20,SUN,INTERSECTION,ON ROADWAY,CLEAR,DRY,DAYLIGHT,NON-INCAPACITATING EVIDENT INJURY ACCIDENT,RIGHT ANGLE,45.63457704,-111.0216308
C001714N,002+0.420,,GALLATIN,April,2016,13:25,FRI,NON-JUNCTION,OUTSIDE RIGHT-OF-WAY (TRAFFICWAY),SNOW,WET,DAYLIGHT,NON-INJURY ACCIDENT (PROPERTY- DAMAGE-ONLY ACCIDENT),FIXED OBJECT,45.62255588,-111.0216103
C001747N,000+0.056,BOZEMAN,GALLATIN,March,2016,10:58,TUE,DRIVEWAY/ALLEY ACCESS RELATED,ON ROADWAY,CLOUDY,DRY,DAYLIGHT,NON-INCAPACITATING EVIDENT INJURY ACCIDENT,RIGHT ANGLE,45.67195654,-111.0833872
C001714N,002+0.618,NOT IN CITY LIMITS,GALLATIN,APRIL,2017,17:30,WED,NON-JUNCTION,ON ROADWAY,CLOUDY,DRY,DAYLIGHT,NON-INJURY ACCIDENT (PROPERTY- DAMAGE-ONLY ACCIDENT),WILD ANIMAL,45.6196974,-111.0218562
C001714N,003+0.903,NOT IN CITY LIMITS,GALLATIN,JUNE,2017,1:40,SAT,NON-JUNCTION,ROADSIDE RIGHT,CLEAR,DRY,DARK-NOT LIGHTED,INCAPACITATING INJURY ACCIDENT,ROLL OVER,45.60077299,-111.0219144
C001715N,000+0.067,,GALLATIN,November,2016,15:45,SUN,NON-JUNCTION,ROADSIDE RIGHT,CLEAR,DRY,DAYLIGHT,NON-INJURY ACCIDENT (PROPERTY- DAMAGE-ONLY ACCIDENT),FIXED OBJECT,45.64578,-111.01869
C001719N,000+0.007,NOT IN CITY LIMITS,GALLATIN,OCTOBER,2017,7:58,THU,NON-JUNCTION,ROADSIDE RIGHT,SNOW,ICE/FROST,DAYLIGHT,NON-INJURY ACCIDENT (PROPERTY- DAMAGE-ONLY ACCIDENT),ROLL OVER,45.65638831,-110.9967331
C001721N,000+0.000,,GALLATIN,February,2016,12:15,SAT,INTERSECTION,ON ROADWAY,CLEAR,ICE/FROST,DAYLIGHT,NON-INJURY ACCIDENT (PROPERTY- DAMAGE-ONLY ACCIDENT),RIGHT ANGLE,45.65650871,-110.9906901
C001721N,000+0.425,NOT IN CITY LIMITS,GALLATIN,AUGUST,2017,19:58,TUE,INTERSECTION,ON ROADWAY,CLOUDY,DRY,DUSK,NON-INJURY ACCIDENT (PROPERTY- DAMAGE-ONLY ACCIDENT),RIGHT ANGLE,45.66262859,-110.9908199
C001723N,000+0.370,,GALLATIN,November,2013,11:00,WED,NON-JUNCTION,ROADSIDE RIGHT,SNOW,SNOW,DAYLIGHT,NON-INJURY ACCIDENT (PROPERTY- DAMAGE-ONLY ACCIDENT),FIXED OBJECT,45.66633741,-110.9872614
C001723N,000+0.440,,GALLATIN,July,2013,15:35,MON,INTERSECTION,ON ROADWAY,CLEAR,DRY,DAYLIGHT,NON-INCAPACITATING EVIDENT INJURY ACCIDENT,RIGHT ANGLE,45.666252,-110.9886752
C001723N,000+0.440,,GALLATIN,June,2013,18:30,THU,INTERSECTION,ON ROADWAY,CLEAR,DRY,DAYLIGHT,NON-INJURY ACCIDENT (PROPERTY- DAMAGE-ONLY ACCIDENT),RIGHT ANGLE,45.66622833,-110.988825
C001728N,000+0.409,,GALLATIN,February,2015,12:10,WED,NON-JUNCTION,SHOULDER,CLOUDY,ICE/FROST,DAYLIGHT,NON-INCAPACITATING EVIDENT INJURY ACCIDENT,ROLL OVER,45.65081505,-111.0099267
C001732N,000+0.161,BOZEMAN,GALLATIN,December,2015,19:22,SAT,NON-JUNCTION,ON ROADWAY,SNOW,SNOW,DARK-NOT LIGHTED,NON-INJURY ACCIDENT (PROPERTY- DAMAGE-ONLY ACCIDENT),"SIDESWIPE, OPPOSITE DIRECTION",45.70226738,-111.0379614
C001732N,000+0.412,BOZEMAN,GALLATIN,MAY,2017,19:45,SUN,DRIVEWAY/ALLEY ACCESS RELATED,ON ROADWAY,CLOUDY,DRY,DAYLIGHT,NON-INJURY ACCIDENT (PROPERTY- DAMAGE-ONLY ACCIDENT),OTHER,45.70473403,-111.041098
C001732N,000+0.572,BOZEMAN,GALLATIN,March,2014,1:12,SUN,INTERSECTION-RELATED,OUTSIDE RIGHT-OF-WAY (TRAFFICWAY),CLEAR,DRY,DARK-NOT LIGHTED,NON-INJURY ACCIDENT (PROPERTY- DAMAGE-ONLY ACCIDENT),FIXED OBJECT,45.70701322,-111.041115
C001732N,000+0.869,,GALLATIN,February,2014,18:49,FRI,NON-JUNCTION,ROADSIDE RIGHT,SNOW,SNOW,DARK-NOT LIGHTED,NON-INCAPACITATING EVIDENT INJURY ACCIDENT,ROLL OVER,45.71124333,-111.0411383
C001732N,000+0.895,BOZEMAN,GALLATIN,July,2016,9:20,FRI,NON-JUNCTION,ON ROADWAY,CLEAR,DRY,DAYLIGHT,NON-INJURY ACCIDENT (PROPERTY- DAMAGE-ONLY ACCIDENT),WILD ANIMAL,45.71162549,-111.0411822
C001732N,001+0.123,,GALLATIN,December,2016,22:30,SAT,NON-JUNCTION,ROADSIDE RIGHT,SNOW,SNOW,DARK-NOT LIGHTED,NON-INJURY ACCIDENT (PROPERTY- DAMAGE-ONLY ACCIDENT),FIXED OBJECT,45.71490862,-111.0411767