MDT_CORRIDOR_ID,SMS_REFPOST_OFFSET,CITY,COUNTY,Month,Year,SMS_TIME,SMT_CRASH_OCC_DAY_OF_WEEK,JUNCTION_RELATED,ROADWAY_RELATED,WEATHER_COND,ROAD_COND,LIGHT_COND,CRASH_SEVERITY,COLLISION_TYPE,LATITUDE,LONGITUDE
C001732N,001+0.186,NOT IN CITY LIMITS,GALLATIN,MARCH,2017,16:30,SUN,NON-JUNCTION,ROADSIDE RIGHT,CLOUDY,DRY,DAYLIGHT,NON-INJURY ACCIDENT (PROPERTY- DAMAGE-ONLY ACCIDENT),FIXED OBJECT,45.71587272,-111.0411493
C001734N,000+0.202,BOZEMAN,GALLATIN,SEPTEMBER,2017,19:32,WED,INTERSECTION-RELATED,ROADSIDE LEFT,RAIN,WET,DARK-LIGHTED,INCAPACITATING INJURY ACCIDENT,FIXED OBJECT,45.70571889,-111.0212689
C001734N,000+0.490,,GALLATIN,February,2013,6:40,THU,NON-JUNCTION,ROADSIDE LEFT,CLEAR,SNOW,DAWN,NON-INJURY ACCIDENT (PROPERTY- DAMAGE-ONLY ACCIDENT),FIXED OBJECT,45.70985936,-111.020982
C001734N,001+0.299,BOZEMAN,GALLATIN,December,2014,14:23,SUN,NON-JUNCTION,ON ROADWAY,CLEAR,DRY,DAYLIGHT,POSSIBLE INJURY ACCIDENT,ROLL OVER,45.72146288,-111.0213206
C001735N,000+0.050,,GALLATIN,December,2013,14:56,SUN,NON-JUNCTION,SHOULDER,CLOUDY,SNOW,DAYLIGHT,NON-INJURY ACCIDENT (PROPERTY- DAMAGE-ONLY ACCIDENT),FIXED OBJECT,45.70133308,-111.0199269
C001736N,000+0.359,BOZEMAN,GALLATIN,MARCH,2017,10:36,WED,NON-JUNCTION,SHOULDER,CLEAR,DRY,DAYLIGHT,NON-INCAPACITATING EVIDENT INJURY ACCIDENT,FIXED OBJECT,45.68475214,-111.0853841
C001740N,000+0.303,BOZEMAN,GALLATIN,September,2016,8:37,FRI,THROUGH ROADWAY,ON ROADWAY,CLEAR,DRY,DAYLIGHT,NON-INJURY ACCIDENT (PROPERTY- DAMAGE-ONLY ACCIDENT),REAR-END,45.68084045,-111.0838603
C001740N,000+0.325,BOZEMAN,GALLATIN,April,2014,19:29,TUE,NON-JUNCTION,SHOULDER,CLEAR,DRY,DUSK,NON-INJURY ACCIDENT (PROPERTY- DAMAGE-ONLY ACCIDENT),"SIDESWIPE, SAME DIRECTION",45.6805818,-111.0839025
C001741N,000+0.220,BOZEMAN,GALLATIN,January,2014,18:40,SUN,DRIVEWAY/ALLEY ACCESS RELATED,ON ROADWAY,CLEAR,ICE/FROST,DARK-NOT LIGHTED,POSSIBLE INJURY ACCIDENT,HEAD ON,45.68162871,-111.0760704
C001741N,000+0.233,BOZEMAN,GALLATIN,December,2015,0:39,FRI,NON-JUNCTION,IN PARKING LANE OR ZONE,CLEAR,ICE/FROST,DARK-NOT LIGHTED,NON-INJURY ACCIDENT (PROPERTY- DAMAGE-ONLY ACCIDENT),HEAD ON,45.68177533,-111.0759171
C001741N,000+0.233,BOZEMAN,GALLATIN,JANUARY,2017,7:25,MON,NON-JUNCTION,ON ROADWAY,CLEAR,SNOW,DAWN,NON-INJURY ACCIDENT (PROPERTY- DAMAGE-ONLY ACCIDENT),HEAD ON,45.68176528,-111.0758577
C001741N,000+0.245,BOZEMAN,GALLATIN,January,2014,21:10,SUN,CROSSOVER-RELATED,IN PARKING LANE OR ZONE,CLEAR,ICE/FROST,DARK-NOT LIGHTED,NON-INJURY ACCIDENT (PROPERTY- DAMAGE-ONLY ACCIDENT),HEAD ON,45.68185194,-111.0757168
C001741N,000+0.520,BOZEMAN,GALLATIN,December,2014,8:04,FRI,INTERSECTION,ON ROADWAY,CLOUDY,ICE/FROST,DAYLIGHT,NON-INJURY ACCIDENT (PROPERTY- DAMAGE-ONLY ACCIDENT),RIGHT ANGLE,45.6857665,-111.0753091
C001741N,000+0.672,BOZEMAN,GALLATIN,June,2016,3:02,SAT,NON-JUNCTION,UNKNOWN,CLEAR,DRY,DARK-NOT LIGHTED,NON-INCAPACITATING EVIDENT INJURY ACCIDENT,FIXED OBJECT,45.68794453,-111.0755634
C001741N,001+0.028,BOZEMAN,GALLATIN,October,2014,8:52,MON,INTERSECTION-RELATED,ON ROADWAY,CLEAR,DRY,DAYLIGHT,NON-INJURY ACCIDENT (PROPERTY- DAMAGE-ONLY ACCIDENT),"LEFT TURN, SAME DIRECTION",45.69288859,-111.0772315
C001747N,000+0.000,BOZEMAN,GALLATIN,December,2014,9:12,TUE,INTERSECTION,ON ROADWAY,CLEAR,ICE/FROST,DAYLIGHT,POSSIBLE INJURY ACCIDENT,RIGHT ANGLE,45.6711902,-111.0834509
C001747N,000+0.000,BOZEMAN,GALLATIN,November,2016,14:05,FRI,INTERSECTION,ON ROADWAY,CLEAR,DRY,DAYLIGHT,NON-INCAPACITATING EVIDENT INJURY ACCIDENT,"LEFT TURN, SAME DIRECTION",45.67115844,-111.0834482
C001747N,000+0.010,BOZEMAN,GALLATIN,November,2013,13:35,FRI,INTERSECTION,ON ROADWAY,CLEAR,DRY,DAYLIGHT,INCAPACITATING INJURY ACCIDENT,HEAD ON,45.67131106,-111.0833836
C001747N,000+0.013,BOZEMAN,GALLATIN,May,2014,19:43,WED,INTERSECTION-RELATED,ON ROADWAY,CLEAR,DRY,DAYLIGHT,NON-INCAPACITATING EVIDENT INJURY ACCIDENT,ROLL OVER,45.67126882,-111.0834782
C001747N,000+0.023,BOZEMAN,GALLATIN,DECEMBER,2017,16:15,THU,NON-JUNCTION,ON ROADWAY,CLOUDY,SNOW,DAYLIGHT,NON-INJURY ACCIDENT (PROPERTY- DAMAGE-ONLY ACCIDENT),HEAD ON,37.65440116,-97.28026184
C001747N,000+0.425,BOZEMAN,GALLATIN,July,2016,7:15,THU,NON-JUNCTION,ROADSIDE RIGHT,CLEAR,DRY,DAYLIGHT,NON-INJURY ACCIDENT (PROPERTY- DAMAGE-ONLY ACCIDENT),REAR-END,45.67732718,-111.0833317
C001747N,000+0.470,BOZEMAN,GALLATIN,August,2015,17:55,MON,UNKNOWN,SHOULDER,CLOUDY,DRY,DAYLIGHT,NON-INJURY ACCIDENT (PROPERTY- DAMAGE-ONLY ACCIDENT),REAR-END,45.6779354,-111.0832499
C001747N,000+0.483,BOZEMAN,GALLATIN,July,2016,7:15,THU,NON-JUNCTION,SHOULDER,CLEAR,DRY,DAYLIGHT,NON-INJURY ACCIDENT (PROPERTY- DAMAGE-ONLY ACCIDENT),"SIDESWIPE, SAME DIRECTION",45.67808498,-111.0832445
C001747N,000+0.488,BOZEMAN,GALLATIN,October,2016,1:51,SAT,NON-JUNCTION,ROADSIDE RIGHT,CLEAR,DRY,DARK-NOT LIGHTED,NON-INCAPACITATING EVIDENT INJURY ACCIDENT,REAR-END,45.67822025,-111.0832226
C001747N,000+0.500,BOZEMAN,GALLATIN,APRIL,2017,17:34,THU,INTERSECTION,ON ROADWAY,CLOUDY,DRY,DAYLIGHT,NON-INJURY ACCIDENT (PROPERTY- DAMAGE-ONLY ACCIDENT),RIGHT ANGLE,45.67837225,-111.0832164
C001750N,000+0.200,BOZEMAN,GALLATIN,December,2013,7:51,MON,INTERSECTION,ON ROADWAY,CLOUDY,SNOW,DAYLIGHT,NON-INJURY ACCIDENT (PROPERTY- DAMAGE-ONLY ACCIDENT),RIGHT ANGLE,45.67304076,-111.0875478
C001751N,000+0.000,BOZEMAN,GALLATIN,MARCH,2017,12:16,THU,INTERSECTION,ON ROADWAY,CLOUDY,DRY,DAYLIGHT,NON-INJURY ACCIDENT (PROPERTY- DAMAGE-ONLY ACCIDENT),RIGHT ANGLE,45.70030828,-111.0619988
C001751N,000+0.000,BOZEMAN,GALLATIN,SEPTEMBER,2017,17:09,THU,INTERSECTION,ON ROADWAY,RAIN,WET,DAYLIGHT,NON-INCAPACITATING EVIDENT INJURY ACCIDENT,HEAD ON,45.7002869,-111.0619923
C001751N,000+0.011,BOZEMAN,GALLATIN,June,2016,10:44,SAT,INTERSECTION-RELATED,ON ROADWAY,CLEAR,DRY,DAYLIGHT,POSSIBLE INJURY ACCIDENT,REAR-END,45.70044895,-111.0619781
C001751N,000+0.141,BOZEMAN,GALLATIN,JUNE,2017,13:43,MON,INTERSECTION,ON ROADWAY,CLEAR,DRY,DAYLIGHT,NON-INJURY ACCIDENT (PROPERTY- DAMAGE-ONLY ACCIDENT),"SIDESWIPE, SAME DIRECTION",45.70240061,-111.0619933
C001751N,000+0.270,BOZEMAN,GALLATIN,October,2013,12:45,SAT,INTERSECTION-RELATED,ON ROADWAY,CLOUDY,DRY,DAYLIGHT,NON-INJURY ACCIDENT (PROPERTY- DAMAGE-ONLY ACCIDENT),ROLL OVER,45.70425004,-111.0619369
C001760N,000+0.000,BOZEMAN,GALLATIN,AUGUST,2017,7:56,TUE,INTERSECTION-RELATED,ON ROADWAY,CLEAR,DRY,DAYLIGHT,NON-INJURY ACCIDENT (PROPERTY- DAMAGE-ONLY ACCIDENT),REAR-END,45.68578482,-111.0731837
C001768N,000+0.150,BOZEMAN,GALLATIN,September,2013,16:03,SAT,INTERSECTION-RELATED,ON ROADWAY,CLEAR,DRY,DAYLIGHT,NON-INCAPACITATING EVIDENT INJURY ACCIDENT,REAR-END,45.64560183,-111.0433301
C001770N,000+0.000,BOZEMAN,GALLATIN,FEBRUARY,2017,8:38,WED,INTERSECTION,ON ROADWAY,CLEAR,SNOW,DAYLIGHT,NON-INJURY ACCIDENT (PROPERTY- DAMAGE-ONLY ACCIDENT),OTHER,45.64486815,-111.0462249
C001772N,000+0.157,BOZEMAN,GALLATIN,September,2013,18:54,SAT,INTERSECTION-RELATED,ON ROADWAY,CLEAR,DRY,DAYLIGHT,POSSIBLE INJURY ACCIDENT,RIGHT ANGLE,45.68065861,-111.0772223
C001772N,000+0.301,BOZEMAN,GALLATIN,December,2013,16:07,TUE,INTERSECTION,ON ROADWAY,CLEAR,ICE/FROST,DAYLIGHT,NON-INJURY ACCIDENT (PROPERTY- DAMAGE-ONLY ACCIDENT),HEAD ON,45.68263973,-111.0767028
C001772N,000+0.301,BOZEMAN,GALLATIN,January,2015,3:00,SAT,DRIVEWAY/ALLEY ACCESS RELATED,ROADSIDE LEFT,CLEAR,DRY,DARK-NOT LIGHTED,POSSIBLE INJURY ACCIDENT,RIGHT ANGLE,45.68259023,-111.0766849
C001772N,000+0.382,BOZEMAN,GALLATIN,April,2015,7:45,MON,INTERSECTION,ON ROADWAY,CLOUDY,DRY,DAYLIGHT,POSSIBLE INJURY ACCIDENT,PEDESTRIAN,45.68371783,-111.0764957
C001772N,000+0.517,BOZEMAN,GALLATIN,February,2014,14:24,SAT,DRIVEWAY/ALLEY ACCESS RELATED,ON ROADWAY,CLEAR,SNOW,DAYLIGHT,NON-INJURY ACCIDENT (PROPERTY- DAMAGE-ONLY ACCIDENT),HEAD ON,45.68571854,-111.0764389
C001776N,000+0.000,BOZEMAN,GALLATIN,DECEMBER,2017,14:50,FRI,INTERSECTION,ON ROADWAY,CLEAR,ICE/FROST,DAYLIGHT,NON-INCAPACITATING EVIDENT INJURY ACCIDENT,REAR-END,45.66395659,-111.0595063
C001776N,000+0.091,,GALLATIN,July,2015,13:37,FRI,NON-JUNCTION,ON ROADWAY,CLOUDY,DRY,DAYLIGHT,NON-INJURY ACCIDENT (PROPERTY- DAMAGE-ONLY ACCIDENT),REAR TO SIDE,45.66264569,-111.0595794
C001776N,000+0.164,BOZEMAN,GALLATIN,June,2016,6:00,TUE,DRIVEWAY/ALLEY ACCESS RELATED,ON ROADWAY,CLEAR,DRY,DAWN,NON-INJURY ACCIDENT (PROPERTY- DAMAGE-ONLY ACCIDENT),REAR TO SIDE,45.66159837,-111.0595423
C001780N,000+0.088,BOZEMAN,GALLATIN,December,2016,23:04,SAT,THROUGH ROADWAY,OFF ROADWAY LOCATION UNKNOWN,CLOUDY,ICE/FROST,DARK-NOT LIGHTED,NON-INJURY ACCIDENT (PROPERTY- DAMAGE-ONLY ACCIDENT),FIXED OBJECT,45.70159835,-111.0724707
C001781N,000+0.000,BOZEMAN,GALLATIN,July,2014,8:49,WED,INTERSECTION,ON ROADWAY,CLOUDY,DRY,DAYLIGHT,NON-INJURY ACCIDENT (PROPERTY- DAMAGE-ONLY ACCIDENT),RIGHT ANGLE,45.70022877,-111.0828225
C001781N,000+0.000,BOZEMAN,GALLATIN,September,2016,9:07,FRI,INTERSECTION,ON ROADWAY,CLEAR,DRY,DAYLIGHT,POSSIBLE INJURY ACCIDENT,RIGHT ANGLE,45.70024916,-111.0828226
C001781N,000+0.429,,GALLATIN,September,2015,0:05,MON,NON-JUNCTION,ROADSIDE RIGHT,CLOUDY,DRY,DARK-NOT LIGHTED,NON-INJURY ACCIDENT (PROPERTY- DAMAGE-ONLY ACCIDENT),FIXED OBJECT,45.70643744,-111.0826381
C001781N,000+0.486,BOZEMAN,GALLATIN,November,2016,23:25,FRI,OTHER LOCATION,OUTSIDE RIGHT-OF-WAY (TRAFFICWAY),CLOUDY,DRY,DARK-NOT LIGHTED,POSSIBLE INJURY ACCIDENT,FIXED OBJECT,45.7073512,-111.0825141
C001781N,000+0.676,,GALLATIN,September,2015,9:45,MON,DRIVEWAY/ALLEY ACCESS RELATED,ON ROADWAY,CLOUDY,DRY,DAYLIGHT,NON-INJURY ACCIDENT (PROPERTY- DAMAGE-ONLY ACCIDENT),REAR-END,45.70999,-111.08256
C001781N,000+0.809,BOZEMAN,GALLATIN,February,2013,12:25,SAT,INTERSECTION-RELATED,ON ROADWAY,CLOUDY,ICE/FROST,DAYLIGHT,NON-INJURY ACCIDENT (PROPERTY- DAMAGE-ONLY ACCIDENT),"RIGHT TURN, OPPOSITE DIRECTION",45.71195389,-111.0825834
C001781N,000+0.809,BOZEMAN,GALLATIN,February,2013,12:40,SAT,INTERSECTION-RELATED,ON ROADWAY,CLOUDY,ICE/FROST,DAYLIGHT,NON-INJURY ACCIDENT (PROPERTY- DAMAGE-ONLY ACCIDENT),"SIDESWIPE, OPPOSITE DIRECTION",45.71195389,-111.0825834
C001781N,000+0.809,BOZEMAN,GALLATIN,December,2016,16:07,SUN,INTERSECTION,ON ROADWAY,CLOUDY,ICE/FROST,DAYLIGHT,NON-INJURY ACCIDENT (PROPERTY- DAMAGE-ONLY ACCIDENT),RIGHT ANGLE,45.71195716,-111.0825185
C001784N,000+0.280,BOZEMAN,GALLATIN,July,2013,16:01,MON,INTERSECTION,ON ROADWAY,CLEAR,DRY,DAYLIGHT,POSSIBLE INJURY ACCIDENT,RIGHT ANGLE,45.68979165,-111.0726211
C001784N,000+0.331,BOZEMAN,GALLATIN,March,2016,15:46,SAT,INTERSECTION,ON ROADWAY,CLEAR,DRY,DAYLIGHT,NON-INJURY ACCIDENT (PROPERTY- DAMAGE-ONLY ACCIDENT),"LEFT TURN, SAME DIRECTION",45.6905367,-111.0726319
C001784N,000+0.403,BOZEMAN,GALLATIN,March,2015,11:13,SAT,OTHER LOCATION,SHOULDER,CLEAR,DRY,DAYLIGHT,UNKNOWN,FIXED OBJECT,45.69162874,-111.0727679
C001784N,000+0.496,BOZEMAN,GALLATIN,June,2013,11:36,MON,INTERSECTION,ON ROADWAY,CLEAR,DRY,DAYLIGHT,NON-INJURY ACCIDENT (PROPERTY- DAMAGE-ONLY ACCIDENT),RIGHT ANGLE,45.69291798,-111.0726905
C001784N,000+0.496,BOZEMAN,GALLATIN,July,2016,17:21,MON,INTERSECTION,ON ROADWAY,CLOUDY,DRY,DAYLIGHT,NON-INJURY ACCIDENT (PROPERTY- DAMAGE-ONLY ACCIDENT),RIGHT ANGLE,45.69308379,-111.0727544
C001784N,000+0.496,BOZEMAN,GALLATIN,OCTOBER,2017,16:13,FRI,INTERSECTION,ON ROADWAY,CLOUDY,DRY,DAYLIGHT,NON-INJURY ACCIDENT (PROPERTY- DAMAGE-ONLY ACCIDENT),RIGHT ANGLE,45.69308166,-111.0727491
C002421N,011+0.780,BOZEMAN,GALLATIN,November,2016,18:00,TUE,NON-JUNCTION,ROADSIDE RIGHT,CLOUDY,DRY,DARK-NOT LIGHTED,POSSIBLE INJURY ACCIDENT,FIXED OBJECT,45.8629171,-110.8155162
C002421N,011+0.977,NOT IN CITY LIMITS,GALLATIN,JUNE,2017,17:00,WED,NON-JUNCTION,ROADSIDE RIGHT,CLOUDY,DRY,DAYLIGHT,NON-INJURY ACCIDENT (PROPERTY- DAMAGE-ONLY ACCIDENT),ROLL OVER,45.86575799,-110.8190272
C002421N,012+0.080,,GALLATIN,October,2013,16:46,WED,NON-JUNCTION,ON ROADWAY,CLOUDY,DRY,DAYLIGHT,NON-INCAPACITATING EVIDENT INJURY ACCIDENT,ROLL OVER,45.86330979,-110.821636
C002421N,012+0.130,,GALLATIN,November,2013,11:57,SAT,NON-JUNCTION,ROADSIDE LEFT,SNOW,SNOW,DAYLIGHT,NON-INJURY ACCIDENT (PROPERTY- DAMAGE-ONLY ACCIDENT),FIXED OBJECT,45.86371438,-110.8225565
C002421N,013+0.097,,GALLATIN,December,2016,20:15,THU,NON-JUNCTION,ROADSIDE RIGHT,SNOW,ICE/FROST,DARK-NOT LIGHTED,NON-INCAPACITATING EVIDENT INJURY ACCIDENT,FIXED OBJECT,45.86183771,-110.8403443
C002421N,013+0.665,,GALLATIN,November,2015,18:00,TUE,NON-JUNCTION,OFF ROADWAY LOCATION UNKNOWN,SNOW,ICE/FROST,DARK-NOT LIGHTED,NON-INJURY ACCIDENT (PROPERTY- DAMAGE-ONLY ACCIDENT),ROLL OVER,45.86124,-110.8519367
C002421N,013+0.690,,GALLATIN,November,2016,21:00,WED,NON-JUNCTION,ROADSIDE RIGHT,SNOW,SNOW,DARK-NOT LIGHTED,NON-INJURY ACCIDENT (PROPERTY- DAMAGE-ONLY ACCIDENT),ROLL OVER,45.86095064,-110.8521914
C002421N,014+0.310,,GALLATIN,November,2013,10:00,SAT,NON-JUNCTION,ROADSIDE RIGHT,SNOW,SNOW,DAYLIGHT,NON-INJURY ACCIDENT (PROPERTY- DAMAGE-ONLY ACCIDENT),FIXED OBJECT,45.86047783,-110.8646035
C002421N,015+0.112,,GALLATIN,August,2016,23:00,SAT,NON-JUNCTION,ROADSIDE RIGHT,CLOUDY,DRY,DARK-NOT LIGHTED,NON-INJURY ACCIDENT (PROPERTY- DAMAGE-ONLY ACCIDENT),FIXED OBJECT,45.85885845,-110.880327
C002421N,015+0.160,,GALLATIN,March,2013,16:00,THU,INTERSECTION,SHOULDER,CLOUDY,DRY,DAYLIGHT,NON-INJURY ACCIDENT (PROPERTY- DAMAGE-ONLY ACCIDENT),FIXED OBJECT,45.85849791,-110.8813934
C005693N,000+0.173,MANHATTAN,GALLATIN,May,2016,23:15,SUN,NON-JUNCTION,ROADSIDE RIGHT,CLEAR,DRY,DARK-LIGHTED,NON-INJURY ACCIDENT (PROPERTY- DAMAGE-ONLY ACCIDENT),FIXED OBJECT,45.85513219,-111.330703
C005713N,000+0.045,MANHATTAN,GALLATIN,NOVEMBER,2017,0:00,SAT,NON-JUNCTION,ROADSIDE RIGHT,UNKNOWN,SNOW,UNKNOWN,UNKNOWN,PARKED VEHICLE,45.85711275,-111.3359107
C005718N,000+0.090,MANHATTAN,GALLATIN,June,2013,11:55,TUE,INTERSECTION,ON ROADWAY,CLOUDY,DRY,DAYLIGHT,NON-INJURY ACCIDENT (PROPERTY- DAMAGE-ONLY ACCIDENT),RIGHT ANGLE,45.85641799,-111.3275037
C005718N,000+0.115,MANHATTAN,GALLATIN,OCTOBER,2017,22:30,TUE,NON-JUNCTION,ROADSIDE RIGHT,CLEAR,DRY,DARK-NOT LIGHTED,UNKNOWN,PARKED VEHICLE,45.85615482,-111.3278194
C005720N,000+0.164,MANHATTAN,GALLATIN,January,2016,16:45,FRI,INTERSECTION-RELATED,ON ROADWAY,CLOUDY,SNOW,DUSK,NON-INJURY ACCIDENT (PROPERTY- DAMAGE-ONLY ACCIDENT),"SIDESWIPE, OPPOSITE DIRECTION",45.85747626,-111.3258462
C005722N,000+0.215,MANHATTAN,GALLATIN,April,2016,18:00,MON,NON-JUNCTION,ON ROADWAY,CLEAR,DRY,DAYLIGHT,NON-INJURY ACCIDENT (PROPERTY- DAMAGE-ONLY ACCIDENT),DOMESTIC ANIMAL,45.85907526,-111.3260179
C005722N,000+0.470,MANHATTAN,GALLATIN,October,2015,20:00,FRI,NON-JUNCTION,SHOULDER,CLEAR,DRY,DARK-LIGHTED,NON-INJURY ACCIDENT (PROPERTY- DAMAGE-ONLY ACCIDENT),REAR TO FRONT,45.86114223,-111.3304041
C005723N,000+0.223,MANHATTAN,GALLATIN,June,2015,10:24,TUE,DRIVEWAY/ALLEY ACCESS RELATED,OFF ROADWAY LOCATION UNKNOWN,CLEAR,MUD DIRT GRAVEL,DAYLIGHT,NON-INJURY ACCIDENT (PROPERTY- DAMAGE-ONLY ACCIDENT),REAR-END,45.85849,-111.3284
C005724N,000+0.068,MANHATTAN,GALLATIN,December,2013,12:55,TUE,INTERSECTION,ON ROADWAY,CLEAR,ICE/FROST,DAYLIGHT,NON-INJURY ACCIDENT (PROPERTY- DAMAGE-ONLY ACCIDENT),RIGHT ANGLE,45.85575492,-111.3230185
C005724N,000+0.304,MANHATTAN,GALLATIN,December,2016,6:45,TUE,INTERSECTION,ON ROADWAY,CLEAR,SNOW,DAWN,NON-INJURY ACCIDENT (PROPERTY- DAMAGE-ONLY ACCIDENT),OTHER,45.85650218,-111.3275523
C005725N,000+0.000,MANHATTAN,GALLATIN,October,2016,10:50,SAT,INTERSECTION,ROADSIDE RIGHT,CLOUDY,DRY,DAYLIGHT,NON-INJURY ACCIDENT (PROPERTY- DAMAGE-ONLY ACCIDENT),FIXED OBJECT,45.8529683,-111.3265498
C005725N,000+0.000,MANHATTAN,GALLATIN,March,2016,10:20,THU,INTERSECTION-RELATED,ON ROADWAY,SEVERE CROSSWINDS,DRY,DAYLIGHT,NON-INJURY ACCIDENT (PROPERTY- DAMAGE-ONLY ACCIDENT),RIGHT ANGLE,45.85308225,-111.3265856
C005725N,000+0.000,MANHATTAN,GALLATIN,January,2016,15:45,MON,INTERSECTION,ON ROADWAY,CLEAR,SLUSH,DAYLIGHT,NON-INJURY ACCIDENT (PROPERTY- DAMAGE-ONLY ACCIDENT),REAR-END,45.85310599,-111.3266148
C005725N,000+0.000,MANHATTAN,GALLATIN,January,2016,16:10,TUE,INTERSECTION-RELATED,ON ROADWAY,CLEAR,SNOW,DAYLIGHT,NON-INJURY ACCIDENT (PROPERTY- DAMAGE-ONLY ACCIDENT),HEAD ON,45.85303832,-111.3265862
C005725N,000+0.000,MANHATTAN,GALLATIN,June,2016,10:30,FRI,INTERSECTION,ON ROADWAY,CLEAR,DRY,DAYLIGHT,NON-INCAPACITATING EVIDENT INJURY ACCIDENT,"LEFT TURN, OPPOSITE DIRECTION",45.85305278,-111.3265947
C005725N,000+0.070,MANHATTAN,GALLATIN,January,2014,19:00,SUN,DRIVEWAY/ALLEY ACCESS RELATED,SHOULDER,CLEAR,DRY,DARK-LIGHTED,NON-INJURY ACCIDENT (PROPERTY- DAMAGE-ONLY ACCIDENT),REAR-END,45.85402337,-111.3266595
C005725N,000+0.340,MANHATTAN,GALLATIN,December,2016,13:55,FRI,DRIVEWAY/ALLEY ACCESS RELATED,ON ROADWAY,CLOUDY,ICE/FROST,DAYLIGHT,NON-INJURY ACCIDENT (PROPERTY- DAMAGE-ONLY ACCIDENT),REAR-END,45.85662368,-111.3308562
C005726N,000+0.511,MANHATTAN,GALLATIN,MAY,2017,12:09,SAT,NON-JUNCTION,SHOULDER,CLEAR,DRY,DAYLIGHT,NON-INJURY ACCIDENT (PROPERTY- DAMAGE-ONLY ACCIDENT),REAR TO SIDE,45.85520399,-111.3335782
C005727N,000+0.139,MANHATTAN,GALLATIN,April,2015,17:15,TUE,INTERSECTION,ON ROADWAY,CLEAR,DRY,DAYLIGHT,UNKNOWN,PEDESTRIAN,45.85438862,-111.3351547
C005727N,000+0.384,MANHATTAN,GALLATIN,May,2015,8:00,THU,INTERSECTION-RELATED,ON ROADWAY,CLOUDY,WET,DAYLIGHT,NON-INJURY ACCIDENT (PROPERTY- DAMAGE-ONLY ACCIDENT),"SIDESWIPE, OPPOSITE DIRECTION",45.85624764,-111.3386081
C005727N,000+0.487,MANHATTAN,GALLATIN,August,2013,15:05,WED,INTERSECTION,ON ROADWAY,CLEAR,MUD DIRT GRAVEL,DAYLIGHT,POSSIBLE INJURY ACCIDENT,RIGHT ANGLE,45.85745785,-111.3408525
C007682N,000+0.289,THREE FORKS,GALLATIN,OCTOBER,2017,0:00,SUN,INTERSECTION-RELATED,ON ROADWAY,CLEAR,DRY,DAYLIGHT,NON-INJURY ACCIDENT (PROPERTY- DAMAGE-ONLY ACCIDENT),REAR TO FRONT,45.8894873,-111.557585
C007685N,000+0.105,THREE FORKS,GALLATIN,NOVEMBER,2017,7:52,MON,INTERSECTION,ON ROADWAY,CLEAR,ICE/FROST,DAYLIGHT,NON-INJURY ACCIDENT (PROPERTY- DAMAGE-ONLY ACCIDENT),HEAD ON,45.89609784,-111.5494165
C007686N,000+0.020,THREE FORKS,GALLATIN,APRIL,2017,15:10,THU,NON-JUNCTION,OFF ROADWAY LOCATION UNKNOWN,CLEAR,DRY,DAYLIGHT,NON-INJURY ACCIDENT (PROPERTY- DAMAGE-ONLY ACCIDENT),"SIDESWIPE, OPPOSITE DIRECTION",45.894825,-111.55192
C007686N,000+0.052,THREE FORKS,GALLATIN,JULY,2017,9:08,THU,NON-JUNCTION,ON ROADWAY,CLEAR,DRY,DAYLIGHT,NON-INJURY ACCIDENT (PROPERTY- DAMAGE-ONLY ACCIDENT),REAR TO SIDE,45.89505957,-111.5512848
C007689N,000+0.340,THREE FORKS,GALLATIN,AUGUST,2017,7:41,FRI,INTERSECTION,ON ROADWAY,CLEAR,DRY,DAYLIGHT,NON-INJURY ACCIDENT (PROPERTY- DAMAGE-ONLY ACCIDENT),HEAD ON,45.89208309,-111.5479815
C007691N,000+0.140,THREE FORKS,GALLATIN,OCTOBER,2017,12:25,MON,INTERSECTION,ON ROADWAY,CLEAR,DRY,DAYLIGHT,NON-INJURY ACCIDENT (PROPERTY- DAMAGE-ONLY ACCIDENT),"SIDESWIPE, SAME DIRECTION",45.89006693,-111.5523638
C007692N,000+0.210,THREE FORKS,GALLATIN,JULY,2017,13:55,SAT,INTERSECTION,ON ROADWAY,CLEAR,DRY,DAYLIGHT,POSSIBLE INJURY ACCIDENT,RIGHT ANGLE,45.88908957,-111.553459
C007692N,000+0.368,THREE FORKS,GALLATIN,December,2015,6:22,WED,NON-JUNCTION,ON ROADWAY,CLEAR,DRY,DARK-NOT LIGHTED,NON-INJURY ACCIDENT (PROPERTY- DAMAGE-ONLY ACCIDENT),WILD ANIMAL,45.88897142,-111.5502854
C007693N,000+0.213,THREE FORKS,GALLATIN,December,2015,20:00,FRI,NON-JUNCTION,SHOULDER,CLEAR,DRY,DARK-LIGHTED,UNKNOWN,PARKED VEHICLE,45.88808716,-111.5495848
C007696N,000+0.368,THREE FORKS,GALLATIN,November,2016,17:08,THU,NON-JUNCTION,OFF ROADWAY LOCATION UNKNOWN,CLEAR,DRY,DAYLIGHT,NON-INJURY ACCIDENT (PROPERTY- DAMAGE-ONLY ACCIDENT),OTHER,45.89027789,-111.5568904
C007698N,000+0.177,THREE FORKS,GALLATIN,DECEMBER,2017,10:15,SUN,INTERSECTION,ON ROADWAY,CLEAR,SNOW,DAYLIGHT,NON-INCAPACITATING EVIDENT INJURY ACCIDENT,RIGHT ANGLE,45.89096417,-111.5538497