MDT_CORRIDOR_ID,SMS_REFPOST_OFFSET,CITY,COUNTY,Month,Year,SMS_TIME,SMT_CRASH_OCC_DAY_OF_WEEK,JUNCTION_RELATED,ROADWAY_RELATED,WEATHER_COND,ROAD_COND,LIGHT_COND,CRASH_SEVERITY,COLLISION_TYPE,LATITUDE,LONGITUDE
C007702N,000+0.005,THREE FORKS,GALLATIN,April,2016,12:02,SAT,INTERSECTION,ON ROADWAY,CLEAR,DRY,DAYLIGHT,NON-INJURY ACCIDENT (PROPERTY- DAMAGE-ONLY ACCIDENT),RIGHT ANGLE,45.88693305,-111.5463508
C007908N,000+0.390,WEST YELLOWSTONE,GALLATIN,OCTOBER,2017,21:33,FRI,INTERSECTION-RELATED,OUTSIDE RIGHT-OF-WAY (TRAFFICWAY),CLOUDY,ICE/FROST,DARK-LIGHTED,NON-INJURY ACCIDENT (PROPERTY- DAMAGE-ONLY ACCIDENT),FIXED OBJECT,44.66362922,-111.1131689
C007909N,000+0.126,WEST YELLOWSTONE,GALLATIN,March,2015,13:07,WED,INTERSECTION,ON ROADWAY,CLEAR,DRY,DAYLIGHT,NON-INJURY ACCIDENT (PROPERTY- DAMAGE-ONLY ACCIDENT),REAR TO FRONT,44.6606193,-111.110454
C007909N,000+0.318,WEST YELLOWSTONE,GALLATIN,September,2016,19:10,MON,NON-JUNCTION,IN PARKING LANE OR ZONE,CLEAR,DRY,DUSK,UNKNOWN,"SIDESWIPE, SAME DIRECTION",44.66337972,-111.1106637
C007910N,000+0.000,WEST YELLOWSTONE,GALLATIN,JANUARY,2017,8:50,FRI,NON-JUNCTION,IN PARKING LANE OR ZONE,CLEAR,SNOW,DAYLIGHT,NON-INJURY ACCIDENT (PROPERTY- DAMAGE-ONLY ACCIDENT),REAR TO SIDE,44.66474666,-111.1084228
C007910N,000+0.056,WEST YELLOWSTONE,GALLATIN,November,2015,14:19,SAT,INTERSECTION-RELATED,ON ROADWAY,CLEAR,ICE/FROST,DAYLIGHT,NON-INJURY ACCIDENT (PROPERTY- DAMAGE-ONLY ACCIDENT),OTHER,44.65875156,-111.1084824
C007910N,000+0.431,WEST YELLOWSTONE,GALLATIN,February,2016,0:00,SAT,THROUGH ROADWAY,ON ROADWAY,CLEAR,SNOW,DAYLIGHT,INCAPACITATING INJURY ACCIDENT,ROLL OVER,44.66415929,-111.1084733
C007911N,000+0.000,WEST YELLOWSTONE,GALLATIN,February,2013,12:00,SUN,INTERSECTION-RELATED,SHOULDER,CLEAR,SNOW,DAYLIGHT,NON-INJURY ACCIDENT (PROPERTY- DAMAGE-ONLY ACCIDENT),"RIGHT TURN, SAME DIRECTION",44.65873763,-111.1062352
C007911N,000+0.013,WEST YELLOWSTONE,GALLATIN,DECEMBER,2017,12:26,WED,NON-JUNCTION,IN PARKING LANE OR ZONE,BLOWING SNOW,SNOW,DAYLIGHT,NON-INJURY ACCIDENT (PROPERTY- DAMAGE-ONLY ACCIDENT),FIXED OBJECT,44.65894925,-111.1060546
C007911N,000+0.121,WEST YELLOWSTONE,GALLATIN,November,2013,0:00,TUE,INTERSECTION,ON ROADWAY,SNOW,SNOW,DAYLIGHT,NON-INJURY ACCIDENT (PROPERTY- DAMAGE-ONLY ACCIDENT),RIGHT ANGLE,44.66048091,-111.1062421
C007912N,000+0.217,WEST YELLOWSTONE,GALLATIN,JULY,2017,15:35,THU,NON-JUNCTION,OUTSIDE RIGHT-OF-WAY (TRAFFICWAY),CLEAR,DRY,DAYLIGHT,NON-INJURY ACCIDENT (PROPERTY- DAMAGE-ONLY ACCIDENT),BICYCLE,44.66856866,-111.1036077
C007912N,000+0.543,WEST YELLOWSTONE,GALLATIN,May,2016,17:04,MON,INTERSECTION,ON ROADWAY,CLEAR,DRY,DAYLIGHT,INCAPACITATING INJURY ACCIDENT,BICYCLE,44.66396366,-111.1040797
C007912N,000+0.634,WEST YELLOWSTONE,GALLATIN,NOVEMBER,2017,2:15,FRI,NON-JUNCTION,ROADSIDE RIGHT,CLOUDY,SNOW,DARK-NOT LIGHTED,NON-INJURY ACCIDENT (PROPERTY- DAMAGE-ONLY ACCIDENT),REAR-END,44.66264338,-111.1041799
C007912N,000+0.643,WEST YELLOWSTONE,GALLATIN,JUNE,2017,12:55,TUE,NON-JUNCTION,ON ROADWAY,CLEAR,DRY,DAYLIGHT,NON-INJURY ACCIDENT (PROPERTY- DAMAGE-ONLY ACCIDENT),REAR TO SIDE,44.66248517,-111.1042675
C007912N,000+0.653,WEST YELLOWSTONE,GALLATIN,August,2016,9:40,MON,OTHER LOCATION,IN PARKING LANE OR ZONE,CLEAR,DRY,DAYLIGHT,NON-INJURY ACCIDENT (PROPERTY- DAMAGE-ONLY ACCIDENT),REAR TO REAR,44.66240485,-111.1038642
C007912N,000+0.661,WEST YELLOWSTONE,GALLATIN,April,2016,14:34,THU,INTERSECTION-RELATED,ON ROADWAY,CLEAR,DRY,DAYLIGHT,NON-INJURY ACCIDENT (PROPERTY- DAMAGE-ONLY ACCIDENT),FIXED OBJECT,44.66228094,-111.1041538
C007912N,000+0.661,WEST YELLOWSTONE,GALLATIN,SEPTEMBER,2017,18:55,WED,INTERSECTION-RELATED,ON ROADWAY,CLEAR,DRY,DAYLIGHT,NON-INJURY ACCIDENT (PROPERTY- DAMAGE-ONLY ACCIDENT),REAR-END,44.66225868,-111.1041189
C007912N,000+0.675,WEST YELLOWSTONE,GALLATIN,August,2016,9:28,WED,DRIVEWAY/ALLEY ACCESS RELATED,ON ROADWAY,CLEAR,DRY,DAYLIGHT,NON-INJURY ACCIDENT (PROPERTY- DAMAGE-ONLY ACCIDENT),REAR TO SIDE,44.66205418,-111.1041991
C007912N,000+0.784,WEST YELLOWSTONE,GALLATIN,July,2014,8:50,TUE,INTERSECTION,ON ROADWAY,CLEAR,DRY,DAYLIGHT,NON-INJURY ACCIDENT (PROPERTY- DAMAGE-ONLY ACCIDENT),"LEFT TURN, SAME DIRECTION",44.66047988,-111.1040901
C007912N,001+0.042,WEST YELLOWSTONE,GALLATIN,September,2016,9:15,WED,NON-JUNCTION,IN PARKING LANE OR ZONE,CLEAR,DRY,DAYLIGHT,NON-INJURY ACCIDENT (PROPERTY- DAMAGE-ONLY ACCIDENT),"SIDESWIPE, SAME DIRECTION",44.65674399,-111.1039283
C007912N,001+0.190,WEST YELLOWSTONE,GALLATIN,SEPTEMBER,2017,8:34,SUN,NON-JUNCTION,IN PARKING LANE OR ZONE,CLEAR,DRY,DAYLIGHT,NON-INJURY ACCIDENT (PROPERTY- DAMAGE-ONLY ACCIDENT),"RIGHT TURN, SAME DIRECTION",44.65427291,-111.1054684
C007913N,000+0.000,WEST YELLOWSTONE,GALLATIN,August,2014,11:59,THU,NON-JUNCTION,ON ROADWAY,CLEAR,DRY,DAYLIGHT,NON-INJURY ACCIDENT (PROPERTY- DAMAGE-ONLY ACCIDENT),RIGHT ANGLE,44.65871543,-111.1018615
C007913N,000+0.144,WEST YELLOWSTONE,GALLATIN,June,2015,14:15,THU,NON-JUNCTION,ON ROADWAY,CLEAR,DRY,DAYLIGHT,NON-INJURY ACCIDENT (PROPERTY- DAMAGE-ONLY ACCIDENT),REAR TO REAR,44.66078058,-111.1019661
C007913N,000+0.151,WEST YELLOWSTONE,GALLATIN,FEBRUARY,2017,15:44,THU,NON-JUNCTION,IN PARKING LANE OR ZONE,CLEAR,DRY,DAYLIGHT,NON-INJURY ACCIDENT (PROPERTY- DAMAGE-ONLY ACCIDENT),REAR TO SIDE,44.66047678,-111.1018458
C007913N,000+0.222,WEST YELLOWSTONE,GALLATIN,AUGUST,2017,11:34,SUN,NON-JUNCTION,IN PARKING LANE OR ZONE,CLEAR,DRY,DAYLIGHT,NON-INJURY ACCIDENT (PROPERTY- DAMAGE-ONLY ACCIDENT),"SIDESWIPE, SAME DIRECTION",44.66187256,-111.101899
C007913N,000+0.240,WEST YELLOWSTONE,GALLATIN,AUGUST,2017,23:38,SAT,NON-JUNCTION,IN PARKING LANE OR ZONE,CLEAR,DRY,DARK-LIGHTED,POSSIBLE INJURY ACCIDENT,PEDESTRIAN,44.66214848,-111.101878
C007913N,000+0.255,WEST YELLOWSTONE,GALLATIN,June,2016,13:10,FRI,INTERSECTION,ON ROADWAY,CLEAR,DRY,DAYLIGHT,NON-INJURY ACCIDENT (PROPERTY- DAMAGE-ONLY ACCIDENT),REAR-END,44.66237933,-111.1019313
C007913N,000+0.264,WEST YELLOWSTONE,GALLATIN,September,2015,2:05,FRI,NON-JUNCTION,ON ROADWAY,CLEAR,WET,DARK-NOT LIGHTED,UNKNOWN,PARKED VEHICLE,44.66249376,-111.1020815
C007914N,000+0.025,WEST YELLOWSTONE,GALLATIN,FEBRUARY,2017,18:42,SAT,NON-JUNCTION,ON ROADWAY,SNOW,SNOW,DARK-NOT LIGHTED,INCAPACITATING INJURY ACCIDENT,ROLL OVER,44.6590983,-111.0974526
C007914N,000+0.129,WEST YELLOWSTONE,GALLATIN,August,2016,18:47,SAT,INTERSECTION-RELATED,ON ROADWAY,CLEAR,DRY,DAYLIGHT,NON-INJURY ACCIDENT (PROPERTY- DAMAGE-ONLY ACCIDENT),"LEFT TURN, OPPOSITE DIRECTION",44.66051905,-111.0973938
C007915N,000+0.000,WEST YELLOWSTONE,GALLATIN,JANUARY,2017,15:20,MON,INTERSECTION,ON ROADWAY,SNOW,SNOW,DAYLIGHT,NON-INJURY ACCIDENT (PROPERTY- DAMAGE-ONLY ACCIDENT),RIGHT ANGLE,44.66719797,-111.1105955
C007934N,000+0.000,WEST YELLOWSTONE,GALLATIN,JANUARY,2017,8:00,SAT,NON-JUNCTION,IN PARKING LANE OR ZONE,CLEAR,SNOW,DAYLIGHT,UNKNOWN,REAR TO REAR,44.65635923,-111.0996194
C007934N,000+0.064,WEST YELLOWSTONE,GALLATIN,JUNE,2017,18:21,SAT,NON-JUNCTION,IN PARKING LANE OR ZONE,CLEAR,DRY,DAYLIGHT,NON-INJURY ACCIDENT (PROPERTY- DAMAGE-ONLY ACCIDENT),REAR TO SIDE,44.65761492,-111.1002232
C007935N,000+0.006,WEST YELLOWSTONE,GALLATIN,December,2015,11:48,WED,INTERSECTION,ON ROADWAY,SNOW,SNOW,DAYLIGHT,NON-INJURY ACCIDENT (PROPERTY- DAMAGE-ONLY ACCIDENT),NOT FIXED OBJECT OR DEBRIS,44.65864937,-111.1062523
C007935N,000+0.015,WEST YELLOWSTONE,GALLATIN,March,2016,13:29,SAT,NON-JUNCTION,ON ROADWAY,CLEAR,SNOW,DAYLIGHT,NON-INJURY ACCIDENT (PROPERTY- DAMAGE-ONLY ACCIDENT),"RIGHT TURN, OPPOSITE DIRECTION",44.65851193,-111.1064329
C007935N,000+0.239,WEST YELLOWSTONE,GALLATIN,December,2016,8:40,THU,INTERSECTION,ON ROADWAY,CLEAR,SNOW,DAYLIGHT,NON-INJURY ACCIDENT (PROPERTY- DAMAGE-ONLY ACCIDENT),RIGHT ANGLE,44.65639065,-111.1042087
C007936N,000+0.040,WEST YELLOWSTONE,GALLATIN,August,2015,9:45,THU,NON-JUNCTION,ON ROADWAY,CLEAR,DRY,DAYLIGHT,NON-INJURY ACCIDENT (PROPERTY- DAMAGE-ONLY ACCIDENT),RIGHT ANGLE,44.65655072,-111.1032094
C007937N,000+0.107,WEST YELLOWSTONE,GALLATIN,September,2015,9:00,MON,NON-JUNCTION,ON ROADWAY,CLEAR,DRY,DAYLIGHT,NON-INJURY ACCIDENT (PROPERTY- DAMAGE-ONLY ACCIDENT),REAR TO REAR,44.65560848,-111.1018557
C007937N,000+0.171,WEST YELLOWSTONE,GALLATIN,JANUARY,2017,9:00,MON,NON-JUNCTION,ON ROADWAY,CLEAR,SNOW,DAYLIGHT,NON-INJURY ACCIDENT (PROPERTY- DAMAGE-ONLY ACCIDENT),RIGHT ANGLE,44.65525292,-111.1006111
C008643N,000+0.000,BOZEMAN,GALLATIN,April,2015,13:40,WED,INTERSECTION,ON ROADWAY,CLEAR,DRY,DAYLIGHT,NON-INJURY ACCIDENT (PROPERTY- DAMAGE-ONLY ACCIDENT),HEAD ON,45.69661902,-111.0626958
C008643N,000+0.000,BOZEMAN,GALLATIN,December,2015,17:18,THU,INTERSECTION-RELATED,ON ROADWAY,CLEAR,DRY,DARK-NOT LIGHTED,NON-INJURY ACCIDENT (PROPERTY- DAMAGE-ONLY ACCIDENT),REAR-END,45.69662945,-111.0626063
C008643N,000+0.063,BOZEMAN,GALLATIN,APRIL,2017,19:33,MON,NON-JUNCTION,IN PARKING LANE OR ZONE,CLOUDY,DRY,DAYLIGHT,NON-INJURY ACCIDENT (PROPERTY- DAMAGE-ONLY ACCIDENT),REAR-END,45.69698786,-111.0612489
C008674N,000+0.000,BELGRADE,GALLATIN,January,2014,17:00,THU,NON-JUNCTION,ON ROADWAY,CLEAR,DRY,DAYLIGHT,NON-INJURY ACCIDENT (PROPERTY- DAMAGE-ONLY ACCIDENT),REAR-END,45.77768619,-111.184884
C008674N,000+0.000,BELGRADE,GALLATIN,April,2015,17:15,THU,INTERSECTION,ON ROADWAY,CLOUDY,DRY,DAYLIGHT,NON-INJURY ACCIDENT (PROPERTY- DAMAGE-ONLY ACCIDENT),"SIDESWIPE, SAME DIRECTION",45.77768619,-111.184884
C008674N,000+0.000,BELGRADE,GALLATIN,April,2015,8:00,WED,INTERSECTION,ON ROADWAY,BLOWING SNOW,SNOW,DAYLIGHT,NON-INJURY ACCIDENT (PROPERTY- DAMAGE-ONLY ACCIDENT),REAR-END,45.77768619,-111.184884
C008674N,000+0.000,BELGRADE,GALLATIN,August,2016,15:28,MON,INTERSECTION-RELATED,ON ROADWAY,CLEAR,DRY,DAYLIGHT,NON-INCAPACITATING EVIDENT INJURY ACCIDENT,RIGHT ANGLE,45.77770595,-111.1848897
C008674N,000+0.000,BELGRADE,GALLATIN,April,2016,15:45,TUE,NON-JUNCTION,ON ROADWAY,CLEAR,DRY,DAYLIGHT,NON-INJURY ACCIDENT (PROPERTY- DAMAGE-ONLY ACCIDENT),REAR-END,45.777687,-111.1848772
C008674N,000+0.000,BELGRADE,GALLATIN,MAY,2017,17:23,THU,INTERSECTION-RELATED,ON ROADWAY,CLEAR,DRY,DAYLIGHT,NON-INJURY ACCIDENT (PROPERTY- DAMAGE-ONLY ACCIDENT),REAR-END,45.77765892,-111.1848582
C008778N,000+0.176,BOZEMAN,GALLATIN,December,2014,17:56,FRI,INTERSECTION,MEDIAN,CLEAR,DRY,DARK-LIGHTED,NON-INJURY ACCIDENT (PROPERTY- DAMAGE-ONLY ACCIDENT),OTHER,45.70429259,-111.0655247
C008778N,000+0.176,BOZEMAN,GALLATIN,July,2015,15:34,FRI,NON-JUNCTION,ON ROADWAY,CLEAR,DRY,DAYLIGHT,POSSIBLE INJURY ACCIDENT,OTHER,45.7043106,-111.0655721
C008784N,000+0.289,BOZEMAN,GALLATIN,AUGUST,2017,16:01,THU,NON-JUNCTION,IN PARKING LANE OR ZONE,CLEAR,DRY,DAYLIGHT,NON-INJURY ACCIDENT (PROPERTY- DAMAGE-ONLY ACCIDENT),"SIDESWIPE, SAME DIRECTION",45.70608958,-111.042986
C010196N,000+0.000,BELGRADE,GALLATIN,February,2014,8:10,TUE,INTERSECTION,ON ROADWAY,CLOUDY,SNOW,DAYLIGHT,NON-INJURY ACCIDENT (PROPERTY- DAMAGE-ONLY ACCIDENT),RIGHT ANGLE,45.77203913,-111.1850222
C010196N,000+0.000,BELGRADE,GALLATIN,August,2014,17:11,THU,INTERSECTION,ON ROADWAY,CLEAR,DRY,DAYLIGHT,NON-INJURY ACCIDENT (PROPERTY- DAMAGE-ONLY ACCIDENT),RIGHT ANGLE,45.77203913,-111.1850222
C010196N,000+0.000,BELGRADE,GALLATIN,August,2014,10:40,FRI,INTERSECTION,ON ROADWAY,CLEAR,DRY,DAYLIGHT,POSSIBLE INJURY ACCIDENT,REAR-END,45.77203913,-111.1850222
C010196N,000+0.000,BELGRADE,GALLATIN,February,2015,8:05,FRI,INTERSECTION,ON ROADWAY,CLEAR,DRY,DAYLIGHT,NON-INJURY ACCIDENT (PROPERTY- DAMAGE-ONLY ACCIDENT),RIGHT ANGLE,45.77203913,-111.1850222
C010196N,000+0.000,BELGRADE,GALLATIN,March,2015,8:00,TUE,INTERSECTION,ON ROADWAY,CLOUDY,SNOW,DAYLIGHT,NON-INJURY ACCIDENT (PROPERTY- DAMAGE-ONLY ACCIDENT),RIGHT ANGLE,45.77203913,-111.1850222
C010196N,000+0.006,BELGRADE,GALLATIN,August,2015,16:45,TUE,INTERSECTION,ON ROADWAY,CLEAR,DRY,DAYLIGHT,NON-INJURY ACCIDENT (PROPERTY- DAMAGE-ONLY ACCIDENT),RIGHT ANGLE,45.77203749,-111.1849428
C010196N,000+0.006,BELGRADE,GALLATIN,September,2016,15:38,FRI,INTERSECTION,ON ROADWAY,CLEAR,DRY,DAYLIGHT,NON-INCAPACITATING EVIDENT INJURY ACCIDENT,RIGHT ANGLE,45.77201718,-111.1849107
C010196N,000+0.006,BELGRADE,GALLATIN,June,2016,15:56,FRI,INTERSECTION,ON ROADWAY,CLEAR,DRY,DAYLIGHT,NON-INJURY ACCIDENT (PROPERTY- DAMAGE-ONLY ACCIDENT),"LEFT TURN, SAME DIRECTION",45.77202185,-111.1849208
C010196N,000+0.006,BELGRADE,GALLATIN,June,2016,16:28,FRI,INTERSECTION,ON ROADWAY,CLEAR,DRY,DAYLIGHT,NON-INJURY ACCIDENT (PROPERTY- DAMAGE-ONLY ACCIDENT),RIGHT ANGLE,45.77202295,-111.1849034
C010196N,000+0.006,BELGRADE,GALLATIN,DECEMBER,2017,11:55,WED,INTERSECTION-RELATED,ON ROADWAY,CLOUDY,ICE/FROST,DAYLIGHT,NON-INJURY ACCIDENT (PROPERTY- DAMAGE-ONLY ACCIDENT),"SIDESWIPE, SAME DIRECTION",45.77196082,-111.1849084
C010196N,000+0.006,BELGRADE,GALLATIN,DECEMBER,2017,16:30,WED,INTERSECTION,SHOULDER,"FOG, SMOG, SMOKE",ICE/FROST,DUSK,NON-INJURY ACCIDENT (PROPERTY- DAMAGE-ONLY ACCIDENT),FIXED OBJECT,45.77203164,-111.1848891
C010196N,000+0.006,BELGRADE,GALLATIN,JULY,2017,17:00,TUE,NON-JUNCTION,ON ROADWAY,CLEAR,DRY,DAYLIGHT,NON-INJURY ACCIDENT (PROPERTY- DAMAGE-ONLY ACCIDENT),REAR-END,45.77209403,-111.1849241
C010196N,000+0.012,BELGRADE,GALLATIN,January,2014,8:30,MON,NON-JUNCTION,ON ROADWAY,CLEAR,DRY,DAYLIGHT,NON-INJURY ACCIDENT (PROPERTY- DAMAGE-ONLY ACCIDENT),"RIGHT TURN, OPPOSITE DIRECTION",45.77203615,-111.1848053
C010196N,000+0.048,BELGRADE,GALLATIN,October,2014,18:25,FRI,DRIVEWAY/ALLEY ACCESS RELATED,ON ROADWAY,CLEAR,DRY,DUSK,POSSIBLE INJURY ACCIDENT,"LEFT TURN, OPPOSITE DIRECTION",45.7720251,-111.1840917
C010196N,000+0.048,BELGRADE,GALLATIN,June,2015,16:50,SUN,NON-JUNCTION,ON ROADWAY,CLEAR,DRY,DAYLIGHT,NON-INJURY ACCIDENT (PROPERTY- DAMAGE-ONLY ACCIDENT),"SIDESWIPE, SAME DIRECTION",45.7720251,-111.1840917
C010196N,000+0.090,BELGRADE,GALLATIN,July,2014,10:25,TUE,INTERSECTION,ON ROADWAY,CLEAR,DRY,DAYLIGHT,NON-INJURY ACCIDENT (PROPERTY- DAMAGE-ONLY ACCIDENT),REAR-END,45.77201862,-111.1831552
C010213N,000+0.073,BELGRADE,GALLATIN,February,2013,22:20,WED,INTERSECTION-RELATED,ROADSIDE RIGHT,CLEAR,DRY,DARK-NOT LIGHTED,NON-INJURY ACCIDENT (PROPERTY- DAMAGE-ONLY ACCIDENT),PARKED VEHICLE,45.78870044,-111.1853419
C010213N,000+0.097,BELGRADE,GALLATIN,January,2014,13:15,THU,INTERSECTION,ON ROADWAY,SNOW,ICE/FROST,DAYLIGHT,NON-INJURY ACCIDENT (PROPERTY- DAMAGE-ONLY ACCIDENT),RIGHT ANGLE,45.78867896,-111.1848517
C010213N,000+0.097,BELGRADE,GALLATIN,January,2016,8:35,WED,INTERSECTION-RELATED,ON ROADWAY,SNOW,SNOW,DAYLIGHT,NON-INJURY ACCIDENT (PROPERTY- DAMAGE-ONLY ACCIDENT),RIGHT ANGLE,45.78868553,-111.1848121
C010213N,000+0.097,BELGRADE,GALLATIN,December,2016,8:18,TUE,INTERSECTION,ON ROADWAY,CLOUDY,DRY,DAYLIGHT,NON-INJURY ACCIDENT (PROPERTY- DAMAGE-ONLY ACCIDENT),RIGHT ANGLE,45.78866787,-111.1848455
C010215N,000+0.217,BELGRADE,GALLATIN,November,2015,11:00,FRI,INTERSECTION,ON ROADWAY,CLEAR,SNOW,DAYLIGHT,NON-INCAPACITATING EVIDENT INJURY ACCIDENT,RIGHT ANGLE,45.78367554,-111.1730062
C010225N,000+0.000,BELGRADE,GALLATIN,August,2014,17:44,SAT,INTERSECTION-RELATED,ON ROADWAY,CLEAR,DRY,DAYLIGHT,NON-INJURY ACCIDENT (PROPERTY- DAMAGE-ONLY ACCIDENT),REAR-END,45.7829176,-111.1900798
C010225N,000+0.000,BELGRADE,GALLATIN,June,2015,18:50,SUN,INTERSECTION-RELATED,ON ROADWAY,CLEAR,DRY,DAYLIGHT,NON-INJURY ACCIDENT (PROPERTY- DAMAGE-ONLY ACCIDENT),REAR-END,45.7829329,-111.1900405
C010225N,000+0.000,BELGRADE,GALLATIN,December,2016,8:14,TUE,INTERSECTION,ON ROADWAY,CLEAR,ICE/FROST,DAYLIGHT,POSSIBLE INJURY ACCIDENT,REAR-END,45.7829286,-111.1900637
C010225N,000+0.005,BELGRADE,GALLATIN,APRIL,2017,17:30,MON,INTERSECTION,ON ROADWAY,CLEAR,DRY,DAYLIGHT,NON-INJURY ACCIDENT (PROPERTY- DAMAGE-ONLY ACCIDENT),REAR TO FRONT,45.78299046,-111.1900189
C010225N,000+0.005,BELGRADE,GALLATIN,DECEMBER,2017,7:43,WED,NON-JUNCTION,ON ROADWAY,BLOWING SNOW,SNOW,DAWN,NON-INCAPACITATING EVIDENT INJURY ACCIDENT,HEAD ON,45.7829702,-111.1900716
C010225N,000+0.178,BELGRADE,GALLATIN,January,2013,12:15,WED,INTERSECTION,ON ROADWAY,CLEAR,ICE/FROST,DAYLIGHT,NON-INJURY ACCIDENT (PROPERTY- DAMAGE-ONLY ACCIDENT),REAR-END,45.78498383,-111.1878857
C010244N,000+0.000,BELGRADE,GALLATIN,March,2016,7:00,FRI,INTERSECTION,ON ROADWAY,CLEAR,WET,DAYLIGHT,NON-INJURY ACCIDENT (PROPERTY- DAMAGE-ONLY ACCIDENT),RIGHT ANGLE,45.77980658,-111.180955
C010244N,000+0.053,BELGRADE,GALLATIN,September,2014,10:20,SUN,NON-JUNCTION,ON ROADWAY,CLEAR,DRY,UNKNOWN,NON-INJURY ACCIDENT (PROPERTY- DAMAGE-ONLY ACCIDENT),"SIDESWIPE, SAME DIRECTION",45.78030411,-111.1819176
C010244N,000+0.112,BELGRADE,GALLATIN,September,2013,15:10,MON,INTERSECTION,ON ROADWAY,CLEAR,DRY,DAYLIGHT,POSSIBLE INJURY ACCIDENT,PEDESTRIAN,45.78079259,-111.1828416
C010244N,000+0.112,BELGRADE,GALLATIN,January,2013,17:05,FRI,INTERSECTION-RELATED,OFF ROADWAY LOCATION UNKNOWN,SNOW,ICE/FROST,DAYLIGHT,NON-INJURY ACCIDENT (PROPERTY- DAMAGE-ONLY ACCIDENT),FIXED OBJECT,45.78079259,-111.1828416
C010244N,000+0.226,BELGRADE,GALLATIN,March,2015,7:50,TUE,INTERSECTION,ON ROADWAY,CLOUDY,DRY,DAYLIGHT,NON-INJURY ACCIDENT (PROPERTY- DAMAGE-ONLY ACCIDENT),REAR-END,45.78166011,-111.1848105
C010250N,000+0.014,BELGRADE,GALLATIN,August,2015,23:55,THU,NON-JUNCTION,ON ROADWAY,CLOUDY,DRY,DARK-LIGHTED,NON-INJURY ACCIDENT (PROPERTY- DAMAGE-ONLY ACCIDENT),REAR-END,45.78973736,-111.1850929
C016001N,000+0.204,BELGRADE,GALLATIN,December,2014,22:30,SUN,NON-JUNCTION,ROADSIDE RIGHT,CLOUDY,SNOW,DARK-NOT LIGHTED,NON-INJURY ACCIDENT (PROPERTY- DAMAGE-ONLY ACCIDENT),FIXED OBJECT,45.86776833,-111.0864167
C016001N,000+0.690,BELGRADE,GALLATIN,December,2016,0:30,SUN,NON-JUNCTION,ROADSIDE LEFT,CLOUDY,ICE/FROST,DARK-NOT LIGHTED,NON-INJURY ACCIDENT (PROPERTY- DAMAGE-ONLY ACCIDENT),FIXED OBJECT,45.86497498,-111.0934296
C016001N,000+0.763,NOT IN CITY LIMITS,GALLATIN,NOVEMBER,2017,17:30,THU,NON-JUNCTION,ON ROADWAY,CLOUDY,DRY,DARK-NOT LIGHTED,NON-INJURY ACCIDENT (PROPERTY- DAMAGE-ONLY ACCIDENT),WILD ANIMAL,45.86459513,-111.0948038
C016001N,001+0.026,,GALLATIN,September,2015,13:50,TUE,NON-JUNCTION,ROADSIDE LEFT,CLEAR,DRY,DAYLIGHT,NON-INCAPACITATING EVIDENT INJURY ACCIDENT,FIXED OBJECT,45.86263706,-111.0994199
C016001N,001+0.773,,GALLATIN,February,2014,17:30,MON,INTERSECTION-RELATED,ROADSIDE LEFT,CLOUDY,SNOW,DAYLIGHT,NON-INJURY ACCIDENT (PROPERTY- DAMAGE-ONLY ACCIDENT),FIXED OBJECT,45.85937667,-111.113865
C016001N,002+0.005,,GALLATIN,May,2015,11:30,WED,NON-JUNCTION,ROADSIDE RIGHT,CLEAR,MUD DIRT GRAVEL,DAYLIGHT,NON-INJURY ACCIDENT (PROPERTY- DAMAGE-ONLY ACCIDENT),ROLL OVER,45.85774833,-111.11824
C016001N,003+0.397,NOT IN CITY LIMITS,GALLATIN,SEPTEMBER,2017,0:00,THU,NON-JUNCTION,ROADSIDE RIGHT,CLEAR,DRY,DARK-NOT LIGHTED,FATAL ACCIDENT,FIXED OBJECT,45.8490954,-111.1441011
C016001N,004+0.156,,GALLATIN,September,2015,21:00,THU,NON-JUNCTION,ON ROADWAY,CLOUDY,DRY,DARK-NOT LIGHTED,NON-INJURY ACCIDENT (PROPERTY- DAMAGE-ONLY ACCIDENT),WILD ANIMAL,45.84969,-111.15966
C016001N,004+0.156,,GALLATIN,December,2015,21:00,SAT,INTERSECTION,ROADSIDE RIGHT,CLEAR,ICE/FROST,DARK-NOT LIGHTED,NON-INJURY ACCIDENT (PROPERTY- DAMAGE-ONLY ACCIDENT),FIXED OBJECT,45.84970403,-111.1597577
C016002N,000+0.338,,GALLATIN,September,2014,6:20,SAT,NON-JUNCTION,ON ROADWAY,CLEAR,DRY,DARK-NOT LIGHTED,NON-INJURY ACCIDENT (PROPERTY- DAMAGE-ONLY ACCIDENT),WILD ANIMAL,45.87272183,-111.0820985
C016002N,000+0.529,,GALLATIN,June,2016,14:37,FRI,NON-JUNCTION,ROADSIDE LEFT,CLOUDY,DRY,DAYLIGHT,NON-INCAPACITATING EVIDENT INJURY ACCIDENT,ROLL OVER,45.87523,-111.08141
C016002N,000+0.550,,GALLATIN,April,2015,13:00,THU,NON-JUNCTION,ROADSIDE RIGHT,UNKNOWN,UNKNOWN,UNKNOWN,UNKNOWN,FIXED OBJECT,45.87543338,-111.0810603
C016002N,000+0.737,,GALLATIN,February,2014,13:35,SUN,INTERSECTION-RELATED,ON ROADWAY,CLEAR,SNOW,DAYLIGHT,NON-INJURY ACCIDENT (PROPERTY- DAMAGE-ONLY ACCIDENT),RIGHT ANGLE,45.8755431,-111.0771765