MDT_CORRIDOR_ID,SMS_REFPOST_OFFSET,CITY,COUNTY,Month,Year,SMS_TIME,SMT_CRASH_OCC_DAY_OF_WEEK,JUNCTION_RELATED,ROADWAY_RELATED,WEATHER_COND,ROAD_COND,LIGHT_COND,CRASH_SEVERITY,COLLISION_TYPE,LATITUDE,LONGITUDE
C016002N,000+0.852,,GALLATIN,December,2016,16:30,SAT,NON-JUNCTION,ROADSIDE LEFT,CLOUDY,ICE/FROST,DAYLIGHT,NON-INJURY ACCIDENT (PROPERTY- DAMAGE-ONLY ACCIDENT),ROLL OVER,45.87706608,-111.0768002
C016002N,001+0.440,,GALLATIN,April,2013,6:30,SUN,NON-JUNCTION,ROADSIDE RIGHT,SNOW,ICE/FROST,DARK-LIGHTED,POSSIBLE INJURY ACCIDENT,ROLL OVER,45.88573675,-111.077092
C016002N,002+0.909,,GALLATIN,July,2014,20:30,WED,DRIVEWAY/ALLEY ACCESS RELATED,SHOULDER,CLOUDY,DRY,DAYLIGHT,NON-INJURY ACCIDENT (PROPERTY- DAMAGE-ONLY ACCIDENT),FIXED OBJECT,45.90686,-111.077
C016002N,004+0.361,,GALLATIN,February,2014,3:30,SUN,NON-JUNCTION,ROADSIDE LEFT,CLEAR,SNOW,DARK-NOT LIGHTED,NON-INJURY ACCIDENT (PROPERTY- DAMAGE-ONLY ACCIDENT),FIXED OBJECT,45.92784139,-111.0770237
C016002N,005+0.150,,GALLATIN,November,2013,3:00,SAT,NON-JUNCTION,ROADSIDE LEFT,UNKNOWN,DRY,UNKNOWN,NON-INJURY ACCIDENT (PROPERTY- DAMAGE-ONLY ACCIDENT),FIXED OBJECT,45.92999715,-111.0909814
C016002N,005+0.525,BELGRADE,GALLATIN,December,2015,14:45,MON,NON-JUNCTION,ROADSIDE LEFT,CLOUDY,ICE/FROST,DAYLIGHT,NON-INJURY ACCIDENT (PROPERTY- DAMAGE-ONLY ACCIDENT),ROLL OVER,45.93091072,-111.0979695
C016002N,005+0.706,NOT IN CITY LIMITS,GALLATIN,APRIL,2017,22:15,THU,NON-JUNCTION,ROADSIDE RIGHT,CLEAR,DRY,DARK-LIGHTED,NON-INCAPACITATING EVIDENT INJURY ACCIDENT,ROLL OVER,45.93353095,-111.0979582
C016002N,007+0.692,,GALLATIN,March,2016,14:28,MON,NON-JUNCTION,ON ROADWAY,CLOUDY,DRY,DAYLIGHT,INCAPACITATING INJURY ACCIDENT,HEAD ON,45.96220679,-111.0977683
C016002N,011+0.441,NOT IN CITY LIMITS,GALLATIN,MAY,2017,0:00,THU,NON-JUNCTION,ROADSIDE LEFT,SNOW,MUD DIRT GRAVEL,DARK-NOT LIGHTED,FATAL ACCIDENT,ROLL OVER,46.01171088,-111.114294
C016002N,013+0.560,,GALLATIN,November,2013,6:30,THU,NON-JUNCTION,ON ROADWAY,CLEAR,DRY,DARK-NOT LIGHTED,NON-INJURY ACCIDENT (PROPERTY- DAMAGE-ONLY ACCIDENT),DOMESTIC ANIMAL,46.039395,-111.1294883
C016003N,000+0.014,NOT IN CITY LIMITS,GALLATIN,MARCH,2017,7:20,THU,INTERSECTION,ON ROADWAY,SNOW,ICE/FROST,DAYLIGHT,NON-INJURY ACCIDENT (PROPERTY- DAMAGE-ONLY ACCIDENT),RIGHT ANGLE,45.80211,-111.16986
C016003N,000+0.495,NOT IN CITY LIMITS,GALLATIN,JANUARY,2017,22:10,SUN,INTERSECTION-RELATED,ROADSIDE RIGHT,CLEAR,SNOW,DARK-NOT LIGHTED,NON-INJURY ACCIDENT (PROPERTY- DAMAGE-ONLY ACCIDENT),FIXED OBJECT,45.80227185,-111.1598738
C016003N,000+0.546,BELGRADE,GALLATIN,September,2016,16:10,WED,INTERSECTION,ON ROADWAY,CLEAR,DRY,DAYLIGHT,NON-INJURY ACCIDENT (PROPERTY- DAMAGE-ONLY ACCIDENT),"SIDESWIPE, SAME DIRECTION",45.80210531,-111.1588493
C016003N,000+0.710,,GALLATIN,December,2014,23:15,FRI,NON-JUNCTION,OFF ROADWAY LOCATION UNKNOWN,"FOG, SMOG, SMOKE",SNOW,DARK-NOT LIGHTED,NON-INJURY ACCIDENT (PROPERTY- DAMAGE-ONLY ACCIDENT),FIXED OBJECT,45.80213179,-111.1554069
C016003N,000+0.750,,GALLATIN,June,2013,10:03,WED,NON-JUNCTION,ROADSIDE RIGHT,CLOUDY,DRY,DAYLIGHT,NON-INJURY ACCIDENT (PROPERTY- DAMAGE-ONLY ACCIDENT),FIXED OBJECT,45.80213833,-111.1544783
C016003N,000+0.750,,GALLATIN,February,2013,14:15,SUN,NON-JUNCTION,ROADSIDE RIGHT,CLEAR,DRY,DAYLIGHT,NON-INJURY ACCIDENT (PROPERTY- DAMAGE-ONLY ACCIDENT),FIXED OBJECT,45.80209333,-111.1544233
C016003N,000+0.750,NOT IN CITY LIMITS,GALLATIN,OCTOBER,2017,23:00,SUN,NON-JUNCTION,ROADSIDE RIGHT,CLEAR,DRY,DARK-NOT LIGHTED,NON-INJURY ACCIDENT (PROPERTY- DAMAGE-ONLY ACCIDENT),FIXED OBJECT,45.80211134,-111.1546146
C016003N,000+0.757,BELGRADE,GALLATIN,OCTOBER,2017,16:00,SUN,NON-JUNCTION,SHOULDER,UNKNOWN,UNKNOWN,UNKNOWN,UNKNOWN,OTHER,45.80221228,-111.1544114
C016003N,000+0.766,,GALLATIN,July,2014,22:30,FRI,NON-JUNCTION,ROADSIDE RIGHT,CLEAR,DRY,DARK-NOT LIGHTED,NON-INCAPACITATING EVIDENT INJURY ACCIDENT,ROLL OVER,45.80235039,-111.1543482
C016003N,000+0.805,,GALLATIN,December,2015,23:15,SUN,NON-JUNCTION,ROADSIDE RIGHT,CLEAR,ICE/FROST,DARK-NOT LIGHTED,UNKNOWN,FIXED OBJECT,45.80289337,-111.1544165
C016003N,000+0.830,,GALLATIN,December,2013,8:45,MON,NON-JUNCTION,SHOULDER,CLOUDY,SNOW,DAYLIGHT,NON-INJURY ACCIDENT (PROPERTY- DAMAGE-ONLY ACCIDENT),FIXED OBJECT,45.803325,-111.15435
C016003N,000+0.929,,GALLATIN,June,2016,10:30,SUN,NON-JUNCTION,ROADSIDE RIGHT,CLEAR,DRY,DAYLIGHT,INCAPACITATING INJURY ACCIDENT,FIXED OBJECT,45.80474091,-111.1545326
C016003N,000+0.935,,GALLATIN,December,2014,12:48,SUN,NON-JUNCTION,ROADSIDE RIGHT,SNOW,ICE/FROST,DAYLIGHT,NON-INJURY ACCIDENT (PROPERTY- DAMAGE-ONLY ACCIDENT),ROLL OVER,45.80484568,-111.1545039
C016003N,000+0.935,,GALLATIN,December,2015,5:45,SUN,NON-JUNCTION,ROADSIDE RIGHT,"FOG, SMOG, SMOKE",SNOW,DARK-NOT LIGHTED,NON-INJURY ACCIDENT (PROPERTY- DAMAGE-ONLY ACCIDENT),ROLL OVER,45.80475333,-111.154445
C016003N,000+0.935,BELGRADE,GALLATIN,NOVEMBER,2017,7:42,THU,NON-JUNCTION,ROADSIDE RIGHT,CLEAR,ICE/FROST,DAWN,NON-INJURY ACCIDENT (PROPERTY- DAMAGE-ONLY ACCIDENT),OTHER,45.80480323,-111.1544184
C016003N,000+0.940,,GALLATIN,October,2013,0:30,WED,NON-JUNCTION,ROADSIDE LEFT,CLOUDY,WET,DARK-NOT LIGHTED,NON-INJURY ACCIDENT (PROPERTY- DAMAGE-ONLY ACCIDENT),FIXED OBJECT,45.80497317,-111.1543004
C016003N,000+0.946,BELGRADE,GALLATIN,March,2015,5:30,SUN,NON-JUNCTION,SHOULDER,CLEAR,DRY,DARK-NOT LIGHTED,NON-INJURY ACCIDENT (PROPERTY- DAMAGE-ONLY ACCIDENT),ROLL OVER,45.80494585,-111.1543278
C016003N,000+0.980,,GALLATIN,April,2015,19:52,FRI,NON-JUNCTION,ROADSIDE RIGHT,RAIN,WET,DARK-LIGHTED,POSSIBLE INJURY ACCIDENT,OTHER,45.80494241,-111.1536379
C016003N,001+0.247,,GALLATIN,July,2016,20:50,MON,NON-JUNCTION,ROADSIDE RIGHT,CLOUDY,DRY,DAYLIGHT,NON-INJURY ACCIDENT (PROPERTY- DAMAGE-ONLY ACCIDENT),FIXED OBJECT,45.80504242,-111.1481275
C016003N,002+0.624,,GALLATIN,November,2014,0:15,SUN,NON-JUNCTION,OFF ROADWAY LOCATION UNKNOWN,UNKNOWN,DRY,UNKNOWN,NON-INJURY ACCIDENT (PROPERTY- DAMAGE-ONLY ACCIDENT),ROLL OVER,45.80708352,-111.119644
C016003N,003+0.670,,GALLATIN,November,2013,19:40,SAT,NON-JUNCTION,ROADSIDE RIGHT,CLEAR,DRY,DARK-NOT LIGHTED,NON-INJURY ACCIDENT (PROPERTY- DAMAGE-ONLY ACCIDENT),ROLL OVER,45.80562,-111.0977667
C016004N,003+0.557,,GALLATIN,November,2014,17:40,SUN,NON-JUNCTION,ROADSIDE RIGHT,CLOUDY,DRY,DARK-NOT LIGHTED,POSSIBLE INJURY ACCIDENT,ROLL OVER,45.93675823,-111.1110039
C016004N,003+0.581,,GALLATIN,February,2014,16:15,THU,NON-JUNCTION,ROADSIDE RIGHT,CLEAR,SNOW,DAYLIGHT,NON-INJURY ACCIDENT (PROPERTY- DAMAGE-ONLY ACCIDENT),FIXED OBJECT,45.93712496,-111.1108717
C016008N,000+0.168,NOT IN CITY LIMITS,GALLATIN,NOVEMBER,2017,8:00,MON,NON-JUNCTION,ROADSIDE RIGHT,CLOUDY,ICE/FROST,DAYLIGHT,NON-INJURY ACCIDENT (PROPERTY- DAMAGE-ONLY ACCIDENT),FIXED OBJECT,45.67250717,-110.9806398
C016009N,000+0.204,,GALLATIN,February,2015,12:30,MON,DRIVEWAY/ALLEY ACCESS RELATED,ROADSIDE LEFT,SNOW,ICE/FROST,DAYLIGHT,NON-INJURY ACCIDENT (PROPERTY- DAMAGE-ONLY ACCIDENT),FIXED OBJECT,45.69988743,-110.9284598
C016009N,001+0.225,,GALLATIN,August,2016,10:30,TUE,DRIVEWAY/ALLEY ACCESS RELATED,ON ROADWAY,CLOUDY,DRY,DAYLIGHT,INCAPACITATING INJURY ACCIDENT,BICYCLE,45.69417723,-110.9120405
C016009N,001+0.650,,GALLATIN,April,2013,18:12,SAT,DRIVEWAY/ALLEY ACCESS RELATED,ROADSIDE RIGHT,CLOUDY,WET,DAYLIGHT,POSSIBLE INJURY ACCIDENT,ROLL OVER,45.6883343,-110.913333
C016009N,001+0.860,,GALLATIN,August,2013,16:00,THU,NON-JUNCTION,ROADSIDE RIGHT,CLEAR,DRY,DAYLIGHT,NON-INCAPACITATING EVIDENT INJURY ACCIDENT,FIXED OBJECT,45.68562241,-110.9146769
C016009N,001+0.932,,GALLATIN,April,2014,20:00,MON,NON-JUNCTION,ROADSIDE RIGHT,CLOUDY,DRY,DARK-NOT LIGHTED,NON-INJURY ACCIDENT (PROPERTY- DAMAGE-ONLY ACCIDENT),ROLL OVER,45.68464667,-110.9146183
C016009N,001+0.932,,GALLATIN,June,2015,16:15,FRI,NON-JUNCTION,ROADSIDE RIGHT,CLEAR,DRY,DAYLIGHT,INCAPACITATING INJURY ACCIDENT,ROLL OVER,45.68453,-110.9146533
C016009N,002+0.152,,GALLATIN,April,2015,2:45,THU,NON-JUNCTION,ROADSIDE LEFT,RAIN,WET,DARK-NOT LIGHTED,NON-INJURY ACCIDENT (PROPERTY- DAMAGE-ONLY ACCIDENT),FIXED OBJECT,45.68179415,-110.9153394
C016009N,003+0.184,NOT IN CITY LIMITS,GALLATIN,APRIL,2017,21:20,WED,NON-JUNCTION,ROADSIDE RIGHT,RAIN,WET,DARK-NOT LIGHTED,NON-INCAPACITATING EVIDENT INJURY ACCIDENT,ROLL OVER,45.67778027,-110.9334231
C016009N,003+0.324,NOT IN CITY LIMITS,GALLATIN,FEBRUARY,2017,7:45,WED,NON-JUNCTION,OFF ROADWAY LOCATION UNKNOWN,CLOUDY,ICE/FROST,DAYLIGHT,NON-INJURY ACCIDENT (PROPERTY- DAMAGE-ONLY ACCIDENT),FIXED OBJECT,45.67812675,-110.9362557
C016009N,003+0.397,,GALLATIN,September,2014,0:00,WED,ACCELERATION/DECELERATION LANE,SHOULDER,CLEAR,DRY,DARK-NOT LIGHTED,NON-INJURY ACCIDENT (PROPERTY- DAMAGE-ONLY ACCIDENT),PARKED VEHICLE,45.67796,-110.9377
C016009N,003+0.977,,GALLATIN,June,2015,20:00,FRI,NON-JUNCTION,ROADSIDE RIGHT,CLOUDY,DRY,DAYLIGHT,NON-INJURY ACCIDENT (PROPERTY- DAMAGE-ONLY ACCIDENT),FIXED OBJECT,45.67301729,-110.9464646
C016009N,004+0.377,,GALLATIN,February,2015,13:00,WED,NON-JUNCTION,ROADSIDE LEFT,SNOW,SLUSH,DAYLIGHT,NON-INJURY ACCIDENT (PROPERTY- DAMAGE-ONLY ACCIDENT),FIXED OBJECT,45.66958515,-110.9521815
C016009N,004+0.629,,GALLATIN,September,2015,16:50,SUN,NON-JUNCTION,ROADSIDE RIGHT,CLEAR,DRY,DAYLIGHT,NON-INJURY ACCIDENT (PROPERTY- DAMAGE-ONLY ACCIDENT),FIXED OBJECT,45.6708043,-110.9570446
C016009N,005+0.094,,GALLATIN,October,2016,12:26,MON,NON-JUNCTION,ROADSIDE LEFT,CLOUDY,DRY,DAYLIGHT,NON-INJURY ACCIDENT (PROPERTY- DAMAGE-ONLY ACCIDENT),FIXED OBJECT,45.67063,-110.96663
C016009N,005+0.326,NOT IN CITY LIMITS,GALLATIN,MAY,2017,20:20,WED,NON-JUNCTION,ROADSIDE RIGHT,SNOW,SNOW,DARK-NOT LIGHTED,NON-INJURY ACCIDENT (PROPERTY- DAMAGE-ONLY ACCIDENT),FIXED OBJECT,45.66954875,-110.9711705
C016013N,000+0.137,NOT IN CITY LIMITS,GALLATIN,DECEMBER,2017,14:45,SAT,NON-JUNCTION,ON ROADWAY,CLEAR,SNOW,DAYLIGHT,NON-INJURY ACCIDENT (PROPERTY- DAMAGE-ONLY ACCIDENT),HEAD ON,45.70674652,-110.9774654
C016015N,000+0.130,,GALLATIN,November,2013,14:15,SAT,NON-JUNCTION,ROADSIDE LEFT,CLEAR,ICE/FROST,DAYLIGHT,NON-INJURY ACCIDENT (PROPERTY- DAMAGE-ONLY ACCIDENT),FIXED OBJECT,45.67555818,-110.9263224
C016026N,000+0.775,,GALLATIN,February,2014,1:00,FRI,NON-JUNCTION,SHOULDER,SNOW,SNOW,DARK-NOT LIGHTED,POSSIBLE INJURY ACCIDENT,FIXED OBJECT,45.73435924,-111.0543406
C016026N,000+0.783,,GALLATIN,January,2014,8:43,FRI,NON-JUNCTION,ROADSIDE LEFT,CLEAR,SNOW,DAYLIGHT,NON-INJURY ACCIDENT (PROPERTY- DAMAGE-ONLY ACCIDENT),FIXED OBJECT,45.73419194,-111.0542381
C016026N,000+0.791,,GALLATIN,February,2014,12:15,MON,NON-JUNCTION,SHOULDER,BLOWING SNOW,SNOW,DAYLIGHT,NON-INJURY ACCIDENT (PROPERTY- DAMAGE-ONLY ACCIDENT),ROLL OVER,45.73415333,-111.0541867
C016026N,000+0.924,,GALLATIN,December,2016,9:45,SAT,INTERSECTION,ON ROADWAY,CLEAR,SNOW,DAYLIGHT,NON-INJURY ACCIDENT (PROPERTY- DAMAGE-ONLY ACCIDENT),RIGHT ANGLE,45.73289417,-111.0521208
C016026N,001+0.708,NOT IN CITY LIMITS,GALLATIN,OCTOBER,2017,0:15,TUE,INTERSECTION-RELATED,ROADSIDE RIGHT,CLEAR,DRY,DARK-NOT LIGHTED,NON-INJURY ACCIDENT (PROPERTY- DAMAGE-ONLY ACCIDENT),FIXED OBJECT,45.72471457,-111.0408131
C016026N,002+0.093,BOZEMAN,GALLATIN,July,2014,21:45,MON,NON-JUNCTION,SHOULDER,CLOUDY,DRY,DARK-NOT LIGHTED,NON-INJURY ACCIDENT (PROPERTY- DAMAGE-ONLY ACCIDENT),FIXED OBJECT,45.72031833,-111.0359133
C016026N,002+0.117,BOZEMAN,GALLATIN,March,2015,16:35,MON,NON-JUNCTION,UNKNOWN,CLOUDY,DRY,DAYLIGHT,NON-INJURY ACCIDENT (PROPERTY- DAMAGE-ONLY ACCIDENT),RIGHT ANGLE,45.71995333,-111.03568
C016026N,002+0.435,BOZEMAN,GALLATIN,October,2016,11:34,SUN,NON-JUNCTION,SHOULDER,CLEAR,MUD DIRT GRAVEL,DAYLIGHT,NON-INJURY ACCIDENT (PROPERTY- DAMAGE-ONLY ACCIDENT),FIXED OBJECT,45.71617939,-111.0325636
C016026N,003+0.095,BOZEMAN,GALLATIN,February,2014,10:35,SAT,NON-JUNCTION,ON ROADWAY,BLOWING SNOW,SNOW,DAYLIGHT,NON-INCAPACITATING EVIDENT INJURY ACCIDENT,HEAD ON,45.70914841,-111.0243835
C016026N,003+0.140,BOZEMAN,GALLATIN,February,2015,12:42,SAT,UNKNOWN,ROADSIDE RIGHT,CLEAR,ICE/FROST,DAYLIGHT,NON-INJURY ACCIDENT (PROPERTY- DAMAGE-ONLY ACCIDENT),FIXED OBJECT,45.70917367,-111.0234472
C016028N,000+0.364,BOZEMAN,GALLATIN,DECEMBER,2017,18:25,TUE,NON-JUNCTION,ON ROADWAY,CLOUDY,SNOW,DARK-LIGHTED,NON-INJURY ACCIDENT (PROPERTY- DAMAGE-ONLY ACCIDENT),"SIDESWIPE, SAME DIRECTION",45.72194703,-111.0662336
C016028N,000+0.907,BOZEMAN,GALLATIN,February,2015,9:45,THU,NON-JUNCTION,ON ROADWAY,CLEAR,ICE/FROST,DAYLIGHT,NON-INJURY ACCIDENT (PROPERTY- DAMAGE-ONLY ACCIDENT),NOT FIXED OBJECT OR DEBRIS,45.71649,-111.0624
C016032N,000+0.648,,GALLATIN,January,2014,21:10,FRI,NON-JUNCTION,ON ROADWAY,CLEAR,DRY,DARK-NOT LIGHTED,NON-INJURY ACCIDENT (PROPERTY- DAMAGE-ONLY ACCIDENT),FIRE/ EXPLOSION,45.74525001,-111.0507479
C016032N,001+0.100,,GALLATIN,April,2013,7:39,WED,NON-JUNCTION,ROADSIDE RIGHT,CLOUDY,ICE/FROST,DAYLIGHT,NON-INJURY ACCIDENT (PROPERTY- DAMAGE-ONLY ACCIDENT),ROLL OVER,45.74911214,-111.0429816
C016032N,001+0.950,,GALLATIN,July,2013,19:55,WED,INTERSECTION,ON ROADWAY,CLEAR,DRY,DAYLIGHT,NON-INJURY ACCIDENT (PROPERTY- DAMAGE-ONLY ACCIDENT),WILD ANIMAL,45.74939931,-111.0269311
C016032N,002+0.111,NOT IN CITY LIMITS,GALLATIN,JANUARY,2017,14:45,MON,NON-JUNCTION,ROADSIDE RIGHT,SNOW,SNOW,DAYLIGHT,NON-INJURY ACCIDENT (PROPERTY- DAMAGE-ONLY ACCIDENT),FIXED OBJECT,45.7487121,-111.0237642
C016033N,000+0.015,,GALLATIN,February,2015,13:48,FRI,RAILWAY GRADE CROSSING,ON ROADWAY,CLOUDY,DRY,DAYLIGHT,NON-INJURY ACCIDENT (PROPERTY- DAMAGE-ONLY ACCIDENT),RAILWAY VEHICLE,45.89631957,-111.4936112
C016033N,000+0.107,,GALLATIN,October,2015,17:50,SUN,NON-JUNCTION,MEDIAN,CLOUDY,DRY,DAYLIGHT,INCAPACITATING INJURY ACCIDENT,FIXED OBJECT,45.89502,-111.49362
C016033N,000+0.299,NOT IN CITY LIMITS,GALLATIN,JULY,2017,20:10,MON,NON-JUNCTION,ROADSIDE RIGHT,CLEAR,DRY,DAYLIGHT,NON-INJURY ACCIDENT (PROPERTY- DAMAGE-ONLY ACCIDENT),FIXED OBJECT,45.89219879,-111.4936357
C016033N,000+0.507,,GALLATIN,September,2014,21:23,TUE,NON-JUNCTION,SHOULDER,CLOUDY,DRY,DARK-NOT LIGHTED,INCAPACITATING INJURY ACCIDENT,ROLL OVER,45.88924833,-111.4936567
C016033N,001+0.409,,GALLATIN,July,2015,0:40,SAT,NON-JUNCTION,ON ROADWAY,CLEAR,DRY,DARK-NOT LIGHTED,NON-INJURY ACCIDENT (PROPERTY- DAMAGE-ONLY ACCIDENT),WILD ANIMAL,45.87688479,-111.4875864
C016033N,004+0.314,,GALLATIN,June,2016,15:30,SUN,NON-JUNCTION,ROADSIDE RIGHT,CLEAR,DRY,DAYLIGHT,NON-INJURY ACCIDENT (PROPERTY- DAMAGE-ONLY ACCIDENT),FIXED OBJECT,45.83508742,-111.4872107
C016033N,004+0.314,NOT IN CITY LIMITS,GALLATIN,MAY,2017,1:00,FRI,NON-JUNCTION,ROADSIDE RIGHT,UNKNOWN,MUD DIRT GRAVEL,UNKNOWN,UNKNOWN,FIXED OBJECT,45.83516851,-111.4875391
C016033N,004+0.832,THREE FORKS,GALLATIN,July,2015,20:40,MON,NON-JUNCTION,ROADSIDE RIGHT,CLOUDY,DRY,DAYLIGHT,NON-INJURY ACCIDENT (PROPERTY- DAMAGE-ONLY ACCIDENT),FIXED OBJECT,45.82899,-111.4926
C016033N,006+0.996,NOT IN CITY LIMITS,GALLATIN,JUNE,2017,15:05,MON,NON-JUNCTION,ROADSIDE LEFT,CLOUDY,DRY,DAYLIGHT,NON-INCAPACITATING EVIDENT INJURY ACCIDENT,ROLL OVER,45.79890794,-111.4998124
C016033N,007+0.291,,GALLATIN,July,2014,10:50,WED,NON-JUNCTION,ROADSIDE LEFT,CLEAR,DRY,DAYLIGHT,NON-INJURY ACCIDENT (PROPERTY- DAMAGE-ONLY ACCIDENT),ROLL OVER,45.79512147,-111.5025168
C016033N,007+0.319,,GALLATIN,October,2014,18:22,THU,NON-JUNCTION,ROADSIDE RIGHT,CLEAR,DRY,DAYLIGHT,POSSIBLE INJURY ACCIDENT,ROLL OVER,45.79473723,-111.5026851
C016033N,008+0.192,,GALLATIN,March,2016,11:45,WED,NON-JUNCTION,ROADSIDE LEFT,CLEAR,DRY,DAYLIGHT,NON-INCAPACITATING EVIDENT INJURY ACCIDENT,ROLL OVER,45.78210223,-111.5035007
C016033N,008+0.951,,GALLATIN,July,2014,21:53,THU,NON-JUNCTION,ROADSIDE RIGHT,CLEAR,DRY,DARK-NOT LIGHTED,INCAPACITATING INJURY ACCIDENT,ROLL OVER,45.77143349,-111.506062
C016036N,000+0.010,,GALLATIN,December,2013,19:30,TUE,INTERSECTION-RELATED,OFF ROADWAY LOCATION UNKNOWN,CLEAR,ICE/FROST,DARK-NOT LIGHTED,NON-INJURY ACCIDENT (PROPERTY- DAMAGE-ONLY ACCIDENT),FIXED OBJECT,45.75182746,-111.0459737
C016037N,001+0.010,,GALLATIN,December,2013,13:00,MON,NON-JUNCTION,ROADSIDE RIGHT,CLOUDY,ICE/FROST,DAYLIGHT,POSSIBLE INJURY ACCIDENT,FIXED OBJECT,45.74966425,-111.0443295
C016037N,001+0.112,,GALLATIN,December,2015,19:00,THU,NON-JUNCTION,ON ROADWAY,CLOUDY,ICE/FROST,DARK-NOT LIGHTED,NON-INJURY ACCIDENT (PROPERTY- DAMAGE-ONLY ACCIDENT),"SIDESWIPE, SAME DIRECTION",45.74990474,-111.0422171
C016038N,000+0.513,,GALLATIN,January,2015,0:15,SUN,NON-JUNCTION,SHOULDER,CLOUDY,SNOW,DARK-NOT LIGHTED,NON-INJURY ACCIDENT (PROPERTY- DAMAGE-ONLY ACCIDENT),FIXED OBJECT,45.75570015,-111.0364319
C016039N,000+0.301,,GALLATIN,December,2016,19:30,SUN,NON-JUNCTION,ON ROADWAY,SNOW,SNOW,DARK-NOT LIGHTED,NON-INJURY ACCIDENT (PROPERTY- DAMAGE-ONLY ACCIDENT),REAR TO SIDE,45.73039778,-111.0676507
C016041N,000+0.000,NOT IN CITY LIMITS,GALLATIN,NOVEMBER,2017,8:50,FRI,INTERSECTION,ON ROADWAY,SNOW,SNOW,DAYLIGHT,NON-INJURY ACCIDENT (PROPERTY- DAMAGE-ONLY ACCIDENT),RIGHT ANGLE,45.73428,-111.06664
C016041N,000+0.183,,GALLATIN,December,2015,21:42,SUN,NON-JUNCTION,ROADSIDE RIGHT,CLEAR,SNOW,DARK-NOT LIGHTED,NON-INJURY ACCIDENT (PROPERTY- DAMAGE-ONLY ACCIDENT),FIXED OBJECT,45.73426017,-111.0628374
C016044E,000+0.160,,GALLATIN,October,2013,13:45,FRI,NON-JUNCTION,ON ROADWAY,CLEAR,DRY,DAYLIGHT,NON-INJURY ACCIDENT (PROPERTY- DAMAGE-ONLY ACCIDENT),ROLL OVER,45.88132443,-111.4360799
C016045N,000+0.000,,GALLATIN,August,2016,4:00,THU,INTERSECTION-RELATED,ROADSIDE LEFT,CLEAR,DRY,DARK-NOT LIGHTED,NON-INCAPACITATING EVIDENT INJURY ACCIDENT,FIXED OBJECT,45.87585532,-111.3694104
C016045N,001+0.246,,GALLATIN,July,2015,7:30,WED,NON-JUNCTION,ROADSIDE LEFT,CLEAR,DRY,DAYLIGHT,NON-INJURY ACCIDENT (PROPERTY- DAMAGE-ONLY ACCIDENT),FIXED OBJECT,45.86048951,-111.3665738
C016048N,000+0.000,,GALLATIN,November,2016,12:15,SAT,INTERSECTION,ON ROADWAY,CLEAR,DRY,DAYLIGHT,NON-INJURY ACCIDENT (PROPERTY- DAMAGE-ONLY ACCIDENT),"SIDESWIPE, SAME DIRECTION",45.78738199,-111.0822624
C016048N,000+0.236,,GALLATIN,December,2014,4:20,SAT,INTERSECTION-RELATED,ROADSIDE LEFT,"FOG, SMOG, SMOKE",SNOW,DARK-NOT LIGHTED,NON-INJURY ACCIDENT (PROPERTY- DAMAGE-ONLY ACCIDENT),FIXED OBJECT,45.78737855,-111.0774608
C016048N,002+0.686,,GALLATIN,May,2014,18:00,THU,NON-JUNCTION,ROADSIDE RIGHT,CLOUDY,DRY,DAYLIGHT,NON-INCAPACITATING EVIDENT INJURY ACCIDENT,NOT FIXED OBJECT OR DEBRIS,45.78476264,-111.0306809
C016051N,001+0.961,BELGRADE,GALLATIN,JUNE,2017,14:30,THU,NON-JUNCTION,ROADSIDE RIGHT,CLEAR,DRY,DAYLIGHT,POSSIBLE INJURY ACCIDENT,FIXED OBJECT,45.81137038,-111.0451989
C016051N,003+0.607,,GALLATIN,July,2014,17:35,WED,INTERSECTION,ON ROADWAY,CLOUDY,DRY,DAYLIGHT,NON-INJURY ACCIDENT (PROPERTY- DAMAGE-ONLY ACCIDENT),RIGHT ANGLE,45.78753906,-111.0452292
C016051N,005+0.100,,GALLATIN,February,2013,23:00,WED,INTERSECTION,ROADSIDE LEFT,SNOW,SNOW,DARK-NOT LIGHTED,NON-INJURY ACCIDENT (PROPERTY- DAMAGE-ONLY ACCIDENT),FIXED OBJECT,45.76583833,-111.0454317
C016051N,007+0.068,,GALLATIN,November,2016,19:30,SAT,NON-JUNCTION,ROADSIDE RIGHT,CLOUDY,DRY,DARK-NOT LIGHTED,NON-INJURY ACCIDENT (PROPERTY- DAMAGE-ONLY ACCIDENT),FIXED OBJECT,45.76154405,-111.0100793
C016053N,000+0.009,,GALLATIN,February,2016,17:54,THU,INTERSECTION,ON ROADWAY,CLOUDY,DRY,DUSK,NON-INJURY ACCIDENT (PROPERTY- DAMAGE-ONLY ACCIDENT),RIGHT ANGLE,45.72682894,-111.082481
C016053N,000+0.020,,GALLATIN,September,2015,7:00,WED,INTERSECTION-RELATED,ON ROADWAY,CLEAR,DRY,DAYLIGHT,NON-INJURY ACCIDENT (PROPERTY- DAMAGE-ONLY ACCIDENT),"SIDESWIPE, OPPOSITE DIRECTION",45.72698897,-111.0825619