MDT_CORRIDOR_ID,SMS_REFPOST_OFFSET,CITY,COUNTY,Month,Year,SMS_TIME,SMT_CRASH_OCC_DAY_OF_WEEK,JUNCTION_RELATED,ROADWAY_RELATED,WEATHER_COND,ROAD_COND,LIGHT_COND,CRASH_SEVERITY,COLLISION_TYPE,LATITUDE,LONGITUDE
C016053N,000+0.043,,GALLATIN,December,2014,10:50,TUE,INTERSECTION-RELATED,ROADSIDE LEFT,CLOUDY,SNOW,DAYLIGHT,NON-INJURY ACCIDENT (PROPERTY- DAMAGE-ONLY ACCIDENT),FIXED OBJECT,45.72736169,-111.0824537
C016053N,000+0.683,,GALLATIN,August,2014,7:45,THU,NON-JUNCTION,ROADSIDE RIGHT,CLEAR,DRY,DAYLIGHT,NON-INJURY ACCIDENT (PROPERTY- DAMAGE-ONLY ACCIDENT),IMMERSION,45.73655857,-111.0821531
C016053N,001+0.004,,GALLATIN,September,2016,20:10,SUN,NON-JUNCTION,ROADSIDE RIGHT,RAIN,WET,DARK-NOT LIGHTED,NON-INJURY ACCIDENT (PROPERTY- DAMAGE-ONLY ACCIDENT),ROLL OVER,45.74120046,-111.0821647
C016053N,001+0.419,,GALLATIN,February,2014,2:30,SAT,NON-JUNCTION,OFF ROADWAY LOCATION UNKNOWN,SNOW,SNOW,DARK-NOT LIGHTED,NON-INJURY ACCIDENT (PROPERTY- DAMAGE-ONLY ACCIDENT),FIXED OBJECT,45.74730584,-111.0820234
C016053N,001+0.929,,GALLATIN,September,2015,8:15,THU,INTERSECTION-RELATED,ON ROADWAY,CLEAR,DRY,DAYLIGHT,NON-INJURY ACCIDENT (PROPERTY- DAMAGE-ONLY ACCIDENT),RIGHT ANGLE,45.74744247,-111.0924531
C016053N,001+0.935,,GALLATIN,August,2015,22:00,SUN,NON-JUNCTION,ROADSIDE RIGHT,CLEAR,MUD DIRT GRAVEL,DARK-NOT LIGHTED,NON-INJURY ACCIDENT (PROPERTY- DAMAGE-ONLY ACCIDENT),FIXED OBJECT,45.74731951,-111.0937303
C016053N,002+0.026,,GALLATIN,October,2016,14:30,TUE,NON-JUNCTION,ROADSIDE LEFT,CLEAR,DRY,DAYLIGHT,NON-INCAPACITATING EVIDENT INJURY ACCIDENT,FIXED OBJECT,45.74880805,-111.0927591
C016053N,003+0.549,,GALLATIN,December,2016,19:30,SAT,NON-JUNCTION,ROADSIDE LEFT,SNOW,ICE/FROST,DARK-NOT LIGHTED,NON-INJURY ACCIDENT (PROPERTY- DAMAGE-ONLY ACCIDENT),FIXED OBJECT,45.75893021,-111.1131592
C016053N,004+0.495,NOT IN CITY LIMITS,GALLATIN,DECEMBER,2017,19:00,SUN,NON-JUNCTION,ROADSIDE RIGHT,CLOUDY,ICE/FROST,DARK-NOT LIGHTED,NON-INJURY ACCIDENT (PROPERTY- DAMAGE-ONLY ACCIDENT),FIXED OBJECT,45.77264959,-111.113207
C016053N,005+0.087,,GALLATIN,October,2016,11:00,SAT,NON-JUNCTION,ROADSIDE RIGHT,UNKNOWN,UNKNOWN,DAYLIGHT,NON-INJURY ACCIDENT (PROPERTY- DAMAGE-ONLY ACCIDENT),FIXED OBJECT,45.78087154,-111.1131918
C016053N,005+0.139,,GALLATIN,January,2016,15:45,SAT,NON-JUNCTION,SHOULDER,SNOW,SNOW,DAYLIGHT,NON-INCAPACITATING EVIDENT INJURY ACCIDENT,FIXED OBJECT,45.78159841,-111.1132518
C016053N,005+0.513,NOT IN CITY LIMITS,GALLATIN,JANUARY,2017,22:09,THU,NON-JUNCTION,ROADSIDE LEFT,CLOUDY,ICE/FROST,DARK-NOT LIGHTED,NON-INJURY ACCIDENT (PROPERTY- DAMAGE-ONLY ACCIDENT),FIXED OBJECT,45.78708267,-111.1131516
C016053N,005+0.525,,GALLATIN,March,2014,0:00,SAT,NON-JUNCTION,ROADSIDE LEFT,UNKNOWN,UNKNOWN,UNKNOWN,NON-INJURY ACCIDENT (PROPERTY- DAMAGE-ONLY ACCIDENT),FIXED OBJECT,45.78720446,-111.1129983
C016055N,000+0.000,,GALLATIN,January,2013,20:15,WED,INTERSECTION,ON ROADWAY,CLEAR,ICE/FROST,DARK-NOT LIGHTED,NON-INJURY ACCIDENT (PROPERTY- DAMAGE-ONLY ACCIDENT),RIGHT ANGLE,45.77661333,-111.082185
C016055N,000+0.000,,GALLATIN,August,2016,10:00,SAT,NON-JUNCTION,ON ROADWAY,CLOUDY,DRY,DAYLIGHT,NON-INJURY ACCIDENT (PROPERTY- DAMAGE-ONLY ACCIDENT),WILD ANIMAL,45.77662,-111.0822
C016150N,000+0.615,,GALLATIN,April,2016,21:55,SUN,NON-JUNCTION,ROADSIDE RIGHT,CLEAR,DRY,DARK-NOT LIGHTED,NON-INJURY ACCIDENT (PROPERTY- DAMAGE-ONLY ACCIDENT),ROLL OVER,45.80914105,-111.2589962
C016055N,000+0.171,NOT IN CITY LIMITS,GALLATIN,JULY,2017,17:05,WED,NON-JUNCTION,ON ROADWAY,SEVERE CROSSWINDS,DRY,DAYLIGHT,NON-INJURY ACCIDENT (PROPERTY- DAMAGE-ONLY ACCIDENT),NOT FIXED OBJECT OR DEBRIS,45.77659,-111.08574
C016055N,000+0.210,NOT IN CITY LIMITS,GALLATIN,JULY,2017,17:05,WED,NON-JUNCTION,ON ROADWAY,SEVERE CROSSWINDS,DRY,DAYLIGHT,NON-INJURY ACCIDENT (PROPERTY- DAMAGE-ONLY ACCIDENT),NOT FIXED OBJECT OR DEBRIS,45.77633078,-111.0864698
C016055N,000+0.466,NOT IN CITY LIMITS,GALLATIN,NOVEMBER,2017,7:40,MON,NON-JUNCTION,ON ROADWAY,RAIN,WET,DAWN,NON-INJURY ACCIDENT (PROPERTY- DAMAGE-ONLY ACCIDENT),WILD ANIMAL,45.77655617,-111.091893
C016055N,001+0.162,,GALLATIN,December,2016,14:30,SUN,INTERSECTION,ON ROADWAY,CLEAR,ICE/FROST,DAYLIGHT,NON-INJURY ACCIDENT (PROPERTY- DAMAGE-ONLY ACCIDENT),REAR TO REAR,45.77644605,-111.1063259
C016055N,001+0.220,,GALLATIN,January,2013,18:30,TUE,NON-JUNCTION,ON ROADWAY,CLOUDY,ICE/FROST,DARK-NOT LIGHTED,NON-INJURY ACCIDENT (PROPERTY- DAMAGE-ONLY ACCIDENT),DOMESTIC ANIMAL,45.77650833,-111.107425
C016055N,001+0.351,,GALLATIN,February,2015,12:45,TUE,DRIVEWAY/ALLEY ACCESS RELATED,ROADSIDE RIGHT,CLEAR,DRY,DAYLIGHT,NON-INJURY ACCIDENT (PROPERTY- DAMAGE-ONLY ACCIDENT),ROLL OVER,45.77647076,-111.1101638
C016057N,000+0.073,NOT IN CITY LIMITS,GALLATIN,OCTOBER,2017,20:27,WED,NON-JUNCTION,ON ROADWAY,CLOUDY,DRY,DARK-NOT LIGHTED,NON-INJURY ACCIDENT (PROPERTY- DAMAGE-ONLY ACCIDENT),REAR TO SIDE,45.77755372,-111.1004351
C016059N,000+0.285,,GALLATIN,November,2014,7:20,TUE,NON-JUNCTION,SHOULDER,CLOUDY,DRY,DAYLIGHT,NON-INJURY ACCIDENT (PROPERTY- DAMAGE-ONLY ACCIDENT),FIXED OBJECT,45.74216,-111.10384
C016059N,000+0.585,NOT IN CITY LIMITS,GALLATIN,APRIL,2017,6:35,FRI,NON-JUNCTION,OFF ROADWAY LOCATION UNKNOWN,RAIN,WET,DAYLIGHT,NON-INJURY ACCIDENT (PROPERTY- DAMAGE-ONLY ACCIDENT),REAR TO FRONT,45.74643581,-111.1039903
C016059N,000+0.647,,GALLATIN,November,2014,13:30,MON,DRIVEWAY/ALLEY ACCESS RELATED,ON ROADWAY,CLOUDY,DRY,DAYLIGHT,NON-INJURY ACCIDENT (PROPERTY- DAMAGE-ONLY ACCIDENT),RIGHT ANGLE,45.74729167,-111.104075
C016060N,000+0.000,,GALLATIN,September,2013,19:25,FRI,INTERSECTION,ON ROADWAY,CLOUDY,DRY,DARK-NOT LIGHTED,NON-INCAPACITATING EVIDENT INJURY ACCIDENT,RIGHT ANGLE,45.7625133,-111.1505029
C016060N,000+0.000,,GALLATIN,September,2014,9:03,MON,INTERSECTION,ON ROADWAY,CLOUDY,DRY,DAYLIGHT,NON-INJURY ACCIDENT (PROPERTY- DAMAGE-ONLY ACCIDENT),"SIDESWIPE, SAME DIRECTION",45.76252352,-111.1505848
C016060N,000+0.000,,GALLATIN,November,2014,16:55,THU,INTERSECTION,ON ROADWAY,CLOUDY,DRY,DAYLIGHT,NON-INJURY ACCIDENT (PROPERTY- DAMAGE-ONLY ACCIDENT),RIGHT ANGLE,45.76246887,-111.1504892
C016060N,000+0.000,BELGRADE,GALLATIN,December,2014,10:00,MON,NON-JUNCTION,ROADSIDE LEFT,CLEAR,ICE/FROST,DAYLIGHT,NON-INJURY ACCIDENT (PROPERTY- DAMAGE-ONLY ACCIDENT),FIXED OBJECT,45.76248,-111.15053
C016060N,000+0.000,,GALLATIN,April,2015,16:45,WED,INTERSECTION,ON ROADWAY,CLOUDY,DRY,DAYLIGHT,NON-INJURY ACCIDENT (PROPERTY- DAMAGE-ONLY ACCIDENT),REAR-END,45.76253719,-111.1505165
C016060N,000+0.000,,GALLATIN,February,2015,18:38,SUN,INTERSECTION,ON ROADWAY,CLEAR,DRY,DARK-NOT LIGHTED,POSSIBLE INJURY ACCIDENT,REAR-END,45.76246245,-111.150644
C016060N,000+0.000,,GALLATIN,March,2015,16:55,SAT,INTERSECTION,ON ROADWAY,CLOUDY,DRY,DAYLIGHT,POSSIBLE INJURY ACCIDENT,REAR-END,45.76252009,-111.1505506
C016060N,000+0.000,NOT IN CITY LIMITS,GALLATIN,DECEMBER,2017,0:00,WED,INTERSECTION,ON ROADWAY,SNOW,ICE/FROST,DAYLIGHT,NON-INJURY ACCIDENT (PROPERTY- DAMAGE-ONLY ACCIDENT),REAR-END,45.76248,-111.15053
C016060N,000+0.000,NOT IN CITY LIMITS,GALLATIN,DECEMBER,2017,12:45,WED,INTERSECTION,ON ROADWAY,SNOW,ICE/FROST,DAYLIGHT,NON-INJURY ACCIDENT (PROPERTY- DAMAGE-ONLY ACCIDENT),REAR-END,45.76252696,-111.1505985
C016060N,000+0.395,BELGRADE,GALLATIN,May,2014,12:00,FRI,INTERSECTION-RELATED,ON ROADWAY,RAIN,WET,DAYLIGHT,POSSIBLE INJURY ACCIDENT,RIGHT ANGLE,45.76583482,-111.1444488
C016060N,000+0.395,BELGRADE,GALLATIN,JANUARY,2017,10:10,SUN,DRIVEWAY/ALLEY ACCESS RELATED,ON ROADWAY,CLOUDY,SNOW,DAYLIGHT,NON-INJURY ACCIDENT (PROPERTY- DAMAGE-ONLY ACCIDENT),RIGHT ANGLE,45.76583482,-111.1444488
C016060N,000+0.415,,GALLATIN,February,2015,17:25,TUE,DRIVEWAY/ALLEY ACCESS RELATED,ON ROADWAY,RAIN,WET,DAYLIGHT,NON-INJURY ACCIDENT (PROPERTY- DAMAGE-ONLY ACCIDENT),REAR-END,45.76573242,-111.1441207
C016060N,000+0.625,BELGRADE,GALLATIN,December,2016,15:45,WED,NON-JUNCTION,ROADSIDE RIGHT,CLOUDY,DRY,DAYLIGHT,NON-INJURY ACCIDENT (PROPERTY- DAMAGE-ONLY ACCIDENT),FIXED OBJECT,45.76584301,-111.1396155
C016060N,001+0.133,,GALLATIN,June,2016,9:26,FRI,NON-JUNCTION,ROADSIDE RIGHT,CLOUDY,DRY,DAYLIGHT,NON-INJURY ACCIDENT (PROPERTY- DAMAGE-ONLY ACCIDENT),FIXED OBJECT,45.77023479,-111.1343084
C016060N,001+0.234,NOT IN CITY LIMITS,GALLATIN,APRIL,2017,16:40,WED,NON-JUNCTION,ROADSIDE RIGHT,CLOUDY,DRY,DAYLIGHT,NON-INJURY ACCIDENT (PROPERTY- DAMAGE-ONLY ACCIDENT),ROLL OVER,45.771536,-111.1350051
C016060N,001+0.277,,GALLATIN,October,2014,13:58,FRI,ACCELERATION/DECELERATION LANE,ON ROADWAY,CLEAR,DRY,DAYLIGHT,NON-INCAPACITATING EVIDENT INJURY ACCIDENT,HEAD ON,45.77227202,-111.1353847
C016060N,001+0.355,,GALLATIN,December,2016,0:00,FRI,NON-JUNCTION,ROADSIDE LEFT,SNOW,ICE/FROST,DARK-NOT LIGHTED,NON-INJURY ACCIDENT (PROPERTY- DAMAGE-ONLY ACCIDENT),FIXED OBJECT,45.77299455,-111.1343055
C016060N,001+0.647,,GALLATIN,January,2016,16:00,THU,NON-JUNCTION,ROADSIDE RIGHT,CLOUDY,DRY,DAYLIGHT,NON-INJURY ACCIDENT (PROPERTY- DAMAGE-ONLY ACCIDENT),FIXED OBJECT,45.77303862,-111.1282296
C016060N,001+0.824,,GALLATIN,February,2015,11:20,SUN,NON-JUNCTION,SHOULDER,CLOUDY,DRY,DARK-NOT LIGHTED,NON-INJURY ACCIDENT (PROPERTY- DAMAGE-ONLY ACCIDENT),FIXED OBJECT,45.7730693,-111.1245755
C016060N,002+0.263,NOT IN CITY LIMITS,GALLATIN,DECEMBER,2017,5:20,FRI,NON-JUNCTION,ROADSIDE LEFT,SNOW,SNOW,DARK-NOT LIGHTED,NON-INJURY ACCIDENT (PROPERTY- DAMAGE-ONLY ACCIDENT),FIXED OBJECT,45.77293576,-111.1154017
C016061N,000+0.008,,GALLATIN,April,2014,9:30,MON,INTERSECTION,ON ROADWAY,CLEAR,DRY,DAYLIGHT,INCAPACITATING INJURY ACCIDENT,REAR-END,45.75939531,-111.1445264
C016061N,000+0.008,,GALLATIN,July,2014,18:10,TUE,INTERSECTION,ON ROADWAY,CLEAR,DRY,DAYLIGHT,NON-INJURY ACCIDENT (PROPERTY- DAMAGE-ONLY ACCIDENT),REAR-END,45.75944309,-111.1444513
C016061N,000+0.039,,GALLATIN,June,2014,15:20,THU,INTERSECTION-RELATED,ON ROADWAY,RAIN,WET,DAYLIGHT,NON-INJURY ACCIDENT (PROPERTY- DAMAGE-ONLY ACCIDENT),REAR-END,45.75991784,-111.144581
C016061N,000+0.080,,GALLATIN,December,2015,9:20,MON,NON-JUNCTION,ROADSIDE LEFT,SNOW,SNOW,DAYLIGHT,NON-INJURY ACCIDENT (PROPERTY- DAMAGE-ONLY ACCIDENT),FIXED OBJECT,45.76051,-111.14451
C016062N,000+0.238,,GALLATIN,July,2014,5:00,FRI,NON-JUNCTION,ROADSIDE RIGHT,CLEAR,DRY,DARK-NOT LIGHTED,NON-INJURY ACCIDENT (PROPERTY- DAMAGE-ONLY ACCIDENT),ROLL OVER,45.77377288,-111.1393969
C016062N,000+0.442,,GALLATIN,January,2015,2:45,SAT,NON-JUNCTION,ROADSIDE LEFT,SNOW,SNOW,DARK-NOT LIGHTED,NON-INJURY ACCIDENT (PROPERTY- DAMAGE-ONLY ACCIDENT),FIXED OBJECT,45.77601654,-111.1420266
C016062N,000+0.600,BELGRADE,GALLATIN,December,2016,20:45,FRI,NON-JUNCTION,ROADSIDE LEFT,SNOW,SNOW,DARK-NOT LIGHTED,NON-INJURY ACCIDENT (PROPERTY- DAMAGE-ONLY ACCIDENT),FIXED OBJECT,45.77762847,-111.1444103
C016062N,000+0.910,NOT IN CITY LIMITS,GALLATIN,JUNE,2017,21:30,FRI,NON-JUNCTION,IN PARKING LANE OR ZONE,CLOUDY,DRY,DARK-LIGHTED,NON-INJURY ACCIDENT (PROPERTY- DAMAGE-ONLY ACCIDENT),OTHER,45.78215052,-111.1421009
C016062N,002+0.018,NOT IN CITY LIMITS,GALLATIN,SEPTEMBER,2017,20:30,FRI,INTERSECTION,ROADSIDE RIGHT,CLOUDY,MUD DIRT GRAVEL,DARK-NOT LIGHTED,NON-INCAPACITATING EVIDENT INJURY ACCIDENT,ROLL OVER,45.78765232,-111.159545
C016062N,003+0.020,,GALLATIN,December,2016,23:10,WED,INTERSECTION,ROADSIDE RIGHT,SNOW,SNOW,DARK-NOT LIGHTED,NON-INJURY ACCIDENT (PROPERTY- DAMAGE-ONLY ACCIDENT),FIXED OBJECT,45.802125,-111.1595733
C016062N,003+0.020,BELGRADE,GALLATIN,JULY,2017,1:14,SUN,INTERSECTION-RELATED,ROADSIDE RIGHT,CLEAR,DRY,DARK-NOT LIGHTED,NON-INJURY ACCIDENT (PROPERTY- DAMAGE-ONLY ACCIDENT),FIXED OBJECT,45.80231782,-111.1595508
C016063N,001+0.067,,GALLATIN,February,2014,9:00,SAT,INTERSECTION,SHOULDER,SNOW,SNOW,DAYLIGHT,NON-INJURY ACCIDENT (PROPERTY- DAMAGE-ONLY ACCIDENT),FIXED OBJECT,45.80192667,-111.2834467
C016063N,002+0.625,,GALLATIN,April,2016,23:10,FRI,NON-JUNCTION,ROADSIDE LEFT,CLEAR,DRY,DARK-NOT LIGHTED,NON-INJURY ACCIDENT (PROPERTY- DAMAGE-ONLY ACCIDENT),FIXED OBJECT,45.82412667,-111.2853183
C016063N,002+0.917,NOT IN CITY LIMITS,GALLATIN,FEBRUARY,2017,20:25,SUN,NON-JUNCTION,ROADSIDE LEFT,CLEAR,DRY,DARK-NOT LIGHTED,NON-INJURY ACCIDENT (PROPERTY- DAMAGE-ONLY ACCIDENT),ROLL OVER,45.82837764,-111.2853041
C016065N,000+0.097,,GALLATIN,February,2014,21:45,SUN,NON-JUNCTION,ROADSIDE RIGHT,CLOUDY,SNOW,DARK-NOT LIGHTED,NON-INJURY ACCIDENT (PROPERTY- DAMAGE-ONLY ACCIDENT),FIXED OBJECT,45.77301574,-111.1346872
C016068N,000+0.000,,GALLATIN,April,2016,11:15,TUE,NON-JUNCTION,ROADSIDE RIGHT,CLOUDY,DRY,DAYLIGHT,NON-INJURY ACCIDENT (PROPERTY- DAMAGE-ONLY ACCIDENT),ROLL OVER,45.77270275,-111.1368258
C016069N,000+0.000,,GALLATIN,July,2015,7:40,MON,INTERSECTION,ON ROADWAY,CLOUDY,DRY,DAYLIGHT,NON-INCAPACITATING EVIDENT INJURY ACCIDENT,RIGHT ANGLE,45.76947873,-111.1641024
C016069N,000+0.009,BELGRADE,GALLATIN,December,2014,9:34,TUE,INTERSECTION,ON ROADWAY,CLEAR,SLUSH,DAYLIGHT,NON-INJURY ACCIDENT (PROPERTY- DAMAGE-ONLY ACCIDENT),"LEFT TURN, SAME DIRECTION",45.76940149,-111.1642756
C016069N,000+0.113,BELGRADE,GALLATIN,JANUARY,2017,21:21,MON,INTERSECTION,SHOULDER,CLEAR,SNOW,DARK-NOT LIGHTED,NON-INJURY ACCIDENT (PROPERTY- DAMAGE-ONLY ACCIDENT),NOT FIXED OBJECT OR DEBRIS,45.76810667,-111.1644124
C016069N,000+0.367,BELGRADE,GALLATIN,October,2013,12:10,THU,INTERSECTION,ON ROADWAY,CLEAR,WET,DARK-NOT LIGHTED,NON-INJURY ACCIDENT (PROPERTY- DAMAGE-ONLY ACCIDENT),NOT FIXED OBJECT OR DEBRIS,45.76442376,-111.1644511
C016075N,000+0.310,,GALLATIN,September,2013,23:37,SAT,INTERSECTION-RELATED,ROADSIDE LEFT,CLOUDY,DRY,DARK-NOT LIGHTED,NON-INCAPACITATING EVIDENT INJURY ACCIDENT,ROLL OVER,45.80184496,-111.0709516
C016077N,000+0.803,,GALLATIN,February,2016,16:30,THU,NON-JUNCTION,ROADSIDE LEFT,CLOUDY,MUD DIRT GRAVEL,DAYLIGHT,NON-INCAPACITATING EVIDENT INJURY ACCIDENT,ROLL OVER,45.81797192,-111.1494468
C016077N,001+0.280,,GALLATIN,June,2013,10:10,THU,INTERSECTION-RELATED,ROADSIDE LEFT,CLEAR,MUD DIRT GRAVEL,DAYLIGHT,NON-INJURY ACCIDENT (PROPERTY- DAMAGE-ONLY ACCIDENT),ROLL OVER,45.82415574,-111.1490685
C016077N,003+0.259,,GALLATIN,February,2015,0:15,WED,NON-JUNCTION,ROADSIDE LEFT,SNOW,UNKNOWN,DARK-NOT LIGHTED,UNKNOWN,ROLL OVER,45.82013903,-111.1130017
C016077N,004+0.249,,GALLATIN,June,2014,0:53,SUN,NON-JUNCTION,ROADSIDE LEFT,CLEAR,DRY,DARK-NOT LIGHTED,NON-INJURY ACCIDENT (PROPERTY- DAMAGE-ONLY ACCIDENT),FIXED OBJECT,45.8166733,-111.0973913
C016079N,000+0.011,NOT IN CITY LIMITS,GALLATIN,MARCH,2017,15:10,SAT,INTERSECTION,OUTSIDE RIGHT-OF-WAY (TRAFFICWAY),CLOUDY,DRY,DAYLIGHT,NON-INJURY ACCIDENT (PROPERTY- DAMAGE-ONLY ACCIDENT),FIXED OBJECT,45.80572359,-111.0920649
C016079N,000+0.757,BELGRADE,GALLATIN,June,2014,20:45,SUN,NON-JUNCTION,ON ROADWAY,CLOUDY,DRY,DAYLIGHT,NON-INJURY ACCIDENT (PROPERTY- DAMAGE-ONLY ACCIDENT),REAR-END,45.81651,-111.0922117
C016080N,000+0.523,,GALLATIN,April,2015,16:34,WED,NON-JUNCTION,ROADSIDE RIGHT,CLEAR,DRY,DAYLIGHT,POSSIBLE INJURY ACCIDENT,ROLL OVER,45.85007166,-111.1183067
C016083N,000+0.095,,GALLATIN,August,2015,17:00,TUE,NON-JUNCTION,ROADSIDE RIGHT,CLEAR,DRY,DAYLIGHT,NON-INJURY ACCIDENT (PROPERTY- DAMAGE-ONLY ACCIDENT),ROLL OVER,45.83855167,-111.07467
C016083N,000+0.932,,GALLATIN,August,2015,10:20,THU,NON-JUNCTION,ROADSIDE RIGHT,CLEAR,DRY,DAYLIGHT,NON-INCAPACITATING EVIDENT INJURY ACCIDENT,ROLL OVER,45.83883726,-111.0574007
C016084N,000+0.820,,GALLATIN,December,2015,18:00,TUE,NON-JUNCTION,ROADSIDE LEFT,CLOUDY,SNOW,DARK-NOT LIGHTED,NON-INJURY ACCIDENT (PROPERTY- DAMAGE-ONLY ACCIDENT),FIXED OBJECT,45.82384159,-111.0287069
C016084N,002+0.858,,GALLATIN,December,2014,16:25,SUN,DRIVEWAY/ALLEY ACCESS RELATED,ON ROADWAY,SNOW,ICE/FROST,DUSK,NON-INJURY ACCIDENT (PROPERTY- DAMAGE-ONLY ACCIDENT),FIXED OBJECT,45.83507376,-111.0037426
C016089N,000+0.010,NOT IN CITY LIMITS,GALLATIN,JULY,2017,21:35,SAT,NON-JUNCTION,ROADSIDE LEFT,CLOUDY,DRY,DARK-NOT LIGHTED,NON-INJURY ACCIDENT (PROPERTY- DAMAGE-ONLY ACCIDENT),FIXED OBJECT,45.85248992,-111.1598265
C016089N,000+0.470,,GALLATIN,February,2014,20:45,MON,NON-JUNCTION,ROADSIDE LEFT,CLOUDY,SNOW,DARK-NOT LIGHTED,NON-INJURY ACCIDENT (PROPERTY- DAMAGE-ONLY ACCIDENT),FIXED OBJECT,45.85874833,-111.16091
C016090N,000+0.108,,GALLATIN,June,2016,22:15,TUE,NON-JUNCTION,ROADSIDE LEFT,CLOUDY,DRY,DARK-NOT LIGHTED,INCAPACITATING INJURY ACCIDENT,ROLL OVER,45.86021913,-111.1595392
C016090N,000+0.320,,GALLATIN,May,2013,0:00,SUN,NON-JUNCTION,ON ROADWAY,CLEAR,DRY,DAYLIGHT,NON-INJURY ACCIDENT (PROPERTY- DAMAGE-ONLY ACCIDENT),REAR-END,45.86293076,-111.1574901
C016092N,001+0.188,,GALLATIN,May,2015,16:00,SAT,NON-JUNCTION,ON ROADWAY,CLOUDY,DRY,DAYLIGHT,INCAPACITATING INJURY ACCIDENT,FIXED OBJECT,45.87981493,-111.1626059
C016092N,001+0.993,NOT IN CITY LIMITS,GALLATIN,MARCH,2017,15:35,SAT,NON-JUNCTION,ROADSIDE LEFT,CLEAR,DRY,DAYLIGHT,NON-INJURY ACCIDENT (PROPERTY- DAMAGE-ONLY ACCIDENT),FIXED OBJECT,45.89051648,-111.159297
C016092N,002+0.320,,GALLATIN,December,2015,21:35,THU,NON-JUNCTION,ON ROADWAY,CLOUDY,ICE/FROST,DARK-NOT LIGHTED,NON-INJURY ACCIDENT (PROPERTY- DAMAGE-ONLY ACCIDENT),ROLL OVER,45.89495335,-111.1599089
C016093N,001+0.353,,GALLATIN,December,2015,13:00,SUN,INTERSECTION-RELATED,ROADSIDE LEFT,"FOG, SMOG, SMOKE",SNOW,DAYLIGHT,NON-INJURY ACCIDENT (PROPERTY- DAMAGE-ONLY ACCIDENT),FIXED OBJECT,45.90892,-111.1537967
C016094N,001+0.710,,GALLATIN,December,2014,10:45,WED,INTERSECTION-RELATED,SHOULDER,CLOUDY,ICE/FROST,DAYLIGHT,NON-INJURY ACCIDENT (PROPERTY- DAMAGE-ONLY ACCIDENT),FIXED OBJECT,45.93368467,-111.1397112
C016094N,002+0.978,,GALLATIN,December,2014,14:45,SAT,NON-JUNCTION,ROADSIDE RIGHT,CLOUDY,ICE/FROST,DAYLIGHT,NON-INJURY ACCIDENT (PROPERTY- DAMAGE-ONLY ACCIDENT),FIXED OBJECT,45.94999162,-111.1392813
C016094N,002+0.984,,GALLATIN,November,2015,6:45,SUN,NON-JUNCTION,ROADSIDE RIGHT,CLEAR,DRY,DARK-NOT LIGHTED,NON-INCAPACITATING EVIDENT INJURY ACCIDENT,ROLL OVER,45.9501215,-111.1393355
C016094N,002+0.984,,GALLATIN,September,2015,20:45,SUN,NON-JUNCTION,ROADSIDE RIGHT,CLEAR,DRY,DARK-NOT LIGHTED,NON-INJURY ACCIDENT (PROPERTY- DAMAGE-ONLY ACCIDENT),FIXED OBJECT,45.95010075,-111.1393382
C016095N,001+0.912,BELGRADE,GALLATIN,November,2015,20:00,FRI,NON-JUNCTION,SHOULDER,UNKNOWN,ICE/FROST,DARK-NOT LIGHTED,NON-INJURY ACCIDENT (PROPERTY- DAMAGE-ONLY ACCIDENT),FIXED OBJECT,45.95525097,-111.1601949
C016095N,004+0.238,,GALLATIN,June,2016,14:15,THU,NON-JUNCTION,ROADSIDE RIGHT,CLEAR,DRY,DAYLIGHT,INCAPACITATING INJURY ACCIDENT,ROLL OVER,45.95535415,-111.111825
C016096N,001+0.133,,GALLATIN,September,2014,6:00,TUE,NON-JUNCTION,SHOULDER,CLOUDY,DRY,DARK-NOT LIGHTED,NON-INJURY ACCIDENT (PROPERTY- DAMAGE-ONLY ACCIDENT),FIXED OBJECT,45.97171333,-111.1290933
C016096N,001+0.479,,GALLATIN,April,2016,7:38,FRI,INTERSECTION-RELATED,ON ROADWAY,CLEAR,DRY,DAYLIGHT,NON-INJURY ACCIDENT (PROPERTY- DAMAGE-ONLY ACCIDENT),ROLL OVER,45.97657487,-111.1293019
C016097N,000+0.012,,GALLATIN,July,2014,16:10,FRI,NON-JUNCTION,ROADSIDE LEFT,CLOUDY,DRY,DAYLIGHT,UNKNOWN,ROLL OVER,45.97442315,-111.0976904
C016097N,001+0.261,,GALLATIN,July,2014,9:00,SAT,NON-JUNCTION,ROADSIDE RIGHT,CLEAR,DRY,DAYLIGHT,NON-INJURY ACCIDENT (PROPERTY- DAMAGE-ONLY ACCIDENT),ROLL OVER,45.97163315,-111.0731783
C016099N,000+0.000,,GALLATIN,December,2016,8:45,TUE,INTERSECTION,ROADSIDE RIGHT,CLOUDY,ICE/FROST,DAYLIGHT,NON-INJURY ACCIDENT (PROPERTY- DAMAGE-ONLY ACCIDENT),FIXED OBJECT,46.00599241,-111.1608369
C016102N,001+0.030,,GALLATIN,June,2013,15:05,SUN,NON-JUNCTION,ON ROADWAY,CLOUDY,DRY,DAYLIGHT,INCAPACITATING INJURY ACCIDENT,ROLL OVER,45.79754194,-110.8627128
C016102N,003+0.047,,GALLATIN,November,2015,23:30,FRI,NON-JUNCTION,ROADSIDE RIGHT,CLEAR,ICE/FROST,DARK-NOT LIGHTED,NON-INJURY ACCIDENT (PROPERTY- DAMAGE-ONLY ACCIDENT),NOT FIXED OBJECT OR DEBRIS,45.80746955,-110.8498038