MDT_CORRIDOR_ID,SMS_REFPOST_OFFSET,CITY,COUNTY,Month,Year,SMS_TIME,SMT_CRASH_OCC_DAY_OF_WEEK,JUNCTION_RELATED,ROADWAY_RELATED,WEATHER_COND,ROAD_COND,LIGHT_COND,CRASH_SEVERITY,COLLISION_TYPE,LATITUDE,LONGITUDE
C016102N,003+0.073,,GALLATIN,November,2016,10:00,FRI,NON-JUNCTION,ROADSIDE LEFT,CLEAR,ICE/FROST,DAYLIGHT,NON-INJURY ACCIDENT (PROPERTY- DAMAGE-ONLY ACCIDENT),FIXED OBJECT,45.80740811,-110.8492983
C016103N,000+0.030,,GALLATIN,February,2014,21:30,MON,NON-JUNCTION,SHOULDER,BLOWING SNOW,ICE/FROST,DARK-NOT LIGHTED,UNKNOWN,FIXED OBJECT,45.81667665,-110.8840367
C016103N,000+0.061,,GALLATIN,November,2015,14:44,WED,NON-JUNCTION,SHOULDER,CLOUDY,SNOW,DAYLIGHT,NON-INCAPACITATING EVIDENT INJURY ACCIDENT,ROLL OVER,45.81701714,-110.8845489
C016103N,000+0.099,,GALLATIN,December,2015,13:00,WED,NON-JUNCTION,ROADSIDE RIGHT,SNOW,ICE/FROST,DAYLIGHT,NON-INJURY ACCIDENT (PROPERTY- DAMAGE-ONLY ACCIDENT),FIXED OBJECT,45.8174477,-110.8849975
C016103N,000+0.179,,GALLATIN,January,2014,17:45,WED,NON-JUNCTION,ROADSIDE LEFT,CLEAR,DRY,DARK-NOT LIGHTED,NON-INJURY ACCIDENT (PROPERTY- DAMAGE-ONLY ACCIDENT),ROLL OVER,45.81830911,-110.8859013
C016103N,000+0.697,,GALLATIN,January,2015,15:15,SUN,NON-JUNCTION,IN PARKING LANE OR ZONE,CLOUDY,SNOW,DAYLIGHT,NON-INJURY ACCIDENT (PROPERTY- DAMAGE-ONLY ACCIDENT),"SIDESWIPE, SAME DIRECTION",45.81784124,-110.8958939
C016103N,001+0.090,,GALLATIN,November,2014,17:00,SAT,NON-JUNCTION,ROADSIDE LEFT,CLEAR,SNOW,DARK-NOT LIGHTED,NON-INCAPACITATING EVIDENT INJURY ACCIDENT,FIXED OBJECT,45.82116416,-110.8964813
C016115N,000+0.365,,GALLATIN,October,2016,17:00,WED,NON-JUNCTION,ROADSIDE RIGHT,CLEAR,WET,DAYLIGHT,NON-INJURY ACCIDENT (PROPERTY- DAMAGE-ONLY ACCIDENT),ROLL OVER,45.89225288,-110.8846764
C016115N,000+0.449,,GALLATIN,January,2015,14:32,SAT,NON-JUNCTION,ON ROADWAY,CLOUDY,DRY,DAYLIGHT,NON-INJURY ACCIDENT (PROPERTY- DAMAGE-ONLY ACCIDENT),HEAD ON,45.89165169,-110.8861609
C016115N,001+0.300,,GALLATIN,May,2013,20:30,FRI,NON-JUNCTION,ROADSIDE LEFT,CLEAR,MUD DIRT GRAVEL,DUSK,NON-INJURY ACCIDENT (PROPERTY- DAMAGE-ONLY ACCIDENT),NOT FIXED OBJECT OR DEBRIS,45.8948721,-110.9012078
C016115N,001+0.709,,GALLATIN,September,2014,19:00,SAT,NON-JUNCTION,ON ROADWAY,CLEAR,DRY,DAYLIGHT,NON-INJURY ACCIDENT (PROPERTY- DAMAGE-ONLY ACCIDENT),RIGHT ANGLE,45.89992647,-110.9002857
C016115N,003+0.715,,GALLATIN,July,2016,13:00,MON,NON-JUNCTION,ROADSIDE RIGHT,CLEAR,DRY,DAYLIGHT,NON-INJURY ACCIDENT (PROPERTY- DAMAGE-ONLY ACCIDENT),ROLL OVER,45.90841769,-110.925809
C016115N,004+0.836,,GALLATIN,November,2015,14:30,MON,NON-JUNCTION,ROADSIDE RIGHT,CLOUDY,ICE/FROST,DAYLIGHT,NON-INJURY ACCIDENT (PROPERTY- DAMAGE-ONLY ACCIDENT),OTHER,45.90774016,-110.9464646
C016150N,000+0.007,,GALLATIN,May,2016,14:20,WED,INTERSECTION-RELATED,ROADSIDE RIGHT,CLEAR,DRY,DAYLIGHT,NON-INJURY ACCIDENT (PROPERTY- DAMAGE-ONLY ACCIDENT),FIXED OBJECT,45.81752462,-111.2582083
C016150N,000+0.596,,GALLATIN,April,2015,23:20,FRI,NON-JUNCTION,SHOULDER,RAIN,WET,DARK-NOT LIGHTED,NON-INJURY ACCIDENT (PROPERTY- DAMAGE-ONLY ACCIDENT),ROLL OVER,45.80937518,-111.2592873
C016150N,000+0.600,,GALLATIN,January,2016,18:40,THU,NON-JUNCTION,ROADSIDE RIGHT,CLOUDY,DRY,DARK-NOT LIGHTED,NON-INJURY ACCIDENT (PROPERTY- DAMAGE-ONLY ACCIDENT),FIXED OBJECT,45.80929664,-111.2592736
C016150N,000+0.605,,GALLATIN,August,2016,1:14,WED,NON-JUNCTION,ROADSIDE RIGHT,CLEAR,DRY,DARK-NOT LIGHTED,NON-INJURY ACCIDENT (PROPERTY- DAMAGE-ONLY ACCIDENT),FIXED OBJECT,45.80922548,-111.2592832
C016150N,000+0.610,,GALLATIN,November,2013,8:55,SAT,DRIVEWAY/ALLEY ACCESS RELATED,SHOULDER,CLOUDY,DRY,DAYLIGHT,NON-INJURY ACCIDENT (PROPERTY- DAMAGE-ONLY ACCIDENT),FIXED OBJECT,45.80917376,-111.259137
C016150N,000+0.610,,GALLATIN,May,2013,20:13,SUN,NON-JUNCTION,ROADSIDE RIGHT,CLEAR,DRY,DAYLIGHT,NON-INCAPACITATING EVIDENT INJURY ACCIDENT,ROLL OVER,45.80917032,-111.2591097
C016150N,000+0.610,,GALLATIN,May,2013,1:00,SAT,NON-JUNCTION,ROADSIDE RIGHT,CLOUDY,WET,DARK-NOT LIGHTED,NON-INJURY ACCIDENT (PROPERTY- DAMAGE-ONLY ACCIDENT),ROLL OVER,45.80915186,-111.2590073
C016150N,000+0.610,,GALLATIN,July,2014,0:01,TUE,NON-JUNCTION,ROADSIDE LEFT,UNKNOWN,DRY,UNKNOWN,NON-INJURY ACCIDENT (PROPERTY- DAMAGE-ONLY ACCIDENT),FIXED OBJECT,45.80913667,-111.2591917
C016150N,000+0.615,,GALLATIN,February,2014,16:12,SAT,NON-JUNCTION,ON ROADWAY,CLEAR,SNOW,DAYLIGHT,NON-INJURY ACCIDENT (PROPERTY- DAMAGE-ONLY ACCIDENT),FIXED OBJECT,45.80913613,-111.2590277
C016150N,000+0.620,,GALLATIN,October,2016,0:30,SUN,NON-JUNCTION,ROADSIDE RIGHT,CLEAR,DRY,DARK-NOT LIGHTED,NON-INJURY ACCIDENT (PROPERTY- DAMAGE-ONLY ACCIDENT),ROLL OVER,45.80913642,-111.2589683
C016150N,000+0.633,,GALLATIN,May,2014,22:00,MON,NON-JUNCTION,ROADSIDE RIGHT,CLEAR,DRY,DARK-NOT LIGHTED,NON-INCAPACITATING EVIDENT INJURY ACCIDENT,FIXED OBJECT,45.80920167,-111.258785
C016150N,000+0.650,,GALLATIN,November,2013,19:40,THU,NON-JUNCTION,ROADSIDE RIGHT,CLEAR,DRY,DARK-NOT LIGHTED,NON-INJURY ACCIDENT (PROPERTY- DAMAGE-ONLY ACCIDENT),FIXED OBJECT,45.80914979,-111.2583993
C016150N,000+0.651,,GALLATIN,February,2015,2:30,SAT,NON-JUNCTION,SHOULDER,CLOUDY,DRY,DAYLIGHT,NON-INJURY ACCIDENT (PROPERTY- DAMAGE-ONLY ACCIDENT),ROLL OVER,45.80912934,-111.258331
C016150N,000+0.726,,GALLATIN,July,2015,16:00,TUE,NON-JUNCTION,ROADSIDE RIGHT,CLOUDY,DRY,DAYLIGHT,NON-INJURY ACCIDENT (PROPERTY- DAMAGE-ONLY ACCIDENT),FIXED OBJECT,45.80911667,-111.2567833
C016150N,000+0.824,NOT IN CITY LIMITS,GALLATIN,MAY,2017,12:45,SUN,NON-JUNCTION,ROADSIDE RIGHT,RAIN,WET,DAYLIGHT,NON-INJURY ACCIDENT (PROPERTY- DAMAGE-ONLY ACCIDENT),ROLL OVER,45.8091645,-111.2547953
C016150N,000+0.873,NOT IN CITY LIMITS,GALLATIN,SEPTEMBER,2017,18:00,FRI,NON-JUNCTION,ROADSIDE RIGHT,CLEAR,DRY,DARK-NOT LIGHTED,NON-INJURY ACCIDENT (PROPERTY- DAMAGE-ONLY ACCIDENT),FIXED OBJECT,45.80911105,-111.253745
C016150N,000+0.891,,GALLATIN,February,2015,0:30,SUN,NON-JUNCTION,OUTSIDE RIGHT-OF-WAY (TRAFFICWAY),CLEAR,DRY,DARK-NOT LIGHTED,NON-INJURY ACCIDENT (PROPERTY- DAMAGE-ONLY ACCIDENT),FIXED OBJECT,45.80923209,-111.2533139
C016150N,000+0.891,,GALLATIN,January,2015,2:50,SAT,NON-JUNCTION,ROADSIDE RIGHT,CLEAR,DRY,DARK-NOT LIGHTED,INCAPACITATING INJURY ACCIDENT,FIXED OBJECT,45.80918399,-111.2533382
C016150N,000+0.897,NOT IN CITY LIMITS,GALLATIN,JUNE,2017,8:30,WED,NON-JUNCTION,ROADSIDE LEFT,CLOUDY,DRY,DAYLIGHT,NON-INCAPACITATING EVIDENT INJURY ACCIDENT,FIXED OBJECT,45.80910494,-111.2531754
C016150N,000+0.903,,GALLATIN,April,2015,23:32,FRI,NON-JUNCTION,ROADSIDE RIGHT,RAIN,WET,DARK-NOT LIGHTED,NON-INJURY ACCIDENT (PROPERTY- DAMAGE-ONLY ACCIDENT),FIXED OBJECT,45.80901325,-111.2531742
C016150N,000+0.903,,GALLATIN,April,2015,23:35,FRI,NON-JUNCTION,ROADSIDE RIGHT,RAIN,WET,DARK-NOT LIGHTED,NON-INJURY ACCIDENT (PROPERTY- DAMAGE-ONLY ACCIDENT),FIXED OBJECT,45.80902004,-111.2531742
C016150N,001+0.130,,GALLATIN,November,2013,12:45,MON,NON-JUNCTION,ROADSIDE LEFT,CLOUDY,DRY,DAYLIGHT,NON-INJURY ACCIDENT (PROPERTY- DAMAGE-ONLY ACCIDENT),ROLL OVER,45.80551959,-111.2530718
C016150N,001+0.146,,GALLATIN,June,2014,4:00,WED,NON-JUNCTION,ROADSIDE RIGHT,RAIN,WET,DARK-NOT LIGHTED,NON-INCAPACITATING EVIDENT INJURY ACCIDENT,FIXED OBJECT,45.80548204,-111.255278
C016150N,001+0.555,,GALLATIN,April,2015,18:00,FRI,NON-JUNCTION,ROADSIDE RIGHT,CLOUDY,DRY,DAYLIGHT,NON-INJURY ACCIDENT (PROPERTY- DAMAGE-ONLY ACCIDENT),FIXED OBJECT,45.79962166,-111.2530035
C016150N,001+0.804,BELGRADE,GALLATIN,June,2015,5:00,TUE,NON-JUNCTION,ON ROADWAY,CLEAR,DRY,DAWN,NON-INJURY ACCIDENT (PROPERTY- DAMAGE-ONLY ACCIDENT),WILD ANIMAL,45.79602557,-111.2529557
C016150N,001+0.900,,GALLATIN,September,2013,23:30,SAT,NON-JUNCTION,ROADSIDE RIGHT,CLEAR,DRY,DARK-NOT LIGHTED,NON-INCAPACITATING EVIDENT INJURY ACCIDENT,ROLL OVER,45.79451362,-111.2527457
C016150N,001+0.915,,GALLATIN,October,2014,9:50,MON,DRIVEWAY/ALLEY ACCESS RELATED,OFF ROADWAY LOCATION UNKNOWN,CLOUDY,DRY,DAYLIGHT,NON-INJURY ACCIDENT (PROPERTY- DAMAGE-ONLY ACCIDENT),FIXED OBJECT,45.79361795,-111.2525869
C016150N,002+0.127,,GALLATIN,April,2016,10:48,TUE,NON-JUNCTION,ROADSIDE RIGHT,CLOUDY,DRY,DAYLIGHT,NON-INJURY ACCIDENT (PROPERTY- DAMAGE-ONLY ACCIDENT),FIXED OBJECT,45.79451741,-111.2481463
C016150N,002+0.127,,GALLATIN,June,2016,0:00,FRI,NON-JUNCTION,ROADSIDE LEFT,CLOUDY,DRY,DARK-NOT LIGHTED,NON-INCAPACITATING EVIDENT INJURY ACCIDENT,ROLL OVER,45.79457507,-111.2481983
C016150N,002+0.151,NOT IN CITY LIMITS,GALLATIN,APRIL,2017,15:50,THU,NON-JUNCTION,ROADSIDE LEFT,CLOUDY,DRY,DAYLIGHT,NON-INCAPACITATING EVIDENT INJURY ACCIDENT,ROLL OVER,45.79423947,-111.2476828
C016150N,002+0.157,,GALLATIN,September,2015,21:30,SAT,NON-JUNCTION,ROADSIDE LEFT,CLEAR,DRY,DARK-NOT LIGHTED,NON-INJURY ACCIDENT (PROPERTY- DAMAGE-ONLY ACCIDENT),FIXED OBJECT,45.79417124,-111.2478536
C016150N,002+0.635,,GALLATIN,April,2015,5:59,TUE,NON-JUNCTION,OFF ROADWAY LOCATION UNKNOWN,"FOG, SMOG, SMOKE",WET,DAWN,NON-INJURY ACCIDENT (PROPERTY- DAMAGE-ONLY ACCIDENT),FIXED OBJECT,45.78737855,-111.2472866
C016150N,002+0.640,,GALLATIN,November,2013,3:00,SAT,NON-JUNCTION,ROADSIDE LEFT,CLEAR,DRY,DARK-NOT LIGHTED,NON-INJURY ACCIDENT (PROPERTY- DAMAGE-ONLY ACCIDENT),FIXED OBJECT,45.78731789,-111.2470367
C016187N,000+0.023,,GALLATIN,March,2016,22:05,THU,NON-JUNCTION,ROADSIDE RIGHT,CLOUDY,ICE/FROST,DARK-NOT LIGHTED,NON-INCAPACITATING EVIDENT INJURY ACCIDENT,FIXED OBJECT,45.66432566,-110.8354203
C016187N,000+0.369,,GALLATIN,August,2014,20:45,WED,NON-JUNCTION,ROADSIDE LEFT,CLEAR,DRY,DAYLIGHT,NON-INJURY ACCIDENT (PROPERTY- DAMAGE-ONLY ACCIDENT),FIXED OBJECT,45.66909607,-110.8371225
C016187N,000+0.524,,GALLATIN,December,2015,9:30,TUE,NON-JUNCTION,ROADSIDE LEFT,CLEAR,SNOW,DAYLIGHT,NON-INJURY ACCIDENT (PROPERTY- DAMAGE-ONLY ACCIDENT),FIXED OBJECT,45.67133001,-110.8372051
C016187N,001+0.108,,GALLATIN,September,2016,19:00,WED,NON-JUNCTION,ROADSIDE RIGHT,CLOUDY,DRY,DUSK,NON-INCAPACITATING EVIDENT INJURY ACCIDENT,ROLL OVER,45.67878111,-110.8326936
C016187N,001+0.832,,GALLATIN,July,2014,13:25,THU,NON-JUNCTION,ROADSIDE RIGHT,CLEAR,DRY,DAYLIGHT,NON-INCAPACITATING EVIDENT INJURY ACCIDENT,FIXED OBJECT,45.68619615,-110.8226333
C016187N,002+0.338,NOT IN CITY LIMITS,GALLATIN,NOVEMBER,2017,8:00,THU,NON-JUNCTION,ROADSIDE RIGHT,CLOUDY,ICE/FROST,DAYLIGHT,NON-INJURY ACCIDENT (PROPERTY- DAMAGE-ONLY ACCIDENT),FIXED OBJECT,45.69333368,-110.8245594
C016187N,002+0.802,,GALLATIN,March,2016,8:10,WED,NON-JUNCTION,ROADSIDE LEFT,CLEAR,ICE/FROST,DAYLIGHT,NON-INJURY ACCIDENT (PROPERTY- DAMAGE-ONLY ACCIDENT),FIXED OBJECT,45.69890923,-110.8292031
C016187N,002+0.845,NOT IN CITY LIMITS,GALLATIN,DECEMBER,2017,16:30,WED,NON-JUNCTION,ROADSIDE RIGHT,CLOUDY,SNOW,DUSK,NON-INJURY ACCIDENT (PROPERTY- DAMAGE-ONLY ACCIDENT),FIXED OBJECT,45.69916088,-110.8298841
C016187N,003+0.319,,GALLATIN,May,2014,12:00,TUE,NON-JUNCTION,ROADSIDE LEFT,CLEAR,DRY,DAYLIGHT,NON-INJURY ACCIDENT (PROPERTY- DAMAGE-ONLY ACCIDENT),FIXED OBJECT,45.70230173,-110.8385203
C016187N,003+0.893,BOZEMAN,GALLATIN,October,2014,7:10,WED,NON-JUNCTION,ON ROADWAY,CLOUDY,DRY,DARK-NOT LIGHTED,NON-INJURY ACCIDENT (PROPERTY- DAMAGE-ONLY ACCIDENT),WILD ANIMAL,45.70616437,-110.8481766
C016187N,003+0.907,,GALLATIN,August,2014,0:45,FRI,NON-JUNCTION,SHOULDER,CLEAR,DRY,DARK-NOT LIGHTED,NON-INJURY ACCIDENT (PROPERTY- DAMAGE-ONLY ACCIDENT),FIXED OBJECT,45.70637257,-110.8482601
C016187N,004+0.482,NOT IN CITY LIMITS,GALLATIN,MAY,2017,18:21,WED,NON-JUNCTION,ON ROADWAY,CLOUDY,DRY,DAYLIGHT,INCAPACITATING INJURY ACCIDENT,FIXED OBJECT,45.71152937,-110.856313
C016187N,004+0.544,NOT IN CITY LIMITS,GALLATIN,DECEMBER,2017,16:20,SUN,NON-JUNCTION,ON ROADWAY,SNOW,SNOW,DARK-NOT LIGHTED,NON-INJURY ACCIDENT (PROPERTY- DAMAGE-ONLY ACCIDENT),"SIDESWIPE, OPPOSITE DIRECTION",45.71236061,-110.8562862
C016187N,004+0.611,NOT IN CITY LIMITS,GALLATIN,APRIL,2017,8:30,TUE,NON-JUNCTION,ROADSIDE LEFT,CLOUDY,SNOW,DAYLIGHT,NON-INJURY ACCIDENT (PROPERTY- DAMAGE-ONLY ACCIDENT),FIXED OBJECT,45.712506,-110.8550792
C016187N,005+0.259,,GALLATIN,April,2014,20:00,SAT,NON-JUNCTION,ROADSIDE RIGHT,CLEAR,DRY,DUSK,NON-INJURY ACCIDENT (PROPERTY- DAMAGE-ONLY ACCIDENT),ROLL OVER,45.71942167,-110.8630167
C016187N,006+0.420,,GALLATIN,November,2013,17:30,FRI,NON-JUNCTION,ROADSIDE RIGHT,CLEAR,ICE/FROST,DARK-NOT LIGHTED,NON-INJURY ACCIDENT (PROPERTY- DAMAGE-ONLY ACCIDENT),ROLL OVER,45.73122872,-110.8783554
C016192E,000+0.000,,GALLATIN,October,2016,14:20,MON,INTERSECTION,ON ROADWAY,CLEAR,DRY,DAYLIGHT,NON-INJURY ACCIDENT (PROPERTY- DAMAGE-ONLY ACCIDENT),"SIDESWIPE, SAME DIRECTION",45.65318244,-110.9458158
C016192E,000+0.087,,GALLATIN,June,2015,23:15,FRI,INTERSECTION-RELATED,ON ROADWAY,CLEAR,DRY,DARK-NOT LIGHTED,NON-INCAPACITATING EVIDENT INJURY ACCIDENT,"SIDESWIPE, OPPOSITE DIRECTION",45.65397869,-110.9442939
C016200E,000+0.030,,GALLATIN,December,2013,14:08,THU,NON-JUNCTION,ON ROADWAY,CLEAR,ICE/FROST,DAYLIGHT,NON-INJURY ACCIDENT (PROPERTY- DAMAGE-ONLY ACCIDENT),REAR-END,45.65370153,-110.9461095
C016200E,000+0.184,,GALLATIN,November,2016,6:40,TUE,NON-JUNCTION,ROADSIDE RIGHT,SNOW,ICE/FROST,DARK-NOT LIGHTED,NON-INJURY ACCIDENT (PROPERTY- DAMAGE-ONLY ACCIDENT),FIXED OBJECT,45.65572241,-110.9473244
C016200E,000+0.341,,GALLATIN,November,2016,20:00,THU,NON-JUNCTION,ON ROADWAY,CLEAR,DRY,DARK-NOT LIGHTED,NON-INJURY ACCIDENT (PROPERTY- DAMAGE-ONLY ACCIDENT),WILD ANIMAL,45.65754,-110.9489383
C016201N,000+0.197,,GALLATIN,December,2016,0:30,SAT,NON-JUNCTION,ROADSIDE LEFT,CLOUDY,SNOW,DARK-NOT LIGHTED,NON-INJURY ACCIDENT (PROPERTY- DAMAGE-ONLY ACCIDENT),FIXED OBJECT,45.9047968,-111.5348379
C016201N,000+0.939,NOT IN CITY LIMITS,GALLATIN,DECEMBER,2017,18:20,MON,NON-JUNCTION,ROADSIDE RIGHT,CLEAR,ICE/FROST,DARK-NOT LIGHTED,NON-INJURY ACCIDENT (PROPERTY- DAMAGE-ONLY ACCIDENT),ROLL OVER,45.91400667,-111.5416328
C016201N,000+0.949,,GALLATIN,May,2014,11:00,TUE,NON-JUNCTION,ROADSIDE RIGHT,CLOUDY,DRY,DAYLIGHT,NON-INJURY ACCIDENT (PROPERTY- DAMAGE-ONLY ACCIDENT),ROLL OVER,45.91410167,-111.541685
C016201N,000+0.955,,GALLATIN,October,2014,7:15,THU,NON-JUNCTION,ON ROADWAY,CLOUDY,DRY,DAYLIGHT,NON-INJURY ACCIDENT (PROPERTY- DAMAGE-ONLY ACCIDENT),FIXED OBJECT,45.91417763,-111.5417566
C016201N,000+0.955,NOT IN CITY LIMITS,GALLATIN,JUNE,2017,22:55,SAT,NON-JUNCTION,ROADSIDE RIGHT,CLEAR,DRY,DARK-NOT LIGHTED,NON-INJURY ACCIDENT (PROPERTY- DAMAGE-ONLY ACCIDENT),ROLL OVER,45.91414862,-111.5418068
C016201N,000+0.963,NOT IN CITY LIMITS,GALLATIN,OCTOBER,2017,15:00,FRI,NON-JUNCTION,ROADSIDE RIGHT,CLEAR,DRY,DAYLIGHT,NON-INJURY ACCIDENT (PROPERTY- DAMAGE-ONLY ACCIDENT),FIXED OBJECT,45.91411603,-111.542214
C016203N,003+0.641,THREE FORKS,GALLATIN,MARCH,2017,21:30,FRI,NON-JUNCTION,ROADSIDE LEFT,CLOUDY,DRY,DARK-NOT LIGHTED,NON-INCAPACITATING EVIDENT INJURY ACCIDENT,ROLL OVER,45.89066,-111.45907
C016207N,000+0.823,NOT IN CITY LIMITS,GALLATIN,APRIL,2017,19:00,TUE,NON-JUNCTION,ROADSIDE LEFT,CLOUDY,DRY,DAYLIGHT,NON-INJURY ACCIDENT (PROPERTY- DAMAGE-ONLY ACCIDENT),FIXED OBJECT,45.94078664,-111.4454191
C016207N,002+0.360,,GALLATIN,October,2013,18:55,TUE,NON-JUNCTION,ON ROADWAY,CLEAR,DRY,DARK-NOT LIGHTED,POSSIBLE INJURY ACCIDENT,REAR-END,45.9550036,-111.4206428
C016207N,002+0.458,,GALLATIN,December,2016,6:00,FRI,NON-JUNCTION,ON ROADWAY,CLEAR,ICE/FROST,DARK-NOT LIGHTED,NON-INJURY ACCIDENT (PROPERTY- DAMAGE-ONLY ACCIDENT),ROLL OVER,45.95583475,-111.4194466
C016207N,002+0.541,NOT IN CITY LIMITS,GALLATIN,JULY,2017,3:15,MON,NON-JUNCTION,ROADSIDE LEFT,CLOUDY,DRY,DARK-LIGHTED,NON-INCAPACITATING EVIDENT INJURY ACCIDENT,ROLL OVER,45.95668793,-111.41819
C016207N,002+0.561,,GALLATIN,October,2014,6:25,WED,NON-JUNCTION,SHOULDER,CLEAR,DRY,DARK-NOT LIGHTED,NON-INCAPACITATING EVIDENT INJURY ACCIDENT,ROLL OVER,45.95704568,-111.4179305
C016207N,002+0.561,,GALLATIN,November,2016,5:15,THU,NON-JUNCTION,ROADSIDE RIGHT,CLEAR,SNOW,DAWN,NON-INCAPACITATING EVIDENT INJURY ACCIDENT,FIXED OBJECT,45.95705,-111.417995
C016207N,002+0.913,,GALLATIN,January,2016,18:20,WED,NON-JUNCTION,ON ROADWAY,CLOUDY,DRY,DARK-NOT LIGHTED,NON-INJURY ACCIDENT (PROPERTY- DAMAGE-ONLY ACCIDENT),DOMESTIC ANIMAL,45.96047575,-111.4233467
C016207N,003+0.550,,GALLATIN,June,2013,20:12,FRI,NON-JUNCTION,ON ROADWAY,CLEAR,DRY,DAYLIGHT,NON-INJURY ACCIDENT (PROPERTY- DAMAGE-ONLY ACCIDENT),"SIDESWIPE, OPPOSITE DIRECTION",45.96117279,-111.4361755
C016207N,003+0.560,,GALLATIN,April,2013,16:10,THU,NON-JUNCTION,ROADSIDE RIGHT,CLOUDY,DRY,DAYLIGHT,UNKNOWN,ROLL OVER,45.96096441,-111.4367492
C016207N,003+0.560,,GALLATIN,September,2013,16:00,THU,NON-JUNCTION,SHOULDER,CLEAR,DRY,DAYLIGHT,NON-INCAPACITATING EVIDENT INJURY ACCIDENT,ROLL OVER,45.961235,-111.43661
C016207N,003+0.597,,GALLATIN,June,2016,8:45,WED,NON-JUNCTION,ON ROADWAY,CLEAR,DRY,DAYLIGHT,NON-INJURY ACCIDENT (PROPERTY- DAMAGE-ONLY ACCIDENT),"SIDESWIPE, OPPOSITE DIRECTION",45.96149291,-111.4370255
C016207N,005+0.081,,GALLATIN,November,2016,9:10,TUE,NON-JUNCTION,ROADSIDE RIGHT,CLOUDY,DRY,DAYLIGHT,NON-INJURY ACCIDENT (PROPERTY- DAMAGE-ONLY ACCIDENT),ROLL OVER,45.98143333,-111.4403133
C016207N,005+0.100,,GALLATIN,December,2015,15:01,THU,NON-JUNCTION,OFF ROADWAY LOCATION UNKNOWN,CLOUDY,DRY,DAYLIGHT,NON-INJURY ACCIDENT (PROPERTY- DAMAGE-ONLY ACCIDENT),NOT FIXED OBJECT OR DEBRIS,45.98162333,-111.4403867
C016207N,005+0.660,,GALLATIN,November,2013,6:00,FRI,NON-JUNCTION,ROADSIDE LEFT,UNKNOWN,DRY,UNKNOWN,NON-INJURY ACCIDENT (PROPERTY- DAMAGE-ONLY ACCIDENT),OTHER,45.98913,-111.4363817
C016207N,005+0.697,,GALLATIN,May,2014,15:50,THU,NON-JUNCTION,ON ROADWAY,CLEAR,DRY,DAYLIGHT,INCAPACITATING INJURY ACCIDENT,ROLL OVER,45.98961822,-111.4359211
C016207N,005+0.728,,GALLATIN,July,2015,16:30,SUN,NON-JUNCTION,ROADSIDE RIGHT,CLEAR,DRY,DAYLIGHT,NON-INJURY ACCIDENT (PROPERTY- DAMAGE-ONLY ACCIDENT),FIXED OBJECT,45.99001667,-111.4355472
C016207N,005+0.737,,GALLATIN,November,2014,7:10,WED,NON-JUNCTION,SHOULDER,CLOUDY,SNOW,DAYLIGHT,NON-INJURY ACCIDENT (PROPERTY- DAMAGE-ONLY ACCIDENT),FIXED OBJECT,45.99011334,-111.4354204
C016207N,005+0.752,,GALLATIN,May,2015,10:12,WED,NON-JUNCTION,SHOULDER,CLEAR,DRY,DAYLIGHT,NON-INJURY ACCIDENT (PROPERTY- DAMAGE-ONLY ACCIDENT),FIXED OBJECT,45.99023175,-111.4352329
C016207N,005+0.759,,GALLATIN,January,2015,0:30,MON,NON-JUNCTION,ROADSIDE LEFT,CLOUDY,DRY,DARK-NOT LIGHTED,POSSIBLE INJURY ACCIDENT,FIXED OBJECT,45.99028167,-111.4351083
C016207N,005+0.774,,GALLATIN,September,2014,18:50,SAT,NON-JUNCTION,ON ROADWAY,CLEAR,DRY,DAYLIGHT,INCAPACITATING INJURY ACCIDENT,ROLL OVER,45.99034105,-111.4348231
C016207N,005+0.781,,GALLATIN,August,2015,21:30,MON,NON-JUNCTION,ON ROADWAY,CLEAR,DRY,DARK-NOT LIGHTED,NON-INJURY ACCIDENT (PROPERTY- DAMAGE-ONLY ACCIDENT),ROLL OVER,45.99037351,-111.4346213
C016207N,006+0.070,,GALLATIN,December,2013,6:35,SUN,NON-JUNCTION,ON ROADWAY,CLEAR,DRY,DAYLIGHT,NON-INJURY ACCIDENT (PROPERTY- DAMAGE-ONLY ACCIDENT),WILD ANIMAL,45.9912684,-111.4286612
C016207N,006+0.088,,GALLATIN,January,2016,14:20,MON,NON-JUNCTION,ROADSIDE RIGHT,CLOUDY,DRY,DAYLIGHT,INCAPACITATING INJURY ACCIDENT,FIXED OBJECT,45.99132123,-111.4284232
C016207N,006+0.177,,GALLATIN,October,2015,3:00,FRI,NON-JUNCTION,ROADSIDE LEFT,UNKNOWN,UNKNOWN,UNKNOWN,NON-INJURY ACCIDENT (PROPERTY- DAMAGE-ONLY ACCIDENT),FIXED OBJECT,45.99178568,-111.4268318
C016207N,006+0.760,,GALLATIN,November,2013,9:35,FRI,NON-JUNCTION,ROADSIDE RIGHT,CLOUDY,DRY,DAYLIGHT,UNKNOWN,ROLL OVER,45.99539199,-111.415644
C016207N,006+0.968,NOT IN CITY LIMITS,GALLATIN,FEBRUARY,2017,19:50,FRI,NON-JUNCTION,ROADSIDE RIGHT,CLEAR,DRY,DARK-NOT LIGHTED,NON-INJURY ACCIDENT (PROPERTY- DAMAGE-ONLY ACCIDENT),ROLL OVER,45.9979706,-111.4136077