MDT_CORRIDOR_ID,SMS_REFPOST_OFFSET,CITY,COUNTY,Month,Year,SMS_TIME,SMT_CRASH_OCC_DAY_OF_WEEK,JUNCTION_RELATED,ROADWAY_RELATED,WEATHER_COND,ROAD_COND,LIGHT_COND,CRASH_SEVERITY,COLLISION_TYPE,LATITUDE,LONGITUDE
C016207N,007+0.342,NOT IN CITY LIMITS,GALLATIN,JUNE,2017,7:30,THU,NON-JUNCTION,ON ROADWAY,CLEAR,DRY,DAYLIGHT,NON-INJURY ACCIDENT (PROPERTY- DAMAGE-ONLY ACCIDENT),WILD ANIMAL,46.00334162,-111.4126489
C016207N,008+0.320,,GALLATIN,December,2013,10:00,TUE,NON-JUNCTION,ROADSIDE LEFT,CLEAR,ICE/FROST,DAYLIGHT,NON-INCAPACITATING EVIDENT INJURY ACCIDENT,FIXED OBJECT,46.01750814,-111.4127957
C016207N,008+0.734,,GALLATIN,October,2015,13:15,FRI,NON-JUNCTION,ON ROADWAY,CLOUDY,DRY,DAYLIGHT,NON-INCAPACITATING EVIDENT INJURY ACCIDENT,"SIDESWIPE, OPPOSITE DIRECTION",46.02351185,-111.413069
C016207N,009+0.464,NOT IN CITY LIMITS,GALLATIN,JULY,2017,22:30,FRI,NON-JUNCTION,ROADSIDE LEFT,CLEAR,DRY,DARK-NOT LIGHTED,NON-INJURY ACCIDENT (PROPERTY- DAMAGE-ONLY ACCIDENT),FIXED OBJECT,46.03404783,-111.4138448
C016207N,011+0.002,,GALLATIN,August,2015,12:40,SAT,NON-JUNCTION,SHOULDER,CLOUDY,DRY,DAYLIGHT,INCAPACITATING INJURY ACCIDENT,ROLL OVER,46.04029547,-111.3904343
C016208N,000+0.000,,GALLATIN,December,2016,6:40,MON,INTERSECTION,ROADSIDE RIGHT,CLOUDY,ICE/FROST,DARK-NOT LIGHTED,NON-INJURY ACCIDENT (PROPERTY- DAMAGE-ONLY ACCIDENT),ROLL OVER,46.02073,-111.41296
C016208N,001+0.074,,GALLATIN,March,2015,16:45,FRI,INTERSECTION-RELATED,ROADSIDE LEFT,CLEAR,DRY,DAYLIGHT,NON-INJURY ACCIDENT (PROPERTY- DAMAGE-ONLY ACCIDENT),FIXED OBJECT,46.02062096,-111.3904539
C016209N,000+0.378,BOZEMAN,GALLATIN,August,2014,10:53,THU,INTERSECTION-RELATED,ON ROADWAY,CLOUDY,DRY,DAYLIGHT,POSSIBLE INJURY ACCIDENT,LOST CONTROL,45.67126057,-111.0074805
C016209N,001+0.000,BOZEMAN,GALLATIN,April,2015,8:00,WED,NON-JUNCTION,ON ROADWAY,BLOWING SNOW,SNOW,DAYLIGHT,NON-INJURY ACCIDENT (PROPERTY- DAMAGE-ONLY ACCIDENT),"SIDESWIPE, OPPOSITE DIRECTION",45.67732194,-111.016629
C016209N,001+0.029,BOZEMAN,GALLATIN,June,2015,14:51,FRI,INTERSECTION,ON ROADWAY,CLEAR,DRY,DAYLIGHT,NON-INCAPACITATING EVIDENT INJURY ACCIDENT,BICYCLE,45.67777414,-111.0164693
C016215N,000+0.230,,GALLATIN,August,2015,11:45,FRI,DRIVEWAY/ALLEY ACCESS RELATED,ON ROADWAY,CLEAR,DRY,DAYLIGHT,NON-INJURY ACCIDENT (PROPERTY- DAMAGE-ONLY ACCIDENT),RIGHT ANGLE,45.8531977,-111.3413657
C016216N,000+0.032,MANHATTAN,GALLATIN,August,2016,6:00,TUE,DRIVEWAY/ALLEY ACCESS RELATED,ROADSIDE RIGHT,CLEAR,DRY,DARK-NOT LIGHTED,UNKNOWN,PARKED VEHICLE,45.86042279,-111.3371145
C016216N,000+0.040,,GALLATIN,July,2016,22:55,MON,NON-JUNCTION,ROADSIDE RIGHT,CLEAR,DRY,DARK-NOT LIGHTED,UNKNOWN,NOT FIXED OBJECT OR DEBRIS,45.86059825,-111.3372197
C016216N,000+0.065,MANHATTAN,GALLATIN,December,2015,12:30,MON,NON-JUNCTION,SHOULDER,CLEAR,SNOW,DAYLIGHT,NON-INJURY ACCIDENT (PROPERTY- DAMAGE-ONLY ACCIDENT),FIXED OBJECT,45.86090239,-111.3372989
C016216N,000+0.805,MANHATTAN,GALLATIN,December,2015,14:07,TUE,NON-JUNCTION,ROADSIDE LEFT,CLEAR,ICE/FROST,DAYLIGHT,NON-INJURY ACCIDENT (PROPERTY- DAMAGE-ONLY ACCIDENT),FIXED OBJECT,45.87164294,-111.337771
C016216N,001+0.764,MANHATTAN,GALLATIN,February,2015,2:00,SUN,NON-JUNCTION,ROADSIDE LEFT,CLEAR,DRY,DARK-NOT LIGHTED,NON-INJURY ACCIDENT (PROPERTY- DAMAGE-ONLY ACCIDENT),FIXED OBJECT,45.88544648,-111.3382784
C016216N,001+0.819,,GALLATIN,October,2014,10:05,WED,NON-JUNCTION,ROADSIDE LEFT,CLOUDY,DRY,DAYLIGHT,POSSIBLE INJURY ACCIDENT,ROLL OVER,45.88621,-111.3388
C016216N,002+0.531,,GALLATIN,December,2016,19:00,SAT,NON-JUNCTION,ROADSIDE RIGHT,CLOUDY,SNOW,DARK-NOT LIGHTED,NON-INJURY ACCIDENT (PROPERTY- DAMAGE-ONLY ACCIDENT),FIXED OBJECT,45.89346333,-111.3346767
C016216N,002+0.556,,GALLATIN,May,2016,0:10,MON,NON-JUNCTION,ROADSIDE LEFT,CLEAR,DRY,DARK-NOT LIGHTED,NON-INCAPACITATING EVIDENT INJURY ACCIDENT,ROLL OVER,45.89380198,-111.3348584
C016216N,002+0.604,NOT IN CITY LIMITS,GALLATIN,AUGUST,2017,17:15,FRI,NON-JUNCTION,ROADSIDE RIGHT,CLEAR,DRY,DAYLIGHT,NON-INCAPACITATING EVIDENT INJURY ACCIDENT,FIXED OBJECT,45.89413,-111.33396
C016216N,002+0.650,,GALLATIN,August,2013,13:40,SUN,NON-JUNCTION,ROADSIDE RIGHT,CLEAR,DRY,DAYLIGHT,NON-INJURY ACCIDENT (PROPERTY- DAMAGE-ONLY ACCIDENT),FIXED OBJECT,45.89485667,-111.3338083
C016216N,003+0.089,,GALLATIN,October,2015,23:50,TUE,NON-JUNCTION,ROADSIDE RIGHT,CLEAR,DRY,DARK-NOT LIGHTED,NON-INJURY ACCIDENT (PROPERTY- DAMAGE-ONLY ACCIDENT),U TURN,45.89667186,-111.3253557
C016216N,003+0.254,NOT IN CITY LIMITS,GALLATIN,JUNE,2017,15:25,MON,NON-JUNCTION,OFF ROADWAY LOCATION UNKNOWN,CLOUDY,DRY,DAYLIGHT,NON-INJURY ACCIDENT (PROPERTY- DAMAGE-ONLY ACCIDENT),FIXED OBJECT,45.90321773,-111.3336855
C016216N,003+0.592,,GALLATIN,December,2016,22:00,THU,NON-JUNCTION,ROADSIDE LEFT,CLOUDY,SNOW,DARK-NOT LIGHTED,NON-INCAPACITATING EVIDENT INJURY ACCIDENT,ROLL OVER,45.90239553,-111.3249801
C016216N,003+0.886,,GALLATIN,October,2015,1:00,SAT,NON-JUNCTION,SHOULDER,CLOUDY,DRY,DARK-NOT LIGHTED,NON-INJURY ACCIDENT (PROPERTY- DAMAGE-ONLY ACCIDENT),ROLL OVER,45.90635107,-111.3251055
C016217N,000+0.211,,GALLATIN,August,2016,16:30,MON,NON-JUNCTION,OUTSIDE RIGHT-OF-WAY (TRAFFICWAY),CLOUDY,DRY,DAYLIGHT,NON-INJURY ACCIDENT (PROPERTY- DAMAGE-ONLY ACCIDENT),FIXED OBJECT,45.86329189,-111.3270564
C016217N,000+0.228,NOT IN CITY LIMITS,GALLATIN,OCTOBER,2017,21:45,SAT,DRIVEWAY/ALLEY ACCESS RELATED,ROADSIDE RIGHT,CLEAR,DRY,DARK-NOT LIGHTED,NON-INCAPACITATING EVIDENT INJURY ACCIDENT,ROLL OVER,45.8635604,-111.3267902
C016217N,001+0.250,,GALLATIN,July,2016,16:00,SUN,NON-JUNCTION,ROADSIDE LEFT,CLEAR,DRY,DAYLIGHT,NON-INJURY ACCIDENT (PROPERTY- DAMAGE-ONLY ACCIDENT),FIXED OBJECT,45.8784023,-111.327553
C016220N,000+0.000,,GALLATIN,July,2014,14:15,WED,NON-JUNCTION,IN PARKING LANE OR ZONE,CLOUDY,DRY,DAYLIGHT,NON-INCAPACITATING EVIDENT INJURY ACCIDENT,ROLL OVER,45.82377,-111.26915
C016220N,000+0.743,,GALLATIN,December,2014,2:20,TUE,NON-JUNCTION,ROADSIDE RIGHT,CLEAR,ICE/FROST,DARK-NOT LIGHTED,NON-INJURY ACCIDENT (PROPERTY- DAMAGE-ONLY ACCIDENT),FIXED OBJECT,45.83325011,-111.273617
C016220N,000+0.966,,GALLATIN,December,2014,10:00,MON,NON-JUNCTION,ROADSIDE RIGHT,CLOUDY,SNOW,DAYLIGHT,NON-INJURY ACCIDENT (PROPERTY- DAMAGE-ONLY ACCIDENT),FIXED OBJECT,45.83616324,-111.2748875
C016220N,001+0.072,,GALLATIN,September,2016,5:55,THU,NON-JUNCTION,ON ROADWAY,RAIN,WET,DARK-NOT LIGHTED,NON-INJURY ACCIDENT (PROPERTY- DAMAGE-ONLY ACCIDENT),WILD ANIMAL,45.83771958,-111.2749843
C016220N,001+0.335,,GALLATIN,February,2014,13:28,FRI,NON-JUNCTION,ROADSIDE RIGHT,CLEAR,SNOW,DAYLIGHT,NON-INJURY ACCIDENT (PROPERTY- DAMAGE-ONLY ACCIDENT),FIXED OBJECT,45.84076675,-111.2779269
C016220N,002+0.715,,GALLATIN,March,2014,13:30,SAT,NON-JUNCTION,ROADSIDE LEFT,CLOUDY,WET,DAYLIGHT,NON-INCAPACITATING EVIDENT INJURY ACCIDENT,FIXED OBJECT,45.85982167,-111.2856067
C016221N,000+0.378,,GALLATIN,January,2015,23:00,SAT,NON-JUNCTION,ROADSIDE LEFT,CLEAR,ICE/FROST,DARK-NOT LIGHTED,NON-INJURY ACCIDENT (PROPERTY- DAMAGE-ONLY ACCIDENT),FIXED OBJECT,45.87470702,-111.2447473
C016222N,000+0.000,BELGRADE,GALLATIN,January,2015,12:15,TUE,INTERSECTION,ROADSIDE RIGHT,CLEAR,SNOW,DAYLIGHT,POSSIBLE INJURY ACCIDENT,FIXED OBJECT,45.84563,-111.28094
C016222N,003+0.684,,GALLATIN,May,2015,16:00,FRI,NON-JUNCTION,ROADSIDE LEFT,CLEAR,DRY,DAYLIGHT,NON-INJURY ACCIDENT (PROPERTY- DAMAGE-ONLY ACCIDENT),FIXED OBJECT,45.84593333,-111.2046033
C016223N,002+0.340,,GALLATIN,December,2016,8:03,THU,NON-JUNCTION,ON ROADWAY,CLOUDY,ICE/FROST,DAYLIGHT,NON-INJURY ACCIDENT (PROPERTY- DAMAGE-ONLY ACCIDENT),RIGHT ANGLE,45.88772553,-111.2249856
C016229N,000+0.244,,GALLATIN,May,2016,20:25,SUN,NON-JUNCTION,ROADSIDE RIGHT,CLOUDY,DRY,DAYLIGHT,NON-INJURY ACCIDENT (PROPERTY- DAMAGE-ONLY ACCIDENT),FIXED OBJECT,45.87161156,-111.2014829
C016229N,000+0.937,,GALLATIN,October,2016,1:15,TUE,NON-JUNCTION,ROADSIDE RIGHT,RAIN,WET,DARK-NOT LIGHTED,NON-INJURY ACCIDENT (PROPERTY- DAMAGE-ONLY ACCIDENT),FIXED OBJECT,45.86151759,-111.2010634
C016229N,001+0.769,NOT IN CITY LIMITS,GALLATIN,MARCH,2017,14:00,WED,NON-JUNCTION,ROADSIDE LEFT,CLOUDY,DRY,DAYLIGHT,NON-INJURY ACCIDENT (PROPERTY- DAMAGE-ONLY ACCIDENT),FIXED OBJECT,45.84945632,-111.2010728
C016229N,002+0.110,,GALLATIN,November,2013,23:20,THU,NON-JUNCTION,ROADSIDE LEFT,CLEAR,DRY,DARK-NOT LIGHTED,NON-INJURY ACCIDENT (PROPERTY- DAMAGE-ONLY ACCIDENT),ROLL OVER,45.84464631,-111.2010668
C016229N,002+0.672,,GALLATIN,November,2015,5:00,THU,NON-JUNCTION,SHOULDER,CLEAR,SNOW,DARK-NOT LIGHTED,NON-INCAPACITATING EVIDENT INJURY ACCIDENT,ROLL OVER,45.83642,-111.2011
C016229N,002+0.762,BELGRADE,GALLATIN,May,2014,9:30,FRI,NON-JUNCTION,SHOULDER,CLEAR,DRY,DAYLIGHT,NON-INJURY ACCIDENT (PROPERTY- DAMAGE-ONLY ACCIDENT),FIXED OBJECT,45.83519672,-111.2010941
C016229N,003+0.274,,GALLATIN,December,2016,18:00,MON,NON-JUNCTION,ROADSIDE LEFT,CLEAR,DRY,DARK-NOT LIGHTED,NON-INJURY ACCIDENT (PROPERTY- DAMAGE-ONLY ACCIDENT),FIXED OBJECT,45.82773254,-111.2010427
C016229N,003+0.280,NOT IN CITY LIMITS,GALLATIN,OCTOBER,2017,3:15,THU,NON-JUNCTION,ROADSIDE LEFT,"FOG, SMOG, SMOKE",WET,DARK-NOT LIGHTED,NON-INCAPACITATING EVIDENT INJURY ACCIDENT,ROLL OVER,45.82759819,-111.2011487
C016229N,003+0.297,BELGRADE,GALLATIN,November,2016,18:30,FRI,NON-JUNCTION,ON ROADWAY,CLEAR,DRY,DARK-NOT LIGHTED,NON-INJURY ACCIDENT (PROPERTY- DAMAGE-ONLY ACCIDENT),ROLL OVER,45.82745667,-111.2014417
C016229N,003+0.322,,GALLATIN,August,2014,14:10,TUE,NON-JUNCTION,ROADSIDE LEFT,CLOUDY,DRY,DAYLIGHT,NON-INJURY ACCIDENT (PROPERTY- DAMAGE-ONLY ACCIDENT),FIXED OBJECT,45.82721667,-111.2018567
C016230N,000+0.151,NOT IN CITY LIMITS,GALLATIN,JANUARY,2017,8:30,SAT,NON-JUNCTION,ROADSIDE RIGHT,CLOUDY,DRY,DAYLIGHT,NON-INJURY ACCIDENT (PROPERTY- DAMAGE-ONLY ACCIDENT),ROLL OVER,45.81645784,-111.2522454
C016230N,000+0.874,,GALLATIN,May,2015,4:00,SAT,NON-JUNCTION,ROADSIDE LEFT,CLOUDY,DRY,DARK-NOT LIGHTED,UNKNOWN,FIXED OBJECT,45.81661178,-111.2371916
C016230N,001+0.382,,GALLATIN,December,2016,20:00,MON,INTERSECTION,ROADSIDE RIGHT,CLEAR,ICE/FROST,DARK-NOT LIGHTED,NON-INJURY ACCIDENT (PROPERTY- DAMAGE-ONLY ACCIDENT),FIXED OBJECT,45.81662495,-111.2268051
C016230N,002+0.635,NOT IN CITY LIMITS,GALLATIN,NOVEMBER,2017,11:30,FRI,INTERSECTION,ROADSIDE RIGHT,CLEAR,ICE/FROST,DAYLIGHT,NON-INJURY ACCIDENT (PROPERTY- DAMAGE-ONLY ACCIDENT),FIXED OBJECT,45.81667392,-111.2007539
C016230N,003+0.080,,GALLATIN,August,2013,22:30,SAT,NON-JUNCTION,ON ROADWAY,CLEAR,MUD DIRT GRAVEL,DARK-NOT LIGHTED,NON-INJURY ACCIDENT (PROPERTY- DAMAGE-ONLY ACCIDENT),FIXED OBJECT,45.81579898,-111.1917982
C016230N,003+0.110,,GALLATIN,July,2013,19:02,SUN,NON-JUNCTION,SHOULDER,CLEAR,DRY,DAYLIGHT,NON-INCAPACITATING EVIDENT INJURY ACCIDENT,FIXED OBJECT,45.81579555,-111.1911083
C016230N,003+0.120,BELGRADE,GALLATIN,December,2016,10:10,MON,NON-JUNCTION,ROADSIDE RIGHT,CLOUDY,SNOW,DAYLIGHT,NON-INJURY ACCIDENT (PROPERTY- DAMAGE-ONLY ACCIDENT),ROLL OVER,45.81585707,-111.1909239
C016230N,003+0.126,NOT IN CITY LIMITS,GALLATIN,JANUARY,2017,17:30,SAT,NON-JUNCTION,ROADSIDE RIGHT,SNOW,SNOW,DUSK,NON-INJURY ACCIDENT (PROPERTY- DAMAGE-ONLY ACCIDENT),FIXED OBJECT,45.81593167,-111.1909667
C016230N,003+0.126,NOT IN CITY LIMITS,GALLATIN,JULY,2017,22:00,FRI,NON-JUNCTION,ROADSIDE LEFT,CLOUDY,DRY,DARK-NOT LIGHTED,NON-INJURY ACCIDENT (PROPERTY- DAMAGE-ONLY ACCIDENT),ROLL OVER,45.81595271,-111.1909376
C016230N,003+0.132,NOT IN CITY LIMITS,GALLATIN,JANUARY,2017,11:55,MON,NON-JUNCTION,ROADSIDE RIGHT,CLOUDY,SNOW,DAYLIGHT,NON-INJURY ACCIDENT (PROPERTY- DAMAGE-ONLY ACCIDENT),JACKKNIFE,45.81602437,-111.1908829
C016230N,003+0.138,BELGRADE,GALLATIN,November,2015,9:30,TUE,NON-JUNCTION,ROADSIDE LEFT,SNOW,SNOW,DAYLIGHT,NON-INJURY ACCIDENT (PROPERTY- DAMAGE-ONLY ACCIDENT),ROLL OVER,45.81614,-111.1909
C016230N,003+0.150,NOT IN CITY LIMITS,GALLATIN,MARCH,2017,17:05,THU,NON-JUNCTION,ROADSIDE LEFT,CLOUDY,DRY,DAYLIGHT,NON-INJURY ACCIDENT (PROPERTY- DAMAGE-ONLY ACCIDENT),ROLL OVER,45.81631808,-111.190801
C016230N,003+0.675,,GALLATIN,October,2014,0:00,TUE,INTERSECTION-RELATED,OUTSIDE RIGHT-OF-WAY (TRAFFICWAY),CLEAR,DRY,DARK-NOT LIGHTED,UNKNOWN,FIXED OBJECT,45.81675899,-111.1804004
C016230N,004+0.414,BELGRADE,GALLATIN,June,2016,9:00,FRI,INTERSECTION-RELATED,ON ROADWAY,CLEAR,DRY,DAYLIGHT,NON-INCAPACITATING EVIDENT INJURY ACCIDENT,ROLL OVER,45.81668009,-111.1651331
C016231N,000+0.010,,GALLATIN,January,2013,16:50,WED,INTERSECTION,ON ROADWAY,CLEAR,DRY,DAYLIGHT,POSSIBLE INJURY ACCIDENT,REAR-END,45.78874833,-111.2010267
C016231N,001+0.553,,GALLATIN,August,2015,19:00,MON,NON-JUNCTION,ON ROADWAY,CLEAR,MUD DIRT GRAVEL,DAYLIGHT,FATAL ACCIDENT,DOMESTIC ANIMAL,45.81101856,-111.2010636
C016232N,000+0.090,,GALLATIN,July,2013,19:32,MON,DRIVEWAY/ALLEY ACCESS RELATED,SHOULDER,CLEAR,DRY,DAYLIGHT,NON-INJURY ACCIDENT (PROPERTY- DAMAGE-ONLY ACCIDENT),FIXED OBJECT,45.80047318,-111.221872
C016232N,000+0.230,,GALLATIN,November,2013,15:00,TUE,INTERSECTION,ON ROADWAY,CLEAR,DRY,DAYLIGHT,NON-INCAPACITATING EVIDENT INJURY ACCIDENT,BICYCLE,45.80255189,-111.2218168
C016232N,000+0.740,,GALLATIN,November,2013,13:35,FRI,NON-JUNCTION,ROADSIDE RIGHT,CLOUDY,DRY,DAYLIGHT,NON-INJURY ACCIDENT (PROPERTY- DAMAGE-ONLY ACCIDENT),FIXED OBJECT,45.80920167,-111.2228233
C016233N,000+0.127,BELGRADE,GALLATIN,JANUARY,2017,17:17,THU,NON-JUNCTION,ROADSIDE RIGHT,CLEAR,DRY,DUSK,UNKNOWN,RIGHT ANGLE,45.79327313,-111.1803207
C016233N,000+0.230,BELGRADE,GALLATIN,APRIL,2017,7:55,MON,INTERSECTION,ON ROADWAY,CLEAR,DRY,DAYLIGHT,NON-INJURY ACCIDENT (PROPERTY- DAMAGE-ONLY ACCIDENT),REAR-END,45.79477848,-111.1802311
C016233N,000+0.669,,GALLATIN,March,2014,13:25,SAT,DRIVEWAY/ALLEY ACCESS RELATED,ON ROADWAY,CLOUDY,SNOW,DAYLIGHT,NON-INJURY ACCIDENT (PROPERTY- DAMAGE-ONLY ACCIDENT),RIGHT ANGLE,45.80106,-111.18032
C016233N,001+0.240,,GALLATIN,July,2013,19:10,WED,NON-JUNCTION,ROADSIDE LEFT,CLOUDY,DRY,DAYLIGHT,NON-INJURY ACCIDENT (PROPERTY- DAMAGE-ONLY ACCIDENT),ROLL OVER,45.80938,-111.1803967
C016233N,001+0.692,,GALLATIN,May,2016,22:55,SAT,NON-JUNCTION,ROADSIDE RIGHT,CLEAR,DRY,DARK-NOT LIGHTED,INCAPACITATING INJURY ACCIDENT,ROLL OVER,45.8159052,-111.1803189
C016235N,001+0.326,,GALLATIN,February,2016,21:25,MON,NON-JUNCTION,ROADSIDE LEFT,CLOUDY,MUD DIRT GRAVEL,DARK-NOT LIGHTED,UNKNOWN,ROLL OVER,45.99049134,-111.1615746
C016235N,001+0.702,NOT IN CITY LIMITS,GALLATIN,OCTOBER,2017,22:00,SAT,NON-JUNCTION,ROADSIDE RIGHT,CLEAR,DRY,DARK-NOT LIGHTED,NON-INJURY ACCIDENT (PROPERTY- DAMAGE-ONLY ACCIDENT),ROLL OVER,45.99583704,-111.16074
C016239N,000+0.000,,GALLATIN,December,2014,16:00,SUN,INTERSECTION,ON ROADWAY,CLOUDY,WET,DAYLIGHT,NON-INJURY ACCIDENT (PROPERTY- DAMAGE-ONLY ACCIDENT),RIGHT ANGLE,45.88572652,-111.442391
C016239N,000+0.000,NOT IN CITY LIMITS,GALLATIN,MARCH,2017,0:30,SAT,INTERSECTION-RELATED,ROADSIDE RIGHT,CLEAR,DRY,DARK-NOT LIGHTED,NON-INCAPACITATING EVIDENT INJURY ACCIDENT,FIXED OBJECT,45.88567866,-111.4424183
C016239N,000+0.320,,GALLATIN,November,2013,7:25,MON,NON-JUNCTION,ON ROADWAY,CLEAR,DRY,DAWN,NON-INJURY ACCIDENT (PROPERTY- DAMAGE-ONLY ACCIDENT),"SIDESWIPE, OPPOSITE DIRECTION",45.88977594,-111.4404045
C016239N,001+0.908,,GALLATIN,April,2015,18:15,THU,NON-JUNCTION,ROADSIDE RIGHT,CLOUDY,DRY,DAYLIGHT,NON-INJURY ACCIDENT (PROPERTY- DAMAGE-ONLY ACCIDENT),ROLL OVER,45.90980423,-111.4468586
C016239N,002+0.773,,GALLATIN,August,2016,17:00,WED,NON-JUNCTION,ON ROADWAY,CLOUDY,DRY,DAYLIGHT,NON-INJURY ACCIDENT (PROPERTY- DAMAGE-ONLY ACCIDENT),LOST CONTROL,45.9183196,-111.4537042
C016239N,003+0.792,NOT IN CITY LIMITS,GALLATIN,FEBRUARY,2017,11:10,FRI,NON-JUNCTION,ROADSIDE LEFT,CLEAR,DRY,DAYLIGHT,NON-INJURY ACCIDENT (PROPERTY- DAMAGE-ONLY ACCIDENT),FIXED OBJECT,45.92957358,-111.4578614
C016239N,004+0.001,,GALLATIN,August,2015,10:30,MON,NON-JUNCTION,ON ROADWAY,CLOUDY,DRY,DAYLIGHT,NON-INJURY ACCIDENT (PROPERTY- DAMAGE-ONLY ACCIDENT),FIXED OBJECT,45.932385,-111.457915
C016239N,004+0.345,,GALLATIN,June,2015,20:00,FRI,NON-JUNCTION,SHOULDER,CLOUDY,MUD DIRT GRAVEL,DUSK,NON-INCAPACITATING EVIDENT INJURY ACCIDENT,ROLL OVER,45.93704648,-111.4566218
C016239N,004+0.381,NOT IN CITY LIMITS,GALLATIN,JULY,2017,0:00,SAT,NON-JUNCTION,ROADSIDE LEFT,CLEAR,DRY,DARK-NOT LIGHTED,NON-INJURY ACCIDENT (PROPERTY- DAMAGE-ONLY ACCIDENT),ROLL OVER,45.93750347,-111.4564333
C016239N,005+0.360,NOT IN CITY LIMITS,GALLATIN,JULY,2017,11:40,TUE,NON-JUNCTION,ROADSIDE LEFT,CLEAR,DRY,DAYLIGHT,NON-INCAPACITATING EVIDENT INJURY ACCIDENT,ROLL OVER,45.94538136,-111.472075
C016239N,005+0.724,,GALLATIN,September,2016,7:40,WED,NON-JUNCTION,ROADSIDE RIGHT,CLOUDY,DRY,DAYLIGHT,NON-INJURY ACCIDENT (PROPERTY- DAMAGE-ONLY ACCIDENT),NOT FIXED OBJECT OR DEBRIS,45.94931214,-111.4725053
C016239N,005+0.930,,GALLATIN,January,2013,8:30,TUE,NON-JUNCTION,ROADSIDE LEFT,CLEAR,WET,DAYLIGHT,NON-INCAPACITATING EVIDENT INJURY ACCIDENT,FIXED OBJECT,45.94805167,-111.475905
C016240N,003+0.108,NOT IN CITY LIMITS,GALLATIN,MAY,2017,17:30,MON,NON-JUNCTION,OFF ROADWAY LOCATION UNKNOWN,CLEAR,DRY,DAYLIGHT,NON-INCAPACITATING EVIDENT INJURY ACCIDENT,ROLL OVER,45.99180277,-111.4024207
C016241N,000+0.570,NOT IN CITY LIMITS,GALLATIN,JANUARY,2017,5:00,FRI,NON-JUNCTION,ROADSIDE LEFT,CLOUDY,SNOW,DARK-NOT LIGHTED,NON-INJURY ACCIDENT (PROPERTY- DAMAGE-ONLY ACCIDENT),FIXED OBJECT,45.64821,-110.98038
C016252E,000+0.424,,GALLATIN,November,2014,10:30,SAT,NON-JUNCTION,ROADSIDE RIGHT,SNOW,SLUSH,DAYLIGHT,POSSIBLE INJURY ACCIDENT,ROLL OVER,45.59545367,-110.8139453
C016252E,000+0.548,,GALLATIN,December,2015,21:00,SAT,NON-JUNCTION,ROADSIDE RIGHT,CLOUDY,WET,DARK-NOT LIGHTED,NON-INJURY ACCIDENT (PROPERTY- DAMAGE-ONLY ACCIDENT),FIXED OBJECT,45.596815,-110.8155967
C016252E,002+0.259,BOZEMAN,GALLATIN,November,2014,19:25,SAT,NON-JUNCTION,SHOULDER,CLEAR,SNOW,DARK-NOT LIGHTED,NON-INJURY ACCIDENT (PROPERTY- DAMAGE-ONLY ACCIDENT),FIXED OBJECT,45.61727269,-110.8343676
C016252E,003+0.191,,GALLATIN,October,2014,10:20,FRI,NON-JUNCTION,ROADSIDE RIGHT,CLOUDY,DRY,DAYLIGHT,NON-INJURY ACCIDENT (PROPERTY- DAMAGE-ONLY ACCIDENT),FIXED OBJECT,45.62918,-110.843445
C016252E,003+0.580,,GALLATIN,September,2013,10:00,MON,NON-JUNCTION,SHOULDER,CLOUDY,DRY,DAYLIGHT,NON-INJURY ACCIDENT (PROPERTY- DAMAGE-ONLY ACCIDENT),FIXED OBJECT,45.63068449,-110.8511577
C016252E,003+0.760,,GALLATIN,April,2013,17:15,TUE,NON-JUNCTION,ON ROADWAY,CLEAR,DRY,DAYLIGHT,NON-INJURY ACCIDENT (PROPERTY- DAMAGE-ONLY ACCIDENT),WILD ANIMAL,45.63107315,-110.854742
C016252E,004+0.059,,GALLATIN,October,2016,2:00,SUN,NON-JUNCTION,ROADSIDE LEFT,CLOUDY,DRY,DARK-NOT LIGHTED,NON-INCAPACITATING EVIDENT INJURY ACCIDENT,ROLL OVER,45.63202593,-110.8583347
C016252E,005+0.062,,GALLATIN,August,2015,3:00,SUN,NON-JUNCTION,ROADSIDE RIGHT,CLEAR,DRY,DARK-NOT LIGHTED,NON-INJURY ACCIDENT (PROPERTY- DAMAGE-ONLY ACCIDENT),FIXED OBJECT,45.64230197,-110.8725414
C016252E,005+0.113,,GALLATIN,July,2016,20:00,TUE,NON-JUNCTION,SHOULDER,CLOUDY,DRY,DAYLIGHT,NON-INJURY ACCIDENT (PROPERTY- DAMAGE-ONLY ACCIDENT),REAR-END,45.64299651,-110.8724651
C016252E,005+0.154,NOT IN CITY LIMITS,GALLATIN,MARCH,2017,4:30,TUE,NON-JUNCTION,ROADSIDE LEFT,CLOUDY,SNOW,DARK-NOT LIGHTED,NON-INJURY ACCIDENT (PROPERTY- DAMAGE-ONLY ACCIDENT),FIXED OBJECT,45.64356029,-110.8722967
C016252E,005+0.541,,GALLATIN,January,2014,21:00,TUE,NON-JUNCTION,ROADSIDE LEFT,SNOW,SNOW,DARK-NOT LIGHTED,NON-INCAPACITATING EVIDENT INJURY ACCIDENT,FIXED OBJECT,45.64668353,-110.8737026
C016252E,005+0.920,,GALLATIN,October,2013,17:30,WED,NON-JUNCTION,ON ROADWAY,CLEAR,DRY,DAYLIGHT,NON-INJURY ACCIDENT (PROPERTY- DAMAGE-ONLY ACCIDENT),RIGHT ANGLE,45.64551833,-110.8813433