MDT_CORRIDOR_ID,SMS_REFPOST_OFFSET,CITY,COUNTY,Month,Year,SMS_TIME,SMT_CRASH_OCC_DAY_OF_WEEK,JUNCTION_RELATED,ROADWAY_RELATED,WEATHER_COND,ROAD_COND,LIGHT_COND,CRASH_SEVERITY,COLLISION_TYPE,LATITUDE,LONGITUDE
C016252E,006+0.161,,GALLATIN,February,2014,15:10,FRI,RAILWAY GRADE CROSSING,ROADSIDE LEFT,CLOUDY,SNOW,DAYLIGHT,NON-INJURY ACCIDENT (PROPERTY- DAMAGE-ONLY ACCIDENT),RAILWAY VEHICLE,45.64635906,-110.8859697
C016252E,006+0.169,NOT IN CITY LIMITS,GALLATIN,JANUARY,2017,9:15,TUE,NON-JUNCTION,ON ROADWAY,CLOUDY,ICE/FROST,DAYLIGHT,NON-INJURY ACCIDENT (PROPERTY- DAMAGE-ONLY ACCIDENT),FIXED OBJECT,45.64652011,-110.8857858
C016252E,006+0.206,,GALLATIN,November,2015,16:28,TUE,NON-JUNCTION,ON ROADWAY,SNOW,ICE/FROST,DAYLIGHT,INCAPACITATING INJURY ACCIDENT,FIXED OBJECT,45.64704554,-110.8857442
C016253N,001+0.095,,GALLATIN,December,2014,6:30,FRI,NON-JUNCTION,SHOULDER,CLOUDY,ICE/FROST,DARK-NOT LIGHTED,NON-INCAPACITATING EVIDENT INJURY ACCIDENT,ROLL OVER,46.01661338,-111.3670881
C016253N,001+0.582,,GALLATIN,February,2015,20:00,FRI,NON-JUNCTION,ROADSIDE RIGHT,SNOW,WET,DARK-NOT LIGHTED,NON-INCAPACITATING EVIDENT INJURY ACCIDENT,ROLL OVER,46.01376122,-111.3752734
C016274N,001+0.277,,GALLATIN,November,2014,22:00,MON,NON-JUNCTION,OUTSIDE RIGHT-OF-WAY (TRAFFICWAY),CLOUDY,ICE/FROST,DARK-NOT LIGHTED,NON-INJURY ACCIDENT (PROPERTY- DAMAGE-ONLY ACCIDENT),FIXED OBJECT,45.83439566,-111.0183651
C016282N,000+0.039,NOT IN CITY LIMITS,GALLATIN,MAY,2017,12:00,SAT,NON-JUNCTION,ROADSIDE RIGHT,UNKNOWN,DRY,UNKNOWN,NON-INJURY ACCIDENT (PROPERTY- DAMAGE-ONLY ACCIDENT),RIGHT ANGLE,45.78684363,-111.2247029
C016286N,000+0.372,,GALLATIN,February,2016,20:50,SAT,INTERSECTION-RELATED,IN PARKING LANE OR ZONE,CLOUDY,DRY,DARK-LIGHTED,NON-INJURY ACCIDENT (PROPERTY- DAMAGE-ONLY ACCIDENT),"SIDESWIPE, OPPOSITE DIRECTION",45.75360838,-111.3019365
C016299N,000+0.874,NOT IN CITY LIMITS,GALLATIN,AUGUST,2017,18:00,FRI,NON-JUNCTION,OFF ROADWAY LOCATION UNKNOWN,CLOUDY,DRY,DAYLIGHT,NON-INJURY ACCIDENT (PROPERTY- DAMAGE-ONLY ACCIDENT),REAR TO FRONT,45.67031158,-111.3405718
C016300N,000+0.007,,GALLATIN,August,2015,8:03,WED,INTERSECTION,ON ROADWAY,CLOUDY,WET,DAYLIGHT,POSSIBLE INJURY ACCIDENT,HEAD ON,45.66415175,-111.248318
C016302N,000+0.711,NOT IN CITY LIMITS,GALLATIN,NOVEMBER,2017,15:20,THU,INTERSECTION-RELATED,ROADSIDE RIGHT,CLOUDY,SNOW,DAYLIGHT,NON-INJURY ACCIDENT (PROPERTY- DAMAGE-ONLY ACCIDENT),FIXED OBJECT,45.66208478,-110.8482541
C016303N,000+0.310,,GALLATIN,November,2013,1:00,SUN,DRIVEWAY/ALLEY ACCESS RELATED,SHOULDER,CLEAR,SNOW,DARK-NOT LIGHTED,NON-INJURY ACCIDENT (PROPERTY- DAMAGE-ONLY ACCIDENT),FIXED OBJECT,45.66177825,-110.8316833
C016303N,001+0.319,,GALLATIN,March,2015,14:00,TUE,NON-JUNCTION,ROADSIDE RIGHT,SNOW,SNOW,DAYLIGHT,NON-INCAPACITATING EVIDENT INJURY ACCIDENT,ROLL OVER,45.64823401,-110.8344017
C016303N,001+0.320,,GALLATIN,November,2013,14:15,WED,NON-JUNCTION,ROADSIDE RIGHT,CLOUDY,SNOW,DAYLIGHT,NON-INJURY ACCIDENT (PROPERTY- DAMAGE-ONLY ACCIDENT),ROLL OVER,45.648125,-110.8343967
C016303N,001+0.402,,GALLATIN,December,2014,22:30,SAT,NON-JUNCTION,OFF ROADWAY LOCATION UNKNOWN,SNOW,SNOW,DARK-NOT LIGHTED,NON-INJURY ACCIDENT (PROPERTY- DAMAGE-ONLY ACCIDENT),FIXED OBJECT,45.64714453,-110.8346817
C016303N,001+0.662,NOT IN CITY LIMITS,GALLATIN,SEPTEMBER,2017,23:58,FRI,NON-JUNCTION,ROADSIDE RIGHT,CLEAR,DRY,DARK-NOT LIGHTED,NON-INJURY ACCIDENT (PROPERTY- DAMAGE-ONLY ACCIDENT),ROLL OVER,45.64358835,-110.8322171
C016303N,001+0.743,,GALLATIN,November,2015,15:35,TUE,NON-JUNCTION,ON ROADWAY,SNOW,SNOW,DAYLIGHT,NON-INJURY ACCIDENT (PROPERTY- DAMAGE-ONLY ACCIDENT),"SIDESWIPE, OPPOSITE DIRECTION",45.64412906,-110.8302763
C016306N,000+0.115,,GALLATIN,March,2015,18:10,TUE,NON-JUNCTION,ROADSIDE RIGHT,CLEAR,SNOW,DAYLIGHT,NON-INJURY ACCIDENT (PROPERTY- DAMAGE-ONLY ACCIDENT),FIXED OBJECT,45.62772833,-110.8444217
C016312N,000+0.922,,GALLATIN,July,2014,20:30,MON,DRIVEWAY/ALLEY ACCESS RELATED,ON ROADWAY,CLOUDY,MUD DIRT GRAVEL,DAYLIGHT,NON-INJURY ACCIDENT (PROPERTY- DAMAGE-ONLY ACCIDENT),RIGHT ANGLE,45.62743943,-111.0094185
C016321N,000+0.006,,GALLATIN,May,2016,16:00,THU,INTERSECTION-RELATED,ROADSIDE LEFT,CLOUDY,MUD DIRT GRAVEL,DAYLIGHT,NON-INJURY ACCIDENT (PROPERTY- DAMAGE-ONLY ACCIDENT),FIXED OBJECT,45.73469923,-111.2062075
C016333N,000+0.000,,GALLATIN,February,2013,16:45,SAT,NON-JUNCTION,ROADSIDE LEFT,CLEAR,ICE/FROST,DAYLIGHT,NON-INJURY ACCIDENT (PROPERTY- DAMAGE-ONLY ACCIDENT),FIXED OBJECT,45.64909333,-111.12472
C016339N,000+0.082,,GALLATIN,April,2015,19:12,MON,NON-JUNCTION,ON ROADWAY,CLOUDY,DRY,DAYLIGHT,FATAL ACCIDENT,PEDESTRIAN,45.24836736,-111.3223641
C016339N,000+0.560,,GALLATIN,March,2013,10:35,SAT,DRIVEWAY/ALLEY ACCESS RELATED,ON ROADWAY,CLEAR,ICE/FROST,DAYLIGHT,NON-INJURY ACCIDENT (PROPERTY- DAMAGE-ONLY ACCIDENT),REAR-END,45.25400913,-111.3190515
C016339N,000+0.802,,GALLATIN,August,2014,18:39,SAT,NON-JUNCTION,ROADSIDE RIGHT,CLEAR,DRY,DAYLIGHT,INCAPACITATING INJURY ACCIDENT,FIXED OBJECT,45.25642019,-111.316135
C016339N,000+0.895,,GALLATIN,July,2015,12:39,MON,NON-JUNCTION,ON ROADWAY,CLOUDY,DRY,DAYLIGHT,NON-INJURY ACCIDENT (PROPERTY- DAMAGE-ONLY ACCIDENT),REAR TO SIDE,45.25785167,-111.3162217
C016339N,000+0.910,,GALLATIN,February,2013,2:35,WED,NON-JUNCTION,SHOULDER,CLOUDY,SNOW,DARK-NOT LIGHTED,NON-INJURY ACCIDENT (PROPERTY- DAMAGE-ONLY ACCIDENT),HEAD ON,45.25804577,-111.3159505
C016339N,000+0.910,,GALLATIN,January,2016,4:00,MON,NON-JUNCTION,IN PARKING LANE OR ZONE,CLOUDY,SNOW,DARK-NOT LIGHTED,UNKNOWN,REAR-END,45.25807035,-111.3161209
C016339N,001+0.005,,GALLATIN,August,2014,14:35,FRI,NON-JUNCTION,SHOULDER,RAIN,WET,DAYLIGHT,NON-INJURY ACCIDENT (PROPERTY- DAMAGE-ONLY ACCIDENT),REAR-END,45.25916249,-111.3148918
C016340N,000+0.270,,GALLATIN,January,2013,10:00,WED,NON-JUNCTION,ROADSIDE LEFT,CLEAR,SNOW,DAYLIGHT,NON-INJURY ACCIDENT (PROPERTY- DAMAGE-ONLY ACCIDENT),FIXED OBJECT,45.25500333,-111.3258683
C016340N,000+0.280,,GALLATIN,January,2013,21:30,SAT,NON-JUNCTION,ROADSIDE LEFT,CLOUDY,ICE/FROST,DARK-NOT LIGHTED,NON-INJURY ACCIDENT (PROPERTY- DAMAGE-ONLY ACCIDENT),FIXED OBJECT,45.25503333,-111.3258867
C016400N,000+0.016,NOT IN CITY LIMITS,GALLATIN,JULY,2017,20:25,THU,INTERSECTION-RELATED,OFF ROADWAY LOCATION UNKNOWN,CLEAR,DRY,DUSK,NON-INJURY ACCIDENT (PROPERTY- DAMAGE-ONLY ACCIDENT),FIXED OBJECT,45.64875249,-111.3546936
C016400N,000+0.616,NOT IN CITY LIMITS,GALLATIN,JANUARY,2017,16:50,SAT,NON-JUNCTION,ROADSIDE RIGHT,CLOUDY,ICE/FROST,DAYLIGHT,NON-INJURY ACCIDENT (PROPERTY- DAMAGE-ONLY ACCIDENT),FIXED OBJECT,45.65739767,-111.3563438
C016400N,005+0.827,,GALLATIN,January,2015,7:55,WED,NON-JUNCTION,ROADSIDE RIGHT,CLEAR,SNOW,DAYLIGHT,NON-INJURY ACCIDENT (PROPERTY- DAMAGE-ONLY ACCIDENT),FIXED OBJECT,45.7276958,-111.3427459
C016400N,005+0.969,MANHATTAN,GALLATIN,JANUARY,2017,19:25,TUE,INTERSECTION,ROADSIDE RIGHT,CLOUDY,SNOW,DARK-NOT LIGHTED,NON-INJURY ACCIDENT (PROPERTY- DAMAGE-ONLY ACCIDENT),FIXED OBJECT,45.72915,-111.34079
C016402N,000+0.013,,GALLATIN,October,2014,16:00,SAT,INTERSECTION-RELATED,ON ROADWAY,CLEAR,DRY,DAYLIGHT,NON-INJURY ACCIDENT (PROPERTY- DAMAGE-ONLY ACCIDENT),REAR-END,45.67152154,-111.211394
C016402N,000+0.104,NOT IN CITY LIMITS,GALLATIN,NOVEMBER,2017,9:50,SAT,NON-JUNCTION,ROADSIDE RIGHT,SNOW,SNOW,DAYLIGHT,NON-INJURY ACCIDENT (PROPERTY- DAMAGE-ONLY ACCIDENT),FIXED OBJECT,45.67283981,-111.2113566
C016402N,000+0.635,NOT IN CITY LIMITS,GALLATIN,JANUARY,2017,23:15,SAT,NON-JUNCTION,ROADSIDE RIGHT,CLOUDY,DRY,DARK-NOT LIGHTED,NON-INJURY ACCIDENT (PROPERTY- DAMAGE-ONLY ACCIDENT),FIXED OBJECT,45.68050562,-111.2121674
C016402N,000+0.653,NOT IN CITY LIMITS,GALLATIN,MAY,2017,19:20,SUN,NON-JUNCTION,ROADSIDE RIGHT,RAIN,WET,DAYLIGHT,NON-INJURY ACCIDENT (PROPERTY- DAMAGE-ONLY ACCIDENT),ROLL OVER,45.680721,-111.2122109
C016402N,000+0.983,MANHATTAN,GALLATIN,June,2014,11:32,FRI,NON-JUNCTION,ROADSIDE RIGHT,CLEAR,DRY,DAYLIGHT,POSSIBLE INJURY ACCIDENT,FIXED OBJECT,45.68530552,-111.2135617
C016402N,001+0.050,,GALLATIN,June,2013,1:30,SAT,NON-JUNCTION,ROADSIDE LEFT,CLOUDY,DRY,UNKNOWN,NON-INJURY ACCIDENT (PROPERTY- DAMAGE-ONLY ACCIDENT),ROLL OVER,45.68615333,-111.214515
C016402N,001+0.464,,GALLATIN,October,2014,9:48,THU,DRIVEWAY/ALLEY ACCESS RELATED,ON ROADWAY,CLOUDY,DRY,DAYLIGHT,NON-INJURY ACCIDENT (PROPERTY- DAMAGE-ONLY ACCIDENT),"SIDESWIPE, SAME DIRECTION",45.69205801,-111.2162174
C016402N,001+0.640,,GALLATIN,November,2013,23:30,THU,NON-JUNCTION,ON ROADWAY,CLOUDY,WET,DARK-NOT LIGHTED,NON-INJURY ACCIDENT (PROPERTY- DAMAGE-ONLY ACCIDENT),NOT FIXED OBJECT OR DEBRIS,45.69469916,-111.2167691
C016402N,001+0.740,,GALLATIN,October,2013,0:15,SUN,NON-JUNCTION,ON ROADWAY,CLEAR,DRY,DARK-NOT LIGHTED,NON-INJURY ACCIDENT (PROPERTY- DAMAGE-ONLY ACCIDENT),WILD ANIMAL,45.69613,-111.216765
C016402N,002+0.003,NOT IN CITY LIMITS,GALLATIN,FEBRUARY,2017,22:15,MON,INTERSECTION,SHOULDER,SNOW,SNOW,DARK-NOT LIGHTED,NON-INJURY ACCIDENT (PROPERTY- DAMAGE-ONLY ACCIDENT),FIXED OBJECT,45.74360719,-111.2358259
C016402N,002+0.349,,GALLATIN,February,2015,9:00,SAT,NON-JUNCTION,ROADSIDE LEFT,SNOW,SNOW,DAYLIGHT,NON-INJURY ACCIDENT (PROPERTY- DAMAGE-ONLY ACCIDENT),ROLL OVER,45.70482364,-111.2164663
C016402N,002+0.349,,GALLATIN,March,2016,14:10,THU,NON-JUNCTION,ROADSIDE LEFT,CLOUDY,DRY,DAYLIGHT,INCAPACITATING INJURY ACCIDENT,FIXED OBJECT,45.70478797,-111.2163049
C016402N,002+0.359,NOT IN CITY LIMITS,GALLATIN,SEPTEMBER,2017,22:45,FRI,NON-JUNCTION,ROADSIDE LEFT,RAIN,WET,DARK-NOT LIGHTED,NON-INJURY ACCIDENT (PROPERTY- DAMAGE-ONLY ACCIDENT),ROLL OVER,45.70490665,-111.2163663
C016402N,002+0.498,,GALLATIN,October,2016,18:00,MON,NON-JUNCTION,ROADSIDE RIGHT,CLEAR,DRY,DAYLIGHT,NON-INCAPACITATING EVIDENT INJURY ACCIDENT,ROLL OVER,45.70677196,-111.2172607
C016402N,003+0.066,,GALLATIN,June,2014,18:30,TUE,NON-JUNCTION,SHOULDER,RAIN,WET,DAYLIGHT,NON-INJURY ACCIDENT (PROPERTY- DAMAGE-ONLY ACCIDENT),FIXED OBJECT,45.71439464,-111.2210519
C016402N,003+0.119,,GALLATIN,October,2014,18:19,WED,INTERSECTION-RELATED,ON ROADWAY,CLEAR,DRY,DAYLIGHT,POSSIBLE INJURY ACCIDENT,WILD ANIMAL,45.71506058,-111.2212294
C016402N,003+0.286,,GALLATIN,March,2014,7:50,MON,NON-JUNCTION,SHOULDER,CLOUDY,DRY,DAYLIGHT,NON-INJURY ACCIDENT (PROPERTY- DAMAGE-ONLY ACCIDENT),RIGHT ANGLE,45.7175604,-111.2217895
C016402N,003+0.808,,GALLATIN,March,2016,7:45,MON,NON-JUNCTION,ROADSIDE LEFT,CLEAR,DRY,DAYLIGHT,NON-INCAPACITATING EVIDENT INJURY ACCIDENT,ROLL OVER,45.72430858,-111.226516
C016402N,004+0.681,,GALLATIN,September,2016,19:14,WED,NON-JUNCTION,ROADSIDE LEFT,CLEAR,DRY,DUSK,NON-INJURY ACCIDENT (PROPERTY- DAMAGE-ONLY ACCIDENT),ROLL OVER,45.7364314,-111.229566
C016402N,004+0.832,,GALLATIN,May,2016,20:43,SUN,NON-JUNCTION,ON ROADWAY,CLOUDY,WET,DARK-NOT LIGHTED,NON-INJURY ACCIDENT (PROPERTY- DAMAGE-ONLY ACCIDENT),WILD ANIMAL,45.73831557,-111.2311218
C016402N,005+0.057,NOT IN CITY LIMITS,GALLATIN,SEPTEMBER,2017,15:10,TUE,NON-JUNCTION,ROADSIDE RIGHT,CLOUDY,DRY,DAYLIGHT,POSSIBLE INJURY ACCIDENT,FIXED OBJECT,45.74107663,-111.2337429
C016403N,000+0.010,,GALLATIN,February,2013,8:45,SAT,NON-JUNCTION,ROADSIDE LEFT,SNOW,SNOW,DAYLIGHT,NON-INJURY ACCIDENT (PROPERTY- DAMAGE-ONLY ACCIDENT),FIXED OBJECT,45.74365175,-111.3034854
C016403N,001+0.258,,GALLATIN,January,2015,7:25,MON,NON-JUNCTION,ROADSIDE LEFT,CLEAR,ICE/FROST,DAWN,NON-INJURY ACCIDENT (PROPERTY- DAMAGE-ONLY ACCIDENT),ROLL OVER,45.74359166,-111.2780233
C016403N,001+0.355,,GALLATIN,September,2015,4:30,SUN,NON-JUNCTION,ROADSIDE RIGHT,CLEAR,DRY,DARK-NOT LIGHTED,NON-INJURY ACCIDENT (PROPERTY- DAMAGE-ONLY ACCIDENT),FIXED OBJECT,45.74353,-111.2760233
C016403N,001+0.375,,GALLATIN,January,2015,7:55,TUE,NON-JUNCTION,ROADSIDE RIGHT,CLEAR,ICE/FROST,DAYLIGHT,INCAPACITATING INJURY ACCIDENT,ROLL OVER,45.74355268,-111.2756729
C016403N,001+0.727,NOT IN CITY LIMITS,GALLATIN,JANUARY,2017,14:35,FRI,INTERSECTION,ON ROADWAY,CLEAR,DRY,DAYLIGHT,NON-INJURY ACCIDENT (PROPERTY- DAMAGE-ONLY ACCIDENT),"SIDESWIPE, SAME DIRECTION",45.7436694,-111.2686427
C016403N,002+0.415,NOT IN CITY LIMITS,GALLATIN,JANUARY,2017,8:03,TUE,INTERSECTION,ON ROADWAY,SNOW,SNOW,DAYLIGHT,NON-INJURY ACCIDENT (PROPERTY- DAMAGE-ONLY ACCIDENT),RIGHT ANGLE,45.74360388,-111.24777
C016403N,002+0.516,NOT IN CITY LIMITS,GALLATIN,DECEMBER,2017,20:30,WED,NON-JUNCTION,ROADSIDE RIGHT,SNOW,ICE/FROST,DARK-NOT LIGHTED,NON-INCAPACITATING EVIDENT INJURY ACCIDENT,FIXED OBJECT,45.74363993,-111.252194
C016403N,002+0.540,,GALLATIN,July,2014,15:30,THU,NON-JUNCTION,SHOULDER,CLEAR,DRY,DAYLIGHT,NON-INJURY ACCIDENT (PROPERTY- DAMAGE-ONLY ACCIDENT),ROLL OVER,45.74363167,-111.2514083
C016403N,002+0.586,,GALLATIN,January,2016,23:37,WED,NON-JUNCTION,ON ROADWAY,CLOUDY,DRY,DARK-NOT LIGHTED,NON-INJURY ACCIDENT (PROPERTY- DAMAGE-ONLY ACCIDENT),WILD ANIMAL,45.74358344,-111.2505241
C016403N,003+0.268,NOT IN CITY LIMITS,GALLATIN,NOVEMBER,2017,8:05,TUE,NON-JUNCTION,ROADSIDE LEFT,CLOUDY,ICE/FROST,DAYLIGHT,NON-INJURY ACCIDENT (PROPERTY- DAMAGE-ONLY ACCIDENT),ROLL OVER,45.74365511,-111.2366521
C016403N,003+0.302,MANHATTAN,GALLATIN,September,2014,20:37,MON,NON-JUNCTION,ON ROADWAY,CLOUDY,DRY,DARK-NOT LIGHTED,NON-INJURY ACCIDENT (PROPERTY- DAMAGE-ONLY ACCIDENT),WILD ANIMAL,45.74363122,-111.2359075
C016403N,003+0.302,,GALLATIN,November,2014,23:00,SAT,INTERSECTION-RELATED,OFF ROADWAY LOCATION UNKNOWN,SNOW,SNOW,DARK-NOT LIGHTED,NON-INJURY ACCIDENT (PROPERTY- DAMAGE-ONLY ACCIDENT),FIXED OBJECT,45.74358344,-111.23601
C016403N,004+0.125,,GALLATIN,April,2016,11:20,TUE,NON-JUNCTION,OFF ROADWAY LOCATION UNKNOWN,CLEAR,DRY,DAYLIGHT,NON-INJURY ACCIDENT (PROPERTY- DAMAGE-ONLY ACCIDENT),RIGHT ANGLE,45.73994972,-111.2171997
C016403N,004+0.750,,GALLATIN,May,2013,15:30,MON,INTERSECTION,ON ROADWAY,CLEAR,DRY,DAYLIGHT,NON-INCAPACITATING EVIDENT INJURY ACCIDENT,RIGHT ANGLE,45.74376441,-111.2061689
C016403N,004+0.765,NOT IN CITY LIMITS,GALLATIN,MARCH,2017,11:20,SAT,INTERSECTION,ON ROADWAY,CLEAR,DRY,DAYLIGHT,NON-INCAPACITATING EVIDENT INJURY ACCIDENT,RIGHT ANGLE,45.74376666,-111.2060043
C016403N,004+0.896,,GALLATIN,May,2016,14:20,MON,INTERSECTION,ON ROADWAY,SLEET/HAIL/FREEZING RAIN/DRIZZLE,WET,DAYLIGHT,NON-INCAPACITATING EVIDENT INJURY ACCIDENT,RIGHT ANGLE,45.74376,-111.2033
C016403N,005+0.058,,GALLATIN,December,2014,17:25,WED,NON-JUNCTION,ON ROADWAY,CLEAR,DRY,DARK-NOT LIGHTED,NON-INJURY ACCIDENT (PROPERTY- DAMAGE-ONLY ACCIDENT),WILD ANIMAL,45.74375333,-111.19992
C016403N,005+0.309,BELGRADE,GALLATIN,August,2014,16:30,TUE,NON-JUNCTION,ON ROADWAY,RAIN,WET,DAYLIGHT,NON-INJURY ACCIDENT (PROPERTY- DAMAGE-ONLY ACCIDENT),DOMESTIC ANIMAL,45.74381,-111.19471
C016403N,005+0.384,,GALLATIN,November,2015,10:30,TUE,NON-JUNCTION,ROADSIDE RIGHT,SNOW,SLUSH,DAYLIGHT,NON-INJURY ACCIDENT (PROPERTY- DAMAGE-ONLY ACCIDENT),FIXED OBJECT,45.74374834,-111.1931074
C016403N,005+0.537,,GALLATIN,May,2016,16:15,WED,NON-JUNCTION,ROADSIDE RIGHT,CLOUDY,DRY,DAYLIGHT,NON-INJURY ACCIDENT (PROPERTY- DAMAGE-ONLY ACCIDENT),FIXED OBJECT,45.74377735,-111.1901011
C016403N,005+0.636,,GALLATIN,April,2014,8:40,MON,NON-JUNCTION,OUTSIDE RIGHT-OF-WAY (TRAFFICWAY),CLEAR,DRY,DAYLIGHT,NON-INJURY ACCIDENT (PROPERTY- DAMAGE-ONLY ACCIDENT),U TURN,45.7437986,-111.1880484
C016403N,005+0.647,NOT IN CITY LIMITS,GALLATIN,AUGUST,2017,8:07,WED,NON-JUNCTION,ON ROADWAY,CLEAR,DRY,DAYLIGHT,NON-INJURY ACCIDENT (PROPERTY- DAMAGE-ONLY ACCIDENT),REAR TO FRONT,45.74378151,-111.1877615
C016403N,005+0.709,NOT IN CITY LIMITS,GALLATIN,NOVEMBER,2017,8:40,WED,DRIVEWAY/ALLEY ACCESS RELATED,ROADSIDE RIGHT,CLOUDY,ICE/FROST,DAYLIGHT,NON-INJURY ACCIDENT (PROPERTY- DAMAGE-ONLY ACCIDENT),"RIGHT TURN, OPPOSITE DIRECTION",45.74377807,-111.1864911
C016403N,005+0.718,NOT IN CITY LIMITS,GALLATIN,NOVEMBER,2017,11:16,TUE,INTERSECTION-RELATED,ON ROADWAY,CLEAR,DRY,DAYLIGHT,NON-INJURY ACCIDENT (PROPERTY- DAMAGE-ONLY ACCIDENT),REAR TO FRONT,45.74373364,-111.1862316
C016403N,005+0.730,,GALLATIN,October,2013,14:25,TUE,NON-JUNCTION,ROADSIDE RIGHT,CLEAR,DRY,DAYLIGHT,NON-INJURY ACCIDENT (PROPERTY- DAMAGE-ONLY ACCIDENT),ROLL OVER,45.74388393,-111.1859788
C016403N,005+0.750,,GALLATIN,August,2013,0:00,FRI,INTERSECTION-RELATED,ROADSIDE LEFT,CLOUDY,DRY,DARK-NOT LIGHTED,NON-INCAPACITATING EVIDENT INJURY ACCIDENT,FIXED OBJECT,45.74388,-111.1854467
C016403N,005+0.752,,GALLATIN,July,2016,8:50,SUN,INTERSECTION,ON ROADWAY,CLEAR,DRY,DAYLIGHT,NON-INJURY ACCIDENT (PROPERTY- DAMAGE-ONLY ACCIDENT),REAR-END,45.74379601,-111.1855309
C016403N,005+0.770,,GALLATIN,June,2013,13:56,WED,INTERSECTION,ON ROADWAY,CLEAR,DRY,DAYLIGHT,NON-INCAPACITATING EVIDENT INJURY ACCIDENT,RIGHT ANGLE,45.74380883,-111.1851593
C016403N,005+0.770,,GALLATIN,July,2013,15:58,MON,INTERSECTION,ON ROADWAY,CLEAR,DRY,DAYLIGHT,NON-INJURY ACCIDENT (PROPERTY- DAMAGE-ONLY ACCIDENT),RIGHT ANGLE,45.74384294,-111.1851797
C016403N,005+0.770,,GALLATIN,June,2013,20:20,THU,INTERSECTION,ON ROADWAY,RAIN,WET,DAYLIGHT,NON-INCAPACITATING EVIDENT INJURY ACCIDENT,RIGHT ANGLE,45.74384,-111.18517
C016403N,005+0.771,,GALLATIN,May,2014,14:10,FRI,INTERSECTION,ON ROADWAY,CLEAR,DRY,DAYLIGHT,POSSIBLE INJURY ACCIDENT,RIGHT ANGLE,45.74383272,-111.1851866
C016403N,005+0.771,,GALLATIN,November,2015,10:55,SAT,INTERSECTION,ON ROADWAY,CLEAR,DRY,DAYLIGHT,NON-INJURY ACCIDENT (PROPERTY- DAMAGE-ONLY ACCIDENT),HEAD ON,45.74380883,-111.1851593
C016403N,005+0.771,,GALLATIN,April,2016,17:50,FRI,INTERSECTION,ON ROADWAY,CLOUDY,DRY,DAYLIGHT,POSSIBLE INJURY ACCIDENT,RIGHT ANGLE,45.74381227,-111.1853231
C016403N,005+0.771,NOT IN CITY LIMITS,GALLATIN,OCTOBER,2017,7:45,MON,INTERSECTION,ON ROADWAY,CLEAR,DRY,DAWN,NON-INJURY ACCIDENT (PROPERTY- DAMAGE-ONLY ACCIDENT),"SIDESWIPE, SAME DIRECTION",45.74382585,-111.1851729
C016403N,005+0.771,NOT IN CITY LIMITS,GALLATIN,SEPTEMBER,2017,16:50,FRI,INTERSECTION,ON ROADWAY,CLOUDY,DRY,DAYLIGHT,NON-INJURY ACCIDENT (PROPERTY- DAMAGE-ONLY ACCIDENT),RIGHT ANGLE,45.74380883,-111.1851524
C016404N,000+0.670,,GALLATIN,December,2013,23:00,SAT,NON-JUNCTION,ROADSIDE LEFT,UNKNOWN,ICE/FROST,UNKNOWN,NON-INJURY ACCIDENT (PROPERTY- DAMAGE-ONLY ACCIDENT),FIXED OBJECT,45.762915,-111.2477967
C016404N,000+0.730,,GALLATIN,June,2013,5:10,SUN,NON-JUNCTION,ON ROADWAY,CLOUDY,DRY,DAWN,NON-INJURY ACCIDENT (PROPERTY- DAMAGE-ONLY ACCIDENT),WILD ANIMAL,45.7620932,-111.2478945
C016404N,001+0.127,NOT IN CITY LIMITS,GALLATIN,JANUARY,2017,17:10,WED,NON-JUNCTION,ROADSIDE RIGHT,CLOUDY,SNOW,DAYLIGHT,NON-INJURY ACCIDENT (PROPERTY- DAMAGE-ONLY ACCIDENT),FIXED OBJECT,45.75632,-111.24781
C016404N,001+0.828,NOT IN CITY LIMITS,GALLATIN,OCTOBER,2017,14:40,MON,NON-JUNCTION,ROADSIDE RIGHT,CLOUDY,DRY,DAYLIGHT,NON-INCAPACITATING EVIDENT INJURY ACCIDENT,FIXED OBJECT,45.74623355,-111.2475735
C016405N,000+0.297,,GALLATIN,June,2015,22:30,SUN,NON-JUNCTION,ROADSIDE LEFT,CLEAR,DRY,DARK-NOT LIGHTED,NON-INCAPACITATING EVIDENT INJURY ACCIDENT,FIXED OBJECT,45.88281339,-111.5552599
C016405N,000+0.393,,GALLATIN,March,2014,14:43,FRI,INTERSECTION,ON ROADWAY,CLOUDY,DRY,DAYLIGHT,NON-INCAPACITATING EVIDENT INJURY ACCIDENT,RIGHT ANGLE,45.8813893,-111.5552872
C016405N,000+0.418,,GALLATIN,June,2015,10:54,THU,NON-JUNCTION,ON ROADWAY,CLEAR,DRY,DAYLIGHT,NON-INJURY ACCIDENT (PROPERTY- DAMAGE-ONLY ACCIDENT),OTHER,45.88105667,-111.5552683
C016405N,001+0.783,,GALLATIN,July,2014,14:45,THU,NON-JUNCTION,ROADSIDE LEFT,CLEAR,DRY,DAYLIGHT,NON-INJURY ACCIDENT (PROPERTY- DAMAGE-ONLY ACCIDENT),ROLL OVER,45.86132702,-111.5553807
C016405N,011+0.122,,GALLATIN,February,2016,7:20,MON,NON-JUNCTION,ON ROADWAY,CLOUDY,MUD DIRT GRAVEL,DAYLIGHT,NON-INJURY ACCIDENT (PROPERTY- DAMAGE-ONLY ACCIDENT),FIXED OBJECT,45.79415071,-111.6475904
C016409N,000+0.830,THREE FORKS,GALLATIN,October,2015,10:15,SAT,NON-JUNCTION,ROADSIDE LEFT,CLOUDY,DRY,DAYLIGHT,NON-INJURY ACCIDENT (PROPERTY- DAMAGE-ONLY ACCIDENT),FIXED OBJECT,45.80914644,-111.6343671