MDT_CORRIDOR_ID,SMS_REFPOST_OFFSET,CITY,COUNTY,Month,Year,SMS_TIME,SMT_CRASH_OCC_DAY_OF_WEEK,JUNCTION_RELATED,ROADWAY_RELATED,WEATHER_COND,ROAD_COND,LIGHT_COND,CRASH_SEVERITY,COLLISION_TYPE,LATITUDE,LONGITUDE
C016413N,000+0.215,,GALLATIN,February,2014,16:30,FRI,NON-JUNCTION,ROADSIDE LEFT,CLOUDY,ICE/FROST,DARK-NOT LIGHTED,NON-INJURY ACCIDENT (PROPERTY- DAMAGE-ONLY ACCIDENT),FIXED OBJECT,45.83072961,-111.6467161
C016413N,000+0.517,NOT IN CITY LIMITS,GALLATIN,JANUARY,2017,0:00,MON,NON-JUNCTION,ROADSIDE RIGHT,CLEAR,SNOW,DARK-NOT LIGHTED,NON-INJURY ACCIDENT (PROPERTY- DAMAGE-ONLY ACCIDENT),FIXED OBJECT,45.83389431,-111.6488685
C016413N,001+0.107,,GALLATIN,January,2015,18:05,FRI,NON-JUNCTION,ROADSIDE RIGHT,CLEAR,SNOW,DARK-NOT LIGHTED,NON-INJURY ACCIDENT (PROPERTY- DAMAGE-ONLY ACCIDENT),FIXED OBJECT,45.83261314,-111.6605636
C016415N,000+0.470,,GALLATIN,January,2013,19:00,MON,NON-JUNCTION,ON ROADWAY,CLEAR,DRY,DARK-NOT LIGHTED,NON-INJURY ACCIDENT (PROPERTY- DAMAGE-ONLY ACCIDENT),"SIDESWIPE, SAME DIRECTION",45.82220167,-111.642885
C016415N,000+0.722,,GALLATIN,March,2016,0:00,FRI,INTERSECTION-RELATED,ROADSIDE LEFT,UNKNOWN,DRY,UNKNOWN,NON-INJURY ACCIDENT (PROPERTY- DAMAGE-ONLY ACCIDENT),ROLL OVER,45.81869158,-111.6438952
C016424N,003+0.070,,GALLATIN,August,2015,19:35,TUE,NON-JUNCTION,ROADSIDE LEFT,CLEAR,DRY,DAYLIGHT,NON-INJURY ACCIDENT (PROPERTY- DAMAGE-ONLY ACCIDENT),ROLL OVER,45.88899693,-111.5789264
C016429N,000+0.030,NOT IN CITY LIMITS,GALLATIN,AUGUST,2017,18:00,WED,RAILWAY GRADE CROSSING,ON ROADWAY,CLOUDY,DRY,DAYLIGHT,NON-INJURY ACCIDENT (PROPERTY- DAMAGE-ONLY ACCIDENT),RAILWAY VEHICLE,45.88656054,-111.5458397
C016429N,000+0.576,,GALLATIN,July,2015,19:00,SAT,NON-JUNCTION,ON ROADWAY,CLEAR,DRY,DAYLIGHT,NON-INCAPACITATING EVIDENT INJURY ACCIDENT,ROLL OVER,45.88057995,-111.5386215
C016429N,001+0.529,,GALLATIN,October,2014,17:35,MON,NON-JUNCTION,ROADSIDE RIGHT,CLOUDY,DRY,DAYLIGHT,POSSIBLE INJURY ACCIDENT,ROLL OVER,45.86723167,-111.5344283
C016430N,000+0.043,THREE FORKS,GALLATIN,JUNE,2017,5:00,SAT,NON-JUNCTION,ROADSIDE RIGHT,CLEAR,DRY,DARK-NOT LIGHTED,NON-INCAPACITATING EVIDENT INJURY ACCIDENT,FIXED OBJECT,45.88356622,-111.5519705
C016430N,000+0.123,THREE FORKS,GALLATIN,August,2015,13:51,TUE,NON-JUNCTION,SHOULDER,RAIN,WET,DAYLIGHT,NON-INJURY ACCIDENT (PROPERTY- DAMAGE-ONLY ACCIDENT),ROLL OVER,45.88432413,-111.5507013
C016431N,000+0.486,NOT IN CITY LIMITS,GALLATIN,OCTOBER,2017,0:15,MON,NON-JUNCTION,ROADSIDE RIGHT,CLOUDY,DRY,DARK-NOT LIGHTED,NON-INCAPACITATING EVIDENT INJURY ACCIDENT,FIXED OBJECT,45.89389536,-111.5346805
C016431N,000+0.490,,GALLATIN,April,2013,17:10,WED,NON-JUNCTION,ON ROADWAY,CLEAR,DRY,DAYLIGHT,INCAPACITATING INJURY ACCIDENT,ROLL OVER,45.89377248,-111.5347146
C016431N,000+0.765,THREE FORKS,GALLATIN,February,2015,10:25,SUN,NON-JUNCTION,ROADSIDE RIGHT,CLEAR,DRY,DAYLIGHT,NON-INJURY ACCIDENT (PROPERTY- DAMAGE-ONLY ACCIDENT),ROLL OVER,45.891225,-111.5391333
C016434E,000+0.789,,GALLATIN,November,2015,20:40,WED,NON-JUNCTION,ON ROADWAY,CLEAR,DRY,DARK-LIGHTED,NON-INJURY ACCIDENT (PROPERTY- DAMAGE-ONLY ACCIDENT),WILD ANIMAL,45.64540973,-110.9342249
C016437N,000+0.445,NOT IN CITY LIMITS,GALLATIN,JULY,2017,16:04,THU,NON-JUNCTION,ON ROADWAY,CLEAR,DRY,DAYLIGHT,NON-INCAPACITATING EVIDENT INJURY ACCIDENT,HEAD ON,45.8457756,-111.3567276
C016437N,000+0.542,,GALLATIN,January,2016,14:00,SAT,OTHER LOCATION,OUTSIDE RIGHT-OF-WAY (TRAFFICWAY),CLEAR,ICE/FROST,DAYLIGHT,NON-INJURY ACCIDENT (PROPERTY- DAMAGE-ONLY ACCIDENT),FIXED OBJECT,45.84580294,-111.3587402
C016437N,001+0.180,,GALLATIN,January,2013,19:15,TUE,NON-JUNCTION,ROADSIDE LEFT,CLEAR,ICE/FROST,DARK-NOT LIGHTED,NON-INJURY ACCIDENT (PROPERTY- DAMAGE-ONLY ACCIDENT),FIXED OBJECT,45.84554452,-111.3683176
C016438N,003+0.203,,GALLATIN,April,2016,15:42,WED,NON-JUNCTION,ROADSIDE LEFT,CLEAR,DRY,DAYLIGHT,NON-INCAPACITATING EVIDENT INJURY ACCIDENT,FIXED OBJECT,45.79909187,-111.3681784
C016440N,000+0.030,,GALLATIN,February,2013,7:45,FRI,DRIVEWAY/ALLEY ACCESS RELATED,ON ROADWAY,CLOUDY,MUD DIRT GRAVEL,DAYLIGHT,UNKNOWN,REAR-END,45.78744007,-111.3218996
C016441N,001+0.019,,GALLATIN,July,2016,21:50,SUN,NON-JUNCTION,ROADSIDE RIGHT,CLOUDY,DRY,DARK-NOT LIGHTED,NON-INJURY ACCIDENT (PROPERTY- DAMAGE-ONLY ACCIDENT),ROLL OVER,45.84173585,-111.3072718
C016442N,000+0.753,MANHATTAN,GALLATIN,March,2015,20:30,THU,NON-JUNCTION,OFF ROADWAY LOCATION UNKNOWN,CLEAR,DRY,DARK-NOT LIGHTED,NON-INCAPACITATING EVIDENT INJURY ACCIDENT,FIXED OBJECT,45.82457833,-111.3093933
C016444N,001+0.049,NOT IN CITY LIMITS,GALLATIN,OCTOBER,2017,6:50,FRI,NON-JUNCTION,ROADSIDE RIGHT,CLOUDY,DRY,DARK-NOT LIGHTED,NON-INJURY ACCIDENT (PROPERTY- DAMAGE-ONLY ACCIDENT),ROLL OVER,45.80192833,-111.2312331
C016444N,001+0.080,,GALLATIN,October,2013,17:55,THU,NON-JUNCTION,ROADSIDE RIGHT,CLEAR,DRY,DAYLIGHT,POSSIBLE INJURY ACCIDENT,ROLL OVER,45.801855,-111.2305833
C016444N,001+0.107,,GALLATIN,March,2016,12:16,WED,NON-JUNCTION,ROADSIDE LEFT,CLOUDY,DRY,DAYLIGHT,NON-INJURY ACCIDENT (PROPERTY- DAMAGE-ONLY ACCIDENT),FIXED OBJECT,45.80168362,-111.2301961
C016447N,000+0.340,,GALLATIN,June,2013,9:00,THU,NON-JUNCTION,ROADSIDE LEFT,CLEAR,DRY,DAYLIGHT,NON-INJURY ACCIDENT (PROPERTY- DAMAGE-ONLY ACCIDENT),ROLL OVER,45.78727,-111.3054683
C016447N,001+0.459,,GALLATIN,September,2015,19:20,WED,NON-JUNCTION,SHOULDER,CLOUDY,DRY,DARK-NOT LIGHTED,NON-INJURY ACCIDENT (PROPERTY- DAMAGE-ONLY ACCIDENT),REAR TO FRONT,45.78725,-111.28276
C016447N,002+0.543,,GALLATIN,April,2016,16:00,THU,NON-JUNCTION,ROADSIDE LEFT,CLOUDY,MUD DIRT GRAVEL,DAYLIGHT,NON-INCAPACITATING EVIDENT INJURY ACCIDENT,FIXED OBJECT,45.78723833,-111.2601183
C016447N,002+0.579,,GALLATIN,February,2014,8:50,THU,NON-JUNCTION,ON ROADWAY,CLOUDY,SNOW,DAYLIGHT,NON-INJURY ACCIDENT (PROPERTY- DAMAGE-ONLY ACCIDENT),RIGHT ANGLE,45.78698833,-111.259665
C016447N,003+0.423,,GALLATIN,November,2015,14:45,MON,DRIVEWAY/ALLEY ACCESS RELATED,ROADSIDE RIGHT,CLEAR,ICE/FROST,DAYLIGHT,NON-INJURY ACCIDENT (PROPERTY- DAMAGE-ONLY ACCIDENT),ROLL OVER,45.77689421,-111.2513438
C016447N,003+0.423,NOT IN CITY LIMITS,GALLATIN,DECEMBER,2017,6:00,THU,NON-JUNCTION,ROADSIDE RIGHT,CLEAR,ICE/FROST,DARK-NOT LIGHTED,NON-INJURY ACCIDENT (PROPERTY- DAMAGE-ONLY ACCIDENT),FIXED OBJECT,45.77692415,-111.2513731
C016447N,003+0.460,,GALLATIN,June,2013,19:28,FRI,NON-JUNCTION,ROADSIDE RIGHT,CLEAR,DRY,DAYLIGHT,POSSIBLE INJURY ACCIDENT,ROLL OVER,45.77643321,-111.2506813
C016447N,003+0.681,,GALLATIN,December,2014,12:45,TUE,INTERSECTION-RELATED,ROADSIDE LEFT,CLEAR,ICE/FROST,DAYLIGHT,NON-INJURY ACCIDENT (PROPERTY- DAMAGE-ONLY ACCIDENT),ROLL OVER,45.77336333,-111.2507033
C016447N,003+0.713,,GALLATIN,December,2016,15:38,FRI,INTERSECTION,ROADSIDE LEFT,CLOUDY,ICE/FROST,DAYLIGHT,NON-INJURY ACCIDENT (PROPERTY- DAMAGE-ONLY ACCIDENT),ROLL OVER,45.77286788,-111.2506539
C016448N,000+0.620,,GALLATIN,January,2014,1:00,SUN,NON-JUNCTION,ROADSIDE RIGHT,CLEAR,DRY,DARK-NOT LIGHTED,NON-INJURY ACCIDENT (PROPERTY- DAMAGE-ONLY ACCIDENT),OTHER,45.78177831,-111.274305
C016449N,000+0.853,NOT IN CITY LIMITS,GALLATIN,DECEMBER,2017,18:57,WED,NON-JUNCTION,ROADSIDE RIGHT,SNOW,ICE/FROST,DARK-NOT LIGHTED,NON-INJURY ACCIDENT (PROPERTY- DAMAGE-ONLY ACCIDENT),FIXED OBJECT,45.69775916,-111.2687032
C016449N,000+0.938,,GALLATIN,October,2016,13:20,TUE,NON-JUNCTION,ROADSIDE RIGHT,CLOUDY,WET,DAYLIGHT,NON-INJURY ACCIDENT (PROPERTY- DAMAGE-ONLY ACCIDENT),FIXED OBJECT,45.69907436,-111.268675
C016449N,001+0.190,,GALLATIN,July,2013,20:15,TUE,NON-JUNCTION,ROADSIDE RIGHT,CLOUDY,MUD DIRT GRAVEL,DAYLIGHT,NON-INJURY ACCIDENT (PROPERTY- DAMAGE-ONLY ACCIDENT),FIXED OBJECT,45.70273,-111.2686967
C016449N,001+0.501,,GALLATIN,May,2016,6:30,FRI,NON-JUNCTION,ON ROADWAY,CLOUDY,DRY,DAWN,NON-INJURY ACCIDENT (PROPERTY- DAMAGE-ONLY ACCIDENT),DOMESTIC ANIMAL,45.70724454,-111.2685149
C016449N,005+0.352,NOT IN CITY LIMITS,GALLATIN,AUGUST,2017,18:30,TUE,NON-JUNCTION,ON ROADWAY,CLEAR,DRY,DAYLIGHT,NON-INCAPACITATING EVIDENT INJURY ACCIDENT,REAR-END,45.76288566,-111.2687363
C016453N,002+0.109,MANHATTAN,GALLATIN,MAY,2017,0:00,FRI,NON-JUNCTION,ON ROADWAY,CLEAR,DRY,DARK-NOT LIGHTED,NON-INJURY ACCIDENT (PROPERTY- DAMAGE-ONLY ACCIDENT),REAR-END,45.77504731,-111.3305066
C016454N,000+0.000,,GALLATIN,April,2016,8:35,MON,INTERSECTION,ON ROADWAY,CLEAR,DRY,DAYLIGHT,NON-INJURY ACCIDENT (PROPERTY- DAMAGE-ONLY ACCIDENT),RIGHT ANGLE,45.76562106,-111.2686378
C016454N,001+0.000,,GALLATIN,April,2016,15:30,FRI,INTERSECTION-RELATED,ROADSIDE RIGHT,CLOUDY,DRY,DAYLIGHT,NON-INJURY ACCIDENT (PROPERTY- DAMAGE-ONLY ACCIDENT),ROLL OVER,45.7654995,-111.248075
C016455N,000+0.706,,GALLATIN,September,2016,9:25,TUE,NON-JUNCTION,OUTSIDE RIGHT-OF-WAY (TRAFFICWAY),CLEAR,DRY,DAYLIGHT,NON-INJURY ACCIDENT (PROPERTY- DAMAGE-ONLY ACCIDENT),FIXED OBJECT,45.78113624,-111.1930137
C016455N,000+0.755,,GALLATIN,December,2016,6:55,MON,INTERSECTION,ON ROADWAY,CLOUDY,ICE/FROST,DAWN,POSSIBLE INJURY ACCIDENT,RIGHT ANGLE,45.78042,-111.19319
C016455N,001+0.208,,GALLATIN,July,2014,8:43,MON,OTHER LOCATION,IN PARKING LANE OR ZONE,CLOUDY,DRY,DAYLIGHT,NON-INJURY ACCIDENT (PROPERTY- DAMAGE-ONLY ACCIDENT),REAR TO FRONT,45.77409,-111.1935
C016456N,000+0.011,BELGRADE,GALLATIN,December,2016,7:50,WED,INTERSECTION-RELATED,ON ROADWAY,CLOUDY,ICE/FROST,DAYLIGHT,NON-INJURY ACCIDENT (PROPERTY- DAMAGE-ONLY ACCIDENT),REAR-END,45.77867352,-111.1851046
C016456N,000+0.120,,GALLATIN,September,2013,15:21,TUE,NON-JUNCTION,ON ROADWAY,CLOUDY,DRY,DAYLIGHT,INCAPACITATING INJURY ACCIDENT,HEAD ON,45.77956142,-111.1870444
C016456N,000+0.160,BELGRADE,GALLATIN,December,2016,13:40,TUE,NON-JUNCTION,ON ROADWAY,CLEAR,SLUSH,DAYLIGHT,NON-INJURY ACCIDENT (PROPERTY- DAMAGE-ONLY ACCIDENT),"SIDESWIPE, SAME DIRECTION",45.77983435,-111.1876789
C016456N,000+0.240,,GALLATIN,January,2013,10:00,MON,NON-JUNCTION,ROADSIDE LEFT,CLEAR,ICE/FROST,DAYLIGHT,NON-INJURY ACCIDENT (PROPERTY- DAMAGE-ONLY ACCIDENT),FIXED OBJECT,45.78029567,-111.1893324
C016456N,000+0.336,,GALLATIN,January,2014,11:28,THU,NON-JUNCTION,ROADSIDE RIGHT,CLEAR,ICE/FROST,DAYLIGHT,POSSIBLE INJURY ACCIDENT,OTHER,45.78055667,-111.1910817
C016456N,000+0.448,,GALLATIN,June,2016,11:40,FRI,NON-JUNCTION,OUTSIDE RIGHT-OF-WAY (TRAFFICWAY),CLEAR,DRY,DAYLIGHT,NON-INJURY ACCIDENT (PROPERTY- DAMAGE-ONLY ACCIDENT),REAR TO SIDE,45.78032172,-111.1935171
C016460N,000+0.012,,GALLATIN,November,2016,7:30,THU,INTERSECTION-RELATED,ON ROADWAY,CLOUDY,DRY,DAYLIGHT,NON-INJURY ACCIDENT (PROPERTY- DAMAGE-ONLY ACCIDENT),REAR-END,45.75832293,-111.185453
C016460N,000+0.040,,GALLATIN,April,2013,8:35,FRI,INTERSECTION-RELATED,ON ROADWAY,CLEAR,DRY,DAYLIGHT,POSSIBLE INJURY ACCIDENT,REAR-END,45.75853667,-111.1861117
C016460N,001+0.002,,GALLATIN,December,2016,0:00,SAT,INTERSECTION-RELATED,ON ROADWAY,CLOUDY,ICE/FROST,DAYLIGHT,NON-INCAPACITATING EVIDENT INJURY ACCIDENT,PEDESTRIAN,45.75827516,-111.2059503
C016463N,000+0.109,NOT IN CITY LIMITS,GALLATIN,JANUARY,2017,10:00,SAT,DRIVEWAY/ALLEY ACCESS RELATED,ON ROADWAY,CLEAR,ICE/FROST,DAYLIGHT,NON-INJURY ACCIDENT (PROPERTY- DAMAGE-ONLY ACCIDENT),RIGHT ANGLE,45.75678661,-111.1931394
C016467N,000+0.154,,GALLATIN,September,2015,19:10,FRI,INTERSECTION-RELATED,ROADSIDE RIGHT,CLEAR,DRY,DAYLIGHT,NON-INJURY ACCIDENT (PROPERTY- DAMAGE-ONLY ACCIDENT),FIXED OBJECT,45.74817834,-111.303805
C016477N,000+0.273,NOT IN CITY LIMITS,GALLATIN,DECEMBER,2017,16:00,SUN,NON-JUNCTION,ROADSIDE RIGHT,CLEAR,SNOW,UNKNOWN,NON-INJURY ACCIDENT (PROPERTY- DAMAGE-ONLY ACCIDENT),ROLL OVER,45.72009201,-111.3199171
C016484N,000+0.251,,GALLATIN,May,2016,16:15,FRI,NON-JUNCTION,ROADSIDE RIGHT,RAIN,DRY,DAYLIGHT,NON-INCAPACITATING EVIDENT INJURY ACCIDENT,FIXED OBJECT,45.71519978,-111.2642826
C016485N,000+0.000,,GALLATIN,February,2015,23:10,FRI,INTERSECTION,ON ROADWAY,CLEAR,DRY,DARK-NOT LIGHTED,NON-INCAPACITATING EVIDENT INJURY ACCIDENT,RIGHT ANGLE,45.71469856,-111.1852685
C016485N,000+0.000,,GALLATIN,May,2016,9:37,THU,INTERSECTION,ON ROADWAY,CLEAR,DRY,DAYLIGHT,NON-INJURY ACCIDENT (PROPERTY- DAMAGE-ONLY ACCIDENT),RIGHT ANGLE,45.71468147,-111.185207
C016485N,000+0.000,NOT IN CITY LIMITS,GALLATIN,JUNE,2017,15:42,FRI,NON-JUNCTION,ON ROADWAY,CLEAR,DRY,DAYLIGHT,NON-INJURY ACCIDENT (PROPERTY- DAMAGE-ONLY ACCIDENT),REAR-END,45.7147,-111.18527
C016485N,000+0.052,NOT IN CITY LIMITS,GALLATIN,NOVEMBER,2017,13:55,TUE,DRIVEWAY/ALLEY ACCESS RELATED,ON ROADWAY,CLOUDY,SNOW,DAYLIGHT,NON-INJURY ACCIDENT (PROPERTY- DAMAGE-ONLY ACCIDENT),REAR TO SIDE,45.71453476,-111.1863251
C016485N,000+0.380,,GALLATIN,July,2013,23:15,WED,NON-JUNCTION,ON ROADWAY,CLOUDY,DRY,DARK-NOT LIGHTED,NON-INJURY ACCIDENT (PROPERTY- DAMAGE-ONLY ACCIDENT),WILD ANIMAL,45.71469856,-111.1931369
C016485N,000+0.667,,GALLATIN,February,2015,15:02,THU,INTERSECTION,SHOULDER,CLOUDY,DRY,DAYLIGHT,NON-INJURY ACCIDENT (PROPERTY- DAMAGE-ONLY ACCIDENT),FIXED OBJECT,45.71466437,-111.1990245
C016485N,001+0.002,NOT IN CITY LIMITS,GALLATIN,NOVEMBER,2017,1:53,THU,INTERSECTION-RELATED,OUTSIDE RIGHT-OF-WAY (TRAFFICWAY),CLEAR,DRY,DARK-NOT LIGHTED,NON-INCAPACITATING EVIDENT INJURY ACCIDENT,FIXED OBJECT,45.71472549,-111.2060165
C016485N,001+0.008,,GALLATIN,December,2015,22:30,SUN,NON-JUNCTION,ROADSIDE RIGHT,CLEAR,SNOW,DARK-NOT LIGHTED,NON-INJURY ACCIDENT (PROPERTY- DAMAGE-ONLY ACCIDENT),FIXED OBJECT,45.71471223,-111.2060801
C016485N,001+0.008,BELGRADE,GALLATIN,January,2016,20:45,SUN,INTERSECTION,SHOULDER,CLOUDY,SNOW,DARK-NOT LIGHTED,NON-INCAPACITATING EVIDENT INJURY ACCIDENT,FIXED OBJECT,45.71474,-111.2061
C016485N,001+0.733,NOT IN CITY LIMITS,GALLATIN,OCTOBER,2017,23:20,WED,NON-JUNCTION,ROADSIDE RIGHT,RAIN,WET,DARK-NOT LIGHTED,NON-INJURY ACCIDENT (PROPERTY- DAMAGE-ONLY ACCIDENT),ROLL OVER,45.72522292,-111.2059398
C016491N,000+0.306,,GALLATIN,February,2016,15:50,WED,NON-JUNCTION,ROADSIDE RIGHT,CLOUDY,DRY,DAYLIGHT,NON-INJURY ACCIDENT (PROPERTY- DAMAGE-ONLY ACCIDENT),FIXED OBJECT,45.66643984,-111.2482224
C016492N,000+0.440,,GALLATIN,December,2013,21:00,SAT,INTERSECTION-RELATED,ROADSIDE RIGHT,CLEAR,ICE/FROST,DARK-NOT LIGHTED,NON-INJURY ACCIDENT (PROPERTY- DAMAGE-ONLY ACCIDENT),FIXED OBJECT,45.66852643,-111.2396027
C016492N,000+0.450,,GALLATIN,January,2016,22:30,FRI,INTERSECTION-RELATED,ROADSIDE RIGHT,CLEAR,SNOW,DARK-NOT LIGHTED,NON-INJURY ACCIDENT (PROPERTY- DAMAGE-ONLY ACCIDENT),FIXED OBJECT,45.66858736,-111.2395507
C016492N,000+0.970,,GALLATIN,September,2013,12:15,WED,NON-JUNCTION,ROADSIDE RIGHT,CLOUDY,WET,DAYLIGHT,NON-INJURY ACCIDENT (PROPERTY- DAMAGE-ONLY ACCIDENT),FIXED OBJECT,45.6656817,-111.2350265
C016493N,000+0.000,,GALLATIN,July,2016,12:50,TUE,INTERSECTION-RELATED,ON ROADWAY,CLOUDY,DRY,DAYLIGHT,NON-INJURY ACCIDENT (PROPERTY- DAMAGE-ONLY ACCIDENT),"SIDESWIPE, SAME DIRECTION",45.67171273,-111.2093722
C016493N,000+0.012,,GALLATIN,September,2016,14:30,SUN,INTERSECTION,ON ROADWAY,CLEAR,DRY,DAYLIGHT,NON-INCAPACITATING EVIDENT INJURY ACCIDENT,REAR-END,45.67164185,-111.2092961
C016493N,000+0.012,,GALLATIN,September,2016,16:00,SUN,INTERSECTION-RELATED,ROADSIDE RIGHT,CLEAR,DRY,DAYLIGHT,NON-INJURY ACCIDENT (PROPERTY- DAMAGE-ONLY ACCIDENT),FIXED OBJECT,45.67162396,-111.2093176
C016493N,000+0.012,NOT IN CITY LIMITS,GALLATIN,NOVEMBER,2017,17:30,FRI,NON-JUNCTION,SHOULDER,SNOW,ICE/FROST,DAYLIGHT,NON-INJURY ACCIDENT (PROPERTY- DAMAGE-ONLY ACCIDENT),FIXED OBJECT,45.67148972,-111.2092209
C016493N,000+0.224,,GALLATIN,September,2014,1:50,MON,NON-JUNCTION,ROADSIDE RIGHT,CLEAR,DRY,DARK-NOT LIGHTED,NON-INJURY ACCIDENT (PROPERTY- DAMAGE-ONLY ACCIDENT),NOT FIXED OBJECT OR DEBRIS,45.66913093,-111.2068041
C016493N,000+0.917,NOT IN CITY LIMITS,GALLATIN,APRIL,2017,22:30,MON,NON-JUNCTION,ROADSIDE LEFT,CLOUDY,DRY,DARK-NOT LIGHTED,POSSIBLE INJURY ACCIDENT,FIXED OBJECT,45.65934187,-111.2052558
C016493N,001+0.035,,GALLATIN,November,2015,20:10,SAT,NON-JUNCTION,ROADSIDE RIGHT,CLEAR,SNOW,DARK-NOT LIGHTED,NON-INJURY ACCIDENT (PROPERTY- DAMAGE-ONLY ACCIDENT),ROLL OVER,45.65758109,-111.2049805
C016493N,001+0.483,,GALLATIN,May,2015,18:16,SUN,NON-JUNCTION,ON ROADWAY,CLEAR,DRY,DAYLIGHT,NON-INCAPACITATING EVIDENT INJURY ACCIDENT,HEAD ON,45.65297758,-111.2006842
C016493N,001+0.557,,GALLATIN,December,2014,19:00,THU,NON-JUNCTION,ROADSIDE LEFT,CLEAR,ICE/FROST,DARK-NOT LIGHTED,NON-INCAPACITATING EVIDENT INJURY ACCIDENT,ROLL OVER,45.65216093,-111.2010821
C016493N,001+0.926,,GALLATIN,July,2016,17:00,SAT,NON-JUNCTION,ROADSIDE RIGHT,UNKNOWN,DRY,UNKNOWN,NON-INJURY ACCIDENT (PROPERTY- DAMAGE-ONLY ACCIDENT),FIXED OBJECT,45.64884698,-111.2064327
C016493N,003+0.107,,GALLATIN,May,2015,16:00,THU,NON-JUNCTION,ROADSIDE RIGHT,CLOUDY,MUD DIRT GRAVEL,DAYLIGHT,NON-INJURY ACCIDENT (PROPERTY- DAMAGE-ONLY ACCIDENT),ROLL OVER,45.63504492,-111.211394
C016493N,004+0.566,,GALLATIN,May,2016,8:30,WED,DRIVEWAY/ALLEY ACCESS RELATED,ON ROADWAY,CLEAR,DRY,DAYLIGHT,NON-INJURY ACCIDENT (PROPERTY- DAMAGE-ONLY ACCIDENT),RIGHT ANGLE,45.62024382,-111.2272264
C016493N,006+0.880,,GALLATIN,February,2013,16:00,SAT,NON-JUNCTION,ON ROADWAY,CLEAR,SNOW,DAYLIGHT,NON-INJURY ACCIDENT (PROPERTY- DAMAGE-ONLY ACCIDENT),REAR-END,45.58827333,-111.23693
C016493N,007+0.200,,GALLATIN,November,2013,14:41,FRI,INTERSECTION-RELATED,ROADSIDE LEFT,CLOUDY,DRY,DAYLIGHT,NON-INCAPACITATING EVIDENT INJURY ACCIDENT,FIXED OBJECT,45.58385667,-111.2375633
C016494N,000+0.364,,GALLATIN,June,2014,17:40,MON,NON-JUNCTION,IN PARKING LANE OR ZONE,CLOUDY,DRY,DAYLIGHT,NON-INJURY ACCIDENT (PROPERTY- DAMAGE-ONLY ACCIDENT),REAR TO REAR,45.62373069,-111.2044477
C016494N,000+0.392,,GALLATIN,May,2014,14:00,TUE,NON-JUNCTION,ON ROADWAY,CLEAR,DRY,DAYLIGHT,NON-INJURY ACCIDENT (PROPERTY- DAMAGE-ONLY ACCIDENT),FIXED OBJECT,45.62336868,-111.2046048
C016494N,000+0.418,,GALLATIN,November,2016,20:34,THU,NON-JUNCTION,ROADSIDE RIGHT,CLEAR,DRY,DARK-NOT LIGHTED,NON-INJURY ACCIDENT (PROPERTY- DAMAGE-ONLY ACCIDENT),NOT FIXED OBJECT OR DEBRIS,45.62317369,-111.2049527
C016494N,000+0.631,,GALLATIN,February,2014,11:00,MON,NON-JUNCTION,ON ROADWAY,SNOW,SNOW,DAYLIGHT,NON-INJURY ACCIDENT (PROPERTY- DAMAGE-ONLY ACCIDENT),"SIDESWIPE, OPPOSITE DIRECTION",45.62391853,-111.2089692
C016494N,000+0.635,,GALLATIN,August,2014,18:50,SAT,NON-JUNCTION,ROADSIDE LEFT,RAIN,WET,DAYLIGHT,INCAPACITATING INJURY ACCIDENT,ROLL OVER,45.62394921,-111.2089898
C016494N,000+0.635,,GALLATIN,November,2015,16:15,FRI,NON-JUNCTION,ROADSIDE RIGHT,CLOUDY,ICE/FROST,DAYLIGHT,NON-INJURY ACCIDENT (PROPERTY- DAMAGE-ONLY ACCIDENT),ROLL OVER,45.62391509,-111.2090308
C016494N,000+0.732,,GALLATIN,July,2015,17:43,SAT,NON-JUNCTION,ROADSIDE RIGHT,CLEAR,DRY,DAYLIGHT,POSSIBLE INJURY ACCIDENT,FELL/ JUMPED FROM MOTOR VEHICLE,45.62527087,-111.2096455
C016494N,000+0.880,,GALLATIN,July,2013,4:30,SAT,NON-JUNCTION,ROADSIDE LEFT,CLOUDY,DRY,UNKNOWN,NON-INJURY ACCIDENT (PROPERTY- DAMAGE-ONLY ACCIDENT),ROLL OVER,45.62735167,-111.210665
C016494N,000+0.887,,GALLATIN,May,2015,8:00,SAT,NON-JUNCTION,ROADSIDE LEFT,CLOUDY,MUD DIRT GRAVEL,DAYLIGHT,NON-INJURY ACCIDENT (PROPERTY- DAMAGE-ONLY ACCIDENT),FIXED OBJECT,45.62736777,-111.2107178
C016494N,000+0.902,,GALLATIN,December,2016,14:00,TUE,NON-JUNCTION,SHOULDER,SNOW,SNOW,DAYLIGHT,UNKNOWN,FIXED OBJECT,45.62743608,-111.2109637
C016496N,001+0.550,,GALLATIN,May,2013,0:00,SUN,NON-JUNCTION,UNKNOWN,UNKNOWN,MUD DIRT GRAVEL,UNKNOWN,NON-INJURY ACCIDENT (PROPERTY- DAMAGE-ONLY ACCIDENT),FIXED OBJECT,45.62744631,-111.3499512
C016496N,004+0.130,,GALLATIN,September,2013,14:00,SUN,NON-JUNCTION,ROADSIDE LEFT,CLEAR,DRY,DAYLIGHT,POSSIBLE INJURY ACCIDENT,ROLL OVER,45.60568333,-111.33003