MDT_CORRIDOR_ID,SMS_REFPOST_OFFSET,CITY,COUNTY,Month,Year,SMS_TIME,SMT_CRASH_OCC_DAY_OF_WEEK,JUNCTION_RELATED,ROADWAY_RELATED,WEATHER_COND,ROAD_COND,LIGHT_COND,CRASH_SEVERITY,COLLISION_TYPE,LATITUDE,LONGITUDE
C016496N,004+0.692,,GALLATIN,November,2014,6:00,WED,NON-JUNCTION,ROADSIDE LEFT,CLEAR,ICE/FROST,DUSK,NON-INJURY ACCIDENT (PROPERTY- DAMAGE-ONLY ACCIDENT),FIXED OBJECT,45.59837759,-111.3292805
C016496N,005+0.967,BOZEMAN,GALLATIN,May,2015,0:00,TUE,NON-JUNCTION,ROADSIDE RIGHT,CLEAR,WET,UNKNOWN,NON-INJURY ACCIDENT (PROPERTY- DAMAGE-ONLY ACCIDENT),FIXED OBJECT,45.59826429,-111.3030278
C016496N,006+0.639,,GALLATIN,May,2015,15:50,SUN,NON-JUNCTION,ON ROADWAY,CLEAR,DRY,DAYLIGHT,NON-INJURY ACCIDENT (PROPERTY- DAMAGE-ONLY ACCIDENT),"SIDESWIPE, OPPOSITE DIRECTION",45.59827452,-111.2890532
C016496N,007+0.918,,GALLATIN,August,2015,15:00,SAT,NON-JUNCTION,ROADSIDE LEFT,CLEAR,DRY,DUSK,NON-INJURY ACCIDENT (PROPERTY- DAMAGE-ONLY ACCIDENT),FIXED OBJECT,45.60127297,-111.267422
C016496N,009+0.268,NOT IN CITY LIMITS,GALLATIN,NOVEMBER,2017,17:00,FRI,INTERSECTION-RELATED,ROADSIDE LEFT,SNOW,SNOW,DAYLIGHT,NON-INJURY ACCIDENT (PROPERTY- DAMAGE-ONLY ACCIDENT),ROLL OVER,45.61129287,-111.2447868
C016497N,000+0.055,BOZEMAN,GALLATIN,August,2016,19:30,SAT,NON-JUNCTION,SHOULDER,RAIN,WET,DAYLIGHT,NON-INJURY ACCIDENT (PROPERTY- DAMAGE-ONLY ACCIDENT),FIXED OBJECT,45.6230545,-111.2067261
C016497N,000+0.238,,GALLATIN,June,2014,22:45,FRI,NON-JUNCTION,ROADSIDE RIGHT,RAIN,MUD DIRT GRAVEL,DARK-NOT LIGHTED,INCAPACITATING INJURY ACCIDENT,FIXED OBJECT,45.62062833,-111.2076383
C016497N,000+0.238,,GALLATIN,June,2014,22:45,FRI,NON-JUNCTION,ROADSIDE RIGHT,RAIN,MUD DIRT GRAVEL,DARK-NOT LIGHTED,INCAPACITATING INJURY ACCIDENT,OTHER,45.62062833,-111.2076388
C016497N,000+0.947,,GALLATIN,September,2016,22:45,SAT,NON-JUNCTION,ON ROADWAY,CLEAR,DRY,DARK-NOT LIGHTED,NON-INJURY ACCIDENT (PROPERTY- DAMAGE-ONLY ACCIDENT),WILD ANIMAL,45.61035732,-111.2073674
C016497N,001+0.474,,GALLATIN,October,2015,4:20,FRI,NON-JUNCTION,SHOULDER,CLOUDY,DRY,DARK-NOT LIGHTED,NON-INJURY ACCIDENT (PROPERTY- DAMAGE-ONLY ACCIDENT),FIXED OBJECT,45.60294642,-111.2086824
C016497N,001+0.492,,GALLATIN,June,2014,19:35,TUE,NON-JUNCTION,ROADSIDE RIGHT,CLOUDY,DRY,DAYLIGHT,NON-INJURY ACCIDENT (PROPERTY- DAMAGE-ONLY ACCIDENT),FIXED OBJECT,45.6027005,-111.2086141
C016497N,001+0.932,NOT IN CITY LIMITS,GALLATIN,JULY,2017,22:30,FRI,NON-JUNCTION,ROADSIDE RIGHT,CLEAR,DRY,DARK-NOT LIGHTED,NON-INJURY ACCIDENT (PROPERTY- DAMAGE-ONLY ACCIDENT),FIXED OBJECT,45.59681752,-111.2098224
C016498N,000+0.000,,GALLATIN,September,2013,7:55,TUE,INTERSECTION,ON ROADWAY,RAIN,WET,DAYLIGHT,NON-INJURY ACCIDENT (PROPERTY- DAMAGE-ONLY ACCIDENT),RIGHT ANGLE,45.66523092,-111.1858969
C016498N,000+0.006,NOT IN CITY LIMITS,GALLATIN,DECEMBER,2017,13:20,FRI,INTERSECTION,ON ROADWAY,SNOW,SNOW,DAYLIGHT,NON-INJURY ACCIDENT (PROPERTY- DAMAGE-ONLY ACCIDENT),RIGHT ANGLE,45.66522748,-111.1858354
C016499N,001+0.204,,GALLATIN,December,2016,16:00,TUE,INTERSECTION,ROADSIDE RIGHT,CLEAR,ICE/FROST,DAYLIGHT,NON-INJURY ACCIDENT (PROPERTY- DAMAGE-ONLY ACCIDENT),FIXED OBJECT,45.66495695,-111.1934975
C016502N,000+0.050,,GALLATIN,August,2013,18:10,TUE,NON-JUNCTION,ON ROADWAY,CLEAR,DRY,DAYLIGHT,NON-INJURY ACCIDENT (PROPERTY- DAMAGE-ONLY ACCIDENT),REAR-END,45.59216495,-111.1981981
C016503N,000+0.508,,GALLATIN,October,2015,6:30,FRI,NON-JUNCTION,ON ROADWAY,CLOUDY,DRY,DAWN,NON-INJURY ACCIDENT (PROPERTY- DAMAGE-ONLY ACCIDENT),WILD ANIMAL,45.52808756,-111.2485503
C016503N,004+0.600,,GALLATIN,June,2013,2:18,SAT,NON-JUNCTION,ROADSIDE LEFT,CLEAR,DRY,DARK-NOT LIGHTED,NON-INJURY ACCIDENT (PROPERTY- DAMAGE-ONLY ACCIDENT),FIXED OBJECT,45.58347029,-111.2281511
C016503N,005+0.563,NOT IN CITY LIMITS,GALLATIN,APRIL,2017,20:02,SUN,NON-JUNCTION,ON ROADWAY,CLOUDY,DRY,DAYLIGHT,NON-INJURY ACCIDENT (PROPERTY- DAMAGE-ONLY ACCIDENT),WILD ANIMAL,45.58900254,-111.2150618
C016503N,006+0.080,,GALLATIN,September,2013,18:50,TUE,NON-JUNCTION,ROADSIDE RIGHT,RAIN,WET,DUSK,NON-INJURY ACCIDENT (PROPERTY- DAMAGE-ONLY ACCIDENT),FIXED OBJECT,45.59099701,-111.2066197
C016503N,006+0.241,,GALLATIN,February,2014,19:20,FRI,NON-JUNCTION,ON ROADWAY,CLEAR,SNOW,DARK-NOT LIGHTED,NON-INJURY ACCIDENT (PROPERTY- DAMAGE-ONLY ACCIDENT),REAR TO REAR,45.59104823,-111.2033959
C016503N,006+0.241,NOT IN CITY LIMITS,GALLATIN,JUNE,2017,19:50,SUN,NON-JUNCTION,ON ROADWAY,CLEAR,DRY,DAYLIGHT,NON-INJURY ACCIDENT (PROPERTY- DAMAGE-ONLY ACCIDENT),PARKED VEHICLE,45.59107875,-111.2032641
C016503N,006+0.263,NOT IN CITY LIMITS,GALLATIN,OCTOBER,2017,22:12,MON,NON-JUNCTION,IN PARKING LANE OR ZONE,CLEAR,DRY,DARK-LIGHTED,NON-INJURY ACCIDENT (PROPERTY- DAMAGE-ONLY ACCIDENT),"SIDESWIPE, OPPOSITE DIRECTION",45.59110688,-111.2028996
C016505N,000+0.000,NOT IN CITY LIMITS,GALLATIN,JANUARY,2017,16:15,FRI,INTERSECTION-RELATED,ROADSIDE LEFT,CLEAR,SNOW,DAYLIGHT,NON-INJURY ACCIDENT (PROPERTY- DAMAGE-ONLY ACCIDENT),FIXED OBJECT,45.5838742,-111.2371725
C016506N,000+0.273,NOT IN CITY LIMITS,GALLATIN,JANUARY,2017,22:45,FRI,NON-JUNCTION,ROADSIDE RIGHT,CLEAR,ICE/FROST,DARK-NOT LIGHTED,NON-INJURY ACCIDENT (PROPERTY- DAMAGE-ONLY ACCIDENT),FIXED OBJECT,45.56056285,-111.2018146
C016507N,000+0.028,NOT IN CITY LIMITS,GALLATIN,AUGUST,2017,9:45,TUE,INTERSECTION,ROADSIDE RIGHT,CLEAR,MUD DIRT GRAVEL,DAYLIGHT,NON-INJURY ACCIDENT (PROPERTY- DAMAGE-ONLY ACCIDENT),FIXED OBJECT,45.54034473,-111.2258228
C016507N,000+0.190,,GALLATIN,December,2013,8:05,THU,NON-JUNCTION,ON ROADWAY,CLEAR,SNOW,DAYLIGHT,NON-INJURY ACCIDENT (PROPERTY- DAMAGE-ONLY ACCIDENT),"SIDESWIPE, OPPOSITE DIRECTION",45.53926205,-111.2291116
C016509N,000+0.852,,GALLATIN,October,2015,17:55,THU,NON-JUNCTION,ON ROADWAY,CLOUDY,DRY,DAYLIGHT,INCAPACITATING INJURY ACCIDENT,ROLL OVER,45.49588538,-111.2919949
C016509N,002+0.518,NOT IN CITY LIMITS,GALLATIN,JUNE,2017,16:30,THU,NON-JUNCTION,ROADSIDE LEFT,CLOUDY,MUD DIRT GRAVEL,DAYLIGHT,NON-INJURY ACCIDENT (PROPERTY- DAMAGE-ONLY ACCIDENT),ROLL OVER,45.49892424,-111.3246738
C016510N,000+0.000,,GALLATIN,January,2015,6:45,THU,NON-JUNCTION,ON ROADWAY,CLOUDY,WET,DARK-NOT LIGHTED,NON-INJURY ACCIDENT (PROPERTY- DAMAGE-ONLY ACCIDENT),WILD ANIMAL,45.26594,-111.29239
C016510N,000+0.175,,GALLATIN,March,2015,13:30,MON,NON-JUNCTION,UNKNOWN,CLEAR,DRY,DAYLIGHT,NON-INJURY ACCIDENT (PROPERTY- DAMAGE-ONLY ACCIDENT),REAR TO FRONT,45.26810563,-111.292301
C016510N,000+0.292,,GALLATIN,December,2016,12:45,THU,NON-JUNCTION,ROADSIDE RIGHT,CLOUDY,SNOW,DAYLIGHT,POSSIBLE INJURY ACCIDENT,ROLL OVER,45.26947208,-111.2912587
C016510N,000+0.292,NOT IN CITY LIMITS,GALLATIN,FEBRUARY,2017,22:30,MON,NON-JUNCTION,SHOULDER,CLOUDY,DRY,DARK-NOT LIGHTED,NON-INCAPACITATING EVIDENT INJURY ACCIDENT,PEDESTRIAN,45.26954,-111.29127
C016510N,000+0.299,,GALLATIN,July,2015,1:00,THU,NON-JUNCTION,ROADSIDE RIGHT,CLEAR,DRY,DARK-NOT LIGHTED,NON-INCAPACITATING EVIDENT INJURY ACCIDENT,FIXED OBJECT,45.26962294,-111.2912048
C016510N,000+0.535,,GALLATIN,October,2014,18:15,FRI,NON-JUNCTION,ROADSIDE LEFT,CLEAR,DRY,DAYLIGHT,NON-INCAPACITATING EVIDENT INJURY ACCIDENT,ROLL OVER,45.27132,-111.2948817
C016510N,000+0.923,,GALLATIN,November,2015,15:28,FRI,NON-JUNCTION,ON ROADWAY,CLOUDY,ICE/FROST,DAYLIGHT,INCAPACITATING INJURY ACCIDENT,PEDESTRIAN,45.27003718,-111.3022983
C016510N,000+0.960,,GALLATIN,November,2013,0:00,FRI,NON-JUNCTION,ROADSIDE LEFT,UNKNOWN,UNKNOWN,UNKNOWN,NON-INJURY ACCIDENT (PROPERTY- DAMAGE-ONLY ACCIDENT),OTHER,45.27032833,-111.3031383
C016510N,000+0.972,,GALLATIN,March,2014,1:00,SUN,NON-JUNCTION,ROADSIDE LEFT,CLEAR,SNOW,DARK-NOT LIGHTED,NON-INJURY ACCIDENT (PROPERTY- DAMAGE-ONLY ACCIDENT),NOT FIXED OBJECT OR DEBRIS,45.27034185,-111.3031749
C016510N,000+0.985,,GALLATIN,June,2014,23:00,SUN,NON-JUNCTION,ROADSIDE LEFT,CLOUDY,DRY,DARK-NOT LIGHTED,NON-INCAPACITATING EVIDENT INJURY ACCIDENT,FIXED OBJECT,45.27043917,-111.3035333
C016510N,000+0.985,,GALLATIN,August,2016,12:30,MON,NON-JUNCTION,ROADSIDE LEFT,UNKNOWN,DRY,DARK-NOT LIGHTED,NON-INJURY ACCIDENT (PROPERTY- DAMAGE-ONLY ACCIDENT),FIXED OBJECT,45.27056235,-111.3033556
C016510N,001+0.477,,GALLATIN,August,2016,23:00,SUN,NON-JUNCTION,ROADSIDE LEFT,CLEAR,DRY,DARK-NOT LIGHTED,NON-INJURY ACCIDENT (PROPERTY- DAMAGE-ONLY ACCIDENT),FIXED OBJECT,45.26687616,-111.3118124
C016510N,001+0.735,,GALLATIN,December,2015,10:00,WED,NON-JUNCTION,ROADSIDE RIGHT,SNOW,ICE/FROST,DAYLIGHT,NON-INJURY ACCIDENT (PROPERTY- DAMAGE-ONLY ACCIDENT),FIXED OBJECT,45.26548387,-111.3166472
C016511N,000+0.000,,GALLATIN,July,2015,8:50,THU,INTERSECTION,ON ROADWAY,CLOUDY,DRY,DAYLIGHT,NON-INJURY ACCIDENT (PROPERTY- DAMAGE-ONLY ACCIDENT),RIGHT ANGLE,45.26117,-111.30847
C016511N,000+0.000,,GALLATIN,January,2015,16:15,TUE,INTERSECTION,ON ROADWAY,CLEAR,DRY,DAYLIGHT,NON-INJURY ACCIDENT (PROPERTY- DAMAGE-ONLY ACCIDENT),RIGHT ANGLE,45.26116032,-111.3084646
C016511N,000+0.000,,GALLATIN,December,2016,0:30,THU,INTERSECTION,ON ROADWAY,SNOW,SNOW,DARK-NOT LIGHTED,NON-INJURY ACCIDENT (PROPERTY- DAMAGE-ONLY ACCIDENT),RIGHT ANGLE,45.26119444,-111.3084509
C016511N,000+0.000,NOT IN CITY LIMITS,GALLATIN,JUNE,2017,17:00,MON,INTERSECTION,ON ROADWAY,RAIN,WET,DAYLIGHT,NON-INJURY ACCIDENT (PROPERTY- DAMAGE-ONLY ACCIDENT),REAR-END,45.2611501,-111.3084646
C016511N,000+0.000,NOT IN CITY LIMITS,GALLATIN,MARCH,2017,18:37,TUE,INTERSECTION-RELATED,ON ROADWAY,CLOUDY,DRY,DAYLIGHT,NON-INJURY ACCIDENT (PROPERTY- DAMAGE-ONLY ACCIDENT),REAR-END,45.2611159,-111.3084032
C016511N,000+0.038,,GALLATIN,December,2016,12:15,WED,NON-JUNCTION,ON ROADWAY,CLEAR,ICE/FROST,DAYLIGHT,NON-INJURY ACCIDENT (PROPERTY- DAMAGE-ONLY ACCIDENT),RIGHT ANGLE,45.26170056,-111.3085055
C016511N,000+0.060,,GALLATIN,April,2016,23:05,TUE,NON-JUNCTION,ROADSIDE RIGHT,CLOUDY,WET,DARK-NOT LIGHTED,NON-INJURY ACCIDENT (PROPERTY- DAMAGE-ONLY ACCIDENT),NOT FIXED OBJECT OR DEBRIS,45.26185931,-111.3090952
C016511N,000+0.402,NOT IN CITY LIMITS,GALLATIN,MARCH,2017,6:30,THU,NON-JUNCTION,OFF ROADWAY LOCATION UNKNOWN,SNOW,ICE/FROST,DARK-NOT LIGHTED,NON-INJURY ACCIDENT (PROPERTY- DAMAGE-ONLY ACCIDENT),FIXED OBJECT,45.26392211,-111.3128306
C016512N,000+0.149,,GALLATIN,December,2015,8:30,MON,NON-JUNCTION,OFF ROADWAY LOCATION UNKNOWN,UNKNOWN,SNOW,UNKNOWN,NON-INJURY ACCIDENT (PROPERTY- DAMAGE-ONLY ACCIDENT),"SIDESWIPE, OPPOSITE DIRECTION",45.26397438,-111.3087037
C016513N,000+0.424,NOT IN CITY LIMITS,GALLATIN,AUGUST,2017,2:30,WED,NON-JUNCTION,ROADSIDE LEFT,CLEAR,DRY,DARK-NOT LIGHTED,NON-INJURY ACCIDENT (PROPERTY- DAMAGE-ONLY ACCIDENT),FIXED OBJECT,45.26555919,-111.3011899
C016518N,000+0.000,,GALLATIN,October,2013,12:30,WED,INTERSECTION,ON ROADWAY,CLOUDY,DRY,DAYLIGHT,FATAL ACCIDENT,"LEFT TURN, OPPOSITE DIRECTION",45.26341774,-111.3155544
C016518N,000+0.000,NOT IN CITY LIMITS,GALLATIN,JUNE,2017,12:10,FRI,INTERSECTION-RELATED,ON ROADWAY,CLEAR,DRY,DAYLIGHT,NON-INJURY ACCIDENT (PROPERTY- DAMAGE-ONLY ACCIDENT),REAR-END,45.26337331,-111.31565
C016525N,000+0.000,,GALLATIN,October,2014,13:05,TUE,INTERSECTION-RELATED,ON ROADWAY,CLEAR,DRY,DAYLIGHT,NON-INJURY ACCIDENT (PROPERTY- DAMAGE-ONLY ACCIDENT),"LEFT TURN, SAME DIRECTION",45.772902,-111.199892
C016525N,000+0.000,BELGRADE,GALLATIN,September,2015,7:05,WED,INTERSECTION,ON ROADWAY,CLEAR,DRY,DAYLIGHT,NON-INJURY ACCIDENT (PROPERTY- DAMAGE-ONLY ACCIDENT),RIGHT ANGLE,45.77284391,-111.1999466
C016525N,000+0.000,,GALLATIN,June,2015,12:24,FRI,DRIVEWAY/ALLEY ACCESS RELATED,ROADSIDE RIGHT,CLEAR,DRY,DAYLIGHT,POSSIBLE INJURY ACCIDENT,ROLL OVER,45.7729,-111.19989
C016525N,000+0.000,,GALLATIN,August,2016,21:18,FRI,INTERSECTION,ON ROADWAY,CLEAR,DRY,DARK-NOT LIGHTED,NON-INCAPACITATING EVIDENT INJURY ACCIDENT,RIGHT ANGLE,45.77289856,-111.1999261
C016525N,000+0.000,BELGRADE,GALLATIN,January,2016,16:05,TUE,INTERSECTION,ON ROADWAY,CLOUDY,DRY,DAYLIGHT,NON-INJURY ACCIDENT (PROPERTY- DAMAGE-ONLY ACCIDENT),"SIDESWIPE, SAME DIRECTION",45.7729,-111.19989
C016525N,000+0.000,,GALLATIN,February,2016,19:39,TUE,INTERSECTION,ON ROADWAY,CLEAR,DRY,DARK-NOT LIGHTED,NON-INJURY ACCIDENT (PROPERTY- DAMAGE-ONLY ACCIDENT),RIGHT ANGLE,45.77293611,-111.1999807
C016525N,000+0.000,NOT IN CITY LIMITS,GALLATIN,DECEMBER,2017,6:15,THU,INTERSECTION,ON ROADWAY,"FOG, SMOG, SMOKE",ICE/FROST,DARK-LIGHTED,NON-INCAPACITATING EVIDENT INJURY ACCIDENT,RIGHT ANGLE,45.7729,-111.19989
C016525N,000+0.023,,GALLATIN,March,2016,16:45,SAT,INTERSECTION-RELATED,ON ROADWAY,RAIN,WET,DAYLIGHT,NON-INJURY ACCIDENT (PROPERTY- DAMAGE-ONLY ACCIDENT),REAR-END,45.77322284,-111.1997298
C016525N,000+0.028,,GALLATIN,November,2014,16:45,SUN,INTERSECTION,ON ROADWAY,CLEAR,ICE/FROST,DAYLIGHT,NON-INJURY ACCIDENT (PROPERTY- DAMAGE-ONLY ACCIDENT),RIGHT ANGLE,45.77328333,-111.2002883
C016525N,000+0.336,,GALLATIN,November,2016,21:48,WED,NON-JUNCTION,ROADSIDE RIGHT,CLEAR,DRY,DARK-NOT LIGHTED,POSSIBLE INJURY ACCIDENT,ROLL OVER,45.77642704,-111.2037776
C016528E,000+0.009,BELGRADE,GALLATIN,MAY,2017,17:00,MON,DRIVEWAY/ALLEY ACCESS RELATED,ON ROADWAY,CLOUDY,DRY,DAYLIGHT,NON-INJURY ACCIDENT (PROPERTY- DAMAGE-ONLY ACCIDENT),RIGHT ANGLE,45.77274704,-111.2057877
C016528E,000+0.009,NOT IN CITY LIMITS,GALLATIN,JULY,2017,17:15,THU,INTERSECTION,ON ROADWAY,CLOUDY,WET,DAYLIGHT,NON-INJURY ACCIDENT (PROPERTY- DAMAGE-ONLY ACCIDENT),"SIDESWIPE, SAME DIRECTION",45.77278591,-111.2058547
C016528E,000+0.015,,GALLATIN,August,2016,19:30,TUE,INTERSECTION-RELATED,ON ROADWAY,CLEAR,DRY,DAYLIGHT,NON-INJURY ACCIDENT (PROPERTY- DAMAGE-ONLY ACCIDENT),REAR-END,45.77262196,-111.205923
C016528E,000+0.736,NOT IN CITY LIMITS,GALLATIN,DECEMBER,2017,17:25,FRI,NON-JUNCTION,ON ROADWAY,CLOUDY,DRY,DARK-NOT LIGHTED,NON-INJURY ACCIDENT (PROPERTY- DAMAGE-ONLY ACCIDENT),WILD ANIMAL,45.76224228,-111.2060342
C016528E,000+0.742,,GALLATIN,August,2014,2:10,SUN,NON-JUNCTION,SHOULDER,CLOUDY,DRY,DARK-NOT LIGHTED,NON-INJURY ACCIDENT (PROPERTY- DAMAGE-ONLY ACCIDENT),U TURN,45.76214106,-111.206046
C016528E,000+0.792,,GALLATIN,December,2015,0:00,WED,NON-JUNCTION,ON ROADWAY,CLOUDY,DRY,DARK-NOT LIGHTED,NON-INJURY ACCIDENT (PROPERTY- DAMAGE-ONLY ACCIDENT),WILD ANIMAL,45.76136925,-111.2060937
C016528E,001+0.422,,GALLATIN,February,2016,8:00,FRI,NON-JUNCTION,ROADSIDE RIGHT,CLOUDY,WET,DAYLIGHT,NON-INJURY ACCIDENT (PROPERTY- DAMAGE-ONLY ACCIDENT),FIXED OBJECT,45.75223667,-111.2061833
C016528E,001+0.956,,GALLATIN,July,2016,14:15,FRI,INTERSECTION-RELATED,ON ROADWAY,CLOUDY,DRY,DAYLIGHT,NON-INJURY ACCIDENT (PROPERTY- DAMAGE-ONLY ACCIDENT),REAR-END,45.74457041,-111.2060596
C016528E,001+0.994,,GALLATIN,June,2015,22:25,TUE,INTERSECTION-RELATED,ON ROADWAY,CLEAR,DRY,DARK-NOT LIGHTED,NON-INCAPACITATING EVIDENT INJURY ACCIDENT,REAR-END,45.74395903,-111.2061416
C016528E,001+0.994,,GALLATIN,May,2016,2:00,SUN,INTERSECTION-RELATED,ROADSIDE RIGHT,CLOUDY,DRY,DARK-NOT LIGHTED,NON-INCAPACITATING EVIDENT INJURY ACCIDENT,FIXED OBJECT,45.74396833,-111.2061867
C016528E,002+0.006,,GALLATIN,May,2016,15:44,WED,INTERSECTION,ROADSIDE LEFT,CLEAR,DRY,DAYLIGHT,NON-INJURY ACCIDENT (PROPERTY- DAMAGE-ONLY ACCIDENT),FIXED OBJECT,45.74380355,-111.2061934
C016528E,002+0.013,NOT IN CITY LIMITS,GALLATIN,JUNE,2017,16:12,FRI,INTERSECTION,ON ROADWAY,CLEAR,DRY,DAYLIGHT,NON-INJURY ACCIDENT (PROPERTY- DAMAGE-ONLY ACCIDENT),RIGHT ANGLE,45.74375418,-111.2061006
C016528E,002+0.019,,GALLATIN,February,2015,15:15,WED,NON-JUNCTION,ROADSIDE LEFT,CLOUDY,WET,DAYLIGHT,NON-INJURY ACCIDENT (PROPERTY- DAMAGE-ONLY ACCIDENT),FIXED OBJECT,45.74366,-111.2061
C016528E,002+0.030,,GALLATIN,August,2013,12:05,WED,NON-JUNCTION,ROADSIDE LEFT,CLEAR,DRY,DAYLIGHT,POSSIBLE INJURY ACCIDENT,FIXED OBJECT,45.74334807,-111.2062705
C016528E,002+0.240,,GALLATIN,June,2013,17:32,WED,DRIVEWAY/ALLEY ACCESS RELATED,ON ROADWAY,SEVERE CROSSWINDS,DRY,DAYLIGHT,NON-INJURY ACCIDENT (PROPERTY- DAMAGE-ONLY ACCIDENT),REAR-END,45.74043667,-111.2063117
C016528E,002+0.820,,GALLATIN,May,2014,1:40,MON,NON-JUNCTION,ROADSIDE RIGHT,CLOUDY,DRY,DARK-NOT LIGHTED,NON-INJURY ACCIDENT (PROPERTY- DAMAGE-ONLY ACCIDENT),FIXED OBJECT,45.73202329,-111.2059162
C016528E,002+0.950,,GALLATIN,July,2013,17:35,THU,NON-JUNCTION,SHOULDER,CLEAR,DRY,DAYLIGHT,NON-INJURY ACCIDENT (PROPERTY- DAMAGE-ONLY ACCIDENT),FIXED OBJECT,45.73006929,-111.2058885
C016528E,003+0.000,,GALLATIN,December,2013,1:00,SAT,INTERSECTION-RELATED,ROADSIDE RIGHT,SNOW,SNOW,DARK-NOT LIGHTED,NON-INJURY ACCIDENT (PROPERTY- DAMAGE-ONLY ACCIDENT),FIXED OBJECT,45.72937329,-111.2060128
C016528E,003+0.000,,GALLATIN,December,2016,0:30,WED,INTERSECTION,ROADSIDE RIGHT,CLEAR,ICE/FROST,DARK-NOT LIGHTED,NON-INJURY ACCIDENT (PROPERTY- DAMAGE-ONLY ACCIDENT),FIXED OBJECT,45.72939661,-111.2062614
C016528E,003+0.007,,GALLATIN,December,2015,19:00,THU,INTERSECTION,OUTSIDE RIGHT-OF-WAY (TRAFFICWAY),CLEAR,ICE/FROST,DARK-NOT LIGHTED,NON-INJURY ACCIDENT (PROPERTY- DAMAGE-ONLY ACCIDENT),FIXED OBJECT,45.72933687,-111.2061585
C016528E,003+0.013,,GALLATIN,August,2014,2:05,SUN,INTERSECTION,SHOULDER,CLOUDY,DRY,DARK-NOT LIGHTED,NON-INJURY ACCIDENT (PROPERTY- DAMAGE-ONLY ACCIDENT),FIXED OBJECT,45.72915802,-111.2059367
C016528E,003+0.013,NOT IN CITY LIMITS,GALLATIN,DECEMBER,2017,0:15,SUN,INTERSECTION-RELATED,ROADSIDE RIGHT,CLEAR,ICE/FROST,DARK-NOT LIGHTED,NON-INJURY ACCIDENT (PROPERTY- DAMAGE-ONLY ACCIDENT),FIXED OBJECT,45.72928202,-111.2058522
C016528E,003+0.459,,GALLATIN,December,2015,17:30,MON,NON-JUNCTION,ROADSIDE RIGHT,CLOUDY,SNOW,DARK-NOT LIGHTED,NON-INJURY ACCIDENT (PROPERTY- DAMAGE-ONLY ACCIDENT),FIXED OBJECT,45.72929121,-111.1967432
C016528E,003+0.990,,GALLATIN,April,2013,7:40,THU,INTERSECTION-RELATED,ON ROADWAY,CLOUDY,DRY,DAYLIGHT,NON-INJURY ACCIDENT (PROPERTY- DAMAGE-ONLY ACCIDENT),REAR-END,45.72920333,-111.1855567
C016547N,000+0.007,BELGRADE,GALLATIN,November,2016,20:53,MON,INTERSECTION,ON ROADWAY,CLEAR,DRY,DARK-LIGHTED,NON-INCAPACITATING EVIDENT INJURY ACCIDENT,RIGHT ANGLE,45.77294982,-111.185086
C016547N,000+0.014,BELGRADE,GALLATIN,August,2015,16:50,SUN,INTERSECTION-RELATED,ON ROADWAY,CLEAR,DRY,DAYLIGHT,NON-INJURY ACCIDENT (PROPERTY- DAMAGE-ONLY ACCIDENT),REAR-END,45.77275911,-111.1852646
C016547N,000+0.040,BELGRADE,GALLATIN,September,2014,19:00,TUE,NON-JUNCTION,ON ROADWAY,CLEAR,DRY,DAYLIGHT,NON-INJURY ACCIDENT (PROPERTY- DAMAGE-ONLY ACCIDENT),"LEFT TURN, SAME DIRECTION",45.77292361,-111.1864316
C016547N,000+0.061,BELGRADE,GALLATIN,June,2016,9:00,TUE,NON-JUNCTION,ON ROADWAY,CLEAR,DRY,DAYLIGHT,NON-INJURY ACCIDENT (PROPERTY- DAMAGE-ONLY ACCIDENT),"LEFT TURN, SAME DIRECTION",45.77296756,-111.1863248
C016547N,000+0.078,BELGRADE,GALLATIN,December,2014,20:50,SUN,INTERSECTION,ON ROADWAY,BLOWING SNOW,ICE/FROST,DARK-NOT LIGHTED,NON-INJURY ACCIDENT (PROPERTY- DAMAGE-ONLY ACCIDENT),RIGHT ANGLE,45.77292361,-111.1864316
C016547N,000+0.078,BELGRADE,GALLATIN,DECEMBER,2017,19:27,FRI,DRIVEWAY/ALLEY ACCESS RELATED,ON ROADWAY,CLEAR,SNOW,DARK-LIGHTED,NON-INJURY ACCIDENT (PROPERTY- DAMAGE-ONLY ACCIDENT),OTHER,45.77292801,-111.1866056
C016547N,000+0.102,BELGRADE,GALLATIN,November,2015,10:10,WED,DRIVEWAY/ALLEY ACCESS RELATED,ON ROADWAY,CLEAR,SNOW,DAYLIGHT,POSSIBLE INJURY ACCIDENT,HEAD ON,45.7729593,-111.1871207
C016565N,000+0.322,BOZEMAN,GALLATIN,DECEMBER,2017,9:57,THU,NON-JUNCTION,ON ROADWAY,CLOUDY,ICE/FROST,DAYLIGHT,NON-INJURY ACCIDENT (PROPERTY- DAMAGE-ONLY ACCIDENT),HEAD ON,45.67425633,-111.0043111
C016565N,000+0.390,BOZEMAN,GALLATIN,March,2014,7:35,MON,NON-JUNCTION,ON ROADWAY,CLOUDY,DRY,DAYLIGHT,NON-INJURY ACCIDENT (PROPERTY- DAMAGE-ONLY ACCIDENT),WILD ANIMAL,45.67395992,-111.002998
C016565N,000+0.403,BOZEMAN,GALLATIN,January,2015,22:09,SAT,NON-JUNCTION,ON ROADWAY,CLEAR,DRY,DARK-NOT LIGHTED,NON-INJURY ACCIDENT (PROPERTY- DAMAGE-ONLY ACCIDENT),WILD ANIMAL,45.67388892,-111.002795