MDT_CORRIDOR_ID,SMS_REFPOST_OFFSET,CITY,COUNTY,Month,Year,SMS_TIME,SMT_CRASH_OCC_DAY_OF_WEEK,JUNCTION_RELATED,ROADWAY_RELATED,WEATHER_COND,ROAD_COND,LIGHT_COND,CRASH_SEVERITY,COLLISION_TYPE,LATITUDE,LONGITUDE
C016565N,000+0.403,BOZEMAN,GALLATIN,DECEMBER,2017,18:40,MON,NON-JUNCTION,ON ROADWAY,CLEAR,ICE/FROST,DARK-NOT LIGHTED,NON-INCAPACITATING EVIDENT INJURY ACCIDENT,RIGHT ANGLE,45.67392046,-111.0026634
C016565N,000+0.810,BOZEMAN,GALLATIN,May,2013,16:35,FRI,INTERSECTION,ON ROADWAY,CLOUDY,DRY,DAYLIGHT,POSSIBLE INJURY ACCIDENT,RIGHT ANGLE,45.67230327,-110.994632
C016565N,000+0.832,BOZEMAN,GALLATIN,June,2016,18:20,WED,INTERSECTION-RELATED,ON ROADWAY,CLEAR,DRY,DAYLIGHT,NON-INCAPACITATING EVIDENT INJURY ACCIDENT,REAR-END,45.67223498,-110.9941823
C016565N,001+0.260,,GALLATIN,January,2016,9:15,TUE,NON-JUNCTION,ON ROADWAY,CLOUDY,ICE/FROST,DARK-NOT LIGHTED,NON-INJURY ACCIDENT (PROPERTY- DAMAGE-ONLY ACCIDENT),WILD ANIMAL,45.67047648,-110.9857177
C016565N,001+0.366,,GALLATIN,December,2016,17:15,SAT,DRIVEWAY/ALLEY ACCESS RELATED,ON ROADWAY,CLOUDY,ICE/FROST,DARK-NOT LIGHTED,NON-INJURY ACCIDENT (PROPERTY- DAMAGE-ONLY ACCIDENT),RIGHT ANGLE,45.67014058,-110.9835441
C016565N,001+0.440,BOZEMAN,GALLATIN,December,2013,8:15,THU,INTERSECTION-RELATED,OUTSIDE RIGHT-OF-WAY (TRAFFICWAY),CLEAR,ICE/FROST,DAYLIGHT,NON-INJURY ACCIDENT (PROPERTY- DAMAGE-ONLY ACCIDENT),ROLL OVER,45.66987542,-110.9818928
C016565N,001+0.590,BOZEMAN,GALLATIN,November,2014,14:25,TUE,NON-JUNCTION,ON ROADWAY,CLEAR,ICE/FROST,DAYLIGHT,NON-INJURY ACCIDENT (PROPERTY- DAMAGE-ONLY ACCIDENT),ROLL OVER,45.66926412,-110.9791471
C016565N,002+0.094,NOT IN CITY LIMITS,GALLATIN,OCTOBER,2017,7:30,MON,NON-JUNCTION,ON ROADWAY,CLOUDY,DRY,DAWN,NON-INJURY ACCIDENT (PROPERTY- DAMAGE-ONLY ACCIDENT),WILD ANIMAL,45.66713311,-110.969093
C016565N,002+0.835,,GALLATIN,May,2015,16:05,WED,RAILWAY GRADE CROSSING,ON ROADWAY,CLOUDY,DRY,DAYLIGHT,NON-INJURY ACCIDENT (PROPERTY- DAMAGE-ONLY ACCIDENT),RAILWAY VEHICLE,45.66328,-110.95507
C016565N,002+0.904,,GALLATIN,June,2015,17:48,SAT,DRIVEWAY/ALLEY ACCESS RELATED,ROADSIDE RIGHT,CLEAR,DRY,DAYLIGHT,NON-INJURY ACCIDENT (PROPERTY- DAMAGE-ONLY ACCIDENT),FIXED OBJECT,45.66256028,-110.9539846
C016565N,002+0.978,BOZEMAN,GALLATIN,January,2015,15:00,THU,NON-JUNCTION,ROADSIDE RIGHT,CLEAR,SNOW,DAYLIGHT,NON-INJURY ACCIDENT (PROPERTY- DAMAGE-ONLY ACCIDENT),FIXED OBJECT,45.66182267,-110.9530353
C016600N,000+0.515,NOT IN CITY LIMITS,GALLATIN,JULY,2017,7:50,SUN,NON-JUNCTION,ROADSIDE RIGHT,CLOUDY,WET,DAYLIGHT,NON-INCAPACITATING EVIDENT INJURY ACCIDENT,FIXED OBJECT,44.73578461,-111.1185693
C016600N,000+0.536,BOZEMAN,GALLATIN,December,2014,13:45,TUE,NON-JUNCTION,ON ROADWAY,CLOUDY,ICE/FROST,DAYLIGHT,NON-INCAPACITATING EVIDENT INJURY ACCIDENT,FIXED OBJECT,44.73597658,-111.1188482
C016600N,001+0.762,,GALLATIN,May,2016,16:22,WED,NON-JUNCTION,ROADSIDE LEFT,CLOUDY,DRY,DAYLIGHT,NON-INJURY ACCIDENT (PROPERTY- DAMAGE-ONLY ACCIDENT),FIXED OBJECT,44.74590496,-111.1395151
C016600N,002+0.261,,GALLATIN,July,2015,8:50,THU,NON-JUNCTION,ON ROADWAY,CLOUDY,DRY,DAYLIGHT,NON-INCAPACITATING EVIDENT INJURY ACCIDENT,ROLL OVER,44.75005,-111.1477
C016600N,003+0.683,,GALLATIN,May,2015,1:45,SAT,NON-JUNCTION,ON ROADWAY,UNKNOWN,DRY,DARK-NOT LIGHTED,POSSIBLE INJURY ACCIDENT,WILD ANIMAL,44.75985999,-111.1729733
C016600N,003+0.794,,GALLATIN,December,2016,6:50,SAT,NON-JUNCTION,ON ROADWAY,CLEAR,SNOW,DARK-NOT LIGHTED,NON-INJURY ACCIDENT (PROPERTY- DAMAGE-ONLY ACCIDENT),WILD ANIMAL,44.76051356,-111.1751015
C016601N,001+0.603,,GALLATIN,May,2015,22:05,FRI,NON-JUNCTION,ROADSIDE RIGHT,CLEAR,DRY,DARK-NOT LIGHTED,NON-INJURY ACCIDENT (PROPERTY- DAMAGE-ONLY ACCIDENT),ROLL OVER,44.70857413,-111.2367545
C016601N,003+0.466,,GALLATIN,November,2016,15:50,FRI,NON-JUNCTION,ROADSIDE LEFT,CLOUDY,SNOW,DAYLIGHT,NON-INJURY ACCIDENT (PROPERTY- DAMAGE-ONLY ACCIDENT),ROLL OVER,44.73350435,-111.2318094
C016601N,004+0.367,NOT IN CITY LIMITS,GALLATIN,JUNE,2017,20:45,MON,NON-JUNCTION,ROADSIDE RIGHT,CLEAR,DRY,DAYLIGHT,NON-INJURY ACCIDENT (PROPERTY- DAMAGE-ONLY ACCIDENT),ROLL OVER,44.73982,-111.246145
C016601N,005+0.775,,GALLATIN,September,2016,7:00,SAT,NON-JUNCTION,ROADSIDE LEFT,CLOUDY,DRY,DARK-NOT LIGHTED,POSSIBLE INJURY ACCIDENT,FIXED OBJECT,44.7488717,-111.2659192
C016601N,006+0.036,,GALLATIN,August,2015,13:50,WED,NON-JUNCTION,ON ROADWAY,CLOUDY,MUD DIRT GRAVEL,DAYLIGHT,NON-INJURY ACCIDENT (PROPERTY- DAMAGE-ONLY ACCIDENT),FIXED OBJECT,44.75231207,-111.2666114
C016601N,006+0.980,,GALLATIN,May,2013,12:00,SUN,NON-JUNCTION,SHOULDER,CLOUDY,DRY,DAYLIGHT,NON-INJURY ACCIDENT (PROPERTY- DAMAGE-ONLY ACCIDENT),ROLL OVER,44.75960667,-111.2740533
C016601N,008+0.839,,GALLATIN,August,2014,22:30,SUN,NON-JUNCTION,ROADSIDE LEFT,CLEAR,DRY,DARK-LIGHTED,NON-INJURY ACCIDENT (PROPERTY- DAMAGE-ONLY ACCIDENT),FIXED OBJECT,44.77653281,-111.2766856
C016601N,009+0.406,,GALLATIN,May,2015,16:46,MON,NON-JUNCTION,ROADSIDE LEFT,CLEAR,DRY,DAYLIGHT,POSSIBLE INJURY ACCIDENT,ROLL OVER,44.7835081,-111.2788831
C016602N,000+0.410,,GALLATIN,August,2013,14:30,FRI,NON-JUNCTION,ON ROADWAY,CLOUDY,DRY,DAYLIGHT,POSSIBLE INJURY ACCIDENT,HEAD ON,44.71308667,-111.1097483
C016602N,001+0.220,,GALLATIN,August,2013,16:00,MON,NON-JUNCTION,ROADSIDE RIGHT,CLEAR,DRY,DAYLIGHT,POSSIBLE INJURY ACCIDENT,ROLL OVER,44.71214334,-111.1248583
C016602N,010+0.783,NOT IN CITY LIMITS,GALLATIN,JULY,2017,11:00,FRI,NON-JUNCTION,SHOULDER,CLEAR,DRY,DAYLIGHT,NON-INJURY ACCIDENT (PROPERTY- DAMAGE-ONLY ACCIDENT),ROLL OVER,44.68675653,-111.1884116
C016603N,005+0.515,,GALLATIN,October,2015,17:00,SAT,NON-JUNCTION,ROADSIDE LEFT,CLOUDY,DRY,DAYLIGHT,POSSIBLE INJURY ACCIDENT,ROLL OVER,44.60153824,-111.126324
C016618N,000+0.018,WEST YELLOWSTONE,GALLATIN,November,2016,10:45,FRI,NON-JUNCTION,ROADSIDE RIGHT,CLEAR,ICE/FROST,DAYLIGHT,NON-INJURY ACCIDENT (PROPERTY- DAMAGE-ONLY ACCIDENT),ROLL OVER,44.68618913,-111.2544544
C016618N,000+0.123,NOT IN CITY LIMITS,GALLATIN,NOVEMBER,2017,13:54,MON,NON-JUNCTION,ROADSIDE RIGHT,CLEAR,ICE/FROST,DAYLIGHT,NON-INJURY ACCIDENT (PROPERTY- DAMAGE-ONLY ACCIDENT),OTHER,44.686412,-111.2569312
C016623N,003+0.718,,GALLATIN,June,2014,12:49,MON,NON-JUNCTION,ROADSIDE LEFT,CLEAR,DRY,DAYLIGHT,POSSIBLE INJURY ACCIDENT,ROLL OVER,44.76314333,-111.2282933
C016627N,000+0.919,,GALLATIN,August,2014,10:11,TUE,NON-JUNCTION,ROADSIDE LEFT,CLEAR,DRY,DAYLIGHT,POSSIBLE INJURY ACCIDENT,FIXED OBJECT,44.76984667,-111.1667733
C016633N,000+0.043,NOT IN CITY LIMITS,GALLATIN,JUNE,2017,4:05,TUE,NON-JUNCTION,ROADSIDE LEFT,RAIN,WET,DARK-NOT LIGHTED,NON-INJURY ACCIDENT (PROPERTY- DAMAGE-ONLY ACCIDENT),NOT FIXED OBJECT OR DEBRIS,44.80555853,-111.1065879
C016642N,000+0.979,,GALLATIN,May,2015,9:00,SAT,NON-JUNCTION,ON ROADWAY,CLEAR,WET,DAYLIGHT,NON-INJURY ACCIDENT (PROPERTY- DAMAGE-ONLY ACCIDENT),ROLL OVER,45.06506234,-111.2145203
C016642N,006+0.966,,GALLATIN,August,2015,13:00,WED,NON-JUNCTION,SHOULDER,CLOUDY,DRY,DAYLIGHT,NON-INJURY ACCIDENT (PROPERTY- DAMAGE-ONLY ACCIDENT),FIXED OBJECT,45.07165664,-111.3258611
C016642N,006+0.966,,GALLATIN,May,2015,14:00,SAT,NON-JUNCTION,ROADSIDE RIGHT,RAIN,WET,DAYLIGHT,NON-INJURY ACCIDENT (PROPERTY- DAMAGE-ONLY ACCIDENT),ROLL OVER,45.07177705,-111.3255691
C016642N,006+0.966,,GALLATIN,July,2015,19:35,MON,NON-JUNCTION,SHOULDER,CLEAR,WET,DAYLIGHT,NON-INJURY ACCIDENT (PROPERTY- DAMAGE-ONLY ACCIDENT),ROLL OVER,45.07175915,-111.3257928
C016647N,000+0.013,,GALLATIN,July,2015,21:51,THU,INTERSECTION-RELATED,ON ROADWAY,CLEAR,DRY,DARK-NOT LIGHTED,NON-INJURY ACCIDENT (PROPERTY- DAMAGE-ONLY ACCIDENT),REAR-END,45.26101691,-111.3085056
C016647N,000+0.013,NOT IN CITY LIMITS,GALLATIN,DECEMBER,2017,9:50,TUE,INTERSECTION,ON ROADWAY,CLOUDY,SNOW,DAYLIGHT,NON-INCAPACITATING EVIDENT INJURY ACCIDENT,RIGHT ANGLE,45.26099297,-111.3085452
C016647N,000+0.230,,GALLATIN,February,2015,8:40,FRI,INTERSECTION,ON ROADWAY,CLEAR,DRY,DAYLIGHT,NON-INJURY ACCIDENT (PROPERTY- DAMAGE-ONLY ACCIDENT),REAR-END,45.25830525,-111.3105567
C016647N,000+0.378,,GALLATIN,April,2016,17:13,FRI,INTERSECTION-RELATED,ON ROADWAY,CLEAR,DRY,DAYLIGHT,NON-INCAPACITATING EVIDENT INJURY ACCIDENT,REAR-END,45.2561922,-111.3107921
C016647N,000+0.506,,GALLATIN,November,2015,7:07,FRI,NON-JUNCTION,ON ROADWAY,SNOW,SNOW,DAWN,NON-INCAPACITATING EVIDENT INJURY ACCIDENT,HEAD ON,45.25388273,-111.3095233
C016647N,000+0.593,NOT IN CITY LIMITS,GALLATIN,JANUARY,2017,1:00,MON,NON-JUNCTION,ROADSIDE LEFT,CLEAR,ICE/FROST,DARK-NOT LIGHTED,NON-INJURY ACCIDENT (PROPERTY- DAMAGE-ONLY ACCIDENT),FIXED OBJECT,45.2533951,-111.311872
C016647N,000+0.790,,GALLATIN,November,2014,5:00,FRI,NON-JUNCTION,ON ROADWAY,CLOUDY,DRY,DARK-NOT LIGHTED,NON-INCAPACITATING EVIDENT INJURY ACCIDENT,ROLL OVER,45.25243333,-111.315605
C016647N,001+0.045,NOT IN CITY LIMITS,GALLATIN,JUNE,2017,8:40,MON,INTERSECTION-RELATED,ON ROADWAY,CLEAR,DRY,DAYLIGHT,NON-INJURY ACCIDENT (PROPERTY- DAMAGE-ONLY ACCIDENT),REAR-END,45.24926213,-111.3185118
C016647N,001+0.160,,GALLATIN,December,2013,17:24,MON,NON-JUNCTION,ON ROADWAY,CLEAR,ICE/FROST,DUSK,POSSIBLE INJURY ACCIDENT,HEAD ON,45.24816929,-111.3199803
C016647N,001+0.196,NOT IN CITY LIMITS,GALLATIN,SEPTEMBER,2017,15:35,SUN,NON-JUNCTION,ROADSIDE LEFT,CLEAR,DRY,DAYLIGHT,NON-INCAPACITATING EVIDENT INJURY ACCIDENT,HEAD ON,45.24776629,-111.3204243
C016647N,001+0.238,,GALLATIN,December,2014,8:55,WED,NON-JUNCTION,ON ROADWAY,CLOUDY,ICE/FROST,DAYLIGHT,NON-INJURY ACCIDENT (PROPERTY- DAMAGE-ONLY ACCIDENT),"SIDESWIPE, OPPOSITE DIRECTION",45.24729162,-111.3211346
C016647N,001+0.738,NOT IN CITY LIMITS,GALLATIN,APRIL,2017,1:00,SAT,NON-JUNCTION,ROADSIDE RIGHT,CLOUDY,DRY,DARK-NOT LIGHTED,NON-INJURY ACCIDENT (PROPERTY- DAMAGE-ONLY ACCIDENT),FIXED OBJECT,45.24570942,-111.3309442
C016647N,001+0.787,,GALLATIN,December,2016,11:30,SUN,NON-JUNCTION,ON ROADWAY,CLOUDY,SNOW,DAYLIGHT,NON-INJURY ACCIDENT (PROPERTY- DAMAGE-ONLY ACCIDENT),RIGHT ANGLE,45.24507667,-111.3316433
C016647N,001+0.940,,GALLATIN,January,2013,13:50,MON,NON-JUNCTION,ROADSIDE RIGHT,SNOW,SNOW,DAYLIGHT,NON-INJURY ACCIDENT (PROPERTY- DAMAGE-ONLY ACCIDENT),ROLL OVER,45.24402679,-111.3343169
C016647N,002+0.004,NOT IN CITY LIMITS,GALLATIN,DECEMBER,2017,9:35,SAT,NON-JUNCTION,ON ROADWAY,BLOWING SNOW,SNOW,DAYLIGHT,NON-INCAPACITATING EVIDENT INJURY ACCIDENT,RIGHT ANGLE,45.24336638,-111.3351961
C016647N,002+0.211,,GALLATIN,November,2014,13:17,SAT,NON-JUNCTION,ROADSIDE LEFT,SNOW,UNKNOWN,DAYLIGHT,NON-INJURY ACCIDENT (PROPERTY- DAMAGE-ONLY ACCIDENT),FIXED OBJECT,45.24542668,-111.33298
C016647N,002+0.246,NOT IN CITY LIMITS,GALLATIN,NOVEMBER,2017,11:20,MON,NON-JUNCTION,ON ROADWAY,SNOW,SNOW,DAYLIGHT,NON-INJURY ACCIDENT (PROPERTY- DAMAGE-ONLY ACCIDENT),RIGHT ANGLE,45.24587433,-111.3326026
C016647N,002+0.430,,GALLATIN,November,2013,0:25,TUE,NON-JUNCTION,ROADSIDE RIGHT,CLEAR,ICE/FROST,DARK-NOT LIGHTED,NON-INJURY ACCIDENT (PROPERTY- DAMAGE-ONLY ACCIDENT),FIXED OBJECT,45.24742817,-111.3348862
C016647N,002+0.577,,GALLATIN,November,2014,13:30,SAT,NON-JUNCTION,ROADSIDE LEFT,SNOW,SNOW,DAYLIGHT,NON-INJURY ACCIDENT (PROPERTY- DAMAGE-ONLY ACCIDENT),FIXED OBJECT,45.247795,-111.3379917
C016647N,002+0.726,NOT IN CITY LIMITS,GALLATIN,FEBRUARY,2017,16:45,THU,NON-JUNCTION,ON ROADWAY,CLEAR,SNOW,DAYLIGHT,NON-INJURY ACCIDENT (PROPERTY- DAMAGE-ONLY ACCIDENT),HEAD ON,45.24681079,-111.3397064
C016647N,002+0.941,,GALLATIN,January,2016,20:15,SAT,NON-JUNCTION,ON ROADWAY,CLOUDY,SNOW,DARK-NOT LIGHTED,NON-INJURY ACCIDENT (PROPERTY- DAMAGE-ONLY ACCIDENT),FIXED OBJECT,45.24548659,-111.3424509
C016647N,003+0.003,,GALLATIN,March,2014,8:30,FRI,INTERSECTION,ON ROADWAY,CLOUDY,SNOW,DAYLIGHT,NON-INJURY ACCIDENT (PROPERTY- DAMAGE-ONLY ACCIDENT),"SIDESWIPE, SAME DIRECTION",45.24632833,-111.343045
C016647N,003+0.230,,GALLATIN,December,2013,10:18,SAT,NON-JUNCTION,ON ROADWAY,CLOUDY,SNOW,DAYLIGHT,NON-INJURY ACCIDENT (PROPERTY- DAMAGE-ONLY ACCIDENT),"SIDESWIPE, OPPOSITE DIRECTION",45.24930333,-111.345055
C016647N,003+0.335,NOT IN CITY LIMITS,GALLATIN,JANUARY,2017,22:00,SUN,NON-JUNCTION,ROADSIDE LEFT,CLOUDY,SNOW,DARK-NOT LIGHTED,NON-INJURY ACCIDENT (PROPERTY- DAMAGE-ONLY ACCIDENT),FIXED OBJECT,45.2506569,-111.3448814
C016647N,003+0.360,,GALLATIN,February,2013,23:00,WED,NON-JUNCTION,SHOULDER,SNOW,SNOW,DARK-NOT LIGHTED,NON-INJURY ACCIDENT (PROPERTY- DAMAGE-ONLY ACCIDENT),FIXED OBJECT,45.25102833,-111.34514
C016647N,003+0.367,,GALLATIN,September,2016,9:55,TUE,NON-JUNCTION,ROADSIDE RIGHT,CLOUDY,DRY,DAYLIGHT,NON-INCAPACITATING EVIDENT INJURY ACCIDENT,ROLL OVER,45.25103,-111.34513
C016647N,003+0.367,,GALLATIN,November,2016,12:10,FRI,NON-JUNCTION,ON ROADWAY,CLOUDY,ICE/FROST,DAYLIGHT,NON-INJURY ACCIDENT (PROPERTY- DAMAGE-ONLY ACCIDENT),RIGHT ANGLE,45.25103,-111.34513
C016647N,003+0.432,,GALLATIN,August,2014,14:00,SAT,NON-JUNCTION,SHOULDER,CLEAR,DRY,DAYLIGHT,NON-INJURY ACCIDENT (PROPERTY- DAMAGE-ONLY ACCIDENT),NOT FIXED OBJECT OR DEBRIS,45.25135559,-111.3463107
C016647N,003+0.480,,GALLATIN,November,2013,18:30,THU,NON-JUNCTION,ROADSIDE LEFT,CLEAR,ICE/FROST,DARK-NOT LIGHTED,NON-INJURY ACCIDENT (PROPERTY- DAMAGE-ONLY ACCIDENT),ROLL OVER,45.25095924,-111.3473629
C016647N,004+0.569,,GALLATIN,September,2014,6:15,FRI,NON-JUNCTION,SHOULDER,CLEAR,DRY,DAYLIGHT,POSSIBLE INJURY ACCIDENT,FIXED OBJECT,45.24753755,-111.3645814
C016647N,004+0.755,,GALLATIN,February,2015,8:14,TUE,NON-JUNCTION,SHOULDER,SNOW,SNOW,DAYLIGHT,NON-INJURY ACCIDENT (PROPERTY- DAMAGE-ONLY ACCIDENT),ROLL OVER,45.2488489,-111.3679829
C016647N,004+0.805,,GALLATIN,February,2014,16:35,WED,NON-JUNCTION,ON ROADWAY,CLOUDY,ICE/FROST,DAYLIGHT,NON-INJURY ACCIDENT (PROPERTY- DAMAGE-ONLY ACCIDENT),"SIDESWIPE, OPPOSITE DIRECTION",45.24909139,-111.3688025
C016647N,004+0.805,,GALLATIN,January,2015,10:00,SAT,NON-JUNCTION,ON ROADWAY,SNOW,ICE/FROST,DAYLIGHT,NON-INJURY ACCIDENT (PROPERTY- DAMAGE-ONLY ACCIDENT),"SIDESWIPE, OPPOSITE DIRECTION",45.24909482,-111.3687957
C016647N,004+0.805,,GALLATIN,December,2016,12:20,THU,NON-JUNCTION,ON ROADWAY,SNOW,SNOW,DAYLIGHT,NON-INJURY ACCIDENT (PROPERTY- DAMAGE-ONLY ACCIDENT),"SIDESWIPE, OPPOSITE DIRECTION",45.24914713,-111.3689298
C016649N,000+0.011,,GALLATIN,December,2015,16:42,WED,INTERSECTION,ON ROADWAY,SNOW,ICE/FROST,DAYLIGHT,NON-INJURY ACCIDENT (PROPERTY- DAMAGE-ONLY ACCIDENT),RIGHT ANGLE,45.26066797,-111.3111341
C016649N,000+0.203,,GALLATIN,January,2014,11:41,SAT,NON-JUNCTION,ROADSIDE LEFT,SNOW,SNOW,DAYLIGHT,NON-INJURY ACCIDENT (PROPERTY- DAMAGE-ONLY ACCIDENT),FIXED OBJECT,45.26040561,-111.3143659
C016649N,000+0.207,,GALLATIN,February,2014,9:20,FRI,NON-JUNCTION,SHOULDER,SNOW,SNOW,DAYLIGHT,NON-INJURY ACCIDENT (PROPERTY- DAMAGE-ONLY ACCIDENT),FIXED OBJECT,45.26036523,-111.3145279
C016649N,000+0.212,NOT IN CITY LIMITS,GALLATIN,MARCH,2017,6:30,THU,NON-JUNCTION,ROADSIDE LEFT,UNKNOWN,DRY,DARK-NOT LIGHTED,NON-INJURY ACCIDENT (PROPERTY- DAMAGE-ONLY ACCIDENT),FIXED OBJECT,45.26036119,-111.3146459
C016650N,000+0.210,NOT IN CITY LIMITS,GALLATIN,JANUARY,2017,11:30,MON,INTERSECTION-RELATED,ON ROADWAY,CLOUDY,SNOW,DAYLIGHT,NON-INJURY ACCIDENT (PROPERTY- DAMAGE-ONLY ACCIDENT),REAR TO FRONT,45.26677408,-111.3383396
C016651N,000+0.177,NOT IN CITY LIMITS,GALLATIN,DECEMBER,2017,21:30,FRI,NON-JUNCTION,ROADSIDE RIGHT,CLOUDY,SNOW,DARK-NOT LIGHTED,NON-INJURY ACCIDENT (PROPERTY- DAMAGE-ONLY ACCIDENT),FIXED OBJECT,45.26356957,-111.3231123
C016651N,000+0.279,,GALLATIN,January,2016,19:34,SAT,NON-JUNCTION,IN PARKING LANE OR ZONE,CLEAR,SNOW,DARK-NOT LIGHTED,NON-INJURY ACCIDENT (PROPERTY- DAMAGE-ONLY ACCIDENT),REAR-END,45.26418954,-111.3248571
C016700N,000+0.110,,GALLATIN,November,2016,8:31,MON,INTERSECTION,ON ROADWAY,CLOUDY,ICE/FROST,DAYLIGHT,NON-INJURY ACCIDENT (PROPERTY- DAMAGE-ONLY ACCIDENT),RIGHT ANGLE,45.65255,-110.9477008
C016700N,000+0.355,,GALLATIN,May,2015,10:50,FRI,NON-JUNCTION,ON ROADWAY,CLEAR,DRY,DAYLIGHT,NON-INJURY ACCIDENT (PROPERTY- DAMAGE-ONLY ACCIDENT),"SIDESWIPE, OPPOSITE DIRECTION",45.65256771,-110.952844
C016700N,001+0.202,,GALLATIN,March,2016,6:30,WED,NON-JUNCTION,ROADSIDE LEFT,CLEAR,ICE/FROST,DAWN,NON-INJURY ACCIDENT (PROPERTY- DAMAGE-ONLY ACCIDENT),FIXED OBJECT,45.65273166,-110.9702541
C016700N,001+0.222,,GALLATIN,February,2014,11:50,SUN,NON-JUNCTION,ROADSIDE LEFT,CLOUDY,SNOW,DAYLIGHT,NON-INJURY ACCIDENT (PROPERTY- DAMAGE-ONLY ACCIDENT),FIXED OBJECT,45.65302192,-110.9704591
C016700N,001+0.222,BOZEMAN,GALLATIN,SEPTEMBER,2017,22:00,SUN,NON-JUNCTION,OUTSIDE RIGHT-OF-WAY (TRAFFICWAY),CLEAR,DRY,DARK-NOT LIGHTED,NON-INCAPACITATING EVIDENT INJURY ACCIDENT,ROLL OVER,45.65276251,-110.9737119
C016700N,001+0.395,,GALLATIN,October,2014,19:35,SAT,NON-JUNCTION,ROADSIDE LEFT,CLEAR,DRY,DARK-NOT LIGHTED,POSSIBLE INJURY ACCIDENT,FIXED OBJECT,45.65571302,-110.9704591
C016700N,001+0.440,,GALLATIN,March,2013,22:50,SUN,NON-JUNCTION,ROADSIDE LEFT,CLEAR,ICE/FROST,DARK-NOT LIGHTED,NON-INJURY ACCIDENT (PROPERTY- DAMAGE-ONLY ACCIDENT),ROLL OVER,45.656205,-110.9704083
C016700N,001+0.444,,GALLATIN,July,2016,15:30,SUN,NON-JUNCTION,ROADSIDE LEFT,CLEAR,DRY,DAYLIGHT,NON-INJURY ACCIDENT (PROPERTY- DAMAGE-ONLY ACCIDENT),FIXED OBJECT,45.65622532,-110.9705001
C016700N,001+0.444,,GALLATIN,July,2016,16:10,TUE,NON-JUNCTION,ROADSIDE LEFT,CLOUDY,DRY,DAYLIGHT,NON-INJURY ACCIDENT (PROPERTY- DAMAGE-ONLY ACCIDENT),FIXED OBJECT,45.65622188,-110.9704112
C016700N,001+0.450,,GALLATIN,April,2013,21:51,THU,NON-JUNCTION,ON ROADWAY,CLEAR,DRY,DAYLIGHT,NON-INJURY ACCIDENT (PROPERTY- DAMAGE-ONLY ACCIDENT),FIXED OBJECT,45.65637896,-110.9705137
C016700N,001+0.450,,GALLATIN,March,2013,7:00,SAT,NON-JUNCTION,ROADSIDE RIGHT,CLOUDY,WET,DAYLIGHT,NON-INJURY ACCIDENT (PROPERTY- DAMAGE-ONLY ACCIDENT),ROLL OVER,45.65644048,-110.9706025
C016700N,001+0.457,,GALLATIN,August,2015,0:45,SAT,NON-JUNCTION,ROADSIDE LEFT,UNKNOWN,DRY,DARK-NOT LIGHTED,POSSIBLE INJURY ACCIDENT,FIXED OBJECT,45.65639606,-110.9704932
C016700N,001+0.457,,GALLATIN,January,2015,15:20,THU,NON-JUNCTION,ON ROADWAY,CLOUDY,ICE/FROST,DAYLIGHT,NON-INJURY ACCIDENT (PROPERTY- DAMAGE-ONLY ACCIDENT),"SIDESWIPE, OPPOSITE DIRECTION",45.65641316,-110.9704591
C016700N,001+0.457,,GALLATIN,February,2015,22:30,TUE,NON-JUNCTION,ROADSIDE LEFT,CLOUDY,DRY,DARK-NOT LIGHTED,NON-INCAPACITATING EVIDENT INJURY ACCIDENT,FIXED OBJECT,45.65636186,-110.970582
C016700N,001+0.457,,GALLATIN,April,2015,0:30,SUN,NON-JUNCTION,ROADSIDE LEFT,CLOUDY,DRY,DARK-NOT LIGHTED,NON-INJURY ACCIDENT (PROPERTY- DAMAGE-ONLY ACCIDENT),FIXED OBJECT,45.656395,-110.9705617
C016700N,001+0.457,,GALLATIN,July,2016,1:05,SAT,NON-JUNCTION,ROADSIDE LEFT,CLEAR,DRY,DARK-NOT LIGHTED,NON-INCAPACITATING EVIDENT INJURY ACCIDENT,FIXED OBJECT,45.65638239,-110.9705547
C016700N,001+0.457,NOT IN CITY LIMITS,GALLATIN,DECEMBER,2017,1:55,FRI,NON-JUNCTION,ROADSIDE LEFT,CLEAR,DRY,DARK-NOT LIGHTED,NON-INCAPACITATING EVIDENT INJURY ACCIDENT,FIXED OBJECT,45.65638128,-110.9704818
C016700N,001+0.460,,GALLATIN,December,2013,20:30,WED,NON-JUNCTION,ROADSIDE RIGHT,CLOUDY,ICE/FROST,DARK-NOT LIGHTED,NON-INJURY ACCIDENT (PROPERTY- DAMAGE-ONLY ACCIDENT),FIXED OBJECT,45.65646437,-110.9706776
C016700N,001+0.641,,GALLATIN,July,2015,7:20,SAT,NON-JUNCTION,ON ROADWAY,CLOUDY,DRY,DAYLIGHT,NON-INJURY ACCIDENT (PROPERTY- DAMAGE-ONLY ACCIDENT),FIXED OBJECT,45.6564575,-110.9741474
C016700N,001+0.717,,GALLATIN,May,2016,2:10,SAT,NON-JUNCTION,ON ROADWAY,CLOUDY,DRY,DARK-NOT LIGHTED,NON-INJURY ACCIDENT (PROPERTY- DAMAGE-ONLY ACCIDENT),FIXED OBJECT,45.65641122,-110.9763021
C016702N,000+0.030,,GALLATIN,December,2016,21:30,THU,INTERSECTION-RELATED,ROADSIDE RIGHT,SNOW,ICE/FROST,DARK-NOT LIGHTED,NON-INJURY ACCIDENT (PROPERTY- DAMAGE-ONLY ACCIDENT),FIXED OBJECT,45.69973703,-111.0983543