MDT_CORRIDOR_ID,SMS_REFPOST_OFFSET,CITY,COUNTY,Month,Year,SMS_TIME,SMT_CRASH_OCC_DAY_OF_WEEK,JUNCTION_RELATED,ROADWAY_RELATED,WEATHER_COND,ROAD_COND,LIGHT_COND,CRASH_SEVERITY,COLLISION_TYPE,LATITUDE,LONGITUDE
C016702N,000+0.086,BOZEMAN,GALLATIN,January,2016,21:20,THU,NON-JUNCTION,ROADSIDE RIGHT,CLOUDY,DRY,DARK-NOT LIGHTED,NON-INJURY ACCIDENT (PROPERTY- DAMAGE-ONLY ACCIDENT),FIXED OBJECT,45.69899591,-111.0982997
C016702N,000+0.490,BOZEMAN,GALLATIN,December,2013,23:00,WED,NON-JUNCTION,ROADSIDE RIGHT,CLOUDY,ICE/FROST,DARK-NOT LIGHTED,NON-INJURY ACCIDENT (PROPERTY- DAMAGE-ONLY ACCIDENT),FIXED OBJECT,45.69298198,-111.0982929
C016703N,000+0.000,NOT IN CITY LIMITS,GALLATIN,JANUARY,2017,23:00,FRI,INTERSECTION-RELATED,ROADSIDE LEFT,CLEAR,SNOW,DARK-NOT LIGHTED,NON-INJURY ACCIDENT (PROPERTY- DAMAGE-ONLY ACCIDENT),FIXED OBJECT,45.58374775,-111.1907062
C016703N,000+0.616,,GALLATIN,June,2015,0:00,WED,NON-JUNCTION,ROADSIDE RIGHT,CLEAR,DRY,DARK-NOT LIGHTED,NON-INCAPACITATING EVIDENT INJURY ACCIDENT,FIXED OBJECT,45.5838014,-111.1842986
C016703N,000+0.691,NOT IN CITY LIMITS,GALLATIN,JULY,2017,18:35,MON,NON-JUNCTION,ROADSIDE LEFT,RAIN,WET,DAYLIGHT,NON-INJURY ACCIDENT (PROPERTY- DAMAGE-ONLY ACCIDENT),FIXED OBJECT,45.58374419,-111.1829207
C016703N,000+0.772,,GALLATIN,September,2016,7:15,SUN,NON-JUNCTION,ON ROADWAY,CLOUDY,DRY,DAYLIGHT,NON-INJURY ACCIDENT (PROPERTY- DAMAGE-ONLY ACCIDENT),WILD ANIMAL,45.58376041,-111.1811226
C016703N,001+0.006,,GALLATIN,August,2014,8:20,SAT,NON-JUNCTION,ON ROADWAY,CLEAR,DRY,DAYLIGHT,NON-INJURY ACCIDENT (PROPERTY- DAMAGE-ONLY ACCIDENT),PEDESTRIAN,45.58372167,-111.1763
C016703N,001+0.147,BOZEMAN,GALLATIN,September,2015,7:15,MON,NON-JUNCTION,ON ROADWAY,CLEAR,DRY,DAYLIGHT,NON-INJURY ACCIDENT (PROPERTY- DAMAGE-ONLY ACCIDENT),WILD ANIMAL,45.58372286,-111.1733976
C016703N,002+0.258,,GALLATIN,January,2015,22:40,WED,NON-JUNCTION,SHOULDER,CLOUDY,DRY,DARK-NOT LIGHTED,NON-INJURY ACCIDENT (PROPERTY- DAMAGE-ONLY ACCIDENT),FIXED OBJECT,45.58367844,-111.150578
C016703N,002+0.399,,GALLATIN,August,2015,20:30,THU,NON-JUNCTION,ON ROADWAY,CLOUDY,DRY,DAYLIGHT,NON-INJURY ACCIDENT (PROPERTY- DAMAGE-ONLY ACCIDENT),WILD ANIMAL,45.58364432,-111.1475181
C016703N,002+0.775,,GALLATIN,November,2016,0:00,TUE,NON-JUNCTION,ROADSIDE RIGHT,CLOUDY,DRY,DARK-NOT LIGHTED,NON-INJURY ACCIDENT (PROPERTY- DAMAGE-ONLY ACCIDENT),FIXED OBJECT,45.57913514,-111.1462418
C016703N,002+0.950,,GALLATIN,November,2013,23:40,SAT,INTERSECTION-RELATED,ROADSIDE RIGHT,CLEAR,WET,DARK-NOT LIGHTED,NON-INJURY ACCIDENT (PROPERTY- DAMAGE-ONLY ACCIDENT),FIXED OBJECT,45.576505,-111.1461283
C016703N,002+0.950,,GALLATIN,June,2013,6:53,MON,INTERSECTION-RELATED,ON ROADWAY,CLEAR,DRY,DAYLIGHT,NON-INCAPACITATING EVIDENT INJURY ACCIDENT,HEAD ON,45.57649992,-111.1460974
C016703N,002+0.955,,GALLATIN,April,2015,22:45,TUE,INTERSECTION,ROADSIDE LEFT,CLEAR,DRY,DARK-NOT LIGHTED,NON-INJURY ACCIDENT (PROPERTY- DAMAGE-ONLY ACCIDENT),FIXED OBJECT,45.57652381,-111.1460838
C016703N,002+0.968,,GALLATIN,July,2015,15:06,FRI,NON-JUNCTION,ON ROADWAY,RAIN,WET,DAYLIGHT,NON-INJURY ACCIDENT (PROPERTY- DAMAGE-ONLY ACCIDENT),FIXED OBJECT,45.57650671,-111.1458856
C016703N,003+0.131,,GALLATIN,October,2016,11:00,SAT,NON-JUNCTION,ROADSIDE LEFT,CLOUDY,DRY,DAYLIGHT,NON-INCAPACITATING EVIDENT INJURY ACCIDENT,FIXED OBJECT,45.57653739,-111.1424422
C016703N,003+0.185,NOT IN CITY LIMITS,GALLATIN,SEPTEMBER,2017,21:15,SUN,NON-JUNCTION,ROADSIDE RIGHT,CLEAR,DRY,DARK-NOT LIGHTED,NON-INJURY ACCIDENT (PROPERTY- DAMAGE-ONLY ACCIDENT),FIXED OBJECT,45.57647239,-111.1414673
C016703N,003+0.200,,GALLATIN,July,2013,15:00,SAT,NON-JUNCTION,ROADSIDE RIGHT,RAIN,WET,DAYLIGHT,NON-INJURY ACCIDENT (PROPERTY- DAMAGE-ONLY ACCIDENT),FIXED OBJECT,45.57654163,-111.1410683
C016703N,003+0.204,,GALLATIN,October,2016,15:30,FRI,NON-JUNCTION,ROADSIDE RIGHT,RAIN,WET,DAYLIGHT,NON-INJURY ACCIDENT (PROPERTY- DAMAGE-ONLY ACCIDENT),FIXED OBJECT,45.57653637,-111.1410482
C016703N,003+0.225,NOT IN CITY LIMITS,GALLATIN,MARCH,2017,2:00,MON,NON-JUNCTION,ROADSIDE RIGHT,CLOUDY,SNOW,DARK-NOT LIGHTED,NON-INJURY ACCIDENT (PROPERTY- DAMAGE-ONLY ACCIDENT),FIXED OBJECT,45.57632575,-111.1406674
C016703N,003+0.233,,GALLATIN,September,2016,16:40,SUN,NON-JUNCTION,ROADSIDE RIGHT,CLOUDY,DRY,DAYLIGHT,POSSIBLE INJURY ACCIDENT,ROLL OVER,45.57653,-111.1403551
C016703N,003+0.241,,GALLATIN,December,2014,15:10,SAT,NON-JUNCTION,ROADSIDE RIGHT,SNOW,SLUSH,DAYLIGHT,NON-INJURY ACCIDENT (PROPERTY- DAMAGE-ONLY ACCIDENT),FIXED OBJECT,45.5763975,-111.1401893
C016703N,003+0.241,,GALLATIN,February,2015,16:50,WED,NON-JUNCTION,ON ROADWAY,CLOUDY,DRY,DAYLIGHT,NON-INCAPACITATING EVIDENT INJURY ACCIDENT,ROLL OVER,45.5763975,-111.1401619
C016703N,003+0.259,,GALLATIN,July,2015,3:40,THU,NON-JUNCTION,SHOULDER,CLOUDY,DRY,DARK-NOT LIGHTED,NON-INJURY ACCIDENT (PROPERTY- DAMAGE-ONLY ACCIDENT),ROLL OVER,45.57627364,-111.1399609
C016703N,004+0.001,NOT IN CITY LIMITS,GALLATIN,DECEMBER,2017,10:30,THU,NON-JUNCTION,ROADSIDE RIGHT,CLEAR,SNOW,DAYLIGHT,NON-INJURY ACCIDENT (PROPERTY- DAMAGE-ONLY ACCIDENT),FIXED OBJECT,45.56991047,-111.1278
C016703N,004+0.092,NOT IN CITY LIMITS,GALLATIN,SEPTEMBER,2017,21:30,THU,DRIVEWAY/ALLEY ACCESS RELATED,ROADSIDE RIGHT,CLEAR,DRY,DARK-NOT LIGHTED,INCAPACITATING INJURY ACCIDENT,FIXED OBJECT,45.56924966,-111.1262215
C016703N,004+0.560,,GALLATIN,February,2013,2:30,TUE,NON-JUNCTION,ROADSIDE RIGHT,CLOUDY,DRY,DARK-NOT LIGHTED,NON-INCAPACITATING EVIDENT INJURY ACCIDENT,FIXED OBJECT,45.56597116,-111.1178545
C016703N,004+0.774,,GALLATIN,February,2015,9:20,MON,NON-JUNCTION,SHOULDER,CLEAR,DRY,DAYLIGHT,NON-INJURY ACCIDENT (PROPERTY- DAMAGE-ONLY ACCIDENT),FIXED OBJECT,45.565615,-111.113745
C016703N,004+0.788,,GALLATIN,August,2014,9:45,SAT,NON-JUNCTION,ROADSIDE LEFT,CLEAR,DRY,DAYLIGHT,UNKNOWN,ROLL OVER,45.56559833,-111.11346
C016703N,004+0.790,,GALLATIN,February,2013,15:40,TUE,NON-JUNCTION,ROADSIDE RIGHT,CLEAR,DRY,DAYLIGHT,NON-INJURY ACCIDENT (PROPERTY- DAMAGE-ONLY ACCIDENT),FIXED OBJECT,45.56558182,-111.113292
C016703N,004+0.815,,GALLATIN,February,2015,6:15,WED,NON-JUNCTION,SHOULDER,CLOUDY,SNOW,DARK-NOT LIGHTED,NON-INJURY ACCIDENT (PROPERTY- DAMAGE-ONLY ACCIDENT),ROLL OVER,45.56571845,-111.1129914
C016703N,005+0.020,,GALLATIN,February,2014,5:58,SAT,NON-JUNCTION,ROADSIDE RIGHT,SNOW,SNOW,DARK-NOT LIGHTED,NON-INJURY ACCIDENT (PROPERTY- DAMAGE-ONLY ACCIDENT),FIXED OBJECT,45.56827636,-111.1147195
C016703N,005+0.029,,GALLATIN,February,2014,20:40,FRI,NON-JUNCTION,ROADSIDE LEFT,SNOW,SNOW,DARK-NOT LIGHTED,NON-INJURY ACCIDENT (PROPERTY- DAMAGE-ONLY ACCIDENT),FIXED OBJECT,45.56842664,-111.1146443
C016703N,005+0.030,,GALLATIN,June,2013,21:05,SUN,NON-JUNCTION,ON ROADWAY,CLEAR,DRY,DAYLIGHT,NON-INCAPACITATING EVIDENT INJURY ACCIDENT,ROLL OVER,45.56843333,-111.11444
C016703N,005+0.044,,GALLATIN,October,2015,20:00,SUN,NON-JUNCTION,SHOULDER,CLOUDY,DRY,DARK-NOT LIGHTED,NON-INJURY ACCIDENT (PROPERTY- DAMAGE-ONLY ACCIDENT),FIXED OBJECT,45.56859975,-111.1144512
C016703N,005+0.680,,GALLATIN,April,2013,2:00,WED,NON-JUNCTION,ROADSIDE RIGHT,SNOW,SNOW,DARK-NOT LIGHTED,NON-INJURY ACCIDENT (PROPERTY- DAMAGE-ONLY ACCIDENT),ROLL OVER,45.57466261,-111.1048908
C016703N,005+0.688,,GALLATIN,July,2016,2:00,MON,NON-JUNCTION,ROADSIDE LEFT,CLOUDY,DRY,DARK-NOT LIGHTED,NON-INJURY ACCIDENT (PROPERTY- DAMAGE-ONLY ACCIDENT),FIXED OBJECT,45.57460796,-111.1048294
C016703N,005+0.702,NOT IN CITY LIMITS,GALLATIN,AUGUST,2017,10:20,WED,NON-JUNCTION,ROADSIDE RIGHT,CLEAR,DRY,DAYLIGHT,NON-INJURY ACCIDENT (PROPERTY- DAMAGE-ONLY ACCIDENT),ROLL OVER,45.57486944,-111.104817
C016703N,005+0.827,NOT IN CITY LIMITS,GALLATIN,JULY,2017,15:15,WED,INTERSECTION,ON ROADWAY,CLEAR,DRY,DAYLIGHT,FATAL ACCIDENT,REAR-END,45.57669597,-111.1047985
C016703N,006+0.085,,GALLATIN,October,2015,11:36,SAT,NON-JUNCTION,ON ROADWAY,CLOUDY,DRY,DAYLIGHT,POSSIBLE INJURY ACCIDENT,RIGHT ANGLE,45.58035552,-111.1047201
C016703N,006+0.164,,GALLATIN,October,2014,1:55,SUN,NON-JUNCTION,ON ROADWAY,RAIN,WET,DARK-NOT LIGHTED,NON-INCAPACITATING EVIDENT INJURY ACCIDENT,WILD ANIMAL,45.58146888,-111.1046996
C016703N,006+0.302,,GALLATIN,October,2015,17:30,THU,NON-JUNCTION,ROADSIDE RIGHT,CLEAR,DRY,DAYLIGHT,NON-INJURY ACCIDENT (PROPERTY- DAMAGE-ONLY ACCIDENT),U TURN,45.58348716,-111.1046244
C016703N,006+0.324,,GALLATIN,November,2015,23:03,SUN,INTERSECTION,ON ROADWAY,CLEAR,DRY,DARK-NOT LIGHTED,NON-INJURY ACCIDENT (PROPERTY- DAMAGE-ONLY ACCIDENT),FIRE/ EXPLOSION,45.58381506,-111.1046313
C016703N,006+0.341,,GALLATIN,October,2014,15:15,WED,NON-JUNCTION,ROADSIDE RIGHT,CLEAR,DRY,DAYLIGHT,INCAPACITATING INJURY ACCIDENT,FIXED OBJECT,45.58414225,-111.1046879
C016705N,000+0.369,BOZEMAN,GALLATIN,November,2014,7:49,SAT,DRIVEWAY/ALLEY ACCESS RELATED,ROADSIDE RIGHT,CLOUDY,DRY,DAYLIGHT,NON-INCAPACITATING EVIDENT INJURY ACCIDENT,FIXED OBJECT,45.60571,-111.055
C016705N,000+0.409,NOT IN CITY LIMITS,GALLATIN,DECEMBER,2017,9:06,MON,NON-JUNCTION,ROADSIDE RIGHT,CLOUDY,ICE/FROST,DAYLIGHT,NON-INJURY ACCIDENT (PROPERTY- DAMAGE-ONLY ACCIDENT),FIXED OBJECT,45.60565029,-111.0541311
C016705N,000+0.428,NOT IN CITY LIMITS,GALLATIN,JANUARY,2017,8:50,SAT,NON-JUNCTION,ROADSIDE RIGHT,CLEAR,SNOW,DAYLIGHT,NON-INJURY ACCIDENT (PROPERTY- DAMAGE-ONLY ACCIDENT),FIXED OBJECT,45.60562994,-111.0538327
C016707N,000+0.332,,GALLATIN,September,2015,13:50,SAT,NON-JUNCTION,IN PARKING LANE OR ZONE,CLOUDY,DRY,DAYLIGHT,NON-INJURY ACCIDENT (PROPERTY- DAMAGE-ONLY ACCIDENT),RIGHT ANGLE,45.76504167,-111.1786283
C016707N,000+0.664,,GALLATIN,August,2015,13:59,SAT,NON-JUNCTION,ROADSIDE RIGHT,CLEAR,DRY,DAYLIGHT,INCAPACITATING INJURY ACCIDENT,ROLL OVER,45.76259633,-111.1727802
C016707N,000+0.674,,GALLATIN,November,2014,2:30,SAT,NON-JUNCTION,ROADSIDE LEFT,CLEAR,DRY,DARK-NOT LIGHTED,INCAPACITATING INJURY ACCIDENT,ROLL OVER,45.76324412,-111.1720521
C016707N,001+0.118,,GALLATIN,April,2014,5:20,WED,ENTRANCE/EXIT RAMP,SHOULDER,CLOUDY,DRY,DAWN,NON-INCAPACITATING EVIDENT INJURY ACCIDENT,ROLL OVER,45.75985333,-111.1638417
C016707N,001+0.259,,GALLATIN,August,2015,4:00,SAT,NON-JUNCTION,ROADSIDE LEFT,CLEAR,DRY,DARK-LIGHTED,FATAL ACCIDENT,ROLL OVER,45.74231987,-111.1643545
C016707N,001+0.569,BELGRADE,GALLATIN,June,2015,18:46,SUN,NON-JUNCTION,ON ROADWAY,CLEAR,DRY,DAYLIGHT,NON-INCAPACITATING EVIDENT INJURY ACCIDENT,FIXED OBJECT,45.75332772,-111.1646746
C016707N,001+0.728,NOT IN CITY LIMITS,GALLATIN,FEBRUARY,2017,7:45,THU,NON-JUNCTION,ON ROADWAY,CLOUDY,ICE/FROST,DAYLIGHT,NON-INJURY ACCIDENT (PROPERTY- DAMAGE-ONLY ACCIDENT),REAR-END,45.74967763,-111.1645223
C016707N,001+0.820,,GALLATIN,November,2015,10:25,MON,INTERSECTION,ON ROADWAY,CLOUDY,SNOW,DAYLIGHT,NON-INCAPACITATING EVIDENT INJURY ACCIDENT,RIGHT ANGLE,45.74967,-111.16452
C016707N,001+0.830,,GALLATIN,November,2014,21:10,WED,INTERSECTION,SHOULDER,CLEAR,ICE/FROST,DARK-NOT LIGHTED,NON-INJURY ACCIDENT (PROPERTY- DAMAGE-ONLY ACCIDENT),FIXED OBJECT,45.74958715,-111.1645321
C016707N,002+0.148,,GALLATIN,December,2015,13:50,TUE,INTERSECTION,ON ROADWAY,CLOUDY,ICE/FROST,DAYLIGHT,NON-INJURY ACCIDENT (PROPERTY- DAMAGE-ONLY ACCIDENT),"SIDESWIPE, SAME DIRECTION",45.72944221,-111.1643699
C016707N,002+0.233,NOT IN CITY LIMITS,GALLATIN,JANUARY,2017,16:25,TUE,INTERSECTION,ON ROADWAY,CLEAR,DRY,DAYLIGHT,NON-INJURY ACCIDENT (PROPERTY- DAMAGE-ONLY ACCIDENT),RIGHT ANGLE,45.74369863,-111.1644971
C016707N,002+0.289,,GALLATIN,June,2014,12:12,SAT,NON-JUNCTION,ROADSIDE RIGHT,CLOUDY,DRY,DAYLIGHT,NON-INJURY ACCIDENT (PROPERTY- DAMAGE-ONLY ACCIDENT),NOT FIXED OBJECT OR DEBRIS,45.74290337,-111.1644874
C016707N,002+0.560,,GALLATIN,July,2014,22:45,TUE,NON-JUNCTION,SHOULDER,CLOUDY,DRY,DARK-NOT LIGHTED,NON-INJURY ACCIDENT (PROPERTY- DAMAGE-ONLY ACCIDENT),FIXED OBJECT,45.73898,-111.1644
C016707N,003+0.140,,GALLATIN,February,2013,6:03,WED,NON-JUNCTION,ON ROADWAY,CLOUDY,DRY,DARK-NOT LIGHTED,NON-INJURY ACCIDENT (PROPERTY- DAMAGE-ONLY ACCIDENT),FIXED OBJECT,45.730585,-111.164355
C016707N,003+0.226,,GALLATIN,December,2015,0:39,FRI,INTERSECTION-RELATED,ROADSIDE LEFT,CLOUDY,ICE/FROST,DARK-LIGHTED,NON-INJURY ACCIDENT (PROPERTY- DAMAGE-ONLY ACCIDENT),ROLL OVER,45.72930499,-111.16438
C016709N,000+0.988,,GALLATIN,July,2015,14:45,WED,INTERSECTION,ROADSIDE RIGHT,RAIN,WET,DAYLIGHT,POSSIBLE INJURY ACCIDENT,ROLL OVER,45.74386683,-111.1647711
C016709N,001+0.008,,GALLATIN,February,2016,19:20,SAT,INTERSECTION,ON ROADWAY,CLOUDY,DRY,DARK-NOT LIGHTED,NON-INJURY ACCIDENT (PROPERTY- DAMAGE-ONLY ACCIDENT),RIGHT ANGLE,45.74376708,-111.1643816
C016709N,001+0.129,,GALLATIN,November,2014,2:00,SUN,NON-JUNCTION,SHOULDER,CLEAR,SNOW,DARK-NOT LIGHTED,NON-INCAPACITATING EVIDENT INJURY ACCIDENT,ROLL OVER,45.74370297,-111.1618546
C016709N,001+0.700,,GALLATIN,August,2013,12:40,WED,INTERSECTION,ON ROADWAY,CLEAR,DRY,DAYLIGHT,NON-INJURY ACCIDENT (PROPERTY- DAMAGE-ONLY ACCIDENT),RIGHT ANGLE,45.74370297,-111.1500862
C016709N,001+0.718,BELGRADE,GALLATIN,December,2014,12:52,WED,DRIVEWAY/ALLEY ACCESS RELATED,ROADSIDE RIGHT,CLOUDY,WET,DAYLIGHT,NON-INJURY ACCIDENT (PROPERTY- DAMAGE-ONLY ACCIDENT),FIXED OBJECT,45.74378133,-111.1497452
C016709N,002+0.168,,GALLATIN,February,2016,0:55,FRI,NON-JUNCTION,ROADSIDE RIGHT,CLEAR,DRY,DARK-NOT LIGHTED,NON-INCAPACITATING EVIDENT INJURY ACCIDENT,FIXED OBJECT,45.74386281,-111.1403865
C016709N,002+0.803,,GALLATIN,November,2016,20:55,SUN,NON-JUNCTION,ROADSIDE RIGHT,CLEAR,DRY,DARK-NOT LIGHTED,NON-INJURY ACCIDENT (PROPERTY- DAMAGE-ONLY ACCIDENT),FIXED OBJECT,45.74391579,-111.1272639
C016709N,002+0.954,,GALLATIN,July,2014,4:00,WED,INTERSECTION-RELATED,ROADSIDE RIGHT,"FOG, SMOG, SMOKE",DRY,DARK-NOT LIGHTED,NON-INJURY ACCIDENT (PROPERTY- DAMAGE-ONLY ACCIDENT),FIXED OBJECT,45.74396934,-111.1239676
C016709N,002+0.970,,GALLATIN,January,2013,12:30,WED,INTERSECTION,SHOULDER,CLOUDY,SNOW,DAYLIGHT,NON-INJURY ACCIDENT (PROPERTY- DAMAGE-ONLY ACCIDENT),FIXED OBJECT,45.74391469,-111.1238104
C016709N,002+0.972,BELGRADE,GALLATIN,October,2014,5:10,THU,NON-JUNCTION,SHOULDER,CLEAR,DRY,DARK-NOT LIGHTED,NON-INCAPACITATING EVIDENT INJURY ACCIDENT,FIXED OBJECT,45.74394546,-111.1238104
C016709N,002+0.972,,GALLATIN,March,2015,4:00,SAT,INTERSECTION-RELATED,ROADSIDE RIGHT,UNKNOWN,DRY,UNKNOWN,UNKNOWN,FIXED OBJECT,45.74397933,-111.1238672
C016709N,002+0.972,,GALLATIN,April,2016,2:00,SAT,INTERSECTION-RELATED,ROADSIDE RIGHT,CLOUDY,DRY,DARK-NOT LIGHTED,NON-INJURY ACCIDENT (PROPERTY- DAMAGE-ONLY ACCIDENT),FIXED OBJECT,45.74397913,-111.1238125
C016709N,002+0.978,NOT IN CITY LIMITS,GALLATIN,SEPTEMBER,2017,15:45,SAT,INTERSECTION,ROADSIDE LEFT,CLOUDY,DRY,DAYLIGHT,NON-INJURY ACCIDENT (PROPERTY- DAMAGE-ONLY ACCIDENT),FIXED OBJECT,45.74389416,-111.1238173
C016709N,002+0.978,NOT IN CITY LIMITS,GALLATIN,SEPTEMBER,2017,17:50,SAT,NON-JUNCTION,ROADSIDE LEFT,CLOUDY,DRY,DAYLIGHT,NON-INCAPACITATING EVIDENT INJURY ACCIDENT,FIXED OBJECT,45.74384294,-111.123708
C016709N,003+0.478,,GALLATIN,April,2014,2:10,SAT,NON-JUNCTION,ROADSIDE LEFT,CLOUDY,DRY,DARK-NOT LIGHTED,NON-INJURY ACCIDENT (PROPERTY- DAMAGE-ONLY ACCIDENT),FIXED OBJECT,45.73665833,-111.1238283
C016709N,003+0.698,,GALLATIN,September,2015,7:32,FRI,NON-JUNCTION,SHOULDER,"FOG, SMOG, SMOKE",DRY,DAYLIGHT,NON-INJURY ACCIDENT (PROPERTY- DAMAGE-ONLY ACCIDENT),FIXED OBJECT,45.73341326,-111.1238241
C016712N,000+0.010,NOT IN CITY LIMITS,GALLATIN,JUNE,2017,7:55,THU,INTERSECTION,ON ROADWAY,CLEAR,DRY,DAYLIGHT,NON-INJURY ACCIDENT (PROPERTY- DAMAGE-ONLY ACCIDENT),REAR-END,45.72915123,-111.1445947
C016712N,000+0.013,,GALLATIN,July,2014,7:45,TUE,INTERSECTION-RELATED,ON ROADWAY,CLEAR,DRY,DAYLIGHT,NON-INJURY ACCIDENT (PROPERTY- DAMAGE-ONLY ACCIDENT),REAR TO FRONT,45.72906582,-111.1446972
C016712N,000+0.150,NOT IN CITY LIMITS,GALLATIN,OCTOBER,2017,17:32,THU,NON-JUNCTION,ON ROADWAY,CLOUDY,DRY,DAYLIGHT,NON-INCAPACITATING EVIDENT INJURY ACCIDENT,REAR-END,45.72706598,-111.1446102
C016712N,000+0.270,,GALLATIN,July,2016,17:26,TUE,INTERSECTION,ON ROADWAY,CLOUDY,DRY,DAYLIGHT,NON-INJURY ACCIDENT (PROPERTY- DAMAGE-ONLY ACCIDENT),RIGHT ANGLE,45.72530365,-111.1446228
C016712N,000+0.279,NOT IN CITY LIMITS,GALLATIN,AUGUST,2017,18:00,THU,INTERSECTION,ON ROADWAY,CLEAR,DRY,DAYLIGHT,NON-INJURY ACCIDENT (PROPERTY- DAMAGE-ONLY ACCIDENT),REAR-END,45.72515214,-111.1446562
C016712N,000+0.902,,GALLATIN,June,2015,4:30,FRI,NON-JUNCTION,ROADSIDE RIGHT,CLEAR,DRY,DARK-NOT LIGHTED,NON-INCAPACITATING EVIDENT INJURY ACCIDENT,ROLL OVER,45.71622508,-111.1448953
C016712N,000+0.990,,GALLATIN,December,2015,4:45,SAT,INTERSECTION-RELATED,OUTSIDE RIGHT-OF-WAY (TRAFFICWAY),CLOUDY,ICE/FROST,DARK-NOT LIGHTED,NON-INCAPACITATING EVIDENT INJURY ACCIDENT,ROLL OVER,45.71487333,-111.1448567
C016712N,001+0.000,,GALLATIN,February,2013,8:50,SAT,INTERSECTION-RELATED,SHOULDER,CLEAR,DRY,DAYLIGHT,NON-INJURY ACCIDENT (PROPERTY- DAMAGE-ONLY ACCIDENT),FIXED OBJECT,45.71472589,-111.1448816
C016712N,001+0.019,,GALLATIN,March,2016,23:00,SUN,INTERSECTION-RELATED,SHOULDER,CLEAR,DRY,DARK-NOT LIGHTED,NON-INJURY ACCIDENT (PROPERTY- DAMAGE-ONLY ACCIDENT),ROLL OVER,45.71444076,-111.1448349
C016712N,001+0.027,,GALLATIN,September,2015,20:20,MON,NON-JUNCTION,ROADSIDE RIGHT,CLOUDY,DRY,DARK-NOT LIGHTED,NON-INJURY ACCIDENT (PROPERTY- DAMAGE-ONLY ACCIDENT),FIXED OBJECT,45.71439799,-111.1449089
C016712N,001+0.208,NOT IN CITY LIMITS,GALLATIN,SEPTEMBER,2017,12:00,SUN,NON-JUNCTION,ROADSIDE LEFT,"FOG, SMOG, SMOKE",DRY,DAYLIGHT,NON-INJURY ACCIDENT (PROPERTY- DAMAGE-ONLY ACCIDENT),FIXED OBJECT,45.71177485,-111.1449758
C016712N,001+0.639,NOT IN CITY LIMITS,GALLATIN,NOVEMBER,2017,7:10,THU,NON-JUNCTION,ROADSIDE RIGHT,CLOUDY,ICE/FROST,DARK-NOT LIGHTED,NON-INJURY ACCIDENT (PROPERTY- DAMAGE-ONLY ACCIDENT),ROLL OVER,45.70551281,-111.1449529
C016712N,001+0.782,,GALLATIN,October,2016,6:40,THU,NON-JUNCTION,ON ROADWAY,CLOUDY,DRY,DARK-NOT LIGHTED,NON-INJURY ACCIDENT (PROPERTY- DAMAGE-ONLY ACCIDENT),WILD ANIMAL,45.70344655,-111.1449282
C016712N,001+0.996,,GALLATIN,September,2014,15:09,TUE,INTERSECTION,ON ROADWAY,CLOUDY,WET,DAYLIGHT,NON-INJURY ACCIDENT (PROPERTY- DAMAGE-ONLY ACCIDENT),REAR-END,45.70037,-111.1451
C016712N,002+0.000,,GALLATIN,October,2013,19:45,SAT,INTERSECTION,ON ROADWAY,CLEAR,DRY,DARK-LIGHTED,NON-INJURY ACCIDENT (PROPERTY- DAMAGE-ONLY ACCIDENT),RIGHT ANGLE,45.70028667,-111.14506
C016712N,002+0.018,,GALLATIN,February,2016,14:20,TUE,INTERSECTION,ON ROADWAY,CLOUDY,DRY,DAYLIGHT,NON-INJURY ACCIDENT (PROPERTY- DAMAGE-ONLY ACCIDENT),RIGHT ANGLE,45.70003074,-111.1450933
C016712N,002+0.024,,GALLATIN,April,2014,14:30,TUE,INTERSECTION,ON ROADWAY,CLEAR,DRY,DAYLIGHT,INCAPACITATING INJURY ACCIDENT,RIGHT ANGLE,45.69996667,-111.1449367
C016712N,002+0.024,BOZEMAN,GALLATIN,August,2014,14:40,MON,INTERSECTION,ON ROADWAY,CLEAR,DRY,DAYLIGHT,NON-INJURY ACCIDENT (PROPERTY- DAMAGE-ONLY ACCIDENT),RIGHT ANGLE,45.69997833,-111.1450467
C016712N,002+0.029,,GALLATIN,April,2015,12:50,FRI,INTERSECTION-RELATED,ON ROADWAY,CLEAR,DRY,DAYLIGHT,NON-INJURY ACCIDENT (PROPERTY- DAMAGE-ONLY ACCIDENT),RIGHT ANGLE,45.69989667,-111.1449367
C016712N,002+0.181,NOT IN CITY LIMITS,GALLATIN,SEPTEMBER,2017,14:51,FRI,DRIVEWAY/ALLEY ACCESS RELATED,ON ROADWAY,CLEAR,DRY,DAYLIGHT,NON-INJURY ACCIDENT (PROPERTY- DAMAGE-ONLY ACCIDENT),REAR-END,45.69771532,-111.1450182
C016712N,002+0.229,NOT IN CITY LIMITS,GALLATIN,DECEMBER,2017,20:35,SAT,NON-JUNCTION,ROADSIDE LEFT,CLEAR,DRY,DARK-NOT LIGHTED,NON-INJURY ACCIDENT (PROPERTY- DAMAGE-ONLY ACCIDENT),FIXED OBJECT,45.69696397,-111.1451958
C016712N,002+0.673,,GALLATIN,July,2014,5:05,MON,NON-JUNCTION,SHOULDER,CLEAR,DRY,DARK-NOT LIGHTED,INCAPACITATING INJURY ACCIDENT,BICYCLE,45.69051704,-111.1451574