MDT_CORRIDOR_ID,SMS_REFPOST_OFFSET,CITY,COUNTY,Month,Year,SMS_TIME,SMT_CRASH_OCC_DAY_OF_WEEK,JUNCTION_RELATED,ROADWAY_RELATED,WEATHER_COND,ROAD_COND,LIGHT_COND,CRASH_SEVERITY,COLLISION_TYPE,LATITUDE,LONGITUDE
C016712N,002+0.803,NOT IN CITY LIMITS,GALLATIN,OCTOBER,2017,8:04,TUE,NON-JUNCTION,ROADSIDE RIGHT,SNOW,ICE/FROST,DAYLIGHT,NON-INJURY ACCIDENT (PROPERTY- DAMAGE-ONLY ACCIDENT),ROLL OVER,45.68865387,-111.1452933
C016712N,002+0.989,,GALLATIN,June,2016,16:30,FRI,INTERSECTION,ON ROADWAY,CLEAR,DRY,DAYLIGHT,NON-INJURY ACCIDENT (PROPERTY- DAMAGE-ONLY ACCIDENT),RIGHT ANGLE,45.68598607,-111.1453123
C016712N,002+0.995,BOZEMAN,GALLATIN,August,2014,11:00,MON,INTERSECTION,ON ROADWAY,CLEAR,DRY,DAYLIGHT,NON-INJURY ACCIDENT (PROPERTY- DAMAGE-ONLY ACCIDENT),RIGHT ANGLE,45.68588833,-111.1453533
C016712N,003+0.005,,GALLATIN,March,2014,6:25,MON,INTERSECTION,ON ROADWAY,SNOW,ICE/FROST,DAWN,NON-INJURY ACCIDENT (PROPERTY- DAMAGE-ONLY ACCIDENT),RIGHT ANGLE,45.68581025,-111.1453461
C016712N,003+0.014,,GALLATIN,October,2016,10:05,TUE,INTERSECTION,ON ROADWAY,CLOUDY,DRY,DAYLIGHT,NON-INJURY ACCIDENT (PROPERTY- DAMAGE-ONLY ACCIDENT),RIGHT ANGLE,45.68559509,-111.1453051
C016712N,003+0.020,,GALLATIN,August,2015,12:17,SUN,INTERSECTION,ON ROADWAY,CLEAR,DRY,DAYLIGHT,NON-INJURY ACCIDENT (PROPERTY- DAMAGE-ONLY ACCIDENT),"LEFT TURN, OPPOSITE DIRECTION",45.68552,-111.1452483
C016712N,003+0.195,NOT IN CITY LIMITS,GALLATIN,NOVEMBER,2017,0:30,SUN,NON-JUNCTION,ROADSIDE RIGHT,CLOUDY,ICE/FROST,DARK-NOT LIGHTED,NON-INJURY ACCIDENT (PROPERTY- DAMAGE-ONLY ACCIDENT),FIXED OBJECT,45.68296968,-111.1454716
C016712N,003+0.790,,GALLATIN,February,2013,4:30,SUN,NON-JUNCTION,ROADSIDE RIGHT,CLEAR,SNOW,DARK-NOT LIGHTED,NON-INCAPACITATING EVIDENT INJURY ACCIDENT,FIXED OBJECT,45.67424331,-111.1454075
C016712N,003+0.971,,GALLATIN,April,2016,0:00,SAT,NON-JUNCTION,ROADSIDE RIGHT,CLOUDY,DRY,DARK-NOT LIGHTED,NON-INJURY ACCIDENT (PROPERTY- DAMAGE-ONLY ACCIDENT),FIXED OBJECT,45.67178,-111.14514
C016712N,003+0.986,,GALLATIN,February,2014,14:30,FRI,INTERSECTION,ON ROADWAY,CLEAR,SNOW,DAYLIGHT,NON-INJURY ACCIDENT (PROPERTY- DAMAGE-ONLY ACCIDENT),"RIGHT TURN, OPPOSITE DIRECTION",45.67162071,-111.1455164
C016712N,003+0.986,,GALLATIN,May,2015,14:45,THU,INTERSECTION-RELATED,ROADSIDE RIGHT,CLOUDY,DRY,DAYLIGHT,NON-INJURY ACCIDENT (PROPERTY- DAMAGE-ONLY ACCIDENT),ROLL OVER,45.671585,-111.1452283
C016712N,004+0.004,BOZEMAN,GALLATIN,July,2015,16:07,FRI,INTERSECTION,ROADSIDE RIGHT,CLEAR,DRY,DAYLIGHT,NON-INJURY ACCIDENT (PROPERTY- DAMAGE-ONLY ACCIDENT),FIXED OBJECT,45.67120386,-111.1451753
C016713N,000+0.235,,GALLATIN,August,2015,21:06,WED,NON-JUNCTION,ROADSIDE LEFT,CLEAR,DRY,DAYLIGHT,POSSIBLE INJURY ACCIDENT,FIXED OBJECT,45.72594783,-111.123872
C016713N,000+0.490,,GALLATIN,December,2013,15:40,MON,NON-JUNCTION,ROADSIDE LEFT,SNOW,SNOW,DAYLIGHT,NON-INJURY ACCIDENT (PROPERTY- DAMAGE-ONLY ACCIDENT),ROLL OVER,45.72216,-111.123995
C016713N,000+0.509,,GALLATIN,August,2015,15:55,TUE,NON-JUNCTION,ROADSIDE RIGHT,"FOG, SMOG, SMOKE",DRY,DAYLIGHT,NON-INJURY ACCIDENT (PROPERTY- DAMAGE-ONLY ACCIDENT),FIXED OBJECT,45.72204782,-111.1238104
C016713N,000+0.655,NOT IN CITY LIMITS,GALLATIN,NOVEMBER,2017,18:35,SAT,NON-JUNCTION,ON ROADWAY,CLOUDY,SNOW,DARK-NOT LIGHTED,NON-INJURY ACCIDENT (PROPERTY- DAMAGE-ONLY ACCIDENT),DOMESTIC ANIMAL,45.72097208,-111.1212696
C016713N,001+0.264,,GALLATIN,August,2016,21:05,THU,NON-JUNCTION,ROADSIDE LEFT,CLEAR,DRY,DARK-NOT LIGHTED,INCAPACITATING INJURY ACCIDENT,ROLL OVER,45.71513226,-111.1124917
C016713N,001+0.277,,GALLATIN,January,2016,6:45,WED,NON-JUNCTION,ROADSIDE RIGHT,SNOW,SNOW,DARK-NOT LIGHTED,NON-INJURY ACCIDENT (PROPERTY- DAMAGE-ONLY ACCIDENT),ROLL OVER,45.71496127,-111.1122943
C016713N,001+0.312,BOZEMAN,GALLATIN,June,2016,21:40,FRI,NON-JUNCTION,ROADSIDE RIGHT,CLEAR,DRY,DUSK,INCAPACITATING INJURY ACCIDENT,ROLL OVER,45.71464391,-111.1116664
C016713N,001+0.705,,GALLATIN,September,2016,2:00,SAT,INTERSECTION,ROADSIDE RIGHT,CLEAR,DRY,DARK-NOT LIGHTED,NON-INJURY ACCIDENT (PROPERTY- DAMAGE-ONLY ACCIDENT),FIXED OBJECT,45.71473268,-111.1034975
C016713N,001+0.718,,GALLATIN,February,2015,1:45,SAT,INTERSECTION-RELATED,SHOULDER,SNOW,ICE/FROST,DARK-NOT LIGHTED,NON-INJURY ACCIDENT (PROPERTY- DAMAGE-ONLY ACCIDENT),FIXED OBJECT,45.71468834,-111.1033267
C016713N,002+0.350,,GALLATIN,November,2013,0:45,FRI,NON-JUNCTION,ROADSIDE LEFT,CLEAR,DRY,DARK-NOT LIGHTED,NON-INJURY ACCIDENT (PROPERTY- DAMAGE-ONLY ACCIDENT),FIXED OBJECT,45.70545048,-111.1034018
C016713N,002+0.566,,GALLATIN,May,2015,21:00,THU,INTERSECTION-RELATED,SHOULDER,CLOUDY,DRY,DARK-NOT LIGHTED,NON-INJURY ACCIDENT (PROPERTY- DAMAGE-ONLY ACCIDENT),FIXED OBJECT,45.70248568,-111.1034026
C016713N,002+0.717,,GALLATIN,November,2014,23:20,WED,INTERSECTION-RELATED,ROADSIDE RIGHT,CLEAR,SLUSH,DARK-NOT LIGHTED,NON-INJURY ACCIDENT (PROPERTY- DAMAGE-ONLY ACCIDENT),U TURN,45.70029666,-111.10355
C016713N,002+0.717,,GALLATIN,February,2016,20:30,FRI,INTERSECTION,ON ROADWAY,CLEAR,DRY,DARK-NOT LIGHTED,NON-INJURY ACCIDENT (PROPERTY- DAMAGE-ONLY ACCIDENT),RIGHT ANGLE,45.70025613,-111.1034155
C016725N,000+0.000,NOT IN CITY LIMITS,GALLATIN,FEBRUARY,2017,7:45,THU,INTERSECTION,ROADSIDE LEFT,SNOW,ICE/FROST,DAYLIGHT,NON-INJURY ACCIDENT (PROPERTY- DAMAGE-ONLY ACCIDENT),ROLL OVER,45.60549596,-111.1460263
C016725N,000+0.179,,GALLATIN,August,2014,19:52,THU,NON-JUNCTION,ON ROADWAY,CLEAR,DRY,DAYLIGHT,NON-INCAPACITATING EVIDENT INJURY ACCIDENT,RIGHT ANGLE,45.59835649,-111.1927612
C016725N,001+0.477,,GALLATIN,September,2014,0:30,SUN,THROUGH ROADWAY,ROADSIDE RIGHT,CLEAR,DRY,DARK-NOT LIGHTED,NON-INJURY ACCIDENT (PROPERTY- DAMAGE-ONLY ACCIDENT),FIXED OBJECT,45.5983455,-111.1659627
C016725N,001+0.477,,GALLATIN,May,2015,20:30,TUE,INTERSECTION,ROADSIDE RIGHT,RAIN,WET,DARK-NOT LIGHTED,NON-INJURY ACCIDENT (PROPERTY- DAMAGE-ONLY ACCIDENT),FIXED OBJECT,45.59834,-111.166
C016725N,001+0.484,,GALLATIN,July,2016,18:50,WED,NON-JUNCTION,ROADSIDE RIGHT,CLEAR,DRY,DAYLIGHT,POSSIBLE INJURY ACCIDENT,FIXED OBJECT,45.59847602,-111.1659117
C016725N,001+0.490,,GALLATIN,January,2013,7:20,THU,INTERSECTION-RELATED,SHOULDER,SNOW,WET,DAYLIGHT,NON-INCAPACITATING EVIDENT INJURY ACCIDENT,FIXED OBJECT,45.59852723,-111.1657956
C016725N,001+0.490,,GALLATIN,June,2013,14:55,SAT,INTERSECTION-RELATED,SHOULDER,CLEAR,DRY,DAYLIGHT,POSSIBLE INJURY ACCIDENT,FIXED OBJECT,45.5984248,-111.1657889
C016725N,001+0.492,,GALLATIN,August,2014,23:00,FRI,NON-JUNCTION,ROADSIDE RIGHT,CLEAR,DRY,DARK-NOT LIGHTED,NON-INJURY ACCIDENT (PROPERTY- DAMAGE-ONLY ACCIDENT),FIXED OBJECT,45.59850333,-111.16569
C016725N,001+0.500,,GALLATIN,June,2013,16:32,MON,NON-JUNCTION,ROADSIDE RIGHT,CLOUDY,DRY,DAYLIGHT,NON-INJURY ACCIDENT (PROPERTY- DAMAGE-ONLY ACCIDENT),ROLL OVER,45.59865707,-111.1656386
C016725N,001+0.540,,GALLATIN,May,2013,21:15,FRI,NON-JUNCTION,ROADSIDE LEFT,CLEAR,DRY,DARK-NOT LIGHTED,NON-INJURY ACCIDENT (PROPERTY- DAMAGE-ONLY ACCIDENT),ROLL OVER,45.59913667,-111.1651283
C016725N,001+0.577,,GALLATIN,April,2015,0:05,SUN,NON-JUNCTION,SHOULDER,CLOUDY,WET,DARK-NOT LIGHTED,NON-INJURY ACCIDENT (PROPERTY- DAMAGE-ONLY ACCIDENT),FIXED OBJECT,45.59946986,-111.1646345
C016725N,001+0.577,,GALLATIN,February,2016,17:05,SUN,NON-JUNCTION,ROADSIDE RIGHT,CLOUDY,DRY,DAYLIGHT,NON-INCAPACITATING EVIDENT INJURY ACCIDENT,FIXED OBJECT,45.599422,-111.1646345
C016725N,001+0.660,,GALLATIN,August,2013,17:00,THU,NON-JUNCTION,SHOULDER,CLOUDY,DRY,DAYLIGHT,NON-INJURY ACCIDENT (PROPERTY- DAMAGE-ONLY ACCIDENT),FIXED OBJECT,45.60045683,-111.1636578
C016725N,002+0.010,,GALLATIN,September,2014,7:40,TUE,NON-JUNCTION,SHOULDER,CLEAR,DRY,DAYLIGHT,NON-INJURY ACCIDENT (PROPERTY- DAMAGE-ONLY ACCIDENT),ROLL OVER,45.60249,-111.1576
C016725N,002+0.210,,GALLATIN,March,2013,6:05,WED,NON-JUNCTION,ROADSIDE RIGHT,CLEAR,DRY,DARK-NOT LIGHTED,NON-INJURY ACCIDENT (PROPERTY- DAMAGE-ONLY ACCIDENT),ROLL OVER,45.60505333,-111.1552817
C016725N,002+0.222,,GALLATIN,April,2015,7:15,MON,NON-JUNCTION,ROADSIDE LEFT,CLEAR,DRY,DAYLIGHT,NON-INJURY ACCIDENT (PROPERTY- DAMAGE-ONLY ACCIDENT),ROLL OVER,45.60511167,-111.155155
C016725N,002+0.230,,GALLATIN,July,2013,6:00,SAT,NON-JUNCTION,ROADSIDE RIGHT,CLEAR,DRY,DAWN,POSSIBLE INJURY ACCIDENT,ROLL OVER,45.60518848,-111.1551483
C016725N,002+0.239,,GALLATIN,January,2015,18:05,THU,NON-JUNCTION,ROADSIDE RIGHT,CLEAR,DRY,DUSK,NON-INJURY ACCIDENT (PROPERTY- DAMAGE-ONLY ACCIDENT),FIXED OBJECT,45.60553447,-111.1554175
C016725N,002+0.240,,GALLATIN,October,2013,23:30,SUN,NON-JUNCTION,ROADSIDE RIGHT,CLEAR,DRY,DARK-NOT LIGHTED,NON-INCAPACITATING EVIDENT INJURY ACCIDENT,ROLL OVER,45.605475,-111.154875
C016725N,002+0.256,,GALLATIN,February,2014,2:15,SUN,NON-JUNCTION,SHOULDER,SNOW,SNOW,DARK-NOT LIGHTED,NON-INJURY ACCIDENT (PROPERTY- DAMAGE-ONLY ACCIDENT),FIXED OBJECT,45.60556233,-111.1547444
C016725N,002+0.256,,GALLATIN,October,2015,0:50,TUE,NON-JUNCTION,SHOULDER,RAIN,WET,DARK-NOT LIGHTED,NON-INJURY ACCIDENT (PROPERTY- DAMAGE-ONLY ACCIDENT),ROLL OVER,45.60552821,-111.1547786
C016725N,002+0.263,,GALLATIN,August,2015,22:00,SAT,NON-JUNCTION,ROADSIDE RIGHT,CLOUDY,DRY,DARK-NOT LIGHTED,NON-INJURY ACCIDENT (PROPERTY- DAMAGE-ONLY ACCIDENT),ROLL OVER,45.60561698,-111.1546829
C016725N,002+0.278,,GALLATIN,August,2015,0:10,SAT,NON-JUNCTION,ROADSIDE LEFT,CLEAR,DRY,DARK-NOT LIGHTED,INCAPACITATING INJURY ACCIDENT,ROLL OVER,45.60581718,-111.1543969
C016725N,002+0.285,,GALLATIN,November,2014,7:40,TUE,NON-JUNCTION,SHOULDER,CLOUDY,SNOW,DAYLIGHT,NON-INJURY ACCIDENT (PROPERTY- DAMAGE-ONLY ACCIDENT),FIXED OBJECT,45.6055863,-111.1541638
C016725N,002+0.664,,GALLATIN,November,2016,22:40,MON,NON-JUNCTION,ROADSIDE RIGHT,SNOW,SNOW,DARK-NOT LIGHTED,NON-INJURY ACCIDENT (PROPERTY- DAMAGE-ONLY ACCIDENT),FIXED OBJECT,45.60565695,-111.1464314
C016725N,002+0.680,,GALLATIN,January,2013,0:15,SAT,NON-JUNCTION,OFF ROADWAY LOCATION UNKNOWN,CLEAR,DRY,DARK-NOT LIGHTED,NON-INCAPACITATING EVIDENT INJURY ACCIDENT,FIXED OBJECT,45.60555898,-111.1459881
C016725N,002+0.686,,GALLATIN,January,2014,19:25,THU,INTERSECTION-RELATED,ON ROADWAY,CLEAR,ICE/FROST,DARK-NOT LIGHTED,NON-INJURY ACCIDENT (PROPERTY- DAMAGE-ONLY ACCIDENT),FIXED OBJECT,45.60540525,-111.1458788
C016725N,002+0.686,,GALLATIN,January,2015,23:00,SUN,NON-JUNCTION,ROADSIDE RIGHT,CLOUDY,ICE/FROST,DARK-NOT LIGHTED,NON-INJURY ACCIDENT (PROPERTY- DAMAGE-ONLY ACCIDENT),ROLL OVER,45.60551,-111.14595
C016725N,002+0.686,,GALLATIN,December,2016,2:45,SAT,INTERSECTION,ROADSIDE LEFT,SNOW,SNOW,DARK-NOT LIGHTED,NON-INJURY ACCIDENT (PROPERTY- DAMAGE-ONLY ACCIDENT),FIXED OBJECT,45.60559309,-111.1459812
C016725N,002+0.715,,GALLATIN,March,2014,5:50,MON,OTHER LOCATION,ROADSIDE RIGHT,CLEAR,SNOW,DARK-NOT LIGHTED,NON-INJURY ACCIDENT (PROPERTY- DAMAGE-ONLY ACCIDENT),REAR-END,45.60579902,-111.1455815
C016725N,002+0.730,,GALLATIN,November,2014,12:24,TUE,INTERSECTION,SHOULDER,CLOUDY,SNOW,DAYLIGHT,NON-INJURY ACCIDENT (PROPERTY- DAMAGE-ONLY ACCIDENT),ROLL OVER,45.60602705,-111.1456697
C016725N,003+0.080,,GALLATIN,August,2013,22:25,FRI,NON-JUNCTION,OFF ROADWAY LOCATION UNKNOWN,CLEAR,DRY,DARK-NOT LIGHTED,NON-INJURY ACCIDENT (PROPERTY- DAMAGE-ONLY ACCIDENT),ROLL OVER,45.611115,-111.145785
C016725N,003+0.655,,GALLATIN,December,2014,14:45,FRI,NON-JUNCTION,ROADSIDE RIGHT,CLOUDY,SNOW,DAYLIGHT,NON-INJURY ACCIDENT (PROPERTY- DAMAGE-ONLY ACCIDENT),ROLL OVER,45.61943667,-111.1457217
C016725N,003+0.737,,GALLATIN,December,2016,22:05,SAT,NON-JUNCTION,ROADSIDE LEFT,BLOWING SNOW,ICE/FROST,DARK-NOT LIGHTED,NON-INJURY ACCIDENT (PROPERTY- DAMAGE-ONLY ACCIDENT),FIXED OBJECT,45.62054522,-111.1459889
C016725N,003+0.769,,GALLATIN,February,2016,2:30,SAT,NON-JUNCTION,ROADSIDE RIGHT,CLEAR,DRY,DARK-NOT LIGHTED,UNKNOWN,ROLL OVER,45.62099174,-111.1457217
C016725N,003+0.819,,GALLATIN,May,2015,23:00,SUN,NON-JUNCTION,SHOULDER,CLOUDY,DRY,DARK-NOT LIGHTED,NON-INCAPACITATING EVIDENT INJURY ACCIDENT,ROLL OVER,45.62171687,-111.1454654
C016725N,003+0.863,NOT IN CITY LIMITS,GALLATIN,MAY,2017,8:00,THU,NON-JUNCTION,ON ROADWAY,CLEAR,SLUSH,DAYLIGHT,POSSIBLE INJURY ACCIDENT,HEAD ON,45.62224833,-111.1450433
C016725N,004+0.010,,GALLATIN,January,2013,1:19,MON,NON-JUNCTION,SHOULDER,CLOUDY,ICE/FROST,DARK-NOT LIGHTED,NON-INCAPACITATING EVIDENT INJURY ACCIDENT,ROLL OVER,45.62412167,-111.1433883
C016725N,004+0.544,,GALLATIN,April,2014,7:30,WED,NON-JUNCTION,ON ROADWAY,CLOUDY,DRY,DAYLIGHT,NON-INJURY ACCIDENT (PROPERTY- DAMAGE-ONLY ACCIDENT),WILD ANIMAL,45.63106284,-111.1389803
C016725N,004+0.779,,GALLATIN,May,2015,17:15,SAT,NON-JUNCTION,ROADSIDE RIGHT,RAIN,WET,DAYLIGHT,NON-INJURY ACCIDENT (PROPERTY- DAMAGE-ONLY ACCIDENT),FIXED OBJECT,45.63346711,-111.1356267
C016725N,004+0.953,,GALLATIN,October,2016,14:10,TUE,DRIVEWAY/ALLEY ACCESS RELATED,ROADSIDE RIGHT,CLEAR,DRY,DAYLIGHT,NON-INJURY ACCIDENT (PROPERTY- DAMAGE-ONLY ACCIDENT),FIXED OBJECT,45.63524594,-111.1330772
C016725N,005+0.065,,GALLATIN,January,2014,16:50,MON,NON-JUNCTION,ON ROADWAY,CLOUDY,DRY,DAYLIGHT,NON-INJURY ACCIDENT (PROPERTY- DAMAGE-ONLY ACCIDENT),"SIDESWIPE, OPPOSITE DIRECTION",45.636335,-111.131325
C016725N,005+0.171,,GALLATIN,October,2016,17:30,SAT,NON-JUNCTION,ROADSIDE RIGHT,CLEAR,DRY,DAYLIGHT,NON-INJURY ACCIDENT (PROPERTY- DAMAGE-ONLY ACCIDENT),ROLL OVER,45.63698651,-111.1292513
C016725N,005+0.393,,GALLATIN,October,2016,0:00,SUN,NON-JUNCTION,ROADSIDE LEFT,CLOUDY,WET,DARK-NOT LIGHTED,NON-INJURY ACCIDENT (PROPERTY- DAMAGE-ONLY ACCIDENT),FIXED OBJECT,45.6383537,-111.125203
C016725N,005+0.393,,GALLATIN,September,2016,17:20,FRI,INTERSECTION,ROADSIDE RIGHT,CLEAR,DRY,DAYLIGHT,NON-INJURY ACCIDENT (PROPERTY- DAMAGE-ONLY ACCIDENT),FIXED OBJECT,45.63826404,-111.1250292
C016725N,005+0.425,,GALLATIN,June,2016,8:45,THU,INTERSECTION-RELATED,ROADSIDE RIGHT,CLEAR,DRY,DAYLIGHT,NON-INJURY ACCIDENT (PROPERTY- DAMAGE-ONLY ACCIDENT),FIXED OBJECT,45.63875591,-111.1249081
C016725N,005+0.623,,GALLATIN,July,2014,18:10,MON,INTERSECTION,ON ROADWAY,CLEAR,DRY,DAYLIGHT,NON-INCAPACITATING EVIDENT INJURY ACCIDENT,RIGHT ANGLE,45.64159504,-111.1250399
C016725N,005+0.623,NOT IN CITY LIMITS,GALLATIN,NOVEMBER,2017,20:50,WED,INTERSECTION,ON ROADWAY,SNOW,ICE/FROST,DARK-NOT LIGHTED,NON-INJURY ACCIDENT (PROPERTY- DAMAGE-ONLY ACCIDENT),HEAD ON,45.64158817,-111.1250058
C016725N,005+0.773,NOT IN CITY LIMITS,GALLATIN,JULY,2017,16:50,SAT,NON-JUNCTION,ROADSIDE RIGHT,CLOUDY,DRY,DAYLIGHT,NON-INJURY ACCIDENT (PROPERTY- DAMAGE-ONLY ACCIDENT),FIXED OBJECT,45.64368943,-111.1249188
C016725N,005+0.935,,GALLATIN,January,2016,10:00,WED,NON-JUNCTION,ROADSIDE RIGHT,CLOUDY,SNOW,DAYLIGHT,NON-INJURY ACCIDENT (PROPERTY- DAMAGE-ONLY ACCIDENT),FIXED OBJECT,45.64615077,-111.1250399
C016725N,005+0.983,NOT IN CITY LIMITS,GALLATIN,NOVEMBER,2017,12:20,SAT,NON-JUNCTION,ON ROADWAY,CLEAR,DRY,DAYLIGHT,NON-INJURY ACCIDENT (PROPERTY- DAMAGE-ONLY ACCIDENT),WILD ANIMAL,45.64673363,-111.1250164
C016725N,006+0.258,NOT IN CITY LIMITS,GALLATIN,SEPTEMBER,2017,1:25,TUE,NON-JUNCTION,ROADSIDE RIGHT,CLOUDY,DRY,DARK-NOT LIGHTED,UNKNOWN,ROLL OVER,45.65078399,-111.1248672
C016725N,006+0.409,,GALLATIN,December,2015,16:33,THU,NON-JUNCTION,ROADSIDE RIGHT,CLOUDY,ICE/FROST,DAYLIGHT,NON-INJURY ACCIDENT (PROPERTY- DAMAGE-ONLY ACCIDENT),ROLL OVER,45.65297599,-111.124913
C016725N,006+0.439,,GALLATIN,December,2015,20:00,MON,NON-JUNCTION,ROADSIDE RIGHT,CLEAR,ICE/FROST,DARK-NOT LIGHTED,NON-INJURY ACCIDENT (PROPERTY- DAMAGE-ONLY ACCIDENT),ROLL OVER,45.65343171,-111.1248828
C016725N,006+0.439,,GALLATIN,February,2016,3:13,SAT,NON-JUNCTION,ON ROADWAY,CLOUDY,DRY,DARK-NOT LIGHTED,NON-INJURY ACCIDENT (PROPERTY- DAMAGE-ONLY ACCIDENT),U TURN,45.65337833,-111.12493
C016725N,006+0.454,,GALLATIN,December,2015,11:00,MON,NON-JUNCTION,ROADSIDE LEFT,CLEAR,ICE/FROST,DAYLIGHT,NON-INJURY ACCIDENT (PROPERTY- DAMAGE-ONLY ACCIDENT),FIXED OBJECT,45.65361427,-111.1250137
C016725N,006+0.468,,GALLATIN,May,2016,17:00,WED,NON-JUNCTION,ROADSIDE RIGHT,CLOUDY,DRY,DAYLIGHT,NON-INJURY ACCIDENT (PROPERTY- DAMAGE-ONLY ACCIDENT),FIXED OBJECT,45.65386714,-111.1250314
C016725N,006+0.495,,GALLATIN,November,2014,8:15,MON,NON-JUNCTION,ROADSIDE RIGHT,CLOUDY,DRY,DAYLIGHT,NON-INJURY ACCIDENT (PROPERTY- DAMAGE-ONLY ACCIDENT),FIXED OBJECT,45.65426667,-111.124945
C016725N,006+0.578,,GALLATIN,January,2014,20:30,FRI,INTERSECTION-RELATED,SHOULDER,SNOW,SNOW,DARK-LIGHTED,NON-INJURY ACCIDENT (PROPERTY- DAMAGE-ONLY ACCIDENT),FIXED OBJECT,45.65537154,-111.1248828
C016725N,006+0.647,NOT IN CITY LIMITS,GALLATIN,JUNE,2017,16:50,SUN,INTERSECTION-RELATED,ROADSIDE RIGHT,CLEAR,DRY,DAYLIGHT,NON-INCAPACITATING EVIDENT INJURY ACCIDENT,ROLL OVER,45.65644048,-111.1249989
C016725N,006+0.659,BOZEMAN,GALLATIN,November,2014,18:30,TUE,INTERSECTION,SHOULDER,SNOW,ICE/FROST,DARK-NOT LIGHTED,NON-INJURY ACCIDENT (PROPERTY- DAMAGE-ONLY ACCIDENT),ROLL OVER,45.65652,-111.12503
C016725N,006+0.659,,GALLATIN,September,2015,19:20,MON,INTERSECTION-RELATED,OUTSIDE RIGHT-OF-WAY (TRAFFICWAY),CLEAR,DRY,DAYLIGHT,NON-INJURY ACCIDENT (PROPERTY- DAMAGE-ONLY ACCIDENT),FIXED OBJECT,45.65664334,-111.1250783
C016725N,006+0.659,,GALLATIN,December,2016,3:00,SAT,INTERSECTION-RELATED,OUTSIDE RIGHT-OF-WAY (TRAFFICWAY),SNOW,SNOW,DARK-NOT LIGHTED,NON-INJURY ACCIDENT (PROPERTY- DAMAGE-ONLY ACCIDENT),FIXED OBJECT,45.65657833,-111.1250833
C016725N,006+0.670,,GALLATIN,January,2014,13:50,WED,INTERSECTION-RELATED,ROADSIDE RIGHT,CLEAR,DRY,DAYLIGHT,NON-INJURY ACCIDENT (PROPERTY- DAMAGE-ONLY ACCIDENT),FIXED OBJECT,45.65667819,-111.1250472
C016725N,006+0.694,NOT IN CITY LIMITS,GALLATIN,OCTOBER,2017,12:57,SUN,NON-JUNCTION,ROADSIDE RIGHT,CLOUDY,DRY,DAYLIGHT,NON-INJURY ACCIDENT (PROPERTY- DAMAGE-ONLY ACCIDENT),FIXED OBJECT,45.65699742,-111.1250081
C016725N,006+0.744,NOT IN CITY LIMITS,GALLATIN,JANUARY,2017,6:30,TUE,NON-JUNCTION,ROADSIDE RIGHT,SNOW,SNOW,DAYLIGHT,NON-INJURY ACCIDENT (PROPERTY- DAMAGE-ONLY ACCIDENT),FIXED OBJECT,45.65777499,-111.1249367
C016725N,006+0.953,,GALLATIN,April,2016,17:20,WED,INTERSECTION,ON ROADWAY,CLOUDY,DRY,DAYLIGHT,POSSIBLE INJURY ACCIDENT,REAR-END,45.66083905,-111.1249921
C016725N,007+0.206,BOZEMAN,GALLATIN,DECEMBER,2017,18:50,SUN,NON-JUNCTION,ROADSIDE LEFT,CLEAR,ICE/FROST,DARK-NOT LIGHTED,NON-INJURY ACCIDENT (PROPERTY- DAMAGE-ONLY ACCIDENT),FIXED OBJECT,45.66445554,-111.1250496
C016725N,007+0.438,,GALLATIN,July,2015,9:20,TUE,NON-JUNCTION,ON ROADWAY,CLEAR,DRY,DAYLIGHT,NON-INJURY ACCIDENT (PROPERTY- DAMAGE-ONLY ACCIDENT),OTHER,45.6679288,-111.1274032
C016725N,007+0.540,,GALLATIN,November,2016,8:15,WED,DRIVEWAY/ALLEY ACCESS RELATED,ON ROADWAY,CLEAR,DRY,DAYLIGHT,NON-INJURY ACCIDENT (PROPERTY- DAMAGE-ONLY ACCIDENT),REAR-END,45.66932302,-111.1254951
C016725N,007+0.567,NOT IN CITY LIMITS,GALLATIN,NOVEMBER,2017,7:30,MON,NON-JUNCTION,ROADSIDE LEFT,SNOW,SNOW,DAYLIGHT,NON-INJURY ACCIDENT (PROPERTY- DAMAGE-ONLY ACCIDENT),FIXED OBJECT,45.6696978,-111.125156
C016725N,007+0.613,,GALLATIN,July,2015,17:20,WED,INTERSECTION-RELATED,ON ROADWAY,CLEAR,DRY,DAYLIGHT,NON-INJURY ACCIDENT (PROPERTY- DAMAGE-ONLY ACCIDENT),RIGHT ANGLE,45.67042527,-111.1250331
C016725N,007+0.636,,GALLATIN,November,2016,7:55,MON,NON-JUNCTION,ON ROADWAY,SNOW,SNOW,DAYLIGHT,NON-INJURY ACCIDENT (PROPERTY- DAMAGE-ONLY ACCIDENT),REAR-END,45.67072576,-111.1250945
C016725N,007+0.640,,GALLATIN,September,2013,17:04,SAT,INTERSECTION-RELATED,ON ROADWAY,CLOUDY,DRY,DAYLIGHT,NON-INJURY ACCIDENT (PROPERTY- DAMAGE-ONLY ACCIDENT),REAR-END,45.67085667,-111.1248367
C016725N,007+0.640,,GALLATIN,March,2014,13:15,SUN,INTERSECTION,ON ROADWAY,CLOUDY,SLUSH,DAYLIGHT,NON-INJURY ACCIDENT (PROPERTY- DAMAGE-ONLY ACCIDENT),REAR-END,45.67077998,-111.1251723