MDT_CORRIDOR_ID,SMS_REFPOST_OFFSET,CITY,COUNTY,Month,Year,SMS_TIME,SMT_CRASH_OCC_DAY_OF_WEEK,JUNCTION_RELATED,ROADWAY_RELATED,WEATHER_COND,ROAD_COND,LIGHT_COND,CRASH_SEVERITY,COLLISION_TYPE,LATITUDE,LONGITUDE
C016725N,007+0.640,,GALLATIN,November,2015,17:30,MON,NON-JUNCTION,ON ROADWAY,CLEAR,DRY,DUSK,NON-INJURY ACCIDENT (PROPERTY- DAMAGE-ONLY ACCIDENT),REAR-END,45.67074973,-111.1250878
C016725N,007+0.647,,GALLATIN,December,2015,14:28,FRI,INTERSECTION-RELATED,ON ROADWAY,CLOUDY,SLUSH,DAYLIGHT,NON-INJURY ACCIDENT (PROPERTY- DAMAGE-ONLY ACCIDENT),REAR-END,45.67088627,-111.1250604
C016725N,007+0.650,,GALLATIN,January,2014,8:00,FRI,INTERSECTION,ON ROADWAY,CLOUDY,ICE/FROST,DAYLIGHT,POSSIBLE INJURY ACCIDENT,HEAD ON,45.67090265,-111.1250285
C016725N,007+0.650,NOT IN CITY LIMITS,GALLATIN,SEPTEMBER,2017,17:25,FRI,INTERSECTION-RELATED,ON ROADWAY,CLOUDY,DRY,DAYLIGHT,NON-INJURY ACCIDENT (PROPERTY- DAMAGE-ONLY ACCIDENT),REAR-END,45.67090681,-111.1250809
C016730N,000+0.100,,GALLATIN,December,2013,10:30,THU,NON-JUNCTION,SHOULDER,CLEAR,ICE/FROST,DAYLIGHT,NON-INJURY ACCIDENT (PROPERTY- DAMAGE-ONLY ACCIDENT),FIXED OBJECT,45.65998832,-111.1838005
C016730N,000+0.130,,GALLATIN,May,2015,10:25,SAT,UNKNOWN,UNKNOWN,UNKNOWN,UNKNOWN,UNKNOWN,UNKNOWN,ROLL OVER,45.66004787,-111.1833378
C016730N,000+0.620,,GALLATIN,July,2013,7:40,MON,NON-JUNCTION,ON ROADWAY,CLOUDY,DRY,DAYLIGHT,NON-INJURY ACCIDENT (PROPERTY- DAMAGE-ONLY ACCIDENT),FIXED OBJECT,45.66021753,-111.1731791
C016736N,000+0.000,,GALLATIN,December,2013,13:15,WED,INTERSECTION-RELATED,ON ROADWAY,CLOUDY,ICE/FROST,DAYLIGHT,NON-INJURY ACCIDENT (PROPERTY- DAMAGE-ONLY ACCIDENT),REAR-END,45.67095255,-111.1541501
C016736N,000+0.140,,GALLATIN,December,2013,14:40,SAT,DRIVEWAY/ALLEY ACCESS RELATED,ON ROADWAY,CLEAR,ICE/FROST,DAYLIGHT,NON-INJURY ACCIDENT (PROPERTY- DAMAGE-ONLY ACCIDENT),RIGHT ANGLE,45.66890667,-111.1543283
C016737N,000+0.210,NOT IN CITY LIMITS,GALLATIN,APRIL,2017,15:00,SAT,NON-JUNCTION,OUTSIDE RIGHT-OF-WAY (TRAFFICWAY),CLEAR,DRY,DAYLIGHT,NON-INJURY ACCIDENT (PROPERTY- DAMAGE-ONLY ACCIDENT),FIXED OBJECT,45.67023792,-111.152542
C016739N,000+0.000,,GALLATIN,May,2013,18:05,MON,INTERSECTION-RELATED,SHOULDER,CLOUDY,DRY,DAYLIGHT,NON-INJURY ACCIDENT (PROPERTY- DAMAGE-ONLY ACCIDENT),FIXED OBJECT,45.638337,-111.1966545
C016739N,001+0.013,NOT IN CITY LIMITS,GALLATIN,JUNE,2017,12:00,TUE,INTERSECTION,ROADSIDE RIGHT,CLOUDY,DRY,DAYLIGHT,NON-INJURY ACCIDENT (PROPERTY- DAMAGE-ONLY ACCIDENT),FIXED OBJECT,45.63839165,-111.1757746
C016739N,001+0.040,,GALLATIN,December,2013,22:35,THU,NON-JUNCTION,ROADSIDE RIGHT,CLEAR,DRY,DARK-LIGHTED,NON-INJURY ACCIDENT (PROPERTY- DAMAGE-ONLY ACCIDENT),ROLL OVER,45.63892333,-111.1757
C016739N,001+0.220,,GALLATIN,December,2013,14:15,WED,DRIVEWAY/ALLEY ACCESS RELATED,ROADSIDE RIGHT,CLOUDY,SNOW,DAYLIGHT,NON-INJURY ACCIDENT (PROPERTY- DAMAGE-ONLY ACCIDENT),FIXED OBJECT,45.64152673,-111.1757678
C016739N,001+0.247,,GALLATIN,January,2015,14:55,SUN,NON-JUNCTION,ROADSIDE RIGHT,CLEAR,ICE/FROST,DAYLIGHT,NON-INJURY ACCIDENT (PROPERTY- DAMAGE-ONLY ACCIDENT),FIXED OBJECT,45.64190241,-111.1757062
C016739N,001+0.247,,GALLATIN,November,2016,22:05,FRI,NON-JUNCTION,ROADSIDE LEFT,CLEAR,DRY,DARK-NOT LIGHTED,NON-INJURY ACCIDENT (PROPERTY- DAMAGE-ONLY ACCIDENT),FIXED OBJECT,45.64197297,-111.1759805
C016739N,001+0.256,,GALLATIN,June,2015,17:25,FRI,NON-JUNCTION,ROADSIDE RIGHT,CLEAR,DRY,DAYLIGHT,POSSIBLE INJURY ACCIDENT,FIXED OBJECT,45.64204167,-111.1755883
C016739N,001+0.260,,GALLATIN,October,2013,21:20,SAT,NON-JUNCTION,SHOULDER,CLOUDY,DRY,DARK-NOT LIGHTED,NON-INJURY ACCIDENT (PROPERTY- DAMAGE-ONLY ACCIDENT),FIXED OBJECT,45.64204672,-111.1754244
C016739N,001+0.304,,GALLATIN,November,2014,23:30,TUE,NON-JUNCTION,ROADSIDE RIGHT,SNOW,SNOW,DARK-NOT LIGHTED,NON-INJURY ACCIDENT (PROPERTY- DAMAGE-ONLY ACCIDENT),FIXED OBJECT,45.64206971,-111.1746339
C016739N,001+0.637,NOT IN CITY LIMITS,GALLATIN,SEPTEMBER,2017,0:15,SAT,NON-JUNCTION,ROADSIDE RIGHT,RAIN,WET,DARK-NOT LIGHTED,UNKNOWN,FIXED OBJECT,45.64202,-111.16783
C016739N,001+0.850,,GALLATIN,March,2013,11:30,MON,NON-JUNCTION,ROADSIDE RIGHT,CLOUDY,DRY,DAYLIGHT,NON-INJURY ACCIDENT (PROPERTY- DAMAGE-ONLY ACCIDENT),FIXED OBJECT,45.64196667,-111.1633367
C016739N,002+0.250,,GALLATIN,December,2013,16:42,THU,NON-JUNCTION,ON ROADWAY,CLEAR,SNOW,DAYLIGHT,INCAPACITATING INJURY ACCIDENT,PEDESTRIAN,45.64191263,-111.1551269
C016739N,002+0.291,,GALLATIN,July,2016,20:06,FRI,NON-JUNCTION,ROADSIDE RIGHT,CLEAR,DRY,DAYLIGHT,NON-INJURY ACCIDENT (PROPERTY- DAMAGE-ONLY ACCIDENT),ROLL OVER,45.64161,-111.15434
C016739N,002+0.380,,GALLATIN,April,2013,20:23,FRI,NON-JUNCTION,SHOULDER,CLEAR,DRY,UNKNOWN,NON-INJURY ACCIDENT (PROPERTY- DAMAGE-ONLY ACCIDENT),FIXED OBJECT,45.64168302,-111.1523724
C016739N,002+0.584,NOT IN CITY LIMITS,GALLATIN,JUNE,2017,18:15,SAT,NON-JUNCTION,ROADSIDE RIGHT,CLEAR,DRY,DAYLIGHT,NON-INJURY ACCIDENT (PROPERTY- DAMAGE-ONLY ACCIDENT),FIXED OBJECT,45.64134141,-111.1482636
C016739N,002+0.661,,GALLATIN,March,2016,19:30,THU,NON-JUNCTION,ROADSIDE RIGHT,CLOUDY,WET,DAYLIGHT,NON-INCAPACITATING EVIDENT INJURY ACCIDENT,ROLL OVER,45.64153017,-111.1467804
C016739N,002+0.691,,GALLATIN,September,2016,11:10,MON,NON-JUNCTION,ROADSIDE LEFT,RAIN,WET,DAYLIGHT,NON-INCAPACITATING EVIDENT INJURY ACCIDENT,FIXED OBJECT,45.64166671,-111.1462203
C016739N,002+0.712,,GALLATIN,August,2016,18:07,THU,NON-JUNCTION,ROADSIDE RIGHT,CLEAR,DRY,DAYLIGHT,NON-INCAPACITATING EVIDENT INJURY ACCIDENT,ROLL OVER,45.64187164,-111.1458515
C016739N,002+0.773,NOT IN CITY LIMITS,GALLATIN,APRIL,2017,8:03,TUE,NON-JUNCTION,ROADSIDE RIGHT,CLOUDY,ICE/FROST,DAYLIGHT,NON-INCAPACITATING EVIDENT INJURY ACCIDENT,ROLL OVER,45.64189088,-111.1444979
C016739N,002+0.795,NOT IN CITY LIMITS,GALLATIN,APRIL,2017,8:03,TUE,NON-JUNCTION,ROADSIDE RIGHT,CLOUDY,ICE/FROST,DAYLIGHT,NON-INJURY ACCIDENT (PROPERTY- DAMAGE-ONLY ACCIDENT),ROLL OVER,45.6420019,-111.1440508
C016739N,002+0.888,,GALLATIN,February,2016,16:40,SUN,NON-JUNCTION,ON ROADWAY,CLOUDY,DRY,DAYLIGHT,NON-INJURY ACCIDENT (PROPERTY- DAMAGE-ONLY ACCIDENT),FIRE/ EXPLOSION,45.64191833,-111.1421533
C016739N,003+0.374,,GALLATIN,September,2016,3:50,SUN,NON-JUNCTION,ON ROADWAY,CLEAR,DRY,DARK-NOT LIGHTED,NON-INJURY ACCIDENT (PROPERTY- DAMAGE-ONLY ACCIDENT),NOT FIXED OBJECT OR DEBRIS,45.64178275,-111.1322707
C016739N,003+0.679,BOZEMAN,GALLATIN,November,2014,12:00,THU,NON-JUNCTION,SHOULDER,CLOUDY,SLUSH,DAYLIGHT,NON-INJURY ACCIDENT (PROPERTY- DAMAGE-ONLY ACCIDENT),FIXED OBJECT,45.64160527,-111.1258527
C016739N,003+0.699,NOT IN CITY LIMITS,GALLATIN,SEPTEMBER,2017,17:00,SAT,INTERSECTION,ROADSIDE RIGHT,RAIN,WET,DAYLIGHT,NON-INJURY ACCIDENT (PROPERTY- DAMAGE-ONLY ACCIDENT),FIXED OBJECT,45.64150284,-111.1255558
C016739N,003+0.723,,GALLATIN,May,2014,8:25,SAT,INTERSECTION-RELATED,SHOULDER,CLOUDY,DRY,DAYLIGHT,NON-INCAPACITATING EVIDENT INJURY ACCIDENT,FIXED OBJECT,45.64162916,-111.1249648
C016739N,003+0.723,NOT IN CITY LIMITS,GALLATIN,MAY,2017,17:30,TUE,INTERSECTION,ON ROADWAY,CLOUDY,DRY,DAYLIGHT,NON-INCAPACITATING EVIDENT INJURY ACCIDENT,RIGHT ANGLE,45.64161893,-111.1250058
C016739N,004+0.300,,GALLATIN,October,2013,21:00,SAT,NON-JUNCTION,ROADSIDE RIGHT,CLEAR,DRY,DARK-NOT LIGHTED,NON-INJURY ACCIDENT (PROPERTY- DAMAGE-ONLY ACCIDENT),FIXED OBJECT,45.64183,-111.113175
C016739N,004+0.700,,GALLATIN,January,2013,16:00,SAT,DRIVEWAY/ALLEY ACCESS RELATED,SHOULDER,CLEAR,DRY,DAYLIGHT,NON-INJURY ACCIDENT (PROPERTY- DAMAGE-ONLY ACCIDENT),FIXED OBJECT,45.64195333,-111.1046167
C016739N,005+0.718,,GALLATIN,July,2015,23:50,THU,INTERSECTION-RELATED,ROADSIDE RIGHT,CLEAR,DRY,DARK-NOT LIGHTED,NON-INJURY ACCIDENT (PROPERTY- DAMAGE-ONLY ACCIDENT),FIXED OBJECT,45.6420014,-111.0838129
C016739N,005+0.739,,GALLATIN,February,2015,17:00,WED,INTERSECTION,ROADSIDE RIGHT,CLEAR,ICE/FROST,DAYLIGHT,NON-INJURY ACCIDENT (PROPERTY- DAMAGE-ONLY ACCIDENT),FIXED OBJECT,45.6419436,-111.0834017
C016740N,000+0.000,,GALLATIN,October,2013,13:45,SAT,INTERSECTION-RELATED,SHOULDER,CLEAR,DRY,DAYLIGHT,NON-INCAPACITATING EVIDENT INJURY ACCIDENT,ROLL OVER,45.5909287,-111.0836967
C016740N,000+0.003,NOT IN CITY LIMITS,GALLATIN,AUGUST,2017,14:01,FRI,INTERSECTION,ON ROADWAY,CLEAR,DRY,DAYLIGHT,NON-INJURY ACCIDENT (PROPERTY- DAMAGE-ONLY ACCIDENT),RIGHT ANGLE,45.59087405,-111.0836421
C016740N,000+0.809,,GALLATIN,November,2015,2:00,SUN,NON-JUNCTION,ROADSIDE LEFT,CLEAR,DRY,DARK-NOT LIGHTED,NON-INJURY ACCIDENT (PROPERTY- DAMAGE-ONLY ACCIDENT),FIXED OBJECT,45.60253663,-111.08369
C016740N,002+0.108,,GALLATIN,March,2014,19:04,WED,NON-JUNCTION,ROADSIDE LEFT,SNOW,SLUSH,DAYLIGHT,NON-INJURY ACCIDENT (PROPERTY- DAMAGE-ONLY ACCIDENT),ROLL OVER,45.62136169,-111.0835084
C016740N,002+0.488,,GALLATIN,November,2015,20:45,FRI,NON-JUNCTION,ROADSIDE RIGHT,CLEAR,ICE/FROST,DARK-NOT LIGHTED,NON-INJURY ACCIDENT (PROPERTY- DAMAGE-ONLY ACCIDENT),ROLL OVER,45.62683158,-111.0833553
C016740N,002+0.980,,GALLATIN,June,2013,13:07,WED,NON-JUNCTION,ON ROADWAY,CLOUDY,WET,DAYLIGHT,NON-INJURY ACCIDENT (PROPERTY- DAMAGE-ONLY ACCIDENT),LOST CONTROL,45.63408833,-111.08335
C016740N,003+0.390,,GALLATIN,December,2013,22:00,SUN,NON-JUNCTION,ROADSIDE LEFT,CLOUDY,ICE/FROST,DARK-NOT LIGHTED,NON-INJURY ACCIDENT (PROPERTY- DAMAGE-ONLY ACCIDENT),FIXED OBJECT,45.639905,-111.08336
C016740N,003+0.541,,GALLATIN,November,2015,17:05,FRI,INTERSECTION,ROADSIDE RIGHT,CLOUDY,ICE/FROST,DARK-NOT LIGHTED,NON-INJURY ACCIDENT (PROPERTY- DAMAGE-ONLY ACCIDENT),FIXED OBJECT,45.64205269,-111.0832596
C016740N,004+0.049,NOT IN CITY LIMITS,GALLATIN,FEBRUARY,2017,17:30,SAT,NON-JUNCTION,ROADSIDE RIGHT,CLOUDY,SNOW,DAYLIGHT,NON-INJURY ACCIDENT (PROPERTY- DAMAGE-ONLY ACCIDENT),ROLL OVER,45.64942,-111.0833783
C016740N,004+0.355,,GALLATIN,January,2015,0:30,SAT,NON-JUNCTION,ROADSIDE LEFT,CLEAR,ICE/FROST,DARK-NOT LIGHTED,NON-INJURY ACCIDENT (PROPERTY- DAMAGE-ONLY ACCIDENT),FIXED OBJECT,45.65383815,-111.0833894
C016740N,004+0.509,,GALLATIN,November,2015,15:50,MON,INTERSECTION,ON ROADWAY,CLEAR,ICE/FROST,DAYLIGHT,NON-INJURY ACCIDENT (PROPERTY- DAMAGE-ONLY ACCIDENT),RIGHT ANGLE,45.65614678,-111.0833894
C016740N,004+0.530,,GALLATIN,December,2013,6:50,FRI,INTERSECTION-RELATED,OFF ROADWAY LOCATION UNKNOWN,CLEAR,ICE/FROST,DARK-NOT LIGHTED,POSSIBLE INJURY ACCIDENT,FIXED OBJECT,45.65649505,-111.0833484
C016740N,004+0.540,,GALLATIN,November,2013,22:20,WED,INTERSECTION,OUTSIDE RIGHT-OF-WAY (TRAFFICWAY),CLOUDY,ICE/FROST,DARK-NOT LIGHTED,NON-INJURY ACCIDENT (PROPERTY- DAMAGE-ONLY ACCIDENT),FIXED OBJECT,45.65658733,-111.0833553
C016742N,000+0.011,,GALLATIN,December,2015,8:35,WED,INTERSECTION,ROADSIDE RIGHT,CLEAR,SNOW,DAYLIGHT,POSSIBLE INJURY ACCIDENT,FIXED OBJECT,45.65986183,-111.1612361
C016742N,000+0.579,NOT IN CITY LIMITS,GALLATIN,DECEMBER,2017,0:01,SAT,NON-JUNCTION,ROADSIDE RIGHT,CLOUDY,WET,DARK-NOT LIGHTED,NON-INJURY ACCIDENT (PROPERTY- DAMAGE-ONLY ACCIDENT),FIXED OBJECT,45.65169094,-111.1611386
C016742N,001+0.240,,GALLATIN,November,2015,13:30,FRI,INTERSECTION,ROADSIDE RIGHT,CLOUDY,ICE/FROST,DAYLIGHT,NON-INJURY ACCIDENT (PROPERTY- DAMAGE-ONLY ACCIDENT),FIXED OBJECT,45.64212,-111.1612
C016743N,000+0.000,,GALLATIN,November,2014,15:36,WED,INTERSECTION,SHOULDER,CLOUDY,ICE/FROST,DAYLIGHT,NON-INJURY ACCIDENT (PROPERTY- DAMAGE-ONLY ACCIDENT),FIXED OBJECT,45.62743264,-111.1042693
C016743N,000+0.151,,GALLATIN,December,2016,11:30,FRI,NON-JUNCTION,ROADSIDE RIGHT,SNOW,ICE/FROST,DAYLIGHT,NON-INJURY ACCIDENT (PROPERTY- DAMAGE-ONLY ACCIDENT),FIXED OBJECT,45.62740474,-111.1011422
C016743N,000+0.820,,GALLATIN,August,2013,17:00,TUE,DRIVEWAY/ALLEY ACCESS RELATED,ROADSIDE RIGHT,CLEAR,DRY,DAYLIGHT,NON-INJURY ACCIDENT (PROPERTY- DAMAGE-ONLY ACCIDENT),OTHER,45.62736433,-111.0872143
C016743N,001+0.330,,GALLATIN,October,2014,0:15,SAT,NON-JUNCTION,MEDIAN,CLEAR,DRY,DARK-NOT LIGHTED,NON-INJURY ACCIDENT (PROPERTY- DAMAGE-ONLY ACCIDENT),"SIDESWIPE, SAME DIRECTION",45.62738822,-111.0767436
C016743N,002+0.009,BOZEMAN,GALLATIN,November,2014,13:45,WED,INTERSECTION-RELATED,ON ROADWAY,CLOUDY,ICE/FROST,DAYLIGHT,NON-INJURY ACCIDENT (PROPERTY- DAMAGE-ONLY ACCIDENT),REAR-END,45.62740188,-111.0627691
C016743N,002+0.009,,GALLATIN,November,2016,8:35,THU,INTERSECTION,ON ROADWAY,CLOUDY,ICE/FROST,DAYLIGHT,NON-INJURY ACCIDENT (PROPERTY- DAMAGE-ONLY ACCIDENT),RIGHT ANGLE,45.62740188,-111.0627349
C016743N,002+0.506,NOT IN CITY LIMITS,GALLATIN,MARCH,2017,10:35,SAT,INTERSECTION,ON ROADWAY,CLEAR,DRY,DAYLIGHT,NON-INCAPACITATING EVIDENT INJURY ACCIDENT,PEDESTRIAN,45.62751462,-111.0525101
C016744N,000+0.423,,GALLATIN,April,2016,23:00,THU,THROUGH ROADWAY,ROADSIDE LEFT,CLOUDY,DRY,DARK-NOT LIGHTED,NON-INJURY ACCIDENT (PROPERTY- DAMAGE-ONLY ACCIDENT),FIXED OBJECT,45.63238537,-111.1248026
C016744N,000+0.628,,GALLATIN,December,2016,13:15,THU,NON-JUNCTION,ROADSIDE LEFT,CLOUDY,ICE/FROST,DAYLIGHT,NON-INJURY ACCIDENT (PROPERTY- DAMAGE-ONLY ACCIDENT),FIXED OBJECT,45.62939986,-111.1246721
C016744N,000+0.653,,GALLATIN,October,2015,0:00,SUN,NON-JUNCTION,ROADSIDE RIGHT,CLEAR,DRY,DARK-NOT LIGHTED,NON-INJURY ACCIDENT (PROPERTY- DAMAGE-ONLY ACCIDENT),FIXED OBJECT,45.62910265,-111.1243978
C016744N,000+0.828,NOT IN CITY LIMITS,GALLATIN,FEBRUARY,2017,16:23,THU,NON-JUNCTION,ROADSIDE RIGHT,CLEAR,DRY,DAYLIGHT,NON-INJURY ACCIDENT (PROPERTY- DAMAGE-ONLY ACCIDENT),FIXED OBJECT,45.62660183,-111.1247021
C016745N,000+0.280,,GALLATIN,January,2014,8:20,FRI,NON-JUNCTION,ON ROADWAY,CLEAR,WET,DAYLIGHT,NON-INJURY ACCIDENT (PROPERTY- DAMAGE-ONLY ACCIDENT),ROLL OVER,45.61280667,-111.13994
C016745N,000+0.644,,GALLATIN,October,2016,13:05,FRI,NON-JUNCTION,ROADSIDE RIGHT,RAIN,MUD DIRT GRAVEL,DAYLIGHT,NON-INJURY ACCIDENT (PROPERTY- DAMAGE-ONLY ACCIDENT),ROLL OVER,45.61281174,-111.1324344
C016745N,001+0.820,,GALLATIN,January,2013,3:00,SAT,NON-JUNCTION,ROADSIDE RIGHT,CLEAR,SNOW,DARK-NOT LIGHTED,NON-INJURY ACCIDENT (PROPERTY- DAMAGE-ONLY ACCIDENT),ROLL OVER,45.61297654,-111.1080328
C016745N,002+0.010,NOT IN CITY LIMITS,GALLATIN,MAY,2017,9:42,TUE,INTERSECTION,ON ROADWAY,CLEAR,DRY,DAYLIGHT,NON-INCAPACITATING EVIDENT INJURY ACCIDENT,RIGHT ANGLE,45.61288434,-111.1042146
C016746N,000+0.000,,GALLATIN,October,2015,11:05,WED,INTERSECTION,ON ROADWAY,CLOUDY,DRY,DAYLIGHT,NON-INJURY ACCIDENT (PROPERTY- DAMAGE-ONLY ACCIDENT),RIGHT ANGLE,45.66670278,-111.1251082
C016746N,000+0.265,,GALLATIN,November,2015,14:55,WED,NON-JUNCTION,ON ROADWAY,SNOW,SNOW,DAYLIGHT,NON-INJURY ACCIDENT (PROPERTY- DAMAGE-ONLY ACCIDENT),LOST CONTROL,45.66633309,-111.1205641
C016746N,000+0.357,NOT IN CITY LIMITS,GALLATIN,DECEMBER,2017,18:30,WED,DRIVEWAY/ALLEY ACCESS RELATED,IN PARKING LANE OR ZONE,SNOW,SNOW,DARK-NOT LIGHTED,NON-INJURY ACCIDENT (PROPERTY- DAMAGE-ONLY ACCIDENT),RIGHT ANGLE,45.66500553,-111.1202792
C016746N,000+0.375,NOT IN CITY LIMITS,GALLATIN,MARCH,2017,5:30,WED,NON-JUNCTION,ON ROADWAY,CLOUDY,DRY,UNKNOWN,NON-INJURY ACCIDENT (PROPERTY- DAMAGE-ONLY ACCIDENT),PARKED VEHICLE,45.66485162,-111.1204954
C016748N,000+0.380,,GALLATIN,January,2013,18:20,THU,INTERSECTION,ROADSIDE RIGHT,CLOUDY,DRY,DARK-NOT LIGHTED,POSSIBLE INJURY ACCIDENT,FIXED OBJECT,45.65654167,-111.1067283
C016749N,000+0.310,,GALLATIN,May,2013,23:25,TUE,NON-JUNCTION,ON ROADWAY,CLEAR,MUD DIRT GRAVEL,DARK-LIGHTED,NON-INCAPACITATING EVIDENT INJURY ACCIDENT,LOST CONTROL,45.64929265,-111.1880689
C016753N,000+0.000,NOT IN CITY LIMITS,GALLATIN,JANUARY,2017,14:00,TUE,DRIVEWAY/ALLEY ACCESS RELATED,ON ROADWAY,CLEAR,WET,DAYLIGHT,NON-INJURY ACCIDENT (PROPERTY- DAMAGE-ONLY ACCIDENT),RIGHT ANGLE,45.65373063,-111.0697103
C016753N,000+0.060,,GALLATIN,November,2013,11:50,THU,INTERSECTION-RELATED,ROADSIDE LEFT,CLEAR,ICE/FROST,DAYLIGHT,NON-INJURY ACCIDENT (PROPERTY- DAMAGE-ONLY ACCIDENT),FIXED OBJECT,45.65576088,-111.0660339
C016753N,000+0.130,,GALLATIN,November,2016,3:17,SUN,INTERSECTION-RELATED,ROADSIDE LEFT,CLEAR,DRY,DARK-LIGHTED,NON-INJURY ACCIDENT (PROPERTY- DAMAGE-ONLY ACCIDENT),FIXED OBJECT,45.65467317,-111.0656276
C016755N,001+0.246,,GALLATIN,July,2015,7:30,WED,INTERSECTION,ON ROADWAY,CLEAR,DRY,DAYLIGHT,NON-INJURY ACCIDENT (PROPERTY- DAMAGE-ONLY ACCIDENT),RIGHT ANGLE,45.63053667,-111.1397517
C016755N,001+0.246,,GALLATIN,April,2015,22:30,MON,NON-JUNCTION,ROADSIDE LEFT,CLOUDY,DRY,DARK-NOT LIGHTED,POSSIBLE INJURY ACCIDENT,FIXED OBJECT,45.63057,-111.13979
C016756N,000+0.185,NOT IN CITY LIMITS,GALLATIN,DECEMBER,2017,16:15,SAT,DRIVEWAY/ALLEY ACCESS RELATED,ROADSIDE LEFT,CLEAR,SNOW,DAYLIGHT,NON-INJURY ACCIDENT (PROPERTY- DAMAGE-ONLY ACCIDENT),FIXED OBJECT,45.63208622,-111.052391
C016756N,001+0.280,,GALLATIN,December,2014,23:00,SAT,UNKNOWN,ROADSIDE RIGHT,SNOW,SNOW,DARK-NOT LIGHTED,NON-INJURY ACCIDENT (PROPERTY- DAMAGE-ONLY ACCIDENT),FIXED OBJECT,45.61620333,-111.0525267
C016756N,001+0.884,,GALLATIN,February,2014,11:35,SAT,DRIVEWAY/ALLEY ACCESS RELATED,ROADSIDE RIGHT,CLOUDY,SNOW,DAYLIGHT,NON-INJURY ACCIDENT (PROPERTY- DAMAGE-ONLY ACCIDENT),FIXED OBJECT,45.60749528,-111.0523804
C016756N,001+0.894,,GALLATIN,February,2014,14:15,SAT,NON-JUNCTION,SHOULDER,CLEAR,DRY,DAYLIGHT,NON-INJURY ACCIDENT (PROPERTY- DAMAGE-ONLY ACCIDENT),ROLL OVER,45.60732454,-111.0523735
C016756N,002+0.534,,GALLATIN,March,2016,14:15,FRI,NON-JUNCTION,SHOULDER,CLEAR,DRY,DAYLIGHT,NON-INJURY ACCIDENT (PROPERTY- DAMAGE-ONLY ACCIDENT),FIXED OBJECT,45.59826569,-111.0518738
C016765N,000+0.857,,GALLATIN,August,2014,9:00,THU,UNKNOWN,ON ROADWAY,CLEAR,DRY,DAYLIGHT,NON-INCAPACITATING EVIDENT INJURY ACCIDENT,BICYCLE,45.64406754,-110.9906833
C016765N,001+0.417,,GALLATIN,February,2014,21:30,SUN,NON-JUNCTION,ROADSIDE LEFT,CLOUDY,SNOW,DARK-NOT LIGHTED,NON-INJURY ACCIDENT (PROPERTY- DAMAGE-ONLY ACCIDENT),FIXED OBJECT,45.63598,-110.9907217
C016765N,001+0.432,,GALLATIN,November,2016,5:36,MON,NON-JUNCTION,SHOULDER,SNOW,SNOW,DARK-NOT LIGHTED,NON-INJURY ACCIDENT (PROPERTY- DAMAGE-ONLY ACCIDENT),FIXED OBJECT,45.63570853,-110.9907791
C016772N,000+0.000,,GALLATIN,April,2013,10:45,SAT,INTERSECTION-RELATED,OFF ROADWAY LOCATION UNKNOWN,SNOW,SNOW,DAYLIGHT,NON-INJURY ACCIDENT (PROPERTY- DAMAGE-ONLY ACCIDENT),FIXED OBJECT,45.65263946,-110.9600498
C016772N,000+0.846,,GALLATIN,November,2015,16:15,TUE,NON-JUNCTION,ROADSIDE RIGHT,CLOUDY,SNOW,DAYLIGHT,INCAPACITATING INJURY ACCIDENT,ROLL OVER,45.64035879,-110.9601523
C016772N,000+0.892,BOZEMAN,GALLATIN,May,2014,18:20,FRI,NON-JUNCTION,ROADSIDE LEFT,CLOUDY,DRY,DAYLIGHT,NON-INJURY ACCIDENT (PROPERTY- DAMAGE-ONLY ACCIDENT),FIXED OBJECT,45.63978833,-110.9601367
C016772N,001+0.730,,GALLATIN,November,2014,13:15,THU,NON-JUNCTION,ON ROADWAY,CLEAR,SNOW,DAYLIGHT,NON-INJURY ACCIDENT (PROPERTY- DAMAGE-ONLY ACCIDENT),HEAD ON,45.62751126,-110.9603172
C016773N,000+0.000,BOZEMAN,GALLATIN,October,2014,18:15,TUE,NON-JUNCTION,ON ROADWAY,RAIN,WET,DARK-NOT LIGHTED,NON-INJURY ACCIDENT (PROPERTY- DAMAGE-ONLY ACCIDENT),"SIDESWIPE, OPPOSITE DIRECTION",45.65254,-110.94802
C016773N,000+0.290,,GALLATIN,December,2013,15:42,SUN,NON-JUNCTION,ROADSIDE RIGHT,CLOUDY,ICE/FROST,DAYLIGHT,POSSIBLE INJURY ACCIDENT,ROLL OVER,45.64839715,-110.9475776
C016773N,000+0.441,,GALLATIN,September,2014,0:00,FRI,NON-JUNCTION,ROADSIDE LEFT,CLEAR,DRY,DARK-NOT LIGHTED,NON-INJURY ACCIDENT (PROPERTY- DAMAGE-ONLY ACCIDENT),FIXED OBJECT,45.64661099,-110.946052
C016773N,000+0.726,,GALLATIN,November,2015,21:47,TUE,NON-JUNCTION,ROADSIDE LEFT,SNOW,ICE/FROST,DARK-LIGHTED,NON-INJURY ACCIDENT (PROPERTY- DAMAGE-ONLY ACCIDENT),FIXED OBJECT,45.64290233,-110.9433908
C016773N,000+0.946,,GALLATIN,November,2015,3:30,SUN,NON-JUNCTION,ROADSIDE LEFT,RAIN,WET,DARK-NOT LIGHTED,NON-INJURY ACCIDENT (PROPERTY- DAMAGE-ONLY ACCIDENT),FIXED OBJECT,45.63993526,-110.9423528