MDT_CORRIDOR_ID,SMS_REFPOST_OFFSET,CITY,COUNTY,Month,Year,SMS_TIME,SMT_CRASH_OCC_DAY_OF_WEEK,JUNCTION_RELATED,ROADWAY_RELATED,WEATHER_COND,ROAD_COND,LIGHT_COND,CRASH_SEVERITY,COLLISION_TYPE,LATITUDE,LONGITUDE
C016773N,000+0.988,,GALLATIN,December,2015,20:54,WED,NON-JUNCTION,SHOULDER,CLOUDY,ICE/FROST,DARK-LIGHTED,NON-INJURY ACCIDENT (PROPERTY- DAMAGE-ONLY ACCIDENT),ROLL OVER,45.63929333,-110.9420833
C016773N,001+0.750,,GALLATIN,October,2013,7:45,SUN,NON-JUNCTION,SHOULDER,CLEAR,DRY,DAYLIGHT,NON-INJURY ACCIDENT (PROPERTY- DAMAGE-ONLY ACCIDENT),FIXED OBJECT,45.62837442,-110.9401683
C016773N,001+0.751,,GALLATIN,March,2014,19:30,SAT,NON-JUNCTION,ROADSIDE LEFT,SNOW,SNOW,DARK-NOT LIGHTED,POSSIBLE INJURY ACCIDENT,FIXED OBJECT,45.62843327,-110.9402764
C016773N,001+0.751,,GALLATIN,February,2014,13:30,MON,NON-JUNCTION,ON ROADWAY,CLEAR,ICE/FROST,DAYLIGHT,NON-INJURY ACCIDENT (PROPERTY- DAMAGE-ONLY ACCIDENT),HEAD ON,45.6283939,-110.9403119
C016773N,001+0.751,,GALLATIN,December,2014,10:50,SUN,NON-JUNCTION,ROADSIDE RIGHT,CLEAR,ICE/FROST,DAYLIGHT,NON-INJURY ACCIDENT (PROPERTY- DAMAGE-ONLY ACCIDENT),ROLL OVER,45.6283684,-110.9402696
C016773N,001+0.764,,GALLATIN,December,2015,22:20,FRI,NON-JUNCTION,ROADSIDE RIGHT,CLEAR,ICE/FROST,DARK-NOT LIGHTED,NON-INJURY ACCIDENT (PROPERTY- DAMAGE-ONLY ACCIDENT),ROLL OVER,45.62823624,-110.9401084
C016773N,001+0.783,,GALLATIN,March,2015,3:00,SUN,NON-JUNCTION,ROADSIDE RIGHT,CLEAR,DRY,DARK-NOT LIGHTED,NON-INJURY ACCIDENT (PROPERTY- DAMAGE-ONLY ACCIDENT),FIXED OBJECT,45.62815323,-110.9395935
C016773N,001+0.791,,GALLATIN,July,2014,23:20,THU,NON-JUNCTION,ROADSIDE RIGHT,CLEAR,DRY,DARK-NOT LIGHTED,NON-INJURY ACCIDENT (PROPERTY- DAMAGE-ONLY ACCIDENT),FIXED OBJECT,45.62805333,-110.9395067
C016773N,002+0.257,,GALLATIN,January,2016,3:00,FRI,NON-JUNCTION,ROADSIDE LEFT,UNKNOWN,ICE/FROST,UNKNOWN,NON-INJURY ACCIDENT (PROPERTY- DAMAGE-ONLY ACCIDENT),FIXED OBJECT,45.62312275,-110.9335412
C016773N,002+0.377,BOZEMAN,GALLATIN,September,2016,22:00,SAT,NON-JUNCTION,ROADSIDE RIGHT,CLOUDY,DRY,DARK-NOT LIGHTED,NON-INJURY ACCIDENT (PROPERTY- DAMAGE-ONLY ACCIDENT),ROLL OVER,45.62136,-110.93324
C016773N,002+0.605,,GALLATIN,November,2016,11:48,FRI,NON-JUNCTION,ROADSIDE RIGHT,CLOUDY,ICE/FROST,DAYLIGHT,NON-INJURY ACCIDENT (PROPERTY- DAMAGE-ONLY ACCIDENT),FIXED OBJECT,45.61870956,-110.9306373
C016773N,002+0.947,,GALLATIN,December,2014,20:35,THU,NON-JUNCTION,ROADSIDE RIGHT,CLEAR,SNOW,DARK-NOT LIGHTED,NON-INJURY ACCIDENT (PROPERTY- DAMAGE-ONLY ACCIDENT),ROLL OVER,45.61447092,-110.9279859
C016777N,000+0.335,,GALLATIN,May,2015,10:10,SAT,NON-JUNCTION,ROADSIDE RIGHT,CLOUDY,WET,DAYLIGHT,NON-INJURY ACCIDENT (PROPERTY- DAMAGE-ONLY ACCIDENT),FIXED OBJECT,45.61285833,-111.189525
C016777N,000+0.605,,GALLATIN,June,2015,20:15,MON,NON-JUNCTION,SHOULDER,CLOUDY,WET,DAYLIGHT,NON-INJURY ACCIDENT (PROPERTY- DAMAGE-ONLY ACCIDENT),FIXED OBJECT,45.61286265,-111.1838927
C016777N,000+0.693,,GALLATIN,February,2016,9:20,TUE,NON-JUNCTION,ROADSIDE RIGHT,CLEAR,ICE/FROST,DAYLIGHT,NON-INJURY ACCIDENT (PROPERTY- DAMAGE-ONLY ACCIDENT),FIXED OBJECT,45.61281259,-111.182072
C016777N,000+0.714,,GALLATIN,December,2014,19:45,TUE,NON-JUNCTION,SHOULDER,CLEAR,ICE/FROST,DARK-NOT LIGHTED,NON-INJURY ACCIDENT (PROPERTY- DAMAGE-ONLY ACCIDENT),FIXED OBJECT,45.61282625,-111.1815871
C016778N,000+0.516,BOZEMAN,GALLATIN,October,2016,9:50,TUE,INTERSECTION,ON ROADWAY,CLOUDY,DRY,DAYLIGHT,POSSIBLE INJURY ACCIDENT,RIGHT ANGLE,45.60255708,-111.1917435
C016778N,000+0.805,NOT IN CITY LIMITS,GALLATIN,DECEMBER,2017,7:33,WED,NON-JUNCTION,ON ROADWAY,SNOW,SNOW,DAWN,NON-INJURY ACCIDENT (PROPERTY- DAMAGE-ONLY ACCIDENT),WILD ANIMAL,45.59836,-111.19174
C016779N,000+0.087,NOT IN CITY LIMITS,GALLATIN,JUNE,2017,15:00,SAT,NON-JUNCTION,ON ROADWAY,CLEAR,DRY,DAYLIGHT,NON-INJURY ACCIDENT (PROPERTY- DAMAGE-ONLY ACCIDENT),REAR TO REAR,45.60318036,-111.1943108
C016779N,000+0.195,NOT IN CITY LIMITS,GALLATIN,DECEMBER,2017,16:20,MON,INTERSECTION,ON ROADWAY,CLEAR,SNOW,DUSK,NON-INJURY ACCIDENT (PROPERTY- DAMAGE-ONLY ACCIDENT),RIGHT ANGLE,45.60258097,-111.1917845
C016781N,000+0.158,,GALLATIN,November,2014,17:22,THU,DRIVEWAY/ALLEY ACCESS RELATED,ON ROADWAY,CLEAR,DRY,DARK-NOT LIGHTED,NON-INJURY ACCIDENT (PROPERTY- DAMAGE-ONLY ACCIDENT),RIGHT ANGLE,45.60059244,-111.1964388
C016782N,000+0.770,,GALLATIN,July,2013,2:00,MON,NON-JUNCTION,ROADSIDE RIGHT,UNKNOWN,DRY,UNKNOWN,NON-INJURY ACCIDENT (PROPERTY- DAMAGE-ONLY ACCIDENT),FIXED OBJECT,45.58734667,-111.1660517
C016782N,000+0.803,NOT IN CITY LIMITS,GALLATIN,JANUARY,2017,21:10,TUE,NON-JUNCTION,ROADSIDE RIGHT,CLEAR,SNOW,DAYLIGHT,NON-INJURY ACCIDENT (PROPERTY- DAMAGE-ONLY ACCIDENT),FIXED OBJECT,45.58693495,-111.1661254
C016782N,000+0.925,,GALLATIN,September,2014,8:30,FRI,NON-JUNCTION,ROADSIDE RIGHT,CLEAR,DRY,DAYLIGHT,NON-INJURY ACCIDENT (PROPERTY- DAMAGE-ONLY ACCIDENT),FIXED OBJECT,45.58517084,-111.1661986
C016783N,000+0.031,,GALLATIN,May,2016,15:50,MON,NON-JUNCTION,ON ROADWAY,SNOW,WET,DAYLIGHT,NON-INJURY ACCIDENT (PROPERTY- DAMAGE-ONLY ACCIDENT),RIGHT ANGLE,45.59119164,-111.1964974
C016783N,000+0.056,,GALLATIN,July,2016,12:00,SUN,NON-JUNCTION,IN PARKING LANE OR ZONE,CLEAR,DRY,DAYLIGHT,NON-INJURY ACCIDENT (PROPERTY- DAMAGE-ONLY ACCIDENT),"SIDESWIPE, SAME DIRECTION",45.59088972,-111.1958601
C016783N,000+0.078,NOT IN CITY LIMITS,GALLATIN,FEBRUARY,2017,11:57,WED,NON-JUNCTION,UNKNOWN,CLOUDY,SNOW,DAYLIGHT,NON-INJURY ACCIDENT (PROPERTY- DAMAGE-ONLY ACCIDENT),REAR TO FRONT,45.59082473,-111.1954406
C016783N,000+0.212,,GALLATIN,August,2015,21:40,WED,NON-JUNCTION,ROADSIDE RIGHT,CLOUDY,DRY,DARK-NOT LIGHTED,NON-INJURY ACCIDENT (PROPERTY- DAMAGE-ONLY ACCIDENT),FIXED OBJECT,45.59147512,-111.1925563
C016786N,000+0.000,,GALLATIN,March,2013,8:50,TUE,NON-JUNCTION,ROADSIDE RIGHT,CLEAR,SNOW,DAYLIGHT,POSSIBLE INJURY ACCIDENT,ROLL OVER,45.60534667,-111.14598
C016786N,000+0.000,,GALLATIN,December,2016,19:30,THU,INTERSECTION-RELATED,OFF ROADWAY LOCATION UNKNOWN,SNOW,SNOW,DARK-NOT LIGHTED,NON-INJURY ACCIDENT (PROPERTY- DAMAGE-ONLY ACCIDENT),FIXED OBJECT,45.60548379,-111.1459949
C016786N,000+0.011,,GALLATIN,December,2014,18:40,TUE,INTERSECTION-RELATED,OUTSIDE RIGHT-OF-WAY (TRAFFICWAY),CLEAR,ICE/FROST,DARK-NOT LIGHTED,NON-INJURY ACCIDENT (PROPERTY- DAMAGE-ONLY ACCIDENT),ROLL OVER,45.6053263,-111.1460418
C016786N,000+0.265,,GALLATIN,January,2015,11:57,SAT,NON-JUNCTION,UNKNOWN,UNKNOWN,ICE/FROST,UNKNOWN,UNKNOWN,OTHER,45.60165888,-111.1460086
C016786N,001+0.515,,GALLATIN,November,2014,1:47,THU,INTERSECTION-RELATED,SHOULDER,CLEAR,ICE/FROST,DARK-LIGHTED,NON-INJURY ACCIDENT (PROPERTY- DAMAGE-ONLY ACCIDENT),FIXED OBJECT,45.58362,-111.14609
C016787N,000+0.209,,GALLATIN,July,2015,23:50,THU,NON-JUNCTION,ROADSIDE LEFT,CLEAR,DRY,DARK-NOT LIGHTED,INCAPACITATING INJURY ACCIDENT,ROLL OVER,45.59841458,-111.1086953
C016789N,000+0.011,,GALLATIN,May,2015,20:00,MON,NON-JUNCTION,ROADSIDE LEFT,CLEAR,DRY,DAYLIGHT,NON-INJURY ACCIDENT (PROPERTY- DAMAGE-ONLY ACCIDENT),FIXED OBJECT,45.61281167,-111.0966017
C016793N,000+0.172,,GALLATIN,November,2014,8:10,SAT,INTERSECTION,ON ROADWAY,CLOUDY,ICE/FROST,DAYLIGHT,NON-INJURY ACCIDENT (PROPERTY- DAMAGE-ONLY ACCIDENT),RIGHT ANGLE,45.59602062,-111.0556793
C016800N,000+0.010,,GALLATIN,June,2015,11:15,THU,INTERSECTION-RELATED,ON ROADWAY,CLEAR,DRY,DAYLIGHT,NON-INJURY ACCIDENT (PROPERTY- DAMAGE-ONLY ACCIDENT),REAR TO FRONT,45.59091847,-111.0923438
C016801N,000+0.220,,GALLATIN,January,2016,0:20,MON,DRIVEWAY/ALLEY ACCESS RELATED,OFF ROADWAY LOCATION UNKNOWN,SNOW,SNOW,DARK-NOT LIGHTED,NON-INJURY ACCIDENT (PROPERTY- DAMAGE-ONLY ACCIDENT),OTHER,45.58646,-111.08995
C016808N,000+0.000,,GALLATIN,December,2013,15:20,THU,INTERSECTION,ON ROADWAY,CLEAR,ICE/FROST,DAYLIGHT,NON-INJURY ACCIDENT (PROPERTY- DAMAGE-ONLY ACCIDENT),REAR-END,45.58383008,-111.1046193
C016809N,000+0.014,,GALLATIN,November,2014,6:00,WED,INTERSECTION,ON ROADWAY,CLOUDY,ICE/FROST,DARK-NOT LIGHTED,NON-INJURY ACCIDENT (PROPERTY- DAMAGE-ONLY ACCIDENT),ROLL OVER,45.5764726,-111.1461998
C016809N,000+0.064,NOT IN CITY LIMITS,GALLATIN,NOVEMBER,2017,10:45,WED,NON-JUNCTION,ROADSIDE RIGHT,SNOW,SLUSH,DAYLIGHT,NON-INCAPACITATING EVIDENT INJURY ACCIDENT,ROLL OVER,45.57651015,-111.1472995
C016809N,000+0.345,,GALLATIN,October,2015,22:00,FRI,NON-JUNCTION,ROADSIDE RIGHT,CLOUDY,DRY,DARK-NOT LIGHTED,NON-INJURY ACCIDENT (PROPERTY- DAMAGE-ONLY ACCIDENT),ROLL OVER,45.57619256,-111.1518279
C016810N,000+0.124,NOT IN CITY LIMITS,GALLATIN,JUNE,2017,16:10,FRI,NON-JUNCTION,ROADSIDE RIGHT,CLOUDY,DRY,DAYLIGHT,NON-INJURY ACCIDENT (PROPERTY- DAMAGE-ONLY ACCIDENT),ROLL OVER,45.5638197,-111.1145146
C016810N,001+0.033,,GALLATIN,January,2015,6:30,SAT,NON-JUNCTION,SHOULDER,CLOUDY,ICE/FROST,DARK-NOT LIGHTED,NON-INJURY ACCIDENT (PROPERTY- DAMAGE-ONLY ACCIDENT),FIXED OBJECT,45.55210934,-111.1067282
C016811N,000+0.018,,GALLATIN,November,2016,4:00,THU,NON-JUNCTION,ON ROADWAY,CLEAR,DRY,DARK-NOT LIGHTED,NON-INJURY ACCIDENT (PROPERTY- DAMAGE-ONLY ACCIDENT),WILD ANIMAL,45.56034691,-111.197765
C016811N,000+0.243,NOT IN CITY LIMITS,GALLATIN,NOVEMBER,2017,19:20,MON,NON-JUNCTION,ON ROADWAY,CLOUDY,DRY,DARK-NOT LIGHTED,NON-INJURY ACCIDENT (PROPERTY- DAMAGE-ONLY ACCIDENT),WILD ANIMAL,45.55716373,-111.1969959
C016811N,001+0.140,,GALLATIN,April,2013,14:15,SUN,NON-JUNCTION,ON ROADWAY,CLOUDY,DRY,DAYLIGHT,NON-INJURY ACCIDENT (PROPERTY- DAMAGE-ONLY ACCIDENT),WILD ANIMAL,45.548795,-111.1844367
C016811N,001+0.746,,GALLATIN,April,2014,10:45,FRI,NON-JUNCTION,ROADSIDE RIGHT,CLOUDY,DRY,DARK-NOT LIGHTED,NON-INJURY ACCIDENT (PROPERTY- DAMAGE-ONLY ACCIDENT),FIXED OBJECT,45.54618399,-111.1726984
C016811N,001+0.875,,GALLATIN,February,2014,3:45,SUN,INTERSECTION-RELATED,ROADSIDE RIGHT,UNKNOWN,ICE/FROST,DARK-NOT LIGHTED,UNKNOWN,FIXED OBJECT,45.54626755,-111.1701728
C016813N,000+0.740,,GALLATIN,December,2016,14:50,SUN,NON-JUNCTION,ROADSIDE RIGHT,CLOUDY,SNOW,DAYLIGHT,NON-INJURY ACCIDENT (PROPERTY- DAMAGE-ONLY ACCIDENT),FIXED OBJECT,45.54270667,-111.2072133
C016818N,000+0.467,,GALLATIN,February,2014,3:30,SUN,DRIVEWAY/ALLEY ACCESS RELATED,ROADSIDE LEFT,UNKNOWN,ICE/FROST,DARK-NOT LIGHTED,UNKNOWN,FIXED OBJECT,45.53951772,-111.1690017
C016818N,000+0.531,,GALLATIN,July,2016,19:40,SAT,NON-JUNCTION,ROADSIDE RIGHT,CLEAR,MUD DIRT GRAVEL,DAYLIGHT,NON-INJURY ACCIDENT (PROPERTY- DAMAGE-ONLY ACCIDENT),ROLL OVER,45.5396,-111.1676
C016818N,000+0.773,,GALLATIN,June,2016,19:00,MON,NON-JUNCTION,ROADSIDE RIGHT,UNKNOWN,UNKNOWN,DAYLIGHT,UNKNOWN,ROLL OVER,45.5388656,-111.1630362
C016818N,001+0.500,,GALLATIN,August,2013,1:00,FRI,NON-JUNCTION,ROADSIDE LEFT,CLEAR,DRY,DARK-NOT LIGHTED,POSSIBLE INJURY ACCIDENT,ROLL OVER,45.53009,-111.1553883
C016818N,002+0.687,,GALLATIN,May,2014,18:00,SAT,NON-JUNCTION,ROADSIDE LEFT,CLOUDY,SLUSH,DAYLIGHT,NON-INJURY ACCIDENT (PROPERTY- DAMAGE-ONLY ACCIDENT),ROLL OVER,45.53285502,-111.1392467
C016818N,002+0.687,,GALLATIN,August,2015,22:30,SAT,NON-JUNCTION,ROADSIDE RIGHT,CLEAR,DRY,DARK-NOT LIGHTED,NON-INJURY ACCIDENT (PROPERTY- DAMAGE-ONLY ACCIDENT),FIXED OBJECT,45.53280716,-111.1392125
C016818N,002+0.687,,GALLATIN,July,2015,15:45,FRI,NON-JUNCTION,ROADSIDE LEFT,CLOUDY,DRY,DAYLIGHT,NON-INCAPACITATING EVIDENT INJURY ACCIDENT,ROLL OVER,45.53280833,-111.1392767
C016818N,002+0.696,,GALLATIN,August,2014,7:00,THU,NON-JUNCTION,ROADSIDE RIGHT,CLOUDY,DRY,DAYLIGHT,NON-INCAPACITATING EVIDENT INJURY ACCIDENT,ROLL OVER,45.53273893,-111.138953
C016818N,003+0.254,,GALLATIN,November,2016,20:00,SAT,NON-JUNCTION,OUTSIDE RIGHT-OF-WAY (TRAFFICWAY),CLEAR,SNOW,DARK-NOT LIGHTED,NON-INJURY ACCIDENT (PROPERTY- DAMAGE-ONLY ACCIDENT),FIXED OBJECT,45.53101667,-111.1355917
C016818N,003+0.741,,GALLATIN,August,2014,23:59,MON,NON-JUNCTION,ROADSIDE RIGHT,CLEAR,DRY,DARK-NOT LIGHTED,NON-INCAPACITATING EVIDENT INJURY ACCIDENT,ROLL OVER,45.52732333,-111.1288183
C016818N,005+0.187,,GALLATIN,October,2015,12:00,TUE,NON-JUNCTION,ROADSIDE RIGHT,RAIN,MUD DIRT GRAVEL,DAYLIGHT,NON-INJURY ACCIDENT (PROPERTY- DAMAGE-ONLY ACCIDENT),ROLL OVER,45.51480627,-111.123264
C016818N,006+0.171,,GALLATIN,August,2014,15:00,SAT,NON-JUNCTION,ROADSIDE RIGHT,CLEAR,DRY,DAYLIGHT,INCAPACITATING INJURY ACCIDENT,ROLL OVER,45.4920344,-111.1054509
C016818N,006+0.171,,GALLATIN,June,2016,16:45,SAT,NON-JUNCTION,ON ROADWAY,CLEAR,DRY,DAYLIGHT,INCAPACITATING INJURY ACCIDENT,ROLL OVER,45.4887088,-111.1005494
C016819N,000+0.940,,GALLATIN,July,2013,7:00,FRI,NON-JUNCTION,ROADSIDE LEFT,RAIN,WET,DAYLIGHT,NON-INJURY ACCIDENT (PROPERTY- DAMAGE-ONLY ACCIDENT),FIXED OBJECT,45.51146667,-111.124045
C016819N,003+0.002,,GALLATIN,November,2016,2:00,SUN,NON-JUNCTION,SHOULDER,CLEAR,DRY,DARK-NOT LIGHTED,NON-INJURY ACCIDENT (PROPERTY- DAMAGE-ONLY ACCIDENT),FIXED OBJECT,45.49572325,-111.1407271
C016820N,000+0.429,BOZEMAN,GALLATIN,NOVEMBER,2017,15:54,WED,INTERSECTION,ON ROADWAY,CLOUDY,WET,DUSK,NON-INJURY ACCIDENT (PROPERTY- DAMAGE-ONLY ACCIDENT),RIGHT ANGLE,45.68556487,-111.0489102
C016825N,000+0.480,,GALLATIN,July,2013,10:30,FRI,NON-JUNCTION,ROADSIDE RIGHT,CLEAR,DRY,DAYLIGHT,NON-INCAPACITATING EVIDENT INJURY ACCIDENT,FIXED OBJECT,45.45478254,-111.2400671
C016825N,000+0.767,,GALLATIN,July,2015,9:50,FRI,NON-JUNCTION,ROADSIDE RIGHT,CLOUDY,DRY,DAYLIGHT,NON-INJURY ACCIDENT (PROPERTY- DAMAGE-ONLY ACCIDENT),FIXED OBJECT,45.45238313,-111.2355107
C016827N,000+0.013,NOT IN CITY LIMITS,GALLATIN,NOVEMBER,2017,17:15,THU,NON-JUNCTION,ROADSIDE RIGHT,SNOW,ICE/FROST,DAYLIGHT,NON-INJURY ACCIDENT (PROPERTY- DAMAGE-ONLY ACCIDENT),FIXED OBJECT,45.37210097,-111.1745876
C016827N,001+0.500,BOZEMAN,GALLATIN,DECEMBER,2017,8:35,SUN,INTERSECTION,ON ROADWAY,CLEAR,SNOW,DAYLIGHT,NON-INJURY ACCIDENT (PROPERTY- DAMAGE-ONLY ACCIDENT),RIGHT ANGLE,45.375317,-111.038774
C016829N,000+0.760,,GALLATIN,July,2015,18:50,SAT,NON-JUNCTION,ROADSIDE LEFT,CLEAR,DRY,DAYLIGHT,NON-INJURY ACCIDENT (PROPERTY- DAMAGE-ONLY ACCIDENT),ROLL OVER,45.30846284,-111.1791145
C016829N,000+0.809,,GALLATIN,November,2016,22:30,WED,NON-JUNCTION,ROADSIDE LEFT,CLOUDY,SNOW,DARK-NOT LIGHTED,POSSIBLE INJURY ACCIDENT,ROLL OVER,45.30777292,-111.1787661
C016829N,002+0.116,,GALLATIN,July,2016,19:00,SUN,NON-JUNCTION,ROADSIDE RIGHT,CLEAR,DRY,DAYLIGHT,NON-INJURY ACCIDENT (PROPERTY- DAMAGE-ONLY ACCIDENT),ROLL OVER,45.3027766,-111.1550618
C016838E,000+0.171,NOT IN CITY LIMITS,GALLATIN,DECEMBER,2017,22:50,TUE,ENTRANCE/EXIT RAMP,ROADSIDE RIGHT,CLEAR,ICE/FROST,DARK-LIGHTED,NON-INJURY ACCIDENT (PROPERTY- DAMAGE-ONLY ACCIDENT),FIXED OBJECT,45.88270342,-111.4376778
C016838E,000+0.243,,GALLATIN,September,2016,6:20,FRI,NON-JUNCTION,ROADSIDE LEFT,CLEAR,DRY,DARK-NOT LIGHTED,NON-INJURY ACCIDENT (PROPERTY- DAMAGE-ONLY ACCIDENT),ROLL OVER,45.88179724,-111.438148
C016838E,000+0.584,,GALLATIN,October,2016,17:45,FRI,NON-JUNCTION,ROADSIDE RIGHT,CLEAR,DRY,DARK-NOT LIGHTED,NON-INJURY ACCIDENT (PROPERTY- DAMAGE-ONLY ACCIDENT),FIXED OBJECT,45.87796052,-111.4423432
C016838E,001+0.300,,GALLATIN,October,2013,10:00,FRI,NON-JUNCTION,ROADSIDE RIGHT,CLEAR,DRY,DAYLIGHT,NON-INJURY ACCIDENT (PROPERTY- DAMAGE-ONLY ACCIDENT),FIXED OBJECT,45.86976577,-111.4515822
C016838E,001+0.309,NOT IN CITY LIMITS,GALLATIN,FEBRUARY,2017,11:40,MON,NON-JUNCTION,ROADSIDE RIGHT,CLEAR,DRY,DAYLIGHT,NON-INJURY ACCIDENT (PROPERTY- DAMAGE-ONLY ACCIDENT),FIXED OBJECT,45.86975542,-111.4515828
C016838E,004+0.319,NOT IN CITY LIMITS,GALLATIN,OCTOBER,2017,20:35,MON,NON-JUNCTION,ROADSIDE RIGHT,CLEAR,DRY,DARK-NOT LIGHTED,NON-INJURY ACCIDENT (PROPERTY- DAMAGE-ONLY ACCIDENT),ROLL OVER,45.83038002,-111.4615216
C016838E,013+0.286,NOT IN CITY LIMITS,GALLATIN,SEPTEMBER,2017,13:05,WED,NON-JUNCTION,ROADSIDE LEFT,CLEAR,DRY,DAYLIGHT,NON-INCAPACITATING EVIDENT INJURY ACCIDENT,FIXED OBJECT,45.73095985,-111.5060837
C016838E,016+0.637,NOT IN CITY LIMITS,GALLATIN,OCTOBER,2017,0:05,SAT,NON-JUNCTION,ON ROADWAY,CLOUDY,DRY,DARK-NOT LIGHTED,NON-INJURY ACCIDENT (PROPERTY- DAMAGE-ONLY ACCIDENT),ROLL OVER,45.68586,-111.51091
C016838E,017+0.674,,GALLATIN,December,2014,8:15,THU,NON-JUNCTION,SHOULDER,CLOUDY,ICE/FROST,DAYLIGHT,POSSIBLE INJURY ACCIDENT,FIXED OBJECT,45.67693508,-111.525895
C016838E,018+0.866,,GALLATIN,October,2015,6:14,WED,NON-JUNCTION,ON ROADWAY,CLOUDY,DRY,DARK-NOT LIGHTED,POSSIBLE INJURY ACCIDENT,"SIDESWIPE, OPPOSITE DIRECTION",45.66175033,-111.5273695
C016838E,018+0.866,,GALLATIN,June,2015,14:05,SAT,NON-JUNCTION,ON ROADWAY,CLEAR,DRY,DAYLIGHT,NON-INJURY ACCIDENT (PROPERTY- DAMAGE-ONLY ACCIDENT),HEAD ON,45.66185368,-111.5273731
C016838E,018+0.874,,GALLATIN,June,2015,18:50,SUN,NON-JUNCTION,ROADSIDE RIGHT,CLEAR,DRY,DAYLIGHT,INCAPACITATING INJURY ACCIDENT,ROLL OVER,45.661725,-111.5273617
C016838E,020+0.190,,GALLATIN,October,2013,20:15,WED,NON-JUNCTION,ON ROADWAY,CLOUDY,WET,DARK-NOT LIGHTED,NON-INJURY ACCIDENT (PROPERTY- DAMAGE-ONLY ACCIDENT),WILD ANIMAL,45.64645012,-111.5214566
C065512N,000+0.000,,GALLATIN,February,2014,20:30,SUN,NON-JUNCTION,SHOULDER,CLOUDY,SNOW,DARK-NOT LIGHTED,NON-INJURY ACCIDENT (PROPERTY- DAMAGE-ONLY ACCIDENT),NOT FIXED OBJECT OR DEBRIS,45.25681072,-111.2540733
C065512N,000+0.030,,GALLATIN,August,2016,7:40,TUE,NON-JUNCTION,ON ROADWAY,CLOUDY,DRY,DAYLIGHT,NON-INJURY ACCIDENT (PROPERTY- DAMAGE-ONLY ACCIDENT),FIXED OBJECT,45.25617167,-111.254115
C066817N,000+0.252,BOZEMAN,GALLATIN,December,2016,17:48,FRI,INTERSECTION-RELATED,ON ROADWAY,CLEAR,SNOW,DARK-LIGHTED,POSSIBLE INJURY ACCIDENT,REAR-END,45.66030189,-111.0378109
C066819N,000+0.200,BOZEMAN,GALLATIN,October,2013,16:33,THU,INTERSECTION-RELATED,ON ROADWAY,SNOW,WET,DAYLIGHT,NON-INJURY ACCIDENT (PROPERTY- DAMAGE-ONLY ACCIDENT),"LEFT TURN, OPPOSITE DIRECTION",45.66720709,-111.0345821
C066819N,000+0.200,BOZEMAN,GALLATIN,January,2013,17:17,SUN,INTERSECTION-RELATED,ON ROADWAY,CLOUDY,SNOW,DAYLIGHT,NON-INJURY ACCIDENT (PROPERTY- DAMAGE-ONLY ACCIDENT),RIGHT ANGLE,45.66721152,-111.0346141
C066821N,000+0.461,BOZEMAN,GALLATIN,FEBRUARY,2017,10:17,SUN,NON-JUNCTION,ON ROADWAY,CLOUDY,SNOW,DAYLIGHT,NON-INJURY ACCIDENT (PROPERTY- DAMAGE-ONLY ACCIDENT),REAR TO SIDE,45.66524039,-111.0326042
C066964N,000+0.000,,GALLATIN,January,2013,12:25,THU,INTERSECTION-RELATED,ON ROADWAY,CLEAR,SNOW,DAWN,NON-INJURY ACCIDENT (PROPERTY- DAMAGE-ONLY ACCIDENT),OTHER,45.72909314,-111.0939626
C066964N,000+0.000,,GALLATIN,May,2014,12:00,WED,INTERSECTION,ON ROADWAY,CLEAR,DRY,DAYLIGHT,NON-INCAPACITATING EVIDENT INJURY ACCIDENT,RIGHT ANGLE,45.72920588,-111.0939694
C066964N,000+0.110,,GALLATIN,July,2013,20:30,FRI,DRIVEWAY/ALLEY ACCESS RELATED,SHOULDER,CLEAR,DRY,DUSK,NON-INJURY ACCIDENT (PROPERTY- DAMAGE-ONLY ACCIDENT),FIXED OBJECT,45.72747833,-111.0940667
C066965N,000+0.083,,GALLATIN,June,2016,22:00,SAT,NON-JUNCTION,ROADSIDE RIGHT,CLOUDY,DRY,DARK-NOT LIGHTED,NON-INJURY ACCIDENT (PROPERTY- DAMAGE-ONLY ACCIDENT),FIXED OBJECT,45.66128483,-111.1507581
C067122N,000+0.000,,GALLATIN,September,2015,19:00,FRI,INTERSECTION,ON ROADWAY,CLOUDY,DRY,DUSK,NON-INJURY ACCIDENT (PROPERTY- DAMAGE-ONLY ACCIDENT),RIGHT ANGLE,45.61932,-111.06268
C067122N,000+0.023,NOT IN CITY LIMITS,GALLATIN,NOVEMBER,2017,18:30,SAT,NON-JUNCTION,ON ROADWAY,CLOUDY,DRY,DARK-NOT LIGHTED,NON-INJURY ACCIDENT (PROPERTY- DAMAGE-ONLY ACCIDENT),"SIDESWIPE, SAME DIRECTION",45.61929303,-111.062226
C067140N,000+0.009,,GALLATIN,March,2014,13:00,SUN,NON-JUNCTION,ROADSIDE RIGHT,CLOUDY,SNOW,DAYLIGHT,NON-INJURY ACCIDENT (PROPERTY- DAMAGE-ONLY ACCIDENT),ROLL OVER,45.5910348,-111.0758992
C067141N,000+0.470,,GALLATIN,April,2013,4:00,THU,NON-JUNCTION,ON ROADWAY,CLOUDY,DRY,DARK-LIGHTED,NON-INJURY ACCIDENT (PROPERTY- DAMAGE-ONLY ACCIDENT),OTHER,45.615705,-111.05275