MDT_CORRIDOR_ID,SMS_REFPOST_OFFSET,CITY,COUNTY,Month,Year,SMS_TIME,SMT_CRASH_OCC_DAY_OF_WEEK,JUNCTION_RELATED,ROADWAY_RELATED,WEATHER_COND,ROAD_COND,LIGHT_COND,CRASH_SEVERITY,COLLISION_TYPE,LATITUDE,LONGITUDE
C067157N,000+0.193,NOT IN CITY LIMITS,GALLATIN,APRIL,2017,0:00,FRI,INTERSECTION-RELATED,ROADSIDE LEFT,CLEAR,DRY,DARK-NOT LIGHTED,NON-INJURY ACCIDENT (PROPERTY- DAMAGE-ONLY ACCIDENT),FIXED OBJECT,45.73163174,-111.013603
C067157N,000+0.210,,GALLATIN,May,2013,2:00,SUN,INTERSECTION-RELATED,ON ROADWAY,CLEAR,DRY,DARK-NOT LIGHTED,NON-INJURY ACCIDENT (PROPERTY- DAMAGE-ONLY ACCIDENT),FIXED OBJECT,45.7319072,-111.0136942
C067157N,000+0.227,,GALLATIN,November,2014,12:00,MON,NON-JUNCTION,SHOULDER,CLEAR,SNOW,DAYLIGHT,NON-INJURY ACCIDENT (PROPERTY- DAMAGE-ONLY ACCIDENT),ROLL OVER,45.73208481,-111.0138649
C067157N,000+0.357,,GALLATIN,December,2016,11:40,WED,INTERSECTION-RELATED,ON ROADWAY,CLOUDY,ICE/FROST,DAYLIGHT,NON-INJURY ACCIDENT (PROPERTY- DAMAGE-ONLY ACCIDENT),RIGHT ANGLE,45.73260734,-111.0163306
C067157N,000+0.357,,GALLATIN,December,2016,12:07,FRI,INTERSECTION,ON ROADWAY,CLOUDY,ICE/FROST,DAYLIGHT,NON-INJURY ACCIDENT (PROPERTY- DAMAGE-ONLY ACCIDENT),HEAD ON,45.73260734,-111.0163306
C067157N,000+0.360,,GALLATIN,December,2013,12:10,TUE,INTERSECTION,SHOULDER,CLOUDY,ICE/FROST,DAYLIGHT,NON-INJURY ACCIDENT (PROPERTY- DAMAGE-ONLY ACCIDENT),FIXED OBJECT,45.732621,-111.0163989
C067157N,000+0.361,,GALLATIN,November,2014,11:20,FRI,INTERSECTION,ON ROADWAY,SNOW,ICE/FROST,DAYLIGHT,NON-INJURY ACCIDENT (PROPERTY- DAMAGE-ONLY ACCIDENT),"SIDESWIPE, OPPOSITE DIRECTION",45.73261069,-111.0164399
C067157N,000+0.365,,GALLATIN,November,2014,10:35,WED,INTERSECTION,ROADSIDE RIGHT,CLEAR,ICE/FROST,DAYLIGHT,NON-INJURY ACCIDENT (PROPERTY- DAMAGE-ONLY ACCIDENT),FIXED OBJECT,45.73255925,-111.0164776
C067163N,000+0.753,BOZEMAN,GALLATIN,November,2014,0:32,TUE,NON-JUNCTION,ROADSIDE RIGHT,CLOUDY,ICE/FROST,DARK-NOT LIGHTED,NON-INJURY ACCIDENT (PROPERTY- DAMAGE-ONLY ACCIDENT),FIXED OBJECT,45.69148958,-111.0054706
C067176N,000+0.227,,GALLATIN,November,2015,0:23,THU,NON-JUNCTION,ROADSIDE RIGHT,CLOUDY,ICE/FROST,DARK-NOT LIGHTED,NON-INJURY ACCIDENT (PROPERTY- DAMAGE-ONLY ACCIDENT),FIXED OBJECT,45.73535667,-111.0141367
C067176N,000+0.233,,GALLATIN,October,2016,17:40,SUN,NON-JUNCTION,ROADSIDE RIGHT,CLEAR,DRY,DAYLIGHT,NON-INCAPACITATING EVIDENT INJURY ACCIDENT,ROLL OVER,45.7354249,-111.0141557
C067176N,000+0.410,,GALLATIN,January,2013,16:50,MON,NON-JUNCTION,ROADSIDE RIGHT,CLEAR,SNOW,DAYLIGHT,NON-INJURY ACCIDENT (PROPERTY- DAMAGE-ONLY ACCIDENT),FIXED OBJECT,45.737555,-111.01344
C067180N,000+0.133,BOZEMAN,GALLATIN,October,2016,14:14,TUE,INTERSECTION,ON ROADWAY,CLOUDY,DRY,DAYLIGHT,NON-INJURY ACCIDENT (PROPERTY- DAMAGE-ONLY ACCIDENT),RIGHT ANGLE,45.68857398,-111.0439117
C067180N,000+0.133,BOZEMAN,GALLATIN,JULY,2017,23:54,FRI,INTERSECTION,ON ROADWAY,CLEAR,DRY,DARK-NOT LIGHTED,POSSIBLE INJURY ACCIDENT,REAR-END,45.68857528,-111.0439563
C067180N,000+0.133,BOZEMAN,GALLATIN,OCTOBER,2017,8:12,TUE,INTERSECTION,ON ROADWAY,CLEAR,DRY,DAYLIGHT,NON-INJURY ACCIDENT (PROPERTY- DAMAGE-ONLY ACCIDENT),RIGHT ANGLE,45.68856377,-111.0439075
C067180N,000+0.136,BOZEMAN,GALLATIN,June,2016,15:22,WED,INTERSECTION,ON ROADWAY,CLOUDY,DRY,DAYLIGHT,NON-INJURY ACCIDENT (PROPERTY- DAMAGE-ONLY ACCIDENT),RIGHT ANGLE,45.68853949,-111.0439211
C067180N,000+0.216,BOZEMAN,GALLATIN,August,2015,16:36,SUN,NON-JUNCTION,ON ROADWAY,CLEAR,DRY,DAYLIGHT,NON-INJURY ACCIDENT (PROPERTY- DAMAGE-ONLY ACCIDENT),"SIDESWIPE, SAME DIRECTION",45.68733264,-111.0439393
C067180N,000+0.346,BOZEMAN,GALLATIN,May,2015,20:40,SAT,INTERSECTION,ON ROADWAY,CLEAR,DRY,DAYLIGHT,NON-INJURY ACCIDENT (PROPERTY- DAMAGE-ONLY ACCIDENT),RIGHT ANGLE,45.6854905,-111.0439416
C067180N,000+0.346,BOZEMAN,GALLATIN,AUGUST,2017,15:18,TUE,INTERSECTION,ON ROADWAY,CLOUDY,DRY,DAYLIGHT,POSSIBLE INJURY ACCIDENT,RIGHT ANGLE,45.68549755,-111.0439433
C067180N,000+0.531,BOZEMAN,GALLATIN,June,2015,14:20,FRI,THROUGH ROADWAY,IN PARKING LANE OR ZONE,CLEAR,DRY,DAYLIGHT,NON-INJURY ACCIDENT (PROPERTY- DAMAGE-ONLY ACCIDENT),"SIDESWIPE, SAME DIRECTION",45.68271433,-111.0438972
C067180N,000+0.731,BOZEMAN,GALLATIN,August,2014,0:03,MON,DRIVEWAY/ALLEY ACCESS RELATED,ON ROADWAY,CLEAR,DRY,DARK-NOT LIGHTED,NON-INCAPACITATING EVIDENT INJURY ACCIDENT,BICYCLE,45.67994344,-111.043826
C067180N,000+0.770,BOZEMAN,GALLATIN,September,2013,16:57,THU,INTERSECTION,ON ROADWAY,CLEAR,DRY,DAYLIGHT,NON-INJURY ACCIDENT (PROPERTY- DAMAGE-ONLY ACCIDENT),RIGHT ANGLE,45.67932447,-111.0438378
C067180N,000+0.773,BOZEMAN,GALLATIN,May,2014,11:07,SUN,INTERSECTION,ON ROADWAY,CLOUDY,DRY,DAYLIGHT,POSSIBLE INJURY ACCIDENT,RIGHT ANGLE,45.67932447,-111.0438277
C067180N,000+0.773,BOZEMAN,GALLATIN,March,2015,18:57,THU,INTERSECTION,ON ROADWAY,CLEAR,DRY,DARK-LIGHTED,POSSIBLE INJURY ACCIDENT,RIGHT ANGLE,45.67930025,-111.0438383
C067180N,000+0.773,BOZEMAN,GALLATIN,January,2016,10:33,THU,INTERSECTION,ON ROADWAY,CLEAR,SNOW,DAYLIGHT,NON-INCAPACITATING EVIDENT INJURY ACCIDENT,RIGHT ANGLE,45.67932264,-111.0438422
C067180N,000+0.832,BOZEMAN,GALLATIN,January,2015,9:19,WED,INTERSECTION,ON ROADWAY,CLOUDY,ICE/FROST,DAYLIGHT,NON-INCAPACITATING EVIDENT INJURY ACCIDENT,FIXED OBJECT,45.67849749,-111.0436259
C067183N,000+0.396,,GALLATIN,June,2016,19:59,WED,INTERSECTION,ON ROADWAY,CLEAR,DRY,DAYLIGHT,NON-INJURY ACCIDENT (PROPERTY- DAMAGE-ONLY ACCIDENT),RIGHT ANGLE,45.66745758,-110.9928284
C067183N,000+0.656,,GALLATIN,April,2016,1:30,FRI,DRIVEWAY/ALLEY ACCESS RELATED,OUTSIDE RIGHT-OF-WAY (TRAFFICWAY),CLOUDY,DRY,DARK-NOT LIGHTED,NON-INJURY ACCIDENT (PROPERTY- DAMAGE-ONLY ACCIDENT),FIXED OBJECT,45.66737124,-110.9875832
C067192N,000+0.010,NOT IN CITY LIMITS,GALLATIN,NOVEMBER,2017,7:00,THU,NON-JUNCTION,ROADSIDE LEFT,SNOW,SNOW,DAYLIGHT,NON-INCAPACITATING EVIDENT INJURY ACCIDENT,FIXED OBJECT,45.61303119,-111.0628442
C067207N,000+0.176,BOZEMAN,GALLATIN,NOVEMBER,2017,8:41,THU,INTERSECTION,ON ROADWAY,CLEAR,ICE/FROST,DAYLIGHT,NON-INCAPACITATING EVIDENT INJURY ACCIDENT,REAR-END,45.70751825,-111.0655338
C067222N,000+0.010,,GALLATIN,April,2014,16:20,WED,INTERSECTION,ON ROADWAY,CLOUDY,DRY,DAYLIGHT,NON-INJURY ACCIDENT (PROPERTY- DAMAGE-ONLY ACCIDENT),"SIDESWIPE, SAME DIRECTION",45.75000381,-111.1850773
C067222N,000+0.026,,GALLATIN,May,2014,16:18,MON,DRIVEWAY/ALLEY ACCESS RELATED,ON ROADWAY,CLEAR,DRY,DAYLIGHT,NON-INJURY ACCIDENT (PROPERTY- DAMAGE-ONLY ACCIDENT),JACKKNIFE,45.74994323,-111.1846814
C067248N,001+0.230,,GALLATIN,January,2014,16:58,WED,INTERSECTION-RELATED,ROADSIDE LEFT,SNOW,SNOW,DARK-NOT LIGHTED,NON-INJURY ACCIDENT (PROPERTY- DAMAGE-ONLY ACCIDENT),FIXED OBJECT,45.59828206,-111.0628962
C067260N,000+0.056,,GALLATIN,May,2016,7:00,WED,NON-JUNCTION,ROADSIDE RIGHT,CLEAR,DRY,DAYLIGHT,NON-INJURY ACCIDENT (PROPERTY- DAMAGE-ONLY ACCIDENT),FIXED OBJECT,45.59593732,-111.0750238
C067269N,000+0.113,NOT IN CITY LIMITS,GALLATIN,MAY,2017,1:30,THU,NON-JUNCTION,ROADSIDE RIGHT,CLEAR,DRY,DARK-NOT LIGHTED,INCAPACITATING INJURY ACCIDENT,ROLL OVER,45.64718896,-110.8895213
C067272N,000+0.041,NOT IN CITY LIMITS,GALLATIN,MAY,2017,18:30,TUE,NON-JUNCTION,ON ROADWAY,CLEAR,DRY,DAYLIGHT,NON-INJURY ACCIDENT (PROPERTY- DAMAGE-ONLY ACCIDENT),REAR TO REAR,45.59592552,-111.0426078
C067293N,000+0.227,,GALLATIN,July,2016,16:30,FRI,NON-JUNCTION,OFF ROADWAY LOCATION UNKNOWN,CLOUDY,DRY,DAYLIGHT,NON-INJURY ACCIDENT (PROPERTY- DAMAGE-ONLY ACCIDENT),FIXED OBJECT,45.59717683,-111.0881447
C067304N,002+0.289,,GALLATIN,December,2016,19:30,FRI,NON-JUNCTION,ROADSIDE RIGHT,SNOW,SNOW,DARK-NOT LIGHTED,NON-INJURY ACCIDENT (PROPERTY- DAMAGE-ONLY ACCIDENT),FIXED OBJECT,45.62817875,-110.9954404
C067815N,000+0.009,BELGRADE,GALLATIN,SEPTEMBER,2017,10:25,FRI,INTERSECTION,ON ROADWAY,CLEAR,DRY,DAYLIGHT,POSSIBLE INJURY ACCIDENT,RIGHT ANGLE,45.75785714,-111.0405326
C067818N,000+0.380,,GALLATIN,November,2013,9:45,TUE,DRIVEWAY/ALLEY ACCESS RELATED,ON ROADWAY,CLEAR,DRY,DAYLIGHT,NON-INJURY ACCIDENT (PROPERTY- DAMAGE-ONLY ACCIDENT),RIGHT ANGLE,45.75668234,-111.0603158
C067832N,000+0.000,,GALLATIN,April,2014,7:09,MON,INTERSECTION,ON ROADWAY,CLEAR,DRY,DAYLIGHT,NON-INJURY ACCIDENT (PROPERTY- DAMAGE-ONLY ACCIDENT),HEAD ON,45.74953964,-111.0679222
C067832N,000+0.373,,GALLATIN,January,2014,18:49,TUE,NON-JUNCTION,ROADSIDE RIGHT,CLEAR,ICE/FROST,DARK-NOT LIGHTED,NON-INJURY ACCIDENT (PROPERTY- DAMAGE-ONLY ACCIDENT),FIXED OBJECT,45.75058091,-111.0604946
C067835N,000+0.320,,GALLATIN,January,2016,7:30,THU,NON-JUNCTION,ROADSIDE LEFT,SNOW,ICE/FROST,DAYLIGHT,NON-INJURY ACCIDENT (PROPERTY- DAMAGE-ONLY ACCIDENT),FIXED OBJECT,45.78303463,-111.0569292
C068275N,000+0.000,BOZEMAN,GALLATIN,January,2014,23:03,SUN,INTERSECTION,ON ROADWAY,CLOUDY,ICE/FROST,DARK-LIGHTED,NON-INJURY ACCIDENT (PROPERTY- DAMAGE-ONLY ACCIDENT),OTHER,45.68143902,-111.0373613
C068275N,000+0.228,BOZEMAN,GALLATIN,September,2013,9:44,FRI,NON-JUNCTION,SHOULDER,CLEAR,DRY,DAYLIGHT,NON-INJURY ACCIDENT (PROPERTY- DAMAGE-ONLY ACCIDENT),"SIDESWIPE, SAME DIRECTION",45.68149283,-111.0330078
C068275N,000+0.250,BOZEMAN,GALLATIN,November,2013,14:17,FRI,INTERSECTION,ON ROADWAY,CLEAR,WET,DAYLIGHT,NON-INCAPACITATING EVIDENT INJURY ACCIDENT,RIGHT ANGLE,45.6814849,-111.0319691
C068275N,000+0.259,BOZEMAN,GALLATIN,August,2015,23:53,SAT,INTERSECTION,ON ROADWAY,CLEAR,DRY,DARK-LIGHTED,NON-INJURY ACCIDENT (PROPERTY- DAMAGE-ONLY ACCIDENT),NOT FIXED OBJECT OR DEBRIS,45.68148028,-111.031913
C068275N,000+0.555,BOZEMAN,GALLATIN,June,2015,2:13,FRI,NON-JUNCTION,ON ROADWAY,CLEAR,DRY,DARK-UNKNOWN LIGHTING,NON-INJURY ACCIDENT (PROPERTY- DAMAGE-ONLY ACCIDENT),REAR-END,45.68144836,-111.0258127
C068277N,000+0.073,BOZEMAN,GALLATIN,JULY,2017,0:10,THU,NON-JUNCTION,ON ROADWAY,CLEAR,DRY,DARK-NOT LIGHTED,NON-INCAPACITATING EVIDENT INJURY ACCIDENT,REAR-END,45.6837032,-111.0741955
C068278N,000+0.013,BOZEMAN,GALLATIN,June,2016,17:15,TUE,NON-JUNCTION,ON ROADWAY,CLEAR,DRY,DAYLIGHT,POSSIBLE INJURY ACCIDENT,LOST CONTROL,45.67831589,-111.0317176
C068278N,000+0.142,BOZEMAN,GALLATIN,June,2016,2:08,SAT,NON-JUNCTION,SHOULDER,CLEAR,DRY,DARK-LIGHTED,NON-INJURY ACCIDENT (PROPERTY- DAMAGE-ONLY ACCIDENT),PEDESTRIAN,45.67836738,-111.0290445
C068280N,000+0.133,BOZEMAN,GALLATIN,April,2016,8:07,THU,DRIVEWAY/ALLEY ACCESS RELATED,ON ROADWAY,CLEAR,DRY,DAYLIGHT,NON-INCAPACITATING EVIDENT INJURY ACCIDENT,HEAD ON,45.67848617,-111.0633237
C068280N,000+0.166,BOZEMAN,GALLATIN,July,2015,13:51,SAT,INTERSECTION,ON ROADWAY,CLEAR,DRY,DAYLIGHT,NON-INCAPACITATING EVIDENT INJURY ACCIDENT,RIGHT ANGLE,45.67844706,-111.0626916
C068280N,000+0.166,BOZEMAN,GALLATIN,July,2015,9:22,TUE,INTERSECTION-RELATED,ON ROADWAY,CLOUDY,DRY,DAYLIGHT,POSSIBLE INJURY ACCIDENT,OTHER,45.67844477,-111.0627002
C068280N,000+0.166,BOZEMAN,GALLATIN,November,2015,18:43,MON,INTERSECTION,ON ROADWAY,CLEAR,DRY,DARK-LIGHTED,NON-INJURY ACCIDENT (PROPERTY- DAMAGE-ONLY ACCIDENT),RIGHT ANGLE,45.67844572,-111.0627079
C068280N,000+0.174,BOZEMAN,GALLATIN,August,2015,8:49,FRI,INTERSECTION,ON ROADWAY,CLEAR,DRY,DAYLIGHT,NON-INJURY ACCIDENT (PROPERTY- DAMAGE-ONLY ACCIDENT),RIGHT ANGLE,45.67848174,-111.0625129
C068280N,000+0.174,BOZEMAN,GALLATIN,October,2015,15:06,FRI,INTERSECTION,ON ROADWAY,CLOUDY,DRY,DAYLIGHT,NON-INJURY ACCIDENT (PROPERTY- DAMAGE-ONLY ACCIDENT),RIGHT ANGLE,45.67845472,-111.0625139
C068281N,000+0.316,BOZEMAN,GALLATIN,July,2014,15:44,THU,INTERSECTION,ON ROADWAY,CLOUDY,DRY,DAYLIGHT,POSSIBLE INJURY ACCIDENT,REAR-END,45.66721058,-111.0388751
C068281N,000+0.316,BOZEMAN,GALLATIN,August,2015,15:23,WED,INTERSECTION-RELATED,ON ROADWAY,CLEAR,DRY,DAYLIGHT,NON-INJURY ACCIDENT (PROPERTY- DAMAGE-ONLY ACCIDENT),REAR-END,45.66723265,-111.0388873
C068281N,000+0.316,BOZEMAN,GALLATIN,February,2016,17:56,MON,INTERSECTION-RELATED,ON ROADWAY,CLOUDY,DRY,DUSK,NON-INJURY ACCIDENT (PROPERTY- DAMAGE-ONLY ACCIDENT),REAR-END,45.66721401,-111.0388558
C068281N,000+0.316,BOZEMAN,GALLATIN,OCTOBER,2017,10:48,TUE,INTERSECTION,ON ROADWAY,CLOUDY,WET,DAYLIGHT,NON-INJURY ACCIDENT (PROPERTY- DAMAGE-ONLY ACCIDENT),RIGHT ANGLE,45.66720783,-111.0388799
C068281N,000+0.558,BOZEMAN,GALLATIN,August,2014,5:26,SAT,INTERSECTION-RELATED,ON ROADWAY,CLEAR,DRY,DAWN,NON-INCAPACITATING EVIDENT INJURY ACCIDENT,"SIDESWIPE, OPPOSITE DIRECTION",45.66718753,-111.0338553
C068281N,000+0.621,BOZEMAN,GALLATIN,February,2016,14:23,FRI,INTERSECTION-RELATED,ON ROADWAY,CLEAR,DRY,DAYLIGHT,INCAPACITATING INJURY ACCIDENT,BICYCLE,45.66719764,-111.0325906
C068283N,000+0.052,BOZEMAN,GALLATIN,JANUARY,2017,8:40,SAT,INTERSECTION-RELATED,ON ROADWAY,CLOUDY,ICE/FROST,DAYLIGHT,NON-INJURY ACCIDENT (PROPERTY- DAMAGE-ONLY ACCIDENT),"SIDESWIPE, SAME DIRECTION",45.66879609,-111.0335985
C068285N,000+0.025,BOZEMAN,GALLATIN,October,2014,9:06,TUE,INTERSECTION-RELATED,ON ROADWAY,CLEAR,DRY,DAYLIGHT,NON-INJURY ACCIDENT (PROPERTY- DAMAGE-ONLY ACCIDENT),REAR-END,45.69308928,-111.0630388
C068285N,000+0.074,BOZEMAN,GALLATIN,August,2013,14:34,SAT,INTERSECTION,ON ROADWAY,CLEAR,DRY,DAYLIGHT,INCAPACITATING INJURY ACCIDENT,"LEFT TURN, OPPOSITE DIRECTION",45.6931031,-111.0639729
C068285N,000+0.074,BOZEMAN,GALLATIN,October,2014,17:38,FRI,INTERSECTION-RELATED,ON ROADWAY,CLEAR,DRY,DAYLIGHT,NON-INJURY ACCIDENT (PROPERTY- DAMAGE-ONLY ACCIDENT),RIGHT ANGLE,45.69311112,-111.0639732
C068285N,000+0.074,BOZEMAN,GALLATIN,January,2015,18:16,THU,INTERSECTION,ON ROADWAY,CLEAR,DRY,DARK-LIGHTED,NON-INJURY ACCIDENT (PROPERTY- DAMAGE-ONLY ACCIDENT),RIGHT ANGLE,45.69313561,-111.0639853
C068285N,000+0.074,BOZEMAN,GALLATIN,August,2016,12:34,MON,INTERSECTION,ON ROADWAY,CLOUDY,DRY,DAYLIGHT,POSSIBLE INJURY ACCIDENT,RIGHT ANGLE,45.69312284,-111.0639748
C068285N,000+0.074,BOZEMAN,GALLATIN,February,2016,16:36,TUE,DRIVEWAY/ALLEY ACCESS RELATED,ON ROADWAY,CLEAR,DRY,DAYLIGHT,NON-INJURY ACCIDENT (PROPERTY- DAMAGE-ONLY ACCIDENT),"LEFT TURN, OPPOSITE DIRECTION",45.69329078,-111.0640351
C068285N,000+0.074,BOZEMAN,GALLATIN,APRIL,2017,16:21,FRI,INTERSECTION,ON ROADWAY,CLOUDY,WET,DAYLIGHT,NON-INJURY ACCIDENT (PROPERTY- DAMAGE-ONLY ACCIDENT),REAR-END,45.69308642,-111.0639664
C068285N,000+0.074,BOZEMAN,GALLATIN,FEBRUARY,2017,12:29,WED,INTERSECTION,ON ROADWAY,CLEAR,DRY,DAYLIGHT,NON-INJURY ACCIDENT (PROPERTY- DAMAGE-ONLY ACCIDENT),RIGHT ANGLE,45.69305341,-111.0639886
C068285N,000+0.074,BOZEMAN,GALLATIN,JANUARY,2017,15:38,FRI,INTERSECTION,ON ROADWAY,CLOUDY,WET,DAYLIGHT,POSSIBLE INJURY ACCIDENT,RIGHT ANGLE,45.69309447,-111.0639747
C068285N,000+0.074,BOZEMAN,GALLATIN,NOVEMBER,2017,16:43,TUE,INTERSECTION,ON ROADWAY,RAIN,WET,DARK-LIGHTED,NON-INJURY ACCIDENT (PROPERTY- DAMAGE-ONLY ACCIDENT),"LEFT TURN, SAME DIRECTION",45.69307785,-111.0639643
C068285N,000+0.074,BOZEMAN,GALLATIN,SEPTEMBER,2017,16:01,THU,INTERSECTION,ON ROADWAY,CLOUDY,DRY,DAYLIGHT,POSSIBLE INJURY ACCIDENT,RIGHT ANGLE,45.69317769,-111.0639882
C068285N,000+0.127,BOZEMAN,GALLATIN,November,2014,22:49,FRI,DRIVEWAY/ALLEY ACCESS RELATED,ON ROADWAY,CLEAR,DRY,DARK-NOT LIGHTED,NON-INCAPACITATING EVIDENT INJURY ACCIDENT,PEDESTRIAN,45.69305326,-111.0650918
C068285N,000+0.209,BOZEMAN,GALLATIN,MAY,2017,7:49,TUE,NON-JUNCTION,ON ROADWAY,CLEAR,DRY,DAYLIGHT,NON-INJURY ACCIDENT (PROPERTY- DAMAGE-ONLY ACCIDENT),REAR-END,45.69300275,-111.0667974
C068497N,000+0.110,,GALLATIN,August,2013,3:28,WED,INTERSECTION-RELATED,ROADSIDE LEFT,CLEAR,DRY,DARK-NOT LIGHTED,NON-INJURY ACCIDENT (PROPERTY- DAMAGE-ONLY ACCIDENT),FIXED OBJECT,45.73284295,-111.1174447
C068498N,000+0.015,NOT IN CITY LIMITS,GALLATIN,NOVEMBER,2017,20:45,FRI,INTERSECTION,ROADSIDE RIGHT,SNOW,SNOW,DARK-NOT LIGHTED,NON-INJURY ACCIDENT (PROPERTY- DAMAGE-ONLY ACCIDENT),FIXED OBJECT,45.72953326,-111.1214525
C068498N,000+0.274,,GALLATIN,December,2015,11:50,WED,NON-JUNCTION,ROADSIDE RIGHT,SNOW,SNOW,DAYLIGHT,NON-INJURY ACCIDENT (PROPERTY- DAMAGE-ONLY ACCIDENT),FIXED OBJECT,45.73328576,-111.121476
C068507N,000+0.520,,GALLATIN,November,2013,9:40,SUN,DRIVEWAY/ALLEY ACCESS RELATED,ON ROADWAY,CLEAR,WET,DAYLIGHT,NON-INJURY ACCIDENT (PROPERTY- DAMAGE-ONLY ACCIDENT),REAR-END,45.62479667,-111.0688483
C068508N,000+0.000,NOT IN CITY LIMITS,GALLATIN,OCTOBER,2017,8:25,MON,INTERSECTION,ON ROADWAY,CLEAR,DRY,DAYLIGHT,NON-INJURY ACCIDENT (PROPERTY- DAMAGE-ONLY ACCIDENT),RIGHT ANGLE,45.62743608,-111.0714912
C068514N,000+0.007,,GALLATIN,December,2014,12:00,WED,DRIVEWAY/ALLEY ACCESS RELATED,ROADSIDE RIGHT,CLOUDY,ICE/FROST,DAYLIGHT,NON-INJURY ACCIDENT (PROPERTY- DAMAGE-ONLY ACCIDENT),ROLL OVER,45.65874,-111.1934967
C068515N,000+0.060,,GALLATIN,June,2013,19:30,FRI,DRIVEWAY/ALLEY ACCESS RELATED,ON ROADWAY,CLEAR,DRY,DAYLIGHT,POSSIBLE INJURY ACCIDENT,REAR-END,45.65894374,-111.1872971
C068515N,000+0.090,,GALLATIN,January,2013,0:00,SUN,OTHER LOCATION,ROADSIDE LEFT,UNKNOWN,ICE/FROST,UNKNOWN,NON-INJURY ACCIDENT (PROPERTY- DAMAGE-ONLY ACCIDENT),FIXED OBJECT,45.65898,-111.18792
C068515N,000+0.103,,GALLATIN,June,2014,14:00,MON,NON-JUNCTION,IN PARKING LANE OR ZONE,CLOUDY,DRY,DAYLIGHT,NON-INJURY ACCIDENT (PROPERTY- DAMAGE-ONLY ACCIDENT),"SIDESWIPE, SAME DIRECTION",45.65981797,-111.1880894
C068515N,000+0.234,,GALLATIN,November,2014,11:00,MON,INTERSECTION,ON ROADWAY,CLEAR,ICE/FROST,DAYLIGHT,NON-INJURY ACCIDENT (PROPERTY- DAMAGE-ONLY ACCIDENT),RIGHT ANGLE,45.65905438,-111.1907843
C068515N,000+0.270,,GALLATIN,July,2013,16:40,WED,NON-JUNCTION,ON ROADWAY,CLOUDY,MUD DIRT GRAVEL,DAYLIGHT,NON-INJURY ACCIDENT (PROPERTY- DAMAGE-ONLY ACCIDENT),REAR-END,45.65858172,-111.1911834
C068516N,000+0.091,,GALLATIN,November,2014,17:25,WED,INTERSECTION,ON ROADWAY,CLOUDY,ICE/FROST,DARK-NOT LIGHTED,NON-INJURY ACCIDENT (PROPERTY- DAMAGE-ONLY ACCIDENT),RIGHT ANGLE,45.64897506,-111.1938267
C068517N,000+0.000,NOT IN CITY LIMITS,GALLATIN,APRIL,2017,13:57,WED,INTERSECTION-RELATED,ROADSIDE RIGHT,CLEAR,DRY,DAYLIGHT,NON-INJURY ACCIDENT (PROPERTY- DAMAGE-ONLY ACCIDENT),FIXED OBJECT,45.64572,-111.19411
C068517N,000+0.440,,GALLATIN,July,2013,2:00,SAT,NON-JUNCTION,ROADSIDE RIGHT,CLEAR,DRY,DARK-NOT LIGHTED,NON-INJURY ACCIDENT (PROPERTY- DAMAGE-ONLY ACCIDENT),FIXED OBJECT,45.65063833,-111.1964683
C068517N,000+0.721,,GALLATIN,May,2016,16:45,TUE,INTERSECTION,ON ROADWAY,CLEAR,DRY,DAYLIGHT,NON-INJURY ACCIDENT (PROPERTY- DAMAGE-ONLY ACCIDENT),RIGHT ANGLE,45.65275941,-111.1935216
C068530N,000+0.190,,GALLATIN,June,2013,5:06,FRI,NON-JUNCTION,SHOULDER,UNKNOWN,MUD DIRT GRAVEL,UNKNOWN,POSSIBLE INJURY ACCIDENT,ROLL OVER,45.53749713,-111.1704775
C068534N,000+0.056,,GALLATIN,December,2016,11:45,MON,NON-JUNCTION,ON ROADWAY,CLOUDY,SNOW,DAYLIGHT,NON-INJURY ACCIDENT (PROPERTY- DAMAGE-ONLY ACCIDENT),FIXED OBJECT,45.26619988,-111.3391365
C068550N,000+0.164,WEST YELLOWSTONE,GALLATIN,August,2016,18:09,TUE,NON-JUNCTION,ON ROADWAY,CLEAR,DRY,DAYLIGHT,NON-INJURY ACCIDENT (PROPERTY- DAMAGE-ONLY ACCIDENT),REAR TO SIDE,44.6647404,-111.1005894
C068550N,000+0.345,WEST YELLOWSTONE,GALLATIN,MARCH,2017,16:15,SUN,INTERSECTION-RELATED,ON ROADWAY,CLEAR,DRY,DAYLIGHT,NON-INJURY ACCIDENT (PROPERTY- DAMAGE-ONLY ACCIDENT),RIGHT ANGLE,44.66465998,-111.1042631
C068552N,000+0.101,WEST YELLOWSTONE,GALLATIN,JUNE,2017,8:10,TUE,DRIVEWAY/ALLEY ACCESS RELATED,IN PARKING LANE OR ZONE,CLEAR,DRY,DAYLIGHT,NON-INJURY ACCIDENT (PROPERTY- DAMAGE-ONLY ACCIDENT),"SIDESWIPE, SAME DIRECTION",44.662468,-111.0992947
C068563N,000+0.612,,GALLATIN,July,2016,16:15,FRI,INTERSECTION-RELATED,ROADSIDE RIGHT,CLEAR,DRY,DAYLIGHT,NON-INJURY ACCIDENT (PROPERTY- DAMAGE-ONLY ACCIDENT),FIXED OBJECT,45.80132457,-111.2068006
C068565N,000+0.133,,GALLATIN,October,2015,12:30,SUN,NON-JUNCTION,OFF ROADWAY LOCATION UNKNOWN,CLEAR,DRY,DAYLIGHT,NON-INJURY ACCIDENT (PROPERTY- DAMAGE-ONLY ACCIDENT),FIXED OBJECT,45.7997344,-111.2196654