MDT_CORRIDOR_ID,SMS_REFPOST_OFFSET,CITY,COUNTY,Month,Year,SMS_TIME,SMT_CRASH_OCC_DAY_OF_WEEK,JUNCTION_RELATED,ROADWAY_RELATED,WEATHER_COND,ROAD_COND,LIGHT_COND,CRASH_SEVERITY,COLLISION_TYPE,LATITUDE,LONGITUDE
C068568N,000+0.000,,GALLATIN,January,2015,18:08,MON,INTERSECTION,ON ROADWAY,CLEAR,DRY,DARK-LIGHTED,FATAL ACCIDENT,RIGHT ANGLE,45.7949635,-111.2138392
C068568N,000+0.000,NOT IN CITY LIMITS,GALLATIN,NOVEMBER,2017,8:10,TUE,INTERSECTION-RELATED,ON ROADWAY,CLOUDY,ICE/FROST,DAYLIGHT,NON-INCAPACITATING EVIDENT INJURY ACCIDENT,REAR-END,45.79497373,-111.2138392
C068568N,000+0.073,,GALLATIN,June,2015,23:06,THU,DRIVEWAY/ALLEY ACCESS RELATED,OUTSIDE RIGHT-OF-WAY (TRAFFICWAY),CLEAR,DRY,DARK-LIGHTED,NON-INJURY ACCIDENT (PROPERTY- DAMAGE-ONLY ACCIDENT),REAR TO SIDE,45.79587776,-111.2130353
C068569N,000+0.199,,GALLATIN,July,2016,0:00,WED,NON-JUNCTION,ROADSIDE LEFT,CLOUDY,DRY,DARK-NOT LIGHTED,NON-INJURY ACCIDENT (PROPERTY- DAMAGE-ONLY ACCIDENT),HEAD ON,45.79698497,-111.2103082
C068572N,000+0.000,,GALLATIN,November,2014,20:28,TUE,INTERSECTION-RELATED,ON ROADWAY,CLOUDY,DRY,DARK-NOT LIGHTED,NON-INJURY ACCIDENT (PROPERTY- DAMAGE-ONLY ACCIDENT),REAR-END,45.79234751,-111.2087371
C068572N,000+0.000,,GALLATIN,December,2014,15:10,FRI,INTERSECTION,ON ROADWAY,CLEAR,ICE/FROST,DAYLIGHT,NON-INJURY ACCIDENT (PROPERTY- DAMAGE-ONLY ACCIDENT),RIGHT ANGLE,45.79243636,-111.2087234
C068572N,000+0.000,,GALLATIN,December,2015,12:00,WED,INTERSECTION,ROADSIDE LEFT,SNOW,SNOW,DAYLIGHT,NON-INJURY ACCIDENT (PROPERTY- DAMAGE-ONLY ACCIDENT),FIXED OBJECT,45.79242613,-111.2087371
C068572N,000+0.000,NOT IN CITY LIMITS,GALLATIN,DECEMBER,2017,15:30,THU,INTERSECTION,ON ROADWAY,CLOUDY,ICE/FROST,DAYLIGHT,NON-INJURY ACCIDENT (PROPERTY- DAMAGE-ONLY ACCIDENT),REAR-END,45.79241384,-111.2087462
C068572N,000+0.000,NOT IN CITY LIMITS,GALLATIN,NOVEMBER,2017,8:29,TUE,INTERSECTION,ON ROADWAY,CLEAR,DRY,DAYLIGHT,NON-INJURY ACCIDENT (PROPERTY- DAMAGE-ONLY ACCIDENT),RIGHT ANGLE,45.79237827,-111.2087712
C068572N,000+0.060,NOT IN CITY LIMITS,GALLATIN,DECEMBER,2017,8:53,TUE,INTERSECTION,ON ROADWAY,CLOUDY,DRY,DAYLIGHT,POSSIBLE INJURY ACCIDENT,RIGHT ANGLE,45.79305267,-111.2080002
C068572N,000+0.100,,GALLATIN,August,2016,10:40,SUN,INTERSECTION,ON ROADWAY,CLOUDY,DRY,DAYLIGHT,NON-INJURY ACCIDENT (PROPERTY- DAMAGE-ONLY ACCIDENT),RIGHT ANGLE,45.79351553,-111.2075759
C068572N,000+0.180,,GALLATIN,December,2013,17:04,THU,NON-JUNCTION,ON ROADWAY,CLEAR,SNOW,DARK-NOT LIGHTED,NON-INJURY ACCIDENT (PROPERTY- DAMAGE-ONLY ACCIDENT),REAR-END,45.79446333,-111.2064667
C068572N,000+0.207,,GALLATIN,March,2016,13:30,THU,NON-JUNCTION,ON ROADWAY,CLEAR,DRY,DAYLIGHT,POSSIBLE INJURY ACCIDENT,HEAD ON,45.79480299,-111.2062304
C068576N,000+0.078,BELGRADE,GALLATIN,November,2014,11:10,SUN,DRIVEWAY/ALLEY ACCESS RELATED,ON ROADWAY,CLOUDY,SNOW,DAYLIGHT,NON-INJURY ACCIDENT (PROPERTY- DAMAGE-ONLY ACCIDENT),REAR TO SIDE,45.79674281,-111.1833424
C068576N,000+0.173,,GALLATIN,October,2015,11:40,TUE,INTERSECTION,ON ROADWAY,CLEAR,DRY,DAYLIGHT,NON-INCAPACITATING EVIDENT INJURY ACCIDENT,RIGHT ANGLE,45.79673333,-111.185265
C068576N,000+0.175,BELGRADE,GALLATIN,December,2016,14:46,THU,INTERSECTION,ON ROADWAY,CLEAR,DRY,DAYLIGHT,NON-INJURY ACCIDENT (PROPERTY- DAMAGE-ONLY ACCIDENT),RIGHT ANGLE,45.79676226,-111.1853199
C068579N,000+0.000,BELGRADE,GALLATIN,December,2014,11:58,MON,INTERSECTION,ON ROADWAY,CLEAR,ICE/FROST,DAYLIGHT,NON-INJURY ACCIDENT (PROPERTY- DAMAGE-ONLY ACCIDENT),RIGHT ANGLE,45.77680126,-111.1783346
C068579N,000+0.000,BELGRADE,GALLATIN,September,2015,7:45,FRI,INTERSECTION-RELATED,ON ROADWAY,CLEAR,DRY,DAYLIGHT,NON-INJURY ACCIDENT (PROPERTY- DAMAGE-ONLY ACCIDENT),REAR-END,45.77677297,-111.1782376
C068579N,000+0.000,BELGRADE,GALLATIN,May,2015,8:40,WED,INTERSECTION,ON ROADWAY,CLEAR,DRY,DAYLIGHT,NON-INJURY ACCIDENT (PROPERTY- DAMAGE-ONLY ACCIDENT),"SIDESWIPE, SAME DIRECTION",45.77680126,-111.1783346
C068579N,000+0.097,BELGRADE,GALLATIN,MARCH,2017,15:00,FRI,INTERSECTION-RELATED,ON ROADWAY,CLEAR,DRY,DAYLIGHT,INCAPACITATING INJURY ACCIDENT,ROLL OVER,45.77792295,-111.1771763
C068582N,000+0.205,BELGRADE,GALLATIN,August,2016,16:03,SUN,INTERSECTION,ON ROADWAY,CLEAR,DRY,DAYLIGHT,POSSIBLE INJURY ACCIDENT,BICYCLE,45.76951383,-111.1718996
C068587N,000+0.009,BELGRADE,GALLATIN,December,2016,9:08,MON,NON-JUNCTION,ROADSIDE RIGHT,CLEAR,ICE/FROST,DAYLIGHT,UNKNOWN,FIXED OBJECT,45.78100439,-111.1802913
C068587N,000+0.094,BELGRADE,GALLATIN,January,2014,15:55,WED,INTERSECTION,ON ROADWAY,SNOW,ICE/FROST,DAYLIGHT,NON-INJURY ACCIDENT (PROPERTY- DAMAGE-ONLY ACCIDENT),RIGHT ANGLE,45.78021868,-111.1787025
C068587N,000+0.094,BELGRADE,GALLATIN,August,2016,17:49,MON,INTERSECTION,ON ROADWAY,CLEAR,DRY,DAYLIGHT,INCAPACITATING INJURY ACCIDENT,BICYCLE,45.78023369,-111.1787158
C068593N,000+0.020,BELGRADE,GALLATIN,November,2016,13:03,WED,NON-JUNCTION,SHOULDER,UNKNOWN,UNKNOWN,UNKNOWN,NON-INJURY ACCIDENT (PROPERTY- DAMAGE-ONLY ACCIDENT),REAR TO FRONT,45.76790529,-111.1792817
C068593N,000+0.117,BELGRADE,GALLATIN,MAY,2017,11:00,TUE,INTERSECTION,ON ROADWAY,CLEAR,DRY,DAYLIGHT,NON-INJURY ACCIDENT (PROPERTY- DAMAGE-ONLY ACCIDENT),RIGHT ANGLE,45.76932113,-111.179308
C068607N,000+0.101,,GALLATIN,July,2015,3:49,SUN,NON-JUNCTION,OUTSIDE RIGHT-OF-WAY (TRAFFICWAY),CLOUDY,DRY,DARK-NOT LIGHTED,NON-INJURY ACCIDENT (PROPERTY- DAMAGE-ONLY ACCIDENT),RIGHT ANGLE,45.80793893,-111.2353665
C068611N,000+0.219,NOT IN CITY LIMITS,GALLATIN,MARCH,2017,15:30,MON,INTERSECTION-RELATED,ON ROADWAY,RAIN,WET,DAYLIGHT,NON-INJURY ACCIDENT (PROPERTY- DAMAGE-ONLY ACCIDENT),REAR-END,45.81437834,-111.2443838
C068612N,000+0.070,,GALLATIN,October,2013,11:30,FRI,NON-JUNCTION,ROADSIDE RIGHT,CLEAR,DRY,DAYLIGHT,NON-INJURY ACCIDENT (PROPERTY- DAMAGE-ONLY ACCIDENT),REAR-END,45.81456573,-111.2462766
C068630N,001+0.553,,GALLATIN,February,2015,0:00,SAT,NON-JUNCTION,SHOULDER,SNOW,SNOW,DAYLIGHT,NON-INJURY ACCIDENT (PROPERTY- DAMAGE-ONLY ACCIDENT),FIXED OBJECT,45.67952307,-111.3201921
C068640N,000+0.147,NOT IN CITY LIMITS,GALLATIN,JULY,2017,17:00,TUE,NON-JUNCTION,ON ROADWAY,CLOUDY,DRY,DAYLIGHT,NON-INJURY ACCIDENT (PROPERTY- DAMAGE-ONLY ACCIDENT),PARKED VEHICLE,45.72564047,-111.1384203
C068643N,000+0.000,,GALLATIN,February,2014,16:30,MON,INTERSECTION,ON ROADWAY,SNOW,SNOW,DAYLIGHT,NON-INJURY ACCIDENT (PROPERTY- DAMAGE-ONLY ACCIDENT),RIGHT ANGLE,45.71989291,-111.1447723
C068643N,000+0.990,,GALLATIN,March,2013,16:26,TUE,INTERSECTION-RELATED,ON ROADWAY,CLEAR,DRY,DAYLIGHT,NON-INJURY ACCIDENT (PROPERTY- DAMAGE-ONLY ACCIDENT),BACKING VEHICLE,45.7275283,-111.1366249
C068647N,000+0.120,,GALLATIN,September,2013,8:20,FRI,INTERSECTION,ON ROADWAY,CLEAR,DRY,DAYLIGHT,NON-INJURY ACCIDENT (PROPERTY- DAMAGE-ONLY ACCIDENT),RIGHT ANGLE,45.77608844,-111.2241778
C068648N,000+0.101,NOT IN CITY LIMITS,GALLATIN,JULY,2017,20:30,FRI,NON-JUNCTION,ROADSIDE RIGHT,CLEAR,DRY,DARK-NOT LIGHTED,NON-INJURY ACCIDENT (PROPERTY- DAMAGE-ONLY ACCIDENT),REAR TO REAR,45.77482929,-111.2252171
C068649N,000+0.111,NOT IN CITY LIMITS,GALLATIN,JULY,2017,22:30,WED,NON-JUNCTION,ON ROADWAY,CLEAR,DRY,DARK-NOT LIGHTED,NON-INJURY ACCIDENT (PROPERTY- DAMAGE-ONLY ACCIDENT),PARKED VEHICLE,45.77499037,-111.2230552
C068650N,000+0.145,NOT IN CITY LIMITS,GALLATIN,APRIL,2017,9:30,SAT,NON-JUNCTION,IN PARKING LANE OR ZONE,CLEAR,DRY,DAYLIGHT,NON-INJURY ACCIDENT (PROPERTY- DAMAGE-ONLY ACCIDENT),PARKED VEHICLE,45.77398117,-111.2221242
C068654N,000+0.327,,GALLATIN,February,2014,16:20,SUN,INTERSECTION,ON ROADWAY,CLOUDY,ICE/FROST,DAYLIGHT,NON-INJURY ACCIDENT (PROPERTY- DAMAGE-ONLY ACCIDENT),HEAD ON,45.77899331,-111.2066253
C068654N,000+0.516,,GALLATIN,March,2014,23:30,SAT,NON-JUNCTION,ON ROADWAY,CLOUDY,DRY,DARK-NOT LIGHTED,NON-INJURY ACCIDENT (PROPERTY- DAMAGE-ONLY ACCIDENT),"SIDESWIPE, SAME DIRECTION",45.77959093,-111.2099366
C068654N,000+0.914,BELGRADE,GALLATIN,November,2016,0:01,SUN,NON-JUNCTION,ON ROADWAY,CLOUDY,DRY,DARK-NOT LIGHTED,NON-INJURY ACCIDENT (PROPERTY- DAMAGE-ONLY ACCIDENT),PARKED VEHICLE,45.77960584,-111.2182925
C068654N,001+0.203,,GALLATIN,June,2015,20:30,TUE,NON-JUNCTION,ROADSIDE LEFT,RAIN,WET,DAYLIGHT,POSSIBLE INJURY ACCIDENT,FIXED OBJECT,45.77785386,-111.2222813
C068654N,001+0.327,,GALLATIN,January,2014,14:15,MON,NON-JUNCTION,ON ROADWAY,CLOUDY,ICE/FROST,DARK-LIGHTED,NON-INJURY ACCIDENT (PROPERTY- DAMAGE-ONLY ACCIDENT),REAR-END,45.77795833,-111.2249683
C068655N,000+0.167,,GALLATIN,January,2014,19:50,TUE,NON-JUNCTION,SHOULDER,CLEAR,DRY,DARK-NOT LIGHTED,NON-INJURY ACCIDENT (PROPERTY- DAMAGE-ONLY ACCIDENT),REAR-END,45.77812993,-111.2093199
C068655N,000+0.176,,GALLATIN,August,2014,8:40,TUE,NON-JUNCTION,SHOULDER,CLEAR,DRY,DAYLIGHT,POSSIBLE INJURY ACCIDENT,"SIDESWIPE, SAME DIRECTION",45.77815787,-111.2094747
C068655N,000+0.211,NOT IN CITY LIMITS,GALLATIN,JANUARY,2017,20:30,SUN,NON-JUNCTION,IN PARKING LANE OR ZONE,CLEAR,DRY,DARK-NOT LIGHTED,NON-INJURY ACCIDENT (PROPERTY- DAMAGE-ONLY ACCIDENT),HEAD ON,45.77818519,-111.2102533
C068655N,000+0.230,,GALLATIN,October,2013,0:00,SAT,NON-JUNCTION,ON ROADWAY,UNKNOWN,DRY,UNKNOWN,NON-INJURY ACCIDENT (PROPERTY- DAMAGE-ONLY ACCIDENT),PARKED VEHICLE,45.77811688,-111.2106427
C068655N,000+0.272,,GALLATIN,July,2015,23:30,SUN,NON-JUNCTION,ON ROADWAY,CLOUDY,DRY,DARK-NOT LIGHTED,UNKNOWN,RIGHT ANGLE,45.77814,-111.2115
C068655N,000+0.540,,GALLATIN,December,2016,10:15,SUN,INTERSECTION,ROADSIDE RIGHT,CLOUDY,SNOW,DAYLIGHT,NON-INJURY ACCIDENT (PROPERTY- DAMAGE-ONLY ACCIDENT),FIXED OBJECT,45.77810657,-111.2170084
C068656N,000+0.052,,GALLATIN,February,2014,13:00,SUN,INTERSECTION-RELATED,ROADSIDE RIGHT,CLOUDY,SNOW,DAYLIGHT,NON-INJURY ACCIDENT (PROPERTY- DAMAGE-ONLY ACCIDENT),FIXED OBJECT,45.77353833,-111.2212
C068656N,000+0.246,,GALLATIN,February,2014,6:57,THU,NON-JUNCTION,ROADSIDE LEFT,CLEAR,ICE/FROST,DARK-LIGHTED,NON-INJURY ACCIDENT (PROPERTY- DAMAGE-ONLY ACCIDENT),FIXED OBJECT,45.7764016,-111.2211439
C068656N,000+0.261,,GALLATIN,November,2015,9:09,MON,INTERSECTION,ON ROADWAY,SNOW,SNOW,DAYLIGHT,NON-INJURY ACCIDENT (PROPERTY- DAMAGE-ONLY ACCIDENT),RIGHT ANGLE,45.77655961,-111.2210724
C068656N,000+0.276,,GALLATIN,January,2015,23:30,FRI,NON-JUNCTION,ROADSIDE RIGHT,CLEAR,SNOW,DARK-LIGHTED,NON-INJURY ACCIDENT (PROPERTY- DAMAGE-ONLY ACCIDENT),FIXED OBJECT,45.77682934,-111.2211338
C068656N,000+0.280,,GALLATIN,December,2013,11:00,TUE,NON-JUNCTION,ROADSIDE LEFT,CLEAR,ICE/FROST,DAYLIGHT,NON-INJURY ACCIDENT (PROPERTY- DAMAGE-ONLY ACCIDENT),FIXED OBJECT,45.77683277,-111.2213455
C068656N,000+0.281,,GALLATIN,February,2014,11:50,THU,OTHER LOCATION,OUTSIDE RIGHT-OF-WAY (TRAFFICWAY),CLOUDY,SNOW,DAYLIGHT,NON-INJURY ACCIDENT (PROPERTY- DAMAGE-ONLY ACCIDENT),RIGHT ANGLE,45.77686881,-111.2212853
C068656N,000+0.281,,GALLATIN,December,2016,20:15,WED,NON-JUNCTION,ON ROADWAY,CLEAR,SNOW,DARK-NOT LIGHTED,NON-INJURY ACCIDENT (PROPERTY- DAMAGE-ONLY ACCIDENT),REAR-END,45.77657305,-111.221088
C068656N,000+0.364,,GALLATIN,November,2014,19:00,SUN,NON-JUNCTION,ON ROADWAY,CLEAR,DRY,DARK-LIGHTED,NON-INJURY ACCIDENT (PROPERTY- DAMAGE-ONLY ACCIDENT),REAR TO SIDE,45.776843,-111.2229575
C068656N,000+0.442,,GALLATIN,June,2014,7:10,THU,DRIVEWAY/ALLEY ACCESS RELATED,ON ROADWAY,CLEAR,DRY,DAYLIGHT,NON-INJURY ACCIDENT (PROPERTY- DAMAGE-ONLY ACCIDENT),"SIDESWIPE, OPPOSITE DIRECTION",45.77692154,-111.2246719
C068656N,000+0.510,,GALLATIN,January,2013,15:20,THU,DRIVEWAY/ALLEY ACCESS RELATED,ON ROADWAY,CLOUDY,ICE/FROST,DAYLIGHT,NON-INJURY ACCIDENT (PROPERTY- DAMAGE-ONLY ACCIDENT),BACKING VEHICLE,45.77683,-111.2261733
C068657N,000+0.050,,GALLATIN,October,2013,2:46,WED,NON-JUNCTION,ON ROADWAY,CLEAR,DRY,DARK-NOT LIGHTED,NON-INJURY ACCIDENT (PROPERTY- DAMAGE-ONLY ACCIDENT),RIGHT ANGLE,45.7745617,-111.2091059
C068657N,000+0.100,NOT IN CITY LIMITS,GALLATIN,JUNE,2017,5:30,SAT,NON-JUNCTION,OFF ROADWAY LOCATION UNKNOWN,CLEAR,DRY,DAWN,NON-INJURY ACCIDENT (PROPERTY- DAMAGE-ONLY ACCIDENT),FIXED OBJECT,45.77385073,-111.2088129
C068657N,000+0.135,,GALLATIN,September,2016,1:00,THU,NON-JUNCTION,ROADSIDE RIGHT,CLOUDY,DRY,DARK-NOT LIGHTED,UNKNOWN,PARKED VEHICLE,45.77340423,-111.2094278
C068657N,000+0.223,,GALLATIN,September,2015,7:49,WED,INTERSECTION,ON ROADWAY,CLEAR,DRY,DAYLIGHT,NON-INCAPACITATING EVIDENT INJURY ACCIDENT,HEAD ON,45.77345529,-111.2111618
C068657N,000+0.413,,GALLATIN,May,2014,13:40,SAT,NON-JUNCTION,ON ROADWAY,RAIN,WET,DAYLIGHT,NON-INJURY ACCIDENT (PROPERTY- DAMAGE-ONLY ACCIDENT),REAR-END,45.77338354,-111.2151028
C068657N,000+0.523,,GALLATIN,January,2014,13:00,SAT,DRIVEWAY/ALLEY ACCESS RELATED,ON ROADWAY,CLOUDY,ICE/FROST,DAYLIGHT,NON-INJURY ACCIDENT (PROPERTY- DAMAGE-ONLY ACCIDENT),RIGHT ANGLE,45.77340743,-111.2174455
C068657N,000+0.719,,GALLATIN,February,2014,6:55,FRI,INTERSECTION-RELATED,ON ROADWAY,CLEAR,DRY,DAYLIGHT,NON-INJURY ACCIDENT (PROPERTY- DAMAGE-ONLY ACCIDENT),REAR-END,45.77340064,-111.2212568
C068657N,000+0.726,NOT IN CITY LIMITS,GALLATIN,NOVEMBER,2017,7:00,SUN,NON-JUNCTION,ROADSIDE RIGHT,CLOUDY,SLUSH,DAYLIGHT,NON-INJURY ACCIDENT (PROPERTY- DAMAGE-ONLY ACCIDENT),HEAD ON,45.7734407,-111.2214045
C068657N,000+0.820,,GALLATIN,March,2013,8:00,MON,NON-JUNCTION,ON ROADWAY,CLEAR,DRY,DAYLIGHT,POSSIBLE INJURY ACCIDENT,HEAD ON,45.77343833,-111.2234967
C068657N,000+0.914,,GALLATIN,April,2015,2:00,WED,NON-JUNCTION,SHOULDER,CLEAR,DRY,DARK-LIGHTED,NON-INJURY ACCIDENT (PROPERTY- DAMAGE-ONLY ACCIDENT),REAR TO REAR,45.77333667,-111.225265
C068658N,000+0.071,,GALLATIN,October,2014,8:10,FRI,NON-JUNCTION,ON ROADWAY,CLEAR,DRY,DAYLIGHT,NON-INJURY ACCIDENT (PROPERTY- DAMAGE-ONLY ACCIDENT),REAR-END,45.77530961,-111.212603
C068658N,000+0.250,,GALLATIN,September,2013,7:55,FRI,NON-JUNCTION,ON ROADWAY,CLEAR,DRY,DAYLIGHT,INCAPACITATING INJURY ACCIDENT,PEDESTRIAN,45.77534167,-111.2087333
C068658N,000+0.270,,GALLATIN,September,2013,7:40,FRI,NON-JUNCTION,ON ROADWAY,CLEAR,DRY,DAYLIGHT,NON-INJURY ACCIDENT (PROPERTY- DAMAGE-ONLY ACCIDENT),REAR-END,45.77538833,-111.2084167
C068658N,000+0.326,NOT IN CITY LIMITS,GALLATIN,DECEMBER,2017,1:25,TUE,NON-JUNCTION,ON ROADWAY,CLOUDY,ICE/FROST,DARK-NOT LIGHTED,NON-INJURY ACCIDENT (PROPERTY- DAMAGE-ONLY ACCIDENT),REAR-END,45.77533028,-111.2073067
C068658N,000+0.381,,GALLATIN,February,2014,8:32,FRI,INTERSECTION,ON ROADWAY,CLOUDY,ICE/FROST,DAYLIGHT,NON-INJURY ACCIDENT (PROPERTY- DAMAGE-ONLY ACCIDENT),REAR-END,45.77533684,-111.2061923
C068659N,000+0.010,,GALLATIN,November,2013,13:15,TUE,INTERSECTION,ON ROADWAY,CLEAR,DRY,DAYLIGHT,NON-INJURY ACCIDENT (PROPERTY- DAMAGE-ONLY ACCIDENT),RIGHT ANGLE,45.77304541,-111.2141124
C068659N,000+0.398,,GALLATIN,March,2016,13:30,TUE,NON-JUNCTION,SHOULDER,CLOUDY,DRY,DAYLIGHT,NON-INJURY ACCIDENT (PROPERTY- DAMAGE-ONLY ACCIDENT),REAR-END,45.77717729,-111.2161987
C068660N,000+0.165,,GALLATIN,September,2016,17:16,FRI,INTERSECTION-RELATED,ON ROADWAY,CLEAR,DRY,DAYLIGHT,NON-INCAPACITATING EVIDENT INJURY ACCIDENT,ROLL OVER,45.77663104,-111.2175024
C068660N,000+0.165,,GALLATIN,January,2016,15:00,MON,INTERSECTION-RELATED,ON ROADWAY,CLOUDY,ICE/FROST,DAYLIGHT,NON-INJURY ACCIDENT (PROPERTY- DAMAGE-ONLY ACCIDENT),RIGHT ANGLE,45.77661417,-111.2174865
C068660N,000+0.215,,GALLATIN,March,2014,21:29,WED,NON-JUNCTION,SHOULDER,CLOUDY,DRY,DARK-NOT LIGHTED,NON-INJURY ACCIDENT (PROPERTY- DAMAGE-ONLY ACCIDENT),"SIDESWIPE, SAME DIRECTION",45.77668416,-111.2185124
C068660N,000+0.246,,GALLATIN,April,2016,6:00,FRI,NON-JUNCTION,ROADSIDE RIGHT,CLOUDY,DRY,DARK-NOT LIGHTED,NON-INJURY ACCIDENT (PROPERTY- DAMAGE-ONLY ACCIDENT),"SIDESWIPE, SAME DIRECTION",45.77656,-111.21917
C068661N,000+0.010,,GALLATIN,September,2013,15:40,THU,INTERSECTION-RELATED,ON ROADWAY,CLOUDY,DRY,DAYLIGHT,POSSIBLE INJURY ACCIDENT,REAR-END,45.77291566,-111.2172133
C068661N,000+0.012,,GALLATIN,February,2014,7:37,THU,INTERSECTION-RELATED,ON ROADWAY,CLEAR,ICE/FROST,DAYLIGHT,NON-INJURY ACCIDENT (PROPERTY- DAMAGE-ONLY ACCIDENT),REAR-END,45.77293611,-111.2172133
C068661N,000+0.089,,GALLATIN,May,2015,17:20,MON,NON-JUNCTION,IN PARKING LANE OR ZONE,CLOUDY,DRY,DAYLIGHT,NON-INJURY ACCIDENT (PROPERTY- DAMAGE-ONLY ACCIDENT),REAR TO FRONT,45.77411,-111.2175
C068661N,000+0.320,,GALLATIN,September,2013,11:09,WED,NON-JUNCTION,ON ROADWAY,CLOUDY,DRY,DAYLIGHT,NON-INJURY ACCIDENT (PROPERTY- DAMAGE-ONLY ACCIDENT),RIGHT ANGLE,45.777425,-111.2170767
C068679N,000+0.198,,GALLATIN,May,2014,17:40,TUE,INTERSECTION-RELATED,ROADSIDE RIGHT,CLEAR,DRY,DAYLIGHT,NON-INCAPACITATING EVIDENT INJURY ACCIDENT,ROLL OVER,45.78727956,-111.2176641
C068682N,000+0.021,,GALLATIN,August,2015,5:35,WED,NON-JUNCTION,ON ROADWAY,CLEAR,DRY,DAYLIGHT,NON-INJURY ACCIDENT (PROPERTY- DAMAGE-ONLY ACCIDENT),HEAD ON,45.77884083,-111.2209836
C068682N,000+0.195,,GALLATIN,March,2015,12:28,WED,NON-JUNCTION,ON ROADWAY,CLOUDY,DRY,DAYLIGHT,NON-INJURY ACCIDENT (PROPERTY- DAMAGE-ONLY ACCIDENT),RIGHT ANGLE,45.77891022,-111.2172996
C068687N,000+0.012,NOT IN CITY LIMITS,GALLATIN,OCTOBER,2017,16:00,WED,INTERSECTION,ON ROADWAY,CLOUDY,DRY,DAYLIGHT,NON-INJURY ACCIDENT (PROPERTY- DAMAGE-ONLY ACCIDENT),RIGHT ANGLE,45.7785224,-111.2269191
C068689N,000+0.150,,GALLATIN,December,2013,8:56,FRI,NON-JUNCTION,ROADSIDE RIGHT,UNKNOWN,UNKNOWN,UNKNOWN,UNKNOWN,FIXED OBJECT,45.79014333,-111.222675
C068689N,000+0.476,,GALLATIN,January,2014,0:00,SAT,NON-JUNCTION,ON ROADWAY,CLOUDY,DRY,DARK-NOT LIGHTED,NON-INJURY ACCIDENT (PROPERTY- DAMAGE-ONLY ACCIDENT),"SIDESWIPE, SAME DIRECTION",45.79400386,-111.2211885
C068693N,000+0.110,,GALLATIN,March,2013,12:58,SUN,NON-JUNCTION,ROADSIDE RIGHT,CLOUDY,DRY,DAYLIGHT,NON-INJURY ACCIDENT (PROPERTY- DAMAGE-ONLY ACCIDENT),FIXED OBJECT,45.78897346,-111.2210041
C068693N,000+0.120,,GALLATIN,October,2013,0:00,TUE,NON-JUNCTION,ROADSIDE LEFT,CLOUDY,DRY,DARK-LIGHTED,UNKNOWN,FIXED OBJECT,45.78918862,-111.2214958
C068702N,000+0.210,,GALLATIN,January,2013,19:10,WED,NON-JUNCTION,OFF ROADWAY LOCATION UNKNOWN,CLOUDY,SNOW,DARK-NOT LIGHTED,NON-INJURY ACCIDENT (PROPERTY- DAMAGE-ONLY ACCIDENT),FIXED OBJECT,45.74530123,-111.0864971
C068703N,000+0.099,,GALLATIN,May,2015,18:45,TUE,NON-JUNCTION,ON ROADWAY,CLOUDY,MUD DIRT GRAVEL,DAYLIGHT,NON-INJURY ACCIDENT (PROPERTY- DAMAGE-ONLY ACCIDENT),FIXED OBJECT,46.15117838,-111.0733558
C068715N,000+0.236,BELGRADE,GALLATIN,December,2015,11:51,SUN,INTERSECTION,ON ROADWAY,CLOUDY,ICE/FROST,DAYLIGHT,NON-INJURY ACCIDENT (PROPERTY- DAMAGE-ONLY ACCIDENT),RIGHT ANGLE,45.74606738,-111.1085266
C068717N,000+0.000,,GALLATIN,January,2013,9:35,FRI,INTERSECTION,ON ROADWAY,SNOW,SNOW,DAYLIGHT,NON-INJURY ACCIDENT (PROPERTY- DAMAGE-ONLY ACCIDENT),REAR-END,45.73905503,-111.1061749
C068719N,000+0.141,,GALLATIN,October,2015,0:30,FRI,NON-JUNCTION,SHOULDER,CLOUDY,DRY,DARK-NOT LIGHTED,NON-INJURY ACCIDENT (PROPERTY- DAMAGE-ONLY ACCIDENT),"SIDESWIPE, OPPOSITE DIRECTION",45.75011318,-111.1031071
C068720N,000+0.010,,GALLATIN,December,2013,12:32,TUE,INTERSECTION,ON ROADWAY,CLOUDY,ICE/FROST,DAYLIGHT,POSSIBLE INJURY ACCIDENT,REAR-END,45.74112635,-111.1099744
C068720N,000+0.070,NOT IN CITY LIMITS,GALLATIN,JANUARY,2017,11:30,FRI,NON-JUNCTION,ON ROADWAY,CLEAR,ICE/FROST,DAYLIGHT,NON-INJURY ACCIDENT (PROPERTY- DAMAGE-ONLY ACCIDENT),RIGHT ANGLE,45.74184749,-111.1091583
C068720N,000+0.316,,GALLATIN,August,2015,10:00,THU,DRIVEWAY/ALLEY ACCESS RELATED,ON ROADWAY,CLEAR,DRY,DAYLIGHT,NON-INJURY ACCIDENT (PROPERTY- DAMAGE-ONLY ACCIDENT),REAR TO SIDE,45.74433,-111.1124067
C068720N,000+0.330,,GALLATIN,February,2015,19:25,SAT,DRIVEWAY/ALLEY ACCESS RELATED,ON ROADWAY,CLEAR,DRY,DARK-NOT LIGHTED,NON-INJURY ACCIDENT (PROPERTY- DAMAGE-ONLY ACCIDENT),REAR TO SIDE,45.74452092,-111.112435
C068722N,000+0.318,,GALLATIN,February,2014,8:55,SAT,NON-JUNCTION,OUTSIDE RIGHT-OF-WAY (TRAFFICWAY),CLEAR,SNOW,DAYLIGHT,NON-INJURY ACCIDENT (PROPERTY- DAMAGE-ONLY ACCIDENT),FIXED OBJECT,45.89743688,-111.2348966