MDT_CORRIDOR_ID,SMS_REFPOST_OFFSET,CITY,COUNTY,Month,Year,SMS_TIME,SMT_CRASH_OCC_DAY_OF_WEEK,JUNCTION_RELATED,ROADWAY_RELATED,WEATHER_COND,ROAD_COND,LIGHT_COND,CRASH_SEVERITY,COLLISION_TYPE,LATITUDE,LONGITUDE
C068867N,000+0.140,,GALLATIN,October,2016,4:30,SUN,NON-JUNCTION,ROADSIDE LEFT,CLOUDY,DRY,DARK-NOT LIGHTED,NON-INJURY ACCIDENT (PROPERTY- DAMAGE-ONLY ACCIDENT),FIXED OBJECT,45.74401368,-111.1239266
C069233N,000+0.133,BOZEMAN,GALLATIN,September,2015,16:45,MON,INTERSECTION,ON ROADWAY,CLEAR,DRY,DAYLIGHT,NON-INJURY ACCIDENT (PROPERTY- DAMAGE-ONLY ACCIDENT),REAR-END,45.68668379,-111.0358846
C069233N,000+0.133,BOZEMAN,GALLATIN,November,2015,12:51,MON,INTERSECTION,ON ROADWAY,CLEAR,SNOW,DAYLIGHT,NON-INJURY ACCIDENT (PROPERTY- DAMAGE-ONLY ACCIDENT),OTHER,45.68666713,-111.0358559
C069233N,000+0.133,BOZEMAN,GALLATIN,JANUARY,2017,12:46,SAT,INTERSECTION,ON ROADWAY,CLEAR,ICE/FROST,DAYLIGHT,NON-INJURY ACCIDENT (PROPERTY- DAMAGE-ONLY ACCIDENT),RIGHT ANGLE,45.68662099,-111.0358811
C069233N,000+0.207,BOZEMAN,GALLATIN,NOVEMBER,2017,11:35,SAT,INTERSECTION,ON ROADWAY,CLEAR,SNOW,DAYLIGHT,NON-INJURY ACCIDENT (PROPERTY- DAMAGE-ONLY ACCIDENT),RIGHT ANGLE,45.68557033,-111.0359031
C069233N,000+0.356,BOZEMAN,GALLATIN,October,2016,1:55,SAT,NON-JUNCTION,ON ROADWAY,CLEAR,DRY,DARK-NOT LIGHTED,POSSIBLE INJURY ACCIDENT,REAR-END,45.68347091,-111.0357654
C069233N,000+0.452,BOZEMAN,GALLATIN,July,2014,23:57,THU,INTERSECTION-RELATED,ON ROADWAY,CLEAR,DRY,DARK-LIGHTED,NON-INCAPACITATING EVIDENT INJURY ACCIDENT,OTHER,45.68203893,-111.0357617
C069233N,000+0.452,BOZEMAN,GALLATIN,APRIL,2017,19:14,SAT,INTERSECTION,ON ROADWAY,CLEAR,DRY,DAYLIGHT,NON-INJURY ACCIDENT (PROPERTY- DAMAGE-ONLY ACCIDENT),RIGHT ANGLE,45.68200978,-111.0357492
C069233N,000+0.457,BOZEMAN,GALLATIN,October,2013,16:22,THU,INTERSECTION,ON ROADWAY,SNOW,WET,DAYLIGHT,NON-INJURY ACCIDENT (PROPERTY- DAMAGE-ONLY ACCIDENT),RIGHT ANGLE,45.68198831,-111.0357557
C069233N,000+0.457,BOZEMAN,GALLATIN,March,2013,14:02,MON,INTERSECTION,ON ROADWAY,CLEAR,DRY,DAYLIGHT,NON-INJURY ACCIDENT (PROPERTY- DAMAGE-ONLY ACCIDENT),RIGHT ANGLE,45.68197259,-111.0357642
C069233N,000+0.457,BOZEMAN,GALLATIN,January,2014,18:47,SAT,INTERSECTION,ON ROADWAY,CLEAR,ICE/FROST,DARK-LIGHTED,NON-INJURY ACCIDENT (PROPERTY- DAMAGE-ONLY ACCIDENT),HEAD ON,45.68199611,-111.0357658
C069233N,000+0.457,BOZEMAN,GALLATIN,March,2014,8:11,TUE,INTERSECTION,ON ROADWAY,CLOUDY,SNOW,DAYLIGHT,NON-INJURY ACCIDENT (PROPERTY- DAMAGE-ONLY ACCIDENT),RIGHT ANGLE,45.68198649,-111.0357597
C069233N,000+0.457,BOZEMAN,GALLATIN,February,2014,7:29,FRI,INTERSECTION,ON ROADWAY,SNOW,SNOW,DAYLIGHT,NON-INJURY ACCIDENT (PROPERTY- DAMAGE-ONLY ACCIDENT),RIGHT ANGLE,45.68200053,-111.035775
C069233N,000+0.457,BOZEMAN,GALLATIN,July,2014,18:18,WED,INTERSECTION,ON ROADWAY,CLEAR,DRY,DAYLIGHT,NON-INCAPACITATING EVIDENT INJURY ACCIDENT,RIGHT ANGLE,45.68198285,-111.0357709
C069233N,000+0.457,BOZEMAN,GALLATIN,February,2014,15:44,MON,INTERSECTION-RELATED,ON ROADWAY,CLEAR,DRY,DAYLIGHT,NON-INJURY ACCIDENT (PROPERTY- DAMAGE-ONLY ACCIDENT),RIGHT ANGLE,45.68198032,-111.0357575
C069233N,000+0.492,BOZEMAN,GALLATIN,December,2016,8:35,MON,INTERSECTION,ON ROADWAY,SNOW,SNOW,DAYLIGHT,NON-INJURY ACCIDENT (PROPERTY- DAMAGE-ONLY ACCIDENT),OTHER,45.68147076,-111.0357618
C069233N,000+0.683,BOZEMAN,GALLATIN,JULY,2017,14:43,SUN,NON-JUNCTION,ON ROADWAY,CLEAR,DRY,DAYLIGHT,NON-INJURY ACCIDENT (PROPERTY- DAMAGE-ONLY ACCIDENT),PARKED VEHICLE,45.67868295,-111.035783
C069233N,000+0.710,BOZEMAN,GALLATIN,APRIL,2017,13:20,TUE,INTERSECTION,ON ROADWAY,CLOUDY,DRY,DAYLIGHT,NON-INJURY ACCIDENT (PROPERTY- DAMAGE-ONLY ACCIDENT),RIGHT ANGLE,45.67830921,-111.0356883
C069233N,000+0.713,BOZEMAN,GALLATIN,AUGUST,2017,10:17,THU,INTERSECTION,ON ROADWAY,CLOUDY,DRY,DAYLIGHT,NON-INJURY ACCIDENT (PROPERTY- DAMAGE-ONLY ACCIDENT),"SIDESWIPE, SAME DIRECTION",45.67830172,-111.0357336
C069233N,000+0.748,BOZEMAN,GALLATIN,March,2014,0:10,WED,OTHER LOCATION,OUTSIDE RIGHT-OF-WAY (TRAFFICWAY),CLEAR,WET,DARK-LIGHTED,NON-INJURY ACCIDENT (PROPERTY- DAMAGE-ONLY ACCIDENT),FIXED OBJECT,45.67777321,-111.0356688
C069233N,001+0.010,BOZEMAN,GALLATIN,December,2014,10:40,MON,INTERSECTION,ON ROADWAY,CLEAR,SNOW,DAYLIGHT,NON-INJURY ACCIDENT (PROPERTY- DAMAGE-ONLY ACCIDENT),RIGHT ANGLE,45.67398298,-111.0356586
C074402N,000+0.315,BOZEMAN,GALLATIN,MARCH,2017,2:12,SUN,NON-JUNCTION,SHOULDER,CLEAR,DRY,DARK-LIGHTED,UNKNOWN,FIXED OBJECT,45.67385835,-111.0674808
C070830N,000+0.023,,GALLATIN,August,2015,7:18,TUE,NON-JUNCTION,ON ROADWAY,CLOUDY,DRY,DAYLIGHT,NON-INJURY ACCIDENT (PROPERTY- DAMAGE-ONLY ACCIDENT),WILD ANIMAL,44.68633,-111.2509
C070835N,000+0.024,NOT IN CITY LIMITS,GALLATIN,JULY,2017,21:15,SUN,NON-JUNCTION,ON ROADWAY,CLEAR,DRY,DARK-NOT LIGHTED,NON-INJURY ACCIDENT (PROPERTY- DAMAGE-ONLY ACCIDENT),WILD ANIMAL,44.68109802,-111.2683873
C071001N,000+0.000,,GALLATIN,September,2014,11:15,WED,NON-JUNCTION,ON ROADWAY,CLEAR,DRY,DAYLIGHT,NON-INJURY ACCIDENT (PROPERTY- DAMAGE-ONLY ACCIDENT),ROLL OVER,45.1153836,-111.2254164
C071417N,000+0.000,WEST YELLOWSTONE,GALLATIN,July,2014,12:41,MON,DRIVEWAY/ALLEY ACCESS RELATED,ON ROADWAY,CLEAR,DRY,DAYLIGHT,POSSIBLE INJURY ACCIDENT,HEAD ON,44.68582272,-111.2180125
C071417N,000+0.000,,GALLATIN,March,2015,2:04,TUE,NON-JUNCTION,ROADSIDE LEFT,CLEAR,ICE/FROST,DARK-NOT LIGHTED,NON-INCAPACITATING EVIDENT INJURY ACCIDENT,FIXED OBJECT,44.68580905,-111.2179919
C071442N,000+0.292,,GALLATIN,July,2014,10:19,SAT,NON-JUNCTION,UNKNOWN,UNKNOWN,MUD DIRT GRAVEL,DAYLIGHT,INCAPACITATING INJURY ACCIDENT,FIXED OBJECT,45.17513,-111.28446
C071478N,000+0.000,,GALLATIN,January,2013,6:39,MON,NON-JUNCTION,ON ROADWAY,CLOUDY,SNOW,DARK-NOT LIGHTED,NON-INJURY ACCIDENT (PROPERTY- DAMAGE-ONLY ACCIDENT),WILD ANIMAL,45.25668656,-111.2544037
C071483N,000+0.018,,GALLATIN,June,2015,11:50,THU,INTERSECTION,ROADSIDE RIGHT,CLEAR,DRY,DAYLIGHT,INCAPACITATING INJURY ACCIDENT,FIXED OBJECT,45.85826908,-110.8811202
C071483N,000+0.018,NOT IN CITY LIMITS,GALLATIN,NOVEMBER,2017,8:45,WED,NON-JUNCTION,ROADSIDE RIGHT,SNOW,SNOW,DAYLIGHT,NON-INJURY ACCIDENT (PROPERTY- DAMAGE-ONLY ACCIDENT),FIXED OBJECT,45.85834215,-110.8812109
C071581N,000+0.018,NOT IN CITY LIMITS,GALLATIN,OCTOBER,2017,9:50,SAT,NON-JUNCTION,ROADSIDE LEFT,CLEAR,ICE/FROST,DAYLIGHT,NON-INJURY ACCIDENT (PROPERTY- DAMAGE-ONLY ACCIDENT),FIXED OBJECT,45.17412367,-111.2428807
C071594N,000+0.031,NOT IN CITY LIMITS,GALLATIN,JULY,2017,16:00,WED,DRIVEWAY/ALLEY ACCESS RELATED,ON ROADWAY,CLEAR,DRY,DAYLIGHT,NON-INCAPACITATING EVIDENT INJURY ACCIDENT,ROLL OVER,44.84236729,-111.3021716
C071642N,000+0.200,,GALLATIN,June,2014,23:15,TUE,NON-JUNCTION,ON ROADWAY,CLOUDY,DRY,DARK-NOT LIGHTED,NON-INJURY ACCIDENT (PROPERTY- DAMAGE-ONLY ACCIDENT),WILD ANIMAL,45.10234815,-111.2146178
C072030N,000+0.991,,GALLATIN,June,2015,16:45,THU,NON-JUNCTION,ROADSIDE LEFT,CLEAR,MUD DIRT GRAVEL,DAYLIGHT,NON-INJURY ACCIDENT (PROPERTY- DAMAGE-ONLY ACCIDENT),ROLL OVER,44.80460866,-111.1479
C074389N,000+0.121,BOZEMAN,GALLATIN,December,2016,16:08,FRI,NON-JUNCTION,ON ROADWAY,CLOUDY,SNOW,DAYLIGHT,NON-INJURY ACCIDENT (PROPERTY- DAMAGE-ONLY ACCIDENT),RIGHT ANGLE,45.68068162,-111.0720702
C074392N,000+0.000,BOZEMAN,GALLATIN,June,2014,18:16,MON,INTERSECTION-RELATED,ON ROADWAY,CLOUDY,DRY,DAYLIGHT,NON-INJURY ACCIDENT (PROPERTY- DAMAGE-ONLY ACCIDENT),REAR-END,45.66031331,-111.0466945
C074392N,000+0.000,BOZEMAN,GALLATIN,December,2014,9:05,TUE,INTERSECTION,ON ROADWAY,CLEAR,ICE/FROST,DAYLIGHT,NON-INJURY ACCIDENT (PROPERTY- DAMAGE-ONLY ACCIDENT),REAR-END,45.66031331,-111.0466945
C074392N,000+0.000,BOZEMAN,GALLATIN,January,2015,13:45,THU,NON-JUNCTION,ON ROADWAY,SLEET/HAIL/FREEZING RAIN/DRIZZLE,ICE/FROST,DAYLIGHT,NON-INJURY ACCIDENT (PROPERTY- DAMAGE-ONLY ACCIDENT),REAR-END,45.66031331,-111.0466945
C074392N,000+0.142,BOZEMAN,GALLATIN,October,2015,0:00,MON,NON-JUNCTION,ON ROADWAY,CLEAR,DRY,DAYLIGHT,NON-INJURY ACCIDENT (PROPERTY- DAMAGE-ONLY ACCIDENT),"LEFT TURN, SAME DIRECTION",45.66243066,-111.0466564
C074392N,000+0.171,BOZEMAN,GALLATIN,January,2014,12:37,WED,NON-JUNCTION,SHOULDER,SNOW,SNOW,DAYLIGHT,NON-INJURY ACCIDENT (PROPERTY- DAMAGE-ONLY ACCIDENT),"SIDESWIPE, SAME DIRECTION",45.66274589,-111.046704
C074392N,000+0.171,BOZEMAN,GALLATIN,March,2014,11:53,MON,NON-JUNCTION,ROADSIDE LEFT,CLOUDY,WET,DAYLIGHT,NON-INJURY ACCIDENT (PROPERTY- DAMAGE-ONLY ACCIDENT),OTHER,45.66274589,-111.046704
C074392N,000+0.171,BOZEMAN,GALLATIN,September,2015,12:06,FRI,NON-JUNCTION,ON ROADWAY,CLEAR,DRY,DAYLIGHT,NON-INJURY ACCIDENT (PROPERTY- DAMAGE-ONLY ACCIDENT),RIGHT ANGLE,45.66274589,-111.046704
C074392N,000+0.171,BOZEMAN,GALLATIN,October,2015,17:19,MON,NON-JUNCTION,ON ROADWAY,CLEAR,DRY,DAYLIGHT,NON-INJURY ACCIDENT (PROPERTY- DAMAGE-ONLY ACCIDENT),"SIDESWIPE, SAME DIRECTION",45.66274589,-111.046704
C074392N,000+0.208,BOZEMAN,GALLATIN,JULY,2017,10:30,TUE,NON-JUNCTION,IN PARKING LANE OR ZONE,CLEAR,DRY,DAYLIGHT,NON-INJURY ACCIDENT (PROPERTY- DAMAGE-ONLY ACCIDENT),RIGHT ANGLE,45.66330799,-111.0467082
C074392N,000+0.282,BOZEMAN,GALLATIN,APRIL,2017,13:34,WED,NON-JUNCTION,ON ROADWAY,CLOUDY,DRY,DAYLIGHT,NON-INJURY ACCIDENT (PROPERTY- DAMAGE-ONLY ACCIDENT),RIGHT ANGLE,45.66435899,-111.0466397
C074393N,000+0.000,BOZEMAN,GALLATIN,MARCH,2017,18:00,FRI,NON-JUNCTION,IN PARKING LANE OR ZONE,CLOUDY,DRY,DAYLIGHT,UNKNOWN,PARKED VEHICLE,45.67905,-111.0647
C074393N,000+0.143,BOZEMAN,GALLATIN,MAY,2017,16:58,MON,NON-JUNCTION,IN PARKING LANE OR ZONE,CLOUDY,DRY,DAYLIGHT,NON-INJURY ACCIDENT (PROPERTY- DAMAGE-ONLY ACCIDENT),RIGHT ANGLE,45.68054514,-111.0631293
C074393N,000+0.184,BOZEMAN,GALLATIN,May,2016,1:16,TUE,NON-JUNCTION,ROADSIDE RIGHT,CLOUDY,DRY,DARK-NOT LIGHTED,INCAPACITATING INJURY ACCIDENT,FIXED OBJECT,45.68138427,-111.0633291
C074396N,000+0.140,BOZEMAN,GALLATIN,October,2013,9:58,FRI,NON-JUNCTION,ON ROADWAY,CLEAR,DRY,DAYLIGHT,NON-INJURY ACCIDENT (PROPERTY- DAMAGE-ONLY ACCIDENT),"SIDESWIPE, OPPOSITE DIRECTION",45.67397678,-111.0332248
C074397N,000+0.137,BOZEMAN,GALLATIN,DECEMBER,2017,14:37,THU,INTERSECTION,ON ROADWAY,CLEAR,SNOW,DAYLIGHT,NON-INJURY ACCIDENT (PROPERTY- DAMAGE-ONLY ACCIDENT),RIGHT ANGLE,45.68197259,-111.0357642
C074397N,000+0.195,BOZEMAN,GALLATIN,DECEMBER,2017,17:01,SAT,INTERSECTION,ON ROADWAY,CLEAR,SNOW,DARK-LIGHTED,POSSIBLE INJURY ACCIDENT,REAR-END,45.68198209,-111.0462618
C074397N,000+0.198,BOZEMAN,GALLATIN,NOVEMBER,2017,15:47,MON,INTERSECTION,ON ROADWAY,CLEAR,DRY,DAYLIGHT,NON-INCAPACITATING EVIDENT INJURY ACCIDENT,RIGHT ANGLE,45.68197671,-111.0462501
C074397N,000+0.438,BOZEMAN,GALLATIN,August,2014,2:21,WED,NON-JUNCTION,ON ROADWAY,CLEAR,DRY,DARK-LIGHTED,NON-INJURY ACCIDENT (PROPERTY- DAMAGE-ONLY ACCIDENT),REAR-END,45.68203807,-111.0412369
C074398N,000+0.023,BOZEMAN,GALLATIN,October,2015,22:55,SUN,NON-JUNCTION,ROADSIDE RIGHT,CLEAR,DRY,DARK-LIGHTED,NON-INCAPACITATING EVIDENT INJURY ACCIDENT,FIXED OBJECT,45.69146675,-111.031922
C074398N,000+0.060,BOZEMAN,GALLATIN,November,2013,23:17,FRI,NON-JUNCTION,SHOULDER,CLEAR,DRY,DARK-NOT LIGHTED,NON-INCAPACITATING EVIDENT INJURY ACCIDENT,FIXED OBJECT,45.69152057,-111.0328408
C074398N,000+0.067,BOZEMAN,GALLATIN,DECEMBER,2017,11:10,THU,NON-JUNCTION,OFF ROADWAY LOCATION UNKNOWN,CLOUDY,SNOW,DAYLIGHT,NON-INJURY ACCIDENT (PROPERTY- DAMAGE-ONLY ACCIDENT),FIXED OBJECT,45.69029828,-111.0336201
C074398N,000+0.168,BOZEMAN,GALLATIN,July,2015,20:50,FRI,INTERSECTION-RELATED,ON ROADWAY,CLEAR,DRY,DUSK,NON-INJURY ACCIDENT (PROPERTY- DAMAGE-ONLY ACCIDENT),REAR-END,45.69234433,-111.0346037
C074398N,000+0.168,BOZEMAN,GALLATIN,MARCH,2017,13:52,SAT,INTERSECTION-RELATED,ON ROADWAY,CLOUDY,DRY,DAYLIGHT,POSSIBLE INJURY ACCIDENT,REAR-END,45.69235304,-111.0346819
C074398N,000+0.168,BOZEMAN,GALLATIN,MARCH,2017,17:42,MON,INTERSECTION,ON ROADWAY,CLOUDY,DRY,DAYLIGHT,POSSIBLE INJURY ACCIDENT,REAR-END,45.6923696,-111.034738
C074398N,000+0.201,BOZEMAN,GALLATIN,August,2016,16:51,MON,NON-JUNCTION,ON ROADWAY,CLEAR,DRY,DAYLIGHT,NON-INJURY ACCIDENT (PROPERTY- DAMAGE-ONLY ACCIDENT),REAR-END,45.69265086,-111.0352497
C074398N,000+0.489,BOZEMAN,GALLATIN,December,2015,15:19,SAT,DRIVEWAY/ALLEY ACCESS RELATED,ON ROADWAY,CLEAR,DRY,DAYLIGHT,POSSIBLE INJURY ACCIDENT,REAR-END,45.69289524,-111.0411457
C074398N,000+0.580,BOZEMAN,GALLATIN,May,2015,11:33,TUE,NON-JUNCTION,ON ROADWAY,CLEAR,DRY,DAYLIGHT,NON-INJURY ACCIDENT (PROPERTY- DAMAGE-ONLY ACCIDENT),REAR-END,45.6928702,-111.042903
C074398N,000+0.589,BOZEMAN,GALLATIN,June,2015,15:17,THU,INTERSECTION-RELATED,ON ROADWAY,CLEAR,DRY,DAYLIGHT,NON-INJURY ACCIDENT (PROPERTY- DAMAGE-ONLY ACCIDENT),REAR-END,45.6928817,-111.0431911
C074398N,000+0.589,BOZEMAN,GALLATIN,August,2015,18:40,SUN,DRIVEWAY/ALLEY ACCESS RELATED,ON ROADWAY,CLEAR,DRY,DAYLIGHT,NON-INJURY ACCIDENT (PROPERTY- DAMAGE-ONLY ACCIDENT),RIGHT ANGLE,45.69287849,-111.0431751
C074398N,000+0.607,BOZEMAN,GALLATIN,February,2014,19:53,WED,OTHER LOCATION,OUTSIDE RIGHT-OF-WAY (TRAFFICWAY),CLOUDY,WET,DARK-LIGHTED,NON-INJURY ACCIDENT (PROPERTY- DAMAGE-ONLY ACCIDENT),REAR TO FRONT,45.69415808,-111.0435409
C074398N,000+0.640,BOZEMAN,GALLATIN,December,2013,14:25,FRI,DRIVEWAY/ALLEY ACCESS RELATED,ON ROADWAY,CLOUDY,ICE/FROST,DAYLIGHT,NON-INJURY ACCIDENT (PROPERTY- DAMAGE-ONLY ACCIDENT),RIGHT ANGLE,45.69291143,-111.044341
C074398N,000+0.648,BOZEMAN,GALLATIN,APRIL,2017,22:15,SAT,INTERSECTION-RELATED,ROADSIDE LEFT,CLEAR,DRY,DARK-LIGHTED,NON-INJURY ACCIDENT (PROPERTY- DAMAGE-ONLY ACCIDENT),FIXED OBJECT,45.6928541,-111.0443589
C074398N,000+0.664,BOZEMAN,GALLATIN,September,2013,18:05,WED,INTERSECTION-RELATED,ON ROADWAY,CLOUDY,DRY,DAYLIGHT,NON-INJURY ACCIDENT (PROPERTY- DAMAGE-ONLY ACCIDENT),REAR-END,45.69291629,-111.0445068
C074398N,000+0.702,BOZEMAN,GALLATIN,April,2015,15:53,TUE,INTERSECTION-RELATED,ON ROADWAY,CLEAR,DRY,DAYLIGHT,POSSIBLE INJURY ACCIDENT,RIGHT ANGLE,45.69293549,-111.0454894
C074398N,000+0.702,BOZEMAN,GALLATIN,February,2016,17:48,THU,INTERSECTION-RELATED,ON ROADWAY,CLEAR,DRY,DUSK,POSSIBLE INJURY ACCIDENT,REAR-END,45.69294339,-111.0454233
C074399N,000+0.161,BOZEMAN,GALLATIN,April,2014,4:54,SAT,NON-JUNCTION,ON ROADWAY,CLEAR,DRY,DARK-LIGHTED,NON-INJURY ACCIDENT (PROPERTY- DAMAGE-ONLY ACCIDENT),REAR-END,45.68340934,-111.09277
C074402N,000+0.173,BOZEMAN,GALLATIN,MAY,2017,16:21,SAT,INTERSECTION-RELATED,ON ROADWAY,RAIN,WET,DAYLIGHT,NON-INJURY ACCIDENT (PROPERTY- DAMAGE-ONLY ACCIDENT),REAR-END,45.67594761,-111.0668913
C074402N,000+0.263,BOZEMAN,GALLATIN,April,2016,12:32,TUE,NON-JUNCTION,ON ROADWAY,CLEAR,DRY,DAYLIGHT,NON-INJURY ACCIDENT (PROPERTY- DAMAGE-ONLY ACCIDENT),REAR-END,45.67470087,-111.0674943
C074402N,000+0.315,BOZEMAN,GALLATIN,July,2015,15:17,MON,DRIVEWAY/ALLEY ACCESS RELATED,IN PARKING LANE OR ZONE,CLEAR,DRY,DAYLIGHT,NON-INJURY ACCIDENT (PROPERTY- DAMAGE-ONLY ACCIDENT),RIGHT ANGLE,45.67389799,-111.0677008
C074402N,000+0.385,BOZEMAN,GALLATIN,September,2013,11:55,THU,INTERSECTION-RELATED,ON ROADWAY,CLEAR,DRY,DAYLIGHT,NON-INJURY ACCIDENT (PROPERTY- DAMAGE-ONLY ACCIDENT),REAR-END,45.67128175,-111.0675404
C074402N,000+0.409,BOZEMAN,GALLATIN,April,2015,8:59,WED,INTERSECTION-RELATED,ON ROADWAY,SNOW,SNOW,DAYLIGHT,NON-INJURY ACCIDENT (PROPERTY- DAMAGE-ONLY ACCIDENT),REAR-END,45.67258257,-111.0675096
C074406N,000+0.128,BOZEMAN,GALLATIN,January,2014,6:01,WED,OTHER LOCATION,ROADSIDE RIGHT,CLEAR,DRY,DARK-NOT LIGHTED,NON-INJURY ACCIDENT (PROPERTY- DAMAGE-ONLY ACCIDENT),RIGHT ANGLE,45.67701027,-111.073236
C074407N,000+0.044,BOZEMAN,GALLATIN,December,2016,8:21,WED,NON-JUNCTION,ON ROADWAY,CLEAR,ICE/FROST,DAYLIGHT,NON-INJURY ACCIDENT (PROPERTY- DAMAGE-ONLY ACCIDENT),REAR-END,45.69292276,-111.0736666
C074411N,000+0.017,BOZEMAN,GALLATIN,JUNE,2017,22:25,SUN,INTERSECTION,ON ROADWAY,CLEAR,DRY,DARK-LIGHTED,POSSIBLE INJURY ACCIDENT,RIGHT ANGLE,45.66021492,-111.0630643
C074413N,000+0.028,BOZEMAN,GALLATIN,July,2015,19:34,WED,NON-JUNCTION,ON ROADWAY,CLEAR,DRY,DAYLIGHT,POSSIBLE INJURY ACCIDENT,REAR-END,45.68256453,-111.058338
C074413N,000+0.084,BOZEMAN,GALLATIN,February,2014,14:34,WED,NON-JUNCTION,ON ROADWAY,CLOUDY,DRY,DAYLIGHT,NON-INJURY ACCIDENT (PROPERTY- DAMAGE-ONLY ACCIDENT),RIGHT ANGLE,45.68339349,-111.0582451
C074414N,000+0.127,BOZEMAN,GALLATIN,JANUARY,2017,0:36,WED,NON-JUNCTION,ON ROADWAY,CLEAR,SNOW,DARK-NOT LIGHTED,UNKNOWN,RIGHT ANGLE,45.6771585,-111.0588054
C074414N,000+0.127,BOZEMAN,GALLATIN,JANUARY,2017,0:36,WED,NON-JUNCTION,ON ROADWAY,CLEAR,SNOW,DARK-NOT LIGHTED,UNKNOWN,"SIDESWIPE, SAME DIRECTION",45.6771585,-111.0588054
C074416N,000+0.507,BOZEMAN,GALLATIN,OCTOBER,2017,8:36,TUE,INTERSECTION,ON ROADWAY,CLEAR,DRY,DAYLIGHT,NON-INJURY ACCIDENT (PROPERTY- DAMAGE-ONLY ACCIDENT),RIGHT ANGLE,45.68574815,-111.0916314
C074417N,000+0.013,BOZEMAN,GALLATIN,May,2015,8:17,FRI,NON-JUNCTION,ON ROADWAY,CLOUDY,DRY,DAYLIGHT,NON-INJURY ACCIDENT (PROPERTY- DAMAGE-ONLY ACCIDENT),REAR-END,45.67732844,-111.0515202
C074417N,000+0.117,BOZEMAN,GALLATIN,July,2016,1:03,FRI,NON-JUNCTION,OUTSIDE RIGHT-OF-WAY (TRAFFICWAY),CLEAR,DRY,DARK-NOT LIGHTED,NON-INJURY ACCIDENT (PROPERTY- DAMAGE-ONLY ACCIDENT),"SIDESWIPE, SAME DIRECTION",45.67729814,-111.0493753
C074417N,000+0.137,BOZEMAN,GALLATIN,May,2014,17:12,SAT,UNKNOWN,OFF ROADWAY LOCATION UNKNOWN,CLEAR,WET,DAYLIGHT,NON-INCAPACITATING EVIDENT INJURY ACCIDENT,FIXED OBJECT,45.67736238,-111.0489817
C074417N,000+0.188,BOZEMAN,GALLATIN,December,2015,0:54,SAT,INTERSECTION,ON ROADWAY,CLEAR,ICE/FROST,DARK-LIGHTED,NON-INCAPACITATING EVIDENT INJURY ACCIDENT,RIGHT ANGLE,45.67731245,-111.0479919
C074417N,000+0.188,BOZEMAN,GALLATIN,DECEMBER,2017,11:50,SUN,INTERSECTION,ON ROADWAY,CLEAR,ICE/FROST,DAYLIGHT,NON-INJURY ACCIDENT (PROPERTY- DAMAGE-ONLY ACCIDENT),RIGHT ANGLE,45.67731946,-111.0479601
C074417N,000+0.204,BOZEMAN,GALLATIN,March,2015,3:15,SUN,NON-JUNCTION,ON ROADWAY,CLEAR,DRY,DARK-LIGHTED,NON-INJURY ACCIDENT (PROPERTY- DAMAGE-ONLY ACCIDENT),"SIDESWIPE, SAME DIRECTION",45.67731297,-111.0475987
C074417N,000+0.412,BOZEMAN,GALLATIN,September,2014,0:40,WED,OTHER LOCATION,ROADSIDE RIGHT,CLEAR,DRY,DARK-NOT LIGHTED,NON-INJURY ACCIDENT (PROPERTY- DAMAGE-ONLY ACCIDENT),"SIDESWIPE, SAME DIRECTION",45.677494,-111.043228
C074417N,000+0.595,BOZEMAN,GALLATIN,August,2015,19:59,SAT,THROUGH ROADWAY,IN PARKING LANE OR ZONE,CLEAR,DRY,DUSK,POSSIBLE INJURY ACCIDENT,REAR-END,45.67731211,-111.0395648
C074417N,000+0.620,BOZEMAN,GALLATIN,March,2015,0:30,SUN,NON-JUNCTION,SHOULDER,CLEAR,DRY,DARK-LIGHTED,NON-INJURY ACCIDENT (PROPERTY- DAMAGE-ONLY ACCIDENT),"SIDESWIPE, SAME DIRECTION",45.67728025,-111.0389842
C074417N,000+0.631,BOZEMAN,GALLATIN,February,2014,19:00,MON,INTERSECTION,ON ROADWAY,CLEAR,SLUSH,DARK-LIGHTED,NON-INJURY ACCIDENT (PROPERTY- DAMAGE-ONLY ACCIDENT),RIGHT ANGLE,45.67728232,-111.0387586
C074417N,000+0.635,BOZEMAN,GALLATIN,July,2016,10:45,WED,INTERSECTION,ON ROADWAY,CLEAR,DRY,DAYLIGHT,NON-INJURY ACCIDENT (PROPERTY- DAMAGE-ONLY ACCIDENT),"SIDESWIPE, OPPOSITE DIRECTION",45.6772799,-111.0387399
C074417N,000+0.635,BOZEMAN,GALLATIN,DECEMBER,2017,15:13,MON,INTERSECTION,ON ROADWAY,CLOUDY,SNOW,DAYLIGHT,NON-INJURY ACCIDENT (PROPERTY- DAMAGE-ONLY ACCIDENT),RIGHT ANGLE,45.6772868,-111.0387395
C074417N,000+0.722,BOZEMAN,GALLATIN,January,2015,8:51,WED,DRIVEWAY/ALLEY ACCESS RELATED,ON ROADWAY,CLEAR,SNOW,DAYLIGHT,NON-INJURY ACCIDENT (PROPERTY- DAMAGE-ONLY ACCIDENT),RIGHT ANGLE,45.67729857,-111.0367732
C074417N,000+0.881,BOZEMAN,GALLATIN,March,2013,3:22,SUN,INTERSECTION,SHOULDER,CLEAR,DRY,DARK-LIGHTED,NON-INJURY ACCIDENT (PROPERTY- DAMAGE-ONLY ACCIDENT),REAR-END,45.67731045,-111.0329292