MDT_CORRIDOR_ID,SMS_REFPOST_OFFSET,CITY,COUNTY,Month,Year,SMS_TIME,SMT_CRASH_OCC_DAY_OF_WEEK,JUNCTION_RELATED,ROADWAY_RELATED,WEATHER_COND,ROAD_COND,LIGHT_COND,CRASH_SEVERITY,COLLISION_TYPE,LATITUDE,LONGITUDE
C074417N,001+0.048,BOZEMAN,GALLATIN,November,2016,13:04,WED,INTERSECTION,ON ROADWAY,CLEAR,DRY,DAYLIGHT,NON-INJURY ACCIDENT (PROPERTY- DAMAGE-ONLY ACCIDENT),RIGHT ANGLE,45.67735371,-111.0302936
C074418N,000+0.000,BOZEMAN,GALLATIN,JANUARY,2017,14:50,THU,INTERSECTION,ON ROADWAY,CLEAR,DRY,DAYLIGHT,NON-INJURY ACCIDENT (PROPERTY- DAMAGE-ONLY ACCIDENT),REAR TO FRONT,45.67332104,-111.0401856
C074418N,000+0.344,BOZEMAN,GALLATIN,November,2015,17:20,MON,INTERSECTION,ON ROADWAY,RAIN,WET,DARK-NOT LIGHTED,NON-INJURY ACCIDENT (PROPERTY- DAMAGE-ONLY ACCIDENT),RIGHT ANGLE,45.67333979,-111.0500523
C074418N,000+0.927,BOZEMAN,GALLATIN,September,2013,21:59,SAT,NON-JUNCTION,ON ROADWAY,CLEAR,DRY,DARK-NOT LIGHTED,NON-INJURY ACCIDENT (PROPERTY- DAMAGE-ONLY ACCIDENT),"SIDESWIPE, SAME DIRECTION",45.67334377,-111.038265
C074419N,000+0.250,BOZEMAN,GALLATIN,November,2013,17:35,FRI,INTERSECTION,ON ROADWAY,CLEAR,DRY,DARK-LIGHTED,NON-INJURY ACCIDENT (PROPERTY- DAMAGE-ONLY ACCIDENT),RIGHT ANGLE,45.67487443,-111.0999598
C074427N,000+0.198,BOZEMAN,GALLATIN,SEPTEMBER,2017,15:15,SAT,INTERSECTION-RELATED,ROADSIDE RIGHT,CLEAR,DRY,DAYLIGHT,NON-INJURY ACCIDENT (PROPERTY- DAMAGE-ONLY ACCIDENT),RIGHT ANGLE,45.67489662,-111.1000941
C074427N,000+0.476,BOZEMAN,GALLATIN,October,2016,10:30,MON,NON-JUNCTION,ON ROADWAY,CLOUDY,DRY,DAYLIGHT,NON-INJURY ACCIDENT (PROPERTY- DAMAGE-ONLY ACCIDENT),RIGHT ANGLE,45.67315483,-111.0952634
C074431N,000+0.050,BOZEMAN,GALLATIN,AUGUST,2017,23:58,THU,NON-JUNCTION,OUTSIDE RIGHT-OF-WAY (TRAFFICWAY),CLEAR,DRY,DARK-LIGHTED,NON-INJURY ACCIDENT (PROPERTY- DAMAGE-ONLY ACCIDENT),REAR TO SIDE,45.68009976,-111.0579668
C074431N,000+0.057,BOZEMAN,GALLATIN,April,2016,12:33,SAT,OTHER LOCATION,ON ROADWAY,RAIN,WET,DAYLIGHT,POSSIBLE INJURY ACCIDENT,HEAD ON,45.6801571,-111.0580533
C074431N,000+0.079,BOZEMAN,GALLATIN,May,2014,15:59,THU,DRIVEWAY/ALLEY ACCESS RELATED,ON ROADWAY,CLEAR,DRY,DAYLIGHT,NON-INJURY ACCIDENT (PROPERTY- DAMAGE-ONLY ACCIDENT),REAR-END,45.68043793,-111.0570063
C074431N,000+0.079,BOZEMAN,GALLATIN,July,2015,22:09,MON,NON-JUNCTION,ON ROADWAY,CLEAR,DRY,DARK-NOT LIGHTED,NON-INJURY ACCIDENT (PROPERTY- DAMAGE-ONLY ACCIDENT),"SIDESWIPE, SAME DIRECTION",45.68044138,-111.0569799
C074431N,000+0.146,BOZEMAN,GALLATIN,August,2016,23:04,SAT,NON-JUNCTION,ON ROADWAY,CLEAR,DRY,DARK-LIGHTED,POSSIBLE INJURY ACCIDENT,RIGHT ANGLE,45.68144929,-111.0570043
C074431N,000+0.196,BOZEMAN,GALLATIN,December,2014,20:42,SUN,INTERSECTION,ON ROADWAY,CLOUDY,ICE/FROST,DARK-LIGHTED,NON-INCAPACITATING EVIDENT INJURY ACCIDENT,RIGHT ANGLE,45.68216582,-111.0569211
C074431N,000+0.249,BOZEMAN,GALLATIN,November,2015,13:06,TUE,OTHER LOCATION,OUTSIDE RIGHT-OF-WAY (TRAFFICWAY),CLOUDY,DRY,DAYLIGHT,NON-INJURY ACCIDENT (PROPERTY- DAMAGE-ONLY ACCIDENT),RIGHT ANGLE,45.68296892,-111.0561847
C074431N,000+0.265,BOZEMAN,GALLATIN,September,2015,15:56,THU,NON-JUNCTION,ON ROADWAY,CLEAR,DRY,DAYLIGHT,NON-INJURY ACCIDENT (PROPERTY- DAMAGE-ONLY ACCIDENT),REAR-END,45.68325851,-111.0568746
C074431N,000+0.304,BOZEMAN,GALLATIN,NOVEMBER,2017,6:14,THU,NON-JUNCTION,ON ROADWAY,CLOUDY,DRY,DARK-LIGHTED,NON-INJURY ACCIDENT (PROPERTY- DAMAGE-ONLY ACCIDENT),REAR-END,45.68375964,-111.056887
C074431N,000+0.316,BOZEMAN,GALLATIN,October,2016,13:52,WED,THROUGH ROADWAY,ON ROADWAY,CLOUDY,DRY,DAYLIGHT,NON-INJURY ACCIDENT (PROPERTY- DAMAGE-ONLY ACCIDENT),"SIDESWIPE, SAME DIRECTION",45.68392512,-111.0568705
C074431N,000+0.364,BOZEMAN,GALLATIN,October,2014,12:43,SAT,NON-JUNCTION,SHOULDER,CLEAR,DRY,DAYLIGHT,NON-INJURY ACCIDENT (PROPERTY- DAMAGE-ONLY ACCIDENT),"SIDESWIPE, SAME DIRECTION",45.68460714,-111.0568553
C074431N,000+0.395,BOZEMAN,GALLATIN,August,2014,23:09,FRI,NON-JUNCTION,ON ROADWAY,RAIN,WET,DARK-NOT LIGHTED,NON-INJURY ACCIDENT (PROPERTY- DAMAGE-ONLY ACCIDENT),HEAD ON,45.68506031,-111.0568009
C074431N,000+0.429,BOZEMAN,GALLATIN,November,2014,10:29,THU,INTERSECTION-RELATED,SHOULDER,CLOUDY,SNOW,DAYLIGHT,NON-INJURY ACCIDENT (PROPERTY- DAMAGE-ONLY ACCIDENT),FIXED OBJECT,45.68558924,-111.0566708
C074431N,000+0.439,BOZEMAN,GALLATIN,December,2014,9:59,FRI,INTERSECTION,ON ROADWAY,CLOUDY,WET,DAYLIGHT,NON-INCAPACITATING EVIDENT INJURY ACCIDENT,RIGHT ANGLE,45.68573243,-111.0567189
C074431N,000+0.439,BOZEMAN,GALLATIN,March,2015,7:39,WED,INTERSECTION,ON ROADWAY,CLEAR,DRY,DAYLIGHT,NON-INCAPACITATING EVIDENT INJURY ACCIDENT,RIGHT ANGLE,45.6857091,-111.056755
C074431N,000+0.439,BOZEMAN,GALLATIN,November,2015,16:33,WED,INTERSECTION,ON ROADWAY,CLEAR,DRY,DUSK,POSSIBLE INJURY ACCIDENT,RIGHT ANGLE,45.68572662,-111.0567598
C074431N,000+0.439,BOZEMAN,GALLATIN,September,2016,19:23,FRI,INTERSECTION,ON ROADWAY,CLEAR,DRY,DAYLIGHT,NON-INJURY ACCIDENT (PROPERTY- DAMAGE-ONLY ACCIDENT),RIGHT ANGLE,45.68570186,-111.0567445
C074441N,000+0.000,BOZEMAN,GALLATIN,July,2015,11:40,MON,INTERSECTION,ON ROADWAY,CLEAR,DRY,DAYLIGHT,POSSIBLE INJURY ACCIDENT,HEAD ON,45.68380645,-111.0243718
C074486N,000+0.252,BOZEMAN,GALLATIN,December,2016,23:37,SUN,INTERSECTION,ON ROADWAY,CLOUDY,SNOW,DARK-LIGHTED,NON-INJURY ACCIDENT (PROPERTY- DAMAGE-ONLY ACCIDENT),RIGHT ANGLE,45.68661651,-111.0358828
C074547N,000+0.608,NOT IN CITY LIMITS,GALLATIN,APRIL,2017,19:20,WED,NON-JUNCTION,ROADSIDE RIGHT,CLOUDY,DRY,DARK-NOT LIGHTED,NON-INCAPACITATING EVIDENT INJURY ACCIDENT,FIXED OBJECT,46.04399079,-111.4118864
C074547N,001+0.660,,GALLATIN,February,2013,8:45,THU,NON-JUNCTION,ROADSIDE LEFT,CLEAR,DRY,DAYLIGHT,NON-INCAPACITATING EVIDENT INJURY ACCIDENT,FIXED OBJECT,46.055505,-111.3985117
C074776N,000+0.000,BOZEMAN,GALLATIN,AUGUST,2017,17:02,SUN,INTERSECTION,ON ROADWAY,CLEAR,DRY,DAYLIGHT,NON-INCAPACITATING EVIDENT INJURY ACCIDENT,RIGHT ANGLE,45.70752157,-111.0825663
C074776N,000+0.000,BOZEMAN,GALLATIN,JANUARY,2017,7:48,TUE,NON-JUNCTION,ON ROADWAY,CLEAR,ICE/FROST,DAYLIGHT,NON-INJURY ACCIDENT (PROPERTY- DAMAGE-ONLY ACCIDENT),"SIDESWIPE, OPPOSITE DIRECTION",45.70752208,-111.0825846
C074776N,000+0.000,NOT IN CITY LIMITS,GALLATIN,MARCH,2017,0:35,SUN,INTERSECTION-RELATED,ROADSIDE LEFT,CLEAR,DRY,DARK-NOT LIGHTED,NON-INCAPACITATING EVIDENT INJURY ACCIDENT,ROLL OVER,45.7075576,-111.0826654
C074780N,000+0.153,BOZEMAN,GALLATIN,MARCH,2017,19:07,FRI,DRIVEWAY/ALLEY ACCESS RELATED,ON ROADWAY,CLEAR,DRY,DUSK,NON-INJURY ACCIDENT (PROPERTY- DAMAGE-ONLY ACCIDENT),OTHER,45.70891072,-111.0757144
C074783N,000+0.000,,GALLATIN,July,2016,17:12,SUN,NON-JUNCTION,ROADSIDE RIGHT,CLEAR,DRY,DAYLIGHT,NON-INCAPACITATING EVIDENT INJURY ACCIDENT,ROLL OVER,45.68476556,-110.9146664
C074785N,000+0.074,,GALLATIN,December,2015,2:20,SAT,NON-JUNCTION,ROADSIDE RIGHT,CLEAR,SNOW,DARK-NOT LIGHTED,NON-INJURY ACCIDENT (PROPERTY- DAMAGE-ONLY ACCIDENT),RIGHT ANGLE,45.72937662,-111.0139606
C074789N,000+0.114,,GALLATIN,August,2016,22:00,WED,NON-JUNCTION,ON ROADWAY,CLEAR,DRY,DARK-NOT LIGHTED,NON-INJURY ACCIDENT (PROPERTY- DAMAGE-ONLY ACCIDENT),NOT FIXED OBJECT OR DEBRIS,45.71606692,-111.0600618
C074789N,000+0.114,,GALLATIN,April,2016,6:30,THU,NON-JUNCTION,ON ROADWAY,SNOW,ICE/FROST,DAYLIGHT,NON-INJURY ACCIDENT (PROPERTY- DAMAGE-ONLY ACCIDENT),FIXED OBJECT,45.71611788,-111.0600529
C074793N,000+0.312,NOT IN CITY LIMITS,GALLATIN,FEBRUARY,2017,12:05,WED,NON-JUNCTION,ON ROADWAY,CLOUDY,SNOW,DAYLIGHT,NON-INJURY ACCIDENT (PROPERTY- DAMAGE-ONLY ACCIDENT),REAR-END,45.73390007,-111.0194256
C074800N,000+0.470,,GALLATIN,December,2013,18:10,SAT,NON-JUNCTION,ROADSIDE LEFT,CLOUDY,ICE/FROST,DARK-NOT LIGHTED,NON-INCAPACITATING EVIDENT INJURY ACCIDENT,FIXED OBJECT,45.67609,-111.0057283
C074800N,000+0.480,,GALLATIN,December,2013,20:50,THU,NON-JUNCTION,ROADSIDE LEFT,CLEAR,ICE/FROST,DARK-NOT LIGHTED,NON-INJURY ACCIDENT (PROPERTY- DAMAGE-ONLY ACCIDENT),FIXED OBJECT,45.67624665,-111.005825
C074803N,000+0.000,BOZEMAN,GALLATIN,December,2013,10:26,MON,INTERSECTION,ON ROADWAY,CLEAR,ICE/FROST,DAYLIGHT,NON-INJURY ACCIDENT (PROPERTY- DAMAGE-ONLY ACCIDENT),RIGHT ANGLE,45.7109068,-111.0690351
C074807N,000+0.388,,GALLATIN,February,2015,13:45,WED,NON-JUNCTION,ROADSIDE RIGHT,CLOUDY,SNOW,DAYLIGHT,NON-INJURY ACCIDENT (PROPERTY- DAMAGE-ONLY ACCIDENT),FIXED OBJECT,45.74637,-111.04375
C074859N,000+0.770,,GALLATIN,October,2016,18:00,FRI,NON-JUNCTION,ROADSIDE RIGHT,CLOUDY,WET,DARK-NOT LIGHTED,NON-INJURY ACCIDENT (PROPERTY- DAMAGE-ONLY ACCIDENT),ROLL OVER,45.25141,-111.268825
C074868N,000+0.102,NOT IN CITY LIMITS,GALLATIN,FEBRUARY,2017,1:45,WED,NON-JUNCTION,IN PARKING LANE OR ZONE,SNOW,SNOW,DARK-LIGHTED,NON-INJURY ACCIDENT (PROPERTY- DAMAGE-ONLY ACCIDENT),RIGHT ANGLE,45.24910656,-111.3140712
C074886N,000+0.130,,GALLATIN,March,2014,13:05,MON,INTERSECTION,ON ROADWAY,SNOW,SNOW,DAYLIGHT,NON-INJURY ACCIDENT (PROPERTY- DAMAGE-ONLY ACCIDENT),RIGHT ANGLE,45.25894389,-111.3122554
C074886N,000+0.159,,GALLATIN,April,2016,11:15,THU,INTERSECTION,ROADSIDE RIGHT,CLEAR,DRY,DAYLIGHT,NON-INJURY ACCIDENT (PROPERTY- DAMAGE-ONLY ACCIDENT),FIXED OBJECT,45.25941865,-111.3123442
C074886N,000+0.164,,GALLATIN,February,2014,13:40,FRI,DRIVEWAY/ALLEY ACCESS RELATED,ON ROADWAY,CLOUDY,ICE/FROST,DAYLIGHT,NON-INJURY ACCIDENT (PROPERTY- DAMAGE-ONLY ACCIDENT),"SIDESWIPE, OPPOSITE DIRECTION",45.25949718,-111.3123858
C074895N,000+0.019,,GALLATIN,March,2016,2:00,WED,INTERSECTION-RELATED,ON ROADWAY,CLOUDY,SNOW,UNKNOWN,NON-INJURY ACCIDENT (PROPERTY- DAMAGE-ONLY ACCIDENT),PARKED VEHICLE,45.258965,-111.3144017
C074895N,000+0.035,,GALLATIN,April,2014,18:00,TUE,NON-JUNCTION,ON ROADWAY,CLEAR,DRY,DAYLIGHT,NON-INCAPACITATING EVIDENT INJURY ACCIDENT,FELL/ JUMPED FROM MOTOR VEHICLE,45.25893023,-111.3141405
C074895N,000+0.052,,GALLATIN,April,2016,22:50,TUE,NON-JUNCTION,IN PARKING LANE OR ZONE,CLOUDY,WET,DARK-LIGHTED,NON-INJURY ACCIDENT (PROPERTY- DAMAGE-ONLY ACCIDENT),REAR TO REAR,45.25931614,-111.3137034
C074895N,000+0.058,,GALLATIN,June,2015,20:35,THU,DRIVEWAY/ALLEY ACCESS RELATED,ON ROADWAY,CLOUDY,DRY,DAYLIGHT,NON-INJURY ACCIDENT (PROPERTY- DAMAGE-ONLY ACCIDENT),REAR TO SIDE,45.25889612,-111.3135736
C074895N,000+0.118,,GALLATIN,April,2016,12:30,THU,INTERSECTION,ON ROADWAY,CLOUDY,WET,DAYLIGHT,NON-INJURY ACCIDENT (PROPERTY- DAMAGE-ONLY ACCIDENT),RIGHT ANGLE,45.25894,-111.31235
C074895N,000+0.159,,GALLATIN,July,2014,22:30,FRI,NON-JUNCTION,IN PARKING LANE OR ZONE,CLEAR,DRY,DARK-LIGHTED,NON-INJURY ACCIDENT (PROPERTY- DAMAGE-ONLY ACCIDENT),"SIDESWIPE, OPPOSITE DIRECTION",45.25941266,-111.3113791
C074895N,000+0.206,,GALLATIN,December,2015,8:05,TUE,INTERSECTION-RELATED,ON ROADWAY,CLOUDY,ICE/FROST,DAYLIGHT,NON-INJURY ACCIDENT (PROPERTY- DAMAGE-ONLY ACCIDENT),"SIDESWIPE, SAME DIRECTION",45.25889789,-111.3104803
C074895N,000+0.223,NOT IN CITY LIMITS,GALLATIN,DECEMBER,2017,12:02,SAT,INTERSECTION,ON ROADWAY,CLOUDY,SNOW,DAYLIGHT,NON-INJURY ACCIDENT (PROPERTY- DAMAGE-ONLY ACCIDENT),RIGHT ANGLE,45.25870403,-111.3102166
C074897N,000+0.578,,GALLATIN,February,2014,10:30,WED,INTERSECTION,ON ROADWAY,CLOUDY,SNOW,DAYLIGHT,UNKNOWN,HEAD ON,45.26395833,-111.32636
C074898N,000+0.130,NOT IN CITY LIMITS,GALLATIN,JUNE,2017,20:30,SUN,NON-JUNCTION,ON ROADWAY,CLOUDY,DRY,DARK-NOT LIGHTED,NON-INJURY ACCIDENT (PROPERTY- DAMAGE-ONLY ACCIDENT),RIGHT ANGLE,45.25386572,-111.3167838
C074906N,000+0.028,,GALLATIN,December,2015,12:06,SUN,NON-JUNCTION,IN PARKING LANE OR ZONE,CLEAR,SNOW,DAYLIGHT,NON-INJURY ACCIDENT (PROPERTY- DAMAGE-ONLY ACCIDENT),REAR-END,45.264595,-111.3269567
C074909N,000+0.000,NOT IN CITY LIMITS,GALLATIN,JANUARY,2017,10:45,MON,INTERSECTION,ON ROADWAY,CLEAR,ICE/FROST,DAYLIGHT,NON-INJURY ACCIDENT (PROPERTY- DAMAGE-ONLY ACCIDENT),RIGHT ANGLE,45.25620225,-111.3122161
C074912N,000+0.055,,GALLATIN,December,2015,2:40,MON,NON-JUNCTION,ROADSIDE RIGHT,CLOUDY,SNOW,DARK-NOT LIGHTED,NON-INCAPACITATING EVIDENT INJURY ACCIDENT,REAR-END,45.25213762,-111.31356
C074929N,000+0.010,,GALLATIN,December,2015,15:45,MON,INTERSECTION,SHOULDER,CLOUDY,ICE/FROST,DAYLIGHT,NON-INJURY ACCIDENT (PROPERTY- DAMAGE-ONLY ACCIDENT),FIXED OBJECT,45.61293555,-111.1814778
C074933N,000+0.074,,GALLATIN,March,2014,8:00,WED,INTERSECTION,ROADSIDE RIGHT,CLOUDY,DRY,DARK-NOT LIGHTED,NON-INJURY ACCIDENT (PROPERTY- DAMAGE-ONLY ACCIDENT),OTHER,45.66809667,-111.1228733
C074949N,000+0.010,,GALLATIN,October,2013,10:50,FRI,INTERSECTION-RELATED,ON ROADWAY,CLEAR,DRY,DAYLIGHT,NON-INJURY ACCIDENT (PROPERTY- DAMAGE-ONLY ACCIDENT),REAR-END,45.59476884,-111.196507
C074951N,000+0.126,NOT IN CITY LIMITS,GALLATIN,OCTOBER,2017,8:05,TUE,INTERSECTION,ON ROADWAY,SNOW,SLUSH,DAYLIGHT,NON-INJURY ACCIDENT (PROPERTY- DAMAGE-ONLY ACCIDENT),RIGHT ANGLE,45.66663447,-111.1235441
C074954N,000+0.087,,GALLATIN,March,2014,8:41,THU,NON-JUNCTION,SHOULDER,CLEAR,WET,DAYLIGHT,NON-INJURY ACCIDENT (PROPERTY- DAMAGE-ONLY ACCIDENT),HEAD ON,45.66569541,-111.1223754
C074954N,000+0.114,,GALLATIN,January,2016,16:00,SUN,DRIVEWAY/ALLEY ACCESS RELATED,ON ROADWAY,CLOUDY,ICE/FROST,DAYLIGHT,NON-INJURY ACCIDENT (PROPERTY- DAMAGE-ONLY ACCIDENT),REAR TO SIDE,45.6652616,-111.122342
C074963N,000+0.030,,GALLATIN,November,2013,13:45,TUE,NON-JUNCTION,SHOULDER,CLOUDY,DRY,DAYLIGHT,NON-INJURY ACCIDENT (PROPERTY- DAMAGE-ONLY ACCIDENT),FIXED OBJECT,45.6715181,-111.1938336
C074967N,000+0.308,,GALLATIN,November,2014,0:00,TUE,OTHER LOCATION,IN PARKING LANE OR ZONE,CLOUDY,DRY,DARK-NOT LIGHTED,UNKNOWN,FIXED OBJECT,45.6812,-111.18392
C074967N,000+0.691,,GALLATIN,November,2015,20:00,FRI,INTERSECTION-RELATED,SHOULDER,CLOUDY,ICE/FROST,DARK-NOT LIGHTED,NON-INJURY ACCIDENT (PROPERTY- DAMAGE-ONLY ACCIDENT),NOT FIXED OBJECT OR DEBRIS,45.67559229,-111.1839366
C074970N,000+0.000,,GALLATIN,August,2013,20:02,TUE,NON-JUNCTION,SHOULDER,CLEAR,DRY,DAYLIGHT,NON-INJURY ACCIDENT (PROPERTY- DAMAGE-ONLY ACCIDENT),PEDESTRIAN,45.66409544,-111.1858587
C074970N,000+0.000,,GALLATIN,July,2013,0:28,SUN,NON-JUNCTION,SHOULDER,CLEAR,DRY,DARK-NOT LIGHTED,NON-INJURY ACCIDENT (PROPERTY- DAMAGE-ONLY ACCIDENT),FIXED OBJECT,45.66408,-111.1857398
C074971N,000+0.020,,GALLATIN,December,2013,15:20,SAT,DRIVEWAY/ALLEY ACCESS RELATED,OFF ROADWAY LOCATION UNKNOWN,CLOUDY,SNOW,DAYLIGHT,NON-INJURY ACCIDENT (PROPERTY- DAMAGE-ONLY ACCIDENT),RIGHT ANGLE,45.73011,-111.1359867
C074979N,000+0.000,,GALLATIN,June,2014,14:35,THU,INTERSECTION,ON ROADWAY,CLEAR,DRY,DAYLIGHT,NON-INJURY ACCIDENT (PROPERTY- DAMAGE-ONLY ACCIDENT),RIGHT ANGLE,45.67110487,-111.157292
C074979N,000+0.000,NOT IN CITY LIMITS,GALLATIN,NOVEMBER,2017,7:45,FRI,INTERSECTION-RELATED,ON ROADWAY,SNOW,SNOW,DAYLIGHT,NON-INJURY ACCIDENT (PROPERTY- DAMAGE-ONLY ACCIDENT),"RIGHT TURN, OPPOSITE DIRECTION",45.67095459,-111.1573126
C074979N,000+0.000,NOT IN CITY LIMITS,GALLATIN,NOVEMBER,2017,12:32,FRI,INTERSECTION,ON ROADWAY,SNOW,SNOW,DAYLIGHT,NON-INJURY ACCIDENT (PROPERTY- DAMAGE-ONLY ACCIDENT),RIGHT ANGLE,45.67111166,-111.1573126
C074979N,000+0.000,NOT IN CITY LIMITS,GALLATIN,SEPTEMBER,2017,16:00,FRI,INTERSECTION,ON ROADWAY,CLOUDY,DRY,DAYLIGHT,NON-INJURY ACCIDENT (PROPERTY- DAMAGE-ONLY ACCIDENT),REAR-END,45.67099,-111.15731
C074979N,000+0.077,,GALLATIN,February,2016,7:40,FRI,NON-JUNCTION,ON ROADWAY,CLOUDY,DRY,DAYLIGHT,NON-INJURY ACCIDENT (PROPERTY- DAMAGE-ONLY ACCIDENT),RIGHT ANGLE,45.66991297,-111.1573467
C074979N,000+0.177,NOT IN CITY LIMITS,GALLATIN,JANUARY,2017,14:35,THU,DRIVEWAY/ALLEY ACCESS RELATED,ON ROADWAY,CLEAR,ICE/FROST,DAYLIGHT,NON-INJURY ACCIDENT (PROPERTY- DAMAGE-ONLY ACCIDENT),"SIDESWIPE, SAME DIRECTION",45.66841803,-111.1573397
C074983N,000+0.012,,GALLATIN,December,2014,8:05,WED,INTERSECTION-RELATED,ON ROADWAY,CLOUDY,ICE/FROST,DAYLIGHT,NON-INJURY ACCIDENT (PROPERTY- DAMAGE-ONLY ACCIDENT),REAR-END,45.72952464,-111.1319133
C074985N,000+0.252,,GALLATIN,May,2015,12:40,SAT,DRIVEWAY/ALLEY ACCESS RELATED,ON ROADWAY,RAIN,WET,DAYLIGHT,NON-INJURY ACCIDENT (PROPERTY- DAMAGE-ONLY ACCIDENT),RIGHT ANGLE,45.67823217,-111.1868122
C074985N,000+0.297,,GALLATIN,January,2014,12:10,THU,INTERSECTION-RELATED,ON ROADWAY,CLOUDY,ICE/FROST,DAYLIGHT,NON-INJURY ACCIDENT (PROPERTY- DAMAGE-ONLY ACCIDENT),REAR-END,45.67904818,-111.1865293
C074989N,000+0.139,,GALLATIN,November,2016,12:00,SUN,NON-JUNCTION,ON ROADWAY,CLOUDY,DRY,DAYLIGHT,NON-INJURY ACCIDENT (PROPERTY- DAMAGE-ONLY ACCIDENT),REAR-END,45.6425,-111.18653
C074996N,000+0.000,NOT IN CITY LIMITS,GALLATIN,AUGUST,2017,10:11,SUN,INTERSECTION,ON ROADWAY,CLEAR,DRY,DAYLIGHT,INCAPACITATING INJURY ACCIDENT,RIGHT ANGLE,45.72931853,-111.1282706
C074996N,000+0.135,NOT IN CITY LIMITS,GALLATIN,SEPTEMBER,2017,2:27,SAT,NON-JUNCTION,ROADSIDE RIGHT,CLEAR,DRY,DARK-NOT LIGHTED,NON-INCAPACITATING EVIDENT INJURY ACCIDENT,RIGHT ANGLE,45.73131025,-111.1284591
C074997N,000+0.170,,GALLATIN,February,2013,11:00,SAT,INTERSECTION-RELATED,ROADSIDE RIGHT,CLEAR,ICE/FROST,DAYLIGHT,NON-INJURY ACCIDENT (PROPERTY- DAMAGE-ONLY ACCIDENT),FIXED OBJECT,45.72974167,-111.1396833
C074997N,000+0.170,,GALLATIN,February,2013,17:00,SAT,NON-JUNCTION,OFF ROADWAY LOCATION UNKNOWN,CLEAR,SNOW,DAYLIGHT,NON-INJURY ACCIDENT (PROPERTY- DAMAGE-ONLY ACCIDENT),FIXED OBJECT,45.72974167,-111.1396833
C074998N,000+0.098,,GALLATIN,December,2016,15:45,FRI,DRIVEWAY/ALLEY ACCESS RELATED,ON ROADWAY,CLOUDY,ICE/FROST,DAYLIGHT,NON-INJURY ACCIDENT (PROPERTY- DAMAGE-ONLY ACCIDENT),RIGHT ANGLE,45.67889056,-111.1865335
C075001N,000+0.440,,GALLATIN,January,2013,13:00,SUN,NON-JUNCTION,ROADSIDE LEFT,CLEAR,ICE/FROST,DAYLIGHT,NON-INCAPACITATING EVIDENT INJURY ACCIDENT,FIXED OBJECT,45.64052833,-111.1878167
C075002N,000+0.024,NOT IN CITY LIMITS,GALLATIN,NOVEMBER,2017,17:25,SAT,INTERSECTION,ON ROADWAY,CLEAR,DRY,DUSK,NON-INJURY ACCIDENT (PROPERTY- DAMAGE-ONLY ACCIDENT),HEAD ON,45.72958526,-111.1418596
C075002N,000+0.090,,GALLATIN,May,2013,17:40,SAT,DRIVEWAY/ALLEY ACCESS RELATED,ON ROADWAY,CLEAR,DRY,DAYLIGHT,NON-INJURY ACCIDENT (PROPERTY- DAMAGE-ONLY ACCIDENT),BACKING VEHICLE,45.73054799,-111.1418149
C075002N,000+0.701,NOT IN CITY LIMITS,GALLATIN,NOVEMBER,2017,12:00,THU,INTERSECTION,SHOULDER,CLOUDY,SLUSH,DAYLIGHT,NON-INJURY ACCIDENT (PROPERTY- DAMAGE-ONLY ACCIDENT),FIXED OBJECT,45.73591,-111.13386
C075003N,000+0.224,,GALLATIN,August,2014,13:30,THU,NON-JUNCTION,ON ROADWAY,CLOUDY,DRY,DAYLIGHT,NON-INJURY ACCIDENT (PROPERTY- DAMAGE-ONLY ACCIDENT),REAR TO SIDE,45.64362833,-111.1869767
C075005N,000+0.028,,GALLATIN,July,2014,13:10,TUE,INTERSECTION-RELATED,ON ROADWAY,CLOUDY,DRY,DAYLIGHT,NON-INJURY ACCIDENT (PROPERTY- DAMAGE-ONLY ACCIDENT),"SIDESWIPE, SAME DIRECTION",45.67870858,-111.1850961
C075009N,000+0.589,NOT IN CITY LIMITS,GALLATIN,JULY,2017,20:15,SAT,DRIVEWAY/ALLEY ACCESS RELATED,ROADSIDE RIGHT,CLOUDY,DRY,DAYLIGHT,NON-INJURY ACCIDENT (PROPERTY- DAMAGE-ONLY ACCIDENT),FIXED OBJECT,45.73004256,-111.1421086
C075012N,000+0.010,,GALLATIN,February,2016,2:00,WED,NON-JUNCTION,ROADSIDE RIGHT,CLOUDY,DRY,DARK-NOT LIGHTED,NON-INCAPACITATING EVIDENT INJURY ACCIDENT,FIXED OBJECT,45.68238147,-111.1826389
C075012N,000+0.033,,GALLATIN,October,2015,17:35,TUE,NON-JUNCTION,ON ROADWAY,CLEAR,DRY,DAYLIGHT,NON-INJURY ACCIDENT (PROPERTY- DAMAGE-ONLY ACCIDENT),REAR TO SIDE,45.6826957,-111.1829326
C075013N,000+0.122,,GALLATIN,April,2014,10:00,FRI,INTERSECTION,ON ROADWAY,CLEAR,DRY,DAYLIGHT,POSSIBLE INJURY ACCIDENT,BICYCLE,45.64079667,-111.1830833
C075019N,000+0.219,,GALLATIN,August,2016,11:40,TUE,NON-JUNCTION,IN PARKING LANE OR ZONE,CLOUDY,DRY,DAYLIGHT,NON-INJURY ACCIDENT (PROPERTY- DAMAGE-ONLY ACCIDENT),REAR TO FRONT,45.64763107,-111.0069068
C075026N,000+0.496,,GALLATIN,November,2015,21:50,TUE,INTERSECTION,ROADSIDE RIGHT,SNOW,ICE/FROST,DARK-NOT LIGHTED,NON-INJURY ACCIDENT (PROPERTY- DAMAGE-ONLY ACCIDENT),FIXED OBJECT,45.66299404,-110.9809229