MDT_CORRIDOR_ID,SMS_REFPOST_OFFSET,CITY,COUNTY,Month,Year,SMS_TIME,SMT_CRASH_OCC_DAY_OF_WEEK,JUNCTION_RELATED,ROADWAY_RELATED,WEATHER_COND,ROAD_COND,LIGHT_COND,CRASH_SEVERITY,COLLISION_TYPE,LATITUDE,LONGITUDE
C075028N,000+0.019,NOT IN CITY LIMITS,GALLATIN,DECEMBER,2017,17:00,THU,INTERSECTION-RELATED,ON ROADWAY,CLOUDY,ICE/FROST,DARK-LIGHTED,NON-INJURY ACCIDENT (PROPERTY- DAMAGE-ONLY ACCIDENT),REAR-END,45.65635886,-111.0696418
C075028N,000+0.257,BOZEMAN,GALLATIN,December,2016,16:00,THU,NON-JUNCTION,ON ROADWAY,SNOW,SNOW,DAYLIGHT,NON-INJURY ACCIDENT (PROPERTY- DAMAGE-ONLY ACCIDENT),RIGHT ANGLE,45.65289471,-111.0696844
C075058N,000+0.186,,GALLATIN,January,2015,15:00,FRI,NON-JUNCTION,ROADSIDE LEFT,CLOUDY,ICE/FROST,DAYLIGHT,NON-INJURY ACCIDENT (PROPERTY- DAMAGE-ONLY ACCIDENT),ROLL OVER,45.64084158,-110.9274039
C075058N,000+0.194,,GALLATIN,November,2014,21:30,MON,NON-JUNCTION,ROADSIDE LEFT,SNOW,SNOW,DARK-NOT LIGHTED,NON-INJURY ACCIDENT (PROPERTY- DAMAGE-ONLY ACCIDENT),FIXED OBJECT,45.64092566,-110.9275381
C075072N,000+0.000,NOT IN CITY LIMITS,GALLATIN,DECEMBER,2017,3:00,TUE,NON-JUNCTION,ON ROADWAY,UNKNOWN,SNOW,UNKNOWN,NON-INJURY ACCIDENT (PROPERTY- DAMAGE-ONLY ACCIDENT),PARKED VEHICLE,45.66827832,-110.9931439
C081013N,000+0.177,BOZEMAN,GALLATIN,September,2014,14:30,TUE,NON-JUNCTION,SHOULDER,CLEAR,DRY,DAYLIGHT,NON-INJURY ACCIDENT (PROPERTY- DAMAGE-ONLY ACCIDENT),FIXED OBJECT,45.66305204,-110.8378373
C081013N,000+0.290,NOT IN CITY LIMITS,GALLATIN,FEBRUARY,2017,18:15,SAT,NON-JUNCTION,ROADSIDE LEFT,CLEAR,SNOW,DARK-NOT LIGHTED,NON-INJURY ACCIDENT (PROPERTY- DAMAGE-ONLY ACCIDENT),FIXED OBJECT,45.66384727,-110.8359027
C081013N,001+0.121,,GALLATIN,July,2015,15:50,TUE,NON-JUNCTION,ON ROADWAY,RAIN,WET,DAYLIGHT,NON-INJURY ACCIDENT (PROPERTY- DAMAGE-ONLY ACCIDENT),"SIDESWIPE, SAME DIRECTION",45.66679667,-110.8195033
C081013N,001+0.358,,GALLATIN,September,2015,8:15,SAT,NON-JUNCTION,SHOULDER,"FOG, SMOG, SMOKE",DRY,DAYLIGHT,NON-INCAPACITATING EVIDENT INJURY ACCIDENT,ROLL OVER,45.66697603,-110.81456
C081013N,002+0.143,,GALLATIN,January,2015,12:55,THU,NON-JUNCTION,SHOULDER,SNOW,ICE/FROST,DAYLIGHT,NON-INCAPACITATING EVIDENT INJURY ACCIDENT,ROLL OVER,45.66360533,-110.8000185
C081013N,002+0.230,,GALLATIN,December,2013,19:20,TUE,NON-JUNCTION,UNKNOWN,SNOW,ICE/FROST,DARK-NOT LIGHTED,NON-INJURY ACCIDENT (PROPERTY- DAMAGE-ONLY ACCIDENT),REAR-END,45.66310669,-110.7984476
C081064E,000+0.000,,GALLATIN,October,2016,10:06,THU,INTERSECTION,ON ROADWAY,CLOUDY,DRY,DAYLIGHT,NON-INJURY ACCIDENT (PROPERTY- DAMAGE-ONLY ACCIDENT),RIGHT ANGLE,45.26463009,-111.2533177
C081064E,000+0.000,,GALLATIN,July,2016,7:15,WED,DRIVEWAY/ALLEY ACCESS RELATED,ON ROADWAY,CLOUDY,DRY,DAYLIGHT,NON-INJURY ACCIDENT (PROPERTY- DAMAGE-ONLY ACCIDENT),REAR-END,45.26463,-111.25325
C081064E,000+0.000,,GALLATIN,December,2016,16:40,TUE,INTERSECTION,ON ROADWAY,SNOW,SNOW,DUSK,NON-INJURY ACCIDENT (PROPERTY- DAMAGE-ONLY ACCIDENT),RIGHT ANGLE,45.26463,-111.25325
C081064E,000+0.011,,GALLATIN,December,2014,18:00,SUN,INTERSECTION,ON ROADWAY,BLOWING SNOW,SNOW,DARK-LIGHTED,NON-INJURY ACCIDENT (PROPERTY- DAMAGE-ONLY ACCIDENT),RIGHT ANGLE,45.26466421,-111.2533724
C081064E,000+0.011,NOT IN CITY LIMITS,GALLATIN,DECEMBER,2017,15:30,MON,INTERSECTION,ON ROADWAY,SNOW,SNOW,DAYLIGHT,NON-INJURY ACCIDENT (PROPERTY- DAMAGE-ONLY ACCIDENT),HEAD ON,45.26465398,-111.2534201
C081064E,000+0.011,NOT IN CITY LIMITS,GALLATIN,MAY,2017,15:31,WED,INTERSECTION,SHOULDER,CLOUDY,DRY,DAYLIGHT,NON-INJURY ACCIDENT (PROPERTY- DAMAGE-ONLY ACCIDENT),"RIGHT TURN, SAME DIRECTION",45.26467443,-111.2533792
C081064E,000+0.011,NOT IN CITY LIMITS,GALLATIN,NOVEMBER,2017,8:35,TUE,INTERSECTION,ON ROADWAY,SNOW,ICE/FROST,DAYLIGHT,NON-INJURY ACCIDENT (PROPERTY- DAMAGE-ONLY ACCIDENT),RIGHT ANGLE,45.26463345,-111.2533792
C081064E,000+0.019,,GALLATIN,February,2015,23:10,THU,INTERSECTION-RELATED,ON ROADWAY,CLEAR,DRY,DARK-LIGHTED,NON-INJURY ACCIDENT (PROPERTY- DAMAGE-ONLY ACCIDENT),REAR-END,45.26467787,-111.2536387
C081064E,000+0.030,,GALLATIN,September,2013,13:30,WED,INTERSECTION-RELATED,ROADSIDE RIGHT,CLEAR,DRY,DAYLIGHT,NON-INJURY ACCIDENT (PROPERTY- DAMAGE-ONLY ACCIDENT),FIXED OBJECT,45.26481347,-111.2539415
C081064E,000+0.082,,GALLATIN,September,2015,8:45,TUE,DRIVEWAY/ALLEY ACCESS RELATED,ON ROADWAY,CLEAR,DRY,DAYLIGHT,NON-INJURY ACCIDENT (PROPERTY- DAMAGE-ONLY ACCIDENT),"SIDESWIPE, SAME DIRECTION",45.26492715,-111.2548887
C081064E,000+0.082,,GALLATIN,April,2016,10:30,SAT,NON-JUNCTION,ON ROADWAY,CLEAR,DRY,DAYLIGHT,NON-INJURY ACCIDENT (PROPERTY- DAMAGE-ONLY ACCIDENT),REAR-END,45.26498892,-111.2548035
C081064E,000+0.088,,GALLATIN,September,2016,16:58,MON,NON-JUNCTION,ON ROADWAY,CLEAR,DRY,DAYLIGHT,NON-INJURY ACCIDENT (PROPERTY- DAMAGE-ONLY ACCIDENT),RIGHT ANGLE,45.26503777,-111.2549799
C081064E,000+0.094,,GALLATIN,February,2016,14:25,FRI,NON-JUNCTION,IN PARKING LANE OR ZONE,CLEAR,WET,DAYLIGHT,NON-INJURY ACCIDENT (PROPERTY- DAMAGE-ONLY ACCIDENT),REAR TO FRONT,45.26499546,-111.2550321
C081064E,000+0.106,,GALLATIN,March,2015,19:15,THU,DRIVEWAY/ALLEY ACCESS RELATED,ON ROADWAY,CLEAR,DRY,DAYLIGHT,POSSIBLE INJURY ACCIDENT,REAR-END,45.26508087,-111.2552848
C081064E,000+0.110,,GALLATIN,September,2013,8:55,FRI,DRIVEWAY/ALLEY ACCESS RELATED,ON ROADWAY,CLEAR,DRY,DAYLIGHT,NON-INJURY ACCIDENT (PROPERTY- DAMAGE-ONLY ACCIDENT),"SIDESWIPE, SAME DIRECTION",45.26510132,-111.2553804
C081064E,000+0.150,NOT IN CITY LIMITS,GALLATIN,AUGUST,2017,6:55,TUE,NON-JUNCTION,ON ROADWAY,CLEAR,DRY,DAYLIGHT,NON-INJURY ACCIDENT (PROPERTY- DAMAGE-ONLY ACCIDENT),U TURN,45.26530482,-111.2560984
C081064E,000+0.156,NOT IN CITY LIMITS,GALLATIN,SEPTEMBER,2017,3:00,SUN,NON-JUNCTION,ROADSIDE RIGHT,RAIN,WET,DARK-LIGHTED,NON-INJURY ACCIDENT (PROPERTY- DAMAGE-ONLY ACCIDENT),FIXED OBJECT,45.26533015,-111.2563093
C081064E,000+0.160,,GALLATIN,July,2013,18:50,FRI,NON-JUNCTION,ON ROADWAY,CLOUDY,DRY,DAYLIGHT,NON-INJURY ACCIDENT (PROPERTY- DAMAGE-ONLY ACCIDENT),RIGHT ANGLE,45.26542235,-111.2563435
C081064E,000+0.169,,GALLATIN,January,2014,9:50,FRI,NON-JUNCTION,ON ROADWAY,SNOW,SNOW,DAYLIGHT,NON-INJURY ACCIDENT (PROPERTY- DAMAGE-ONLY ACCIDENT),REAR-END,45.26551799,-111.2564254
C081064E,000+0.256,,GALLATIN,February,2016,13:40,WED,NON-JUNCTION,ON ROADWAY,CLEAR,SNOW,DAYLIGHT,NON-INJURY ACCIDENT (PROPERTY- DAMAGE-ONLY ACCIDENT),"SIDESWIPE, OPPOSITE DIRECTION",45.26602954,-111.2581095
C081064E,000+0.268,,GALLATIN,July,2015,1:09,THU,OTHER LOCATION,ROADSIDE RIGHT,CLEAR,WET,DARK-NOT LIGHTED,NON-INJURY ACCIDENT (PROPERTY- DAMAGE-ONLY ACCIDENT),ROLL OVER,45.26603708,-111.2583993
C081064E,000+0.294,,GALLATIN,June,2016,15:30,TUE,NON-JUNCTION,ON ROADWAY,CLOUDY,DRY,DAYLIGHT,NON-INCAPACITATING EVIDENT INJURY ACCIDENT,NOT FIXED OBJECT OR DEBRIS,45.26609026,-111.2589227
C081064E,000+0.374,,GALLATIN,April,2016,6:50,MON,NON-JUNCTION,ON ROADWAY,CLEAR,DRY,DAYLIGHT,NON-INJURY ACCIDENT (PROPERTY- DAMAGE-ONLY ACCIDENT),WILD ANIMAL,45.26638543,-111.260462
C081064E,000+0.448,,GALLATIN,January,2015,17:55,WED,NON-JUNCTION,ROADSIDE RIGHT,CLOUDY,WET,DARK-NOT LIGHTED,NON-INJURY ACCIDENT (PROPERTY- DAMAGE-ONLY ACCIDENT),FIXED OBJECT,45.26649473,-111.2619032
C081064E,000+0.530,,GALLATIN,December,2013,2:40,SUN,NON-JUNCTION,ON ROADWAY,CLEAR,DRY,DARK-NOT LIGHTED,NON-INJURY ACCIDENT (PROPERTY- DAMAGE-ONLY ACCIDENT),WILD ANIMAL,45.26656707,-111.2636989
C081064E,000+0.579,,GALLATIN,September,2014,0:30,FRI,NON-JUNCTION,ON ROADWAY,"FOG, SMOG, SMOKE",DRY,DARK-NOT LIGHTED,POSSIBLE INJURY ACCIDENT,FIXED OBJECT,45.26647763,-111.2645943
C081064E,000+0.579,,GALLATIN,November,2015,10:35,THU,NON-JUNCTION,ON ROADWAY,CLEAR,DRY,DAYLIGHT,INCAPACITATING INJURY ACCIDENT,REAR-END,45.26646173,-111.2645877
C081064E,000+0.604,NOT IN CITY LIMITS,GALLATIN,JANUARY,2017,18:25,WED,NON-JUNCTION,ON ROADWAY,SNOW,ICE/FROST,DARK-NOT LIGHTED,NON-INJURY ACCIDENT (PROPERTY- DAMAGE-ONLY ACCIDENT),WILD ANIMAL,45.26650666,-111.265175
C081064E,000+0.685,,GALLATIN,January,2015,11:15,TUE,NON-JUNCTION,SHOULDER,CLEAR,DRY,DAYLIGHT,NON-INCAPACITATING EVIDENT INJURY ACCIDENT,ROLL OVER,45.26640588,-111.2667868
C081064E,000+0.690,,GALLATIN,March,2013,0:42,THU,NON-JUNCTION,ON ROADWAY,SNOW,SNOW,DARK-NOT LIGHTED,NON-INJURY ACCIDENT (PROPERTY- DAMAGE-ONLY ACCIDENT),FIXED OBJECT,45.26631712,-111.2670327
C081064E,000+0.697,,GALLATIN,December,2014,8:48,FRI,NON-JUNCTION,SHOULDER,CLOUDY,ICE/FROST,DAYLIGHT,NON-INJURY ACCIDENT (PROPERTY- DAMAGE-ONLY ACCIDENT),FIXED OBJECT,45.26634788,-111.2670259
C081064E,000+0.709,,GALLATIN,August,2015,13:28,MON,NON-JUNCTION,ON ROADWAY,CLEAR,DRY,DAYLIGHT,FATAL ACCIDENT,HEAD ON,45.26644008,-111.2673264
C081064E,000+0.815,,GALLATIN,September,2014,19:20,THU,NON-JUNCTION,ROADSIDE RIGHT,CLEAR,DRY,DAYLIGHT,POSSIBLE INJURY ACCIDENT,FIXED OBJECT,45.26710145,-111.2692725
C081064E,000+0.834,,GALLATIN,February,2014,14:02,MON,NON-JUNCTION,SHOULDER,BLOWING SNOW,SNOW,DAYLIGHT,NON-INJURY ACCIDENT (PROPERTY- DAMAGE-ONLY ACCIDENT),FIXED OBJECT,45.26725966,-111.2694984
C081064E,001+0.001,,GALLATIN,August,2016,5:40,TUE,NON-JUNCTION,ON ROADWAY,CLOUDY,DRY,DAWN,NON-INJURY ACCIDENT (PROPERTY- DAMAGE-ONLY ACCIDENT),WILD ANIMAL,45.26793,-111.27253
C081064E,001+0.045,,GALLATIN,March,2014,23:37,WED,NON-JUNCTION,ON ROADWAY,CLOUDY,WET,DARK-NOT LIGHTED,NON-INJURY ACCIDENT (PROPERTY- DAMAGE-ONLY ACCIDENT),WILD ANIMAL,45.26806022,-111.2734511
C081064E,001+0.077,,GALLATIN,July,2016,18:20,TUE,DRIVEWAY/ALLEY ACCESS RELATED,ON ROADWAY,RAIN,WET,DAYLIGHT,NON-INCAPACITATING EVIDENT INJURY ACCIDENT,RIGHT ANGLE,45.26804513,-111.274061
C081064E,001+0.206,,GALLATIN,August,2015,16:10,MON,NON-JUNCTION,ON ROADWAY,CLOUDY,DRY,DAYLIGHT,NON-INJURY ACCIDENT (PROPERTY- DAMAGE-ONLY ACCIDENT),REAR-END,45.268175,-111.276775
C081064E,001+0.240,,GALLATIN,April,2013,15:22,WED,NON-JUNCTION,ON ROADWAY,CLOUDY,DRY,DAYLIGHT,NON-INJURY ACCIDENT (PROPERTY- DAMAGE-ONLY ACCIDENT),WILD ANIMAL,45.26812032,-111.2778039
C081064E,001+0.504,,GALLATIN,August,2016,15:30,SUN,INTERSECTION,ON ROADWAY,CLOUDY,DRY,DAYLIGHT,POSSIBLE INJURY ACCIDENT,REAR-END,45.26801921,-111.282769
C081064E,001+0.504,,GALLATIN,June,2016,9:03,WED,NON-JUNCTION,ON ROADWAY,CLEAR,DRY,DAYLIGHT,NON-INJURY ACCIDENT (PROPERTY- DAMAGE-ONLY ACCIDENT),REAR-END,45.2679532,-111.2828411
C081064E,001+0.516,,GALLATIN,November,2016,16:15,MON,INTERSECTION-RELATED,ON ROADWAY,CLEAR,DRY,DARK-NOT LIGHTED,NON-INJURY ACCIDENT (PROPERTY- DAMAGE-ONLY ACCIDENT),REAR-END,45.26794172,-111.2830664
C081064E,001+0.522,NOT IN CITY LIMITS,GALLATIN,DECEMBER,2017,15:55,FRI,INTERSECTION-RELATED,ON ROADWAY,SNOW,ICE/FROST,DAYLIGHT,NON-INJURY ACCIDENT (PROPERTY- DAMAGE-ONLY ACCIDENT),REAR-END,45.26792734,-111.2832084
C081064E,001+0.597,,GALLATIN,November,2015,8:20,SUN,NON-JUNCTION,ON ROADWAY,RAIN,WET,DAYLIGHT,NON-INJURY ACCIDENT (PROPERTY- DAMAGE-ONLY ACCIDENT),WILD ANIMAL,45.26765923,-111.2846341
C081064E,001+0.913,NOT IN CITY LIMITS,GALLATIN,JULY,2017,17:56,FRI,INTERSECTION,ON ROADWAY,CLEAR,DRY,DAYLIGHT,NON-INCAPACITATING EVIDENT INJURY ACCIDENT,RIGHT ANGLE,45.26640932,-111.2908496
C081064E,001+0.919,,GALLATIN,December,2014,17:27,FRI,NON-JUNCTION,ON ROADWAY,SNOW,SNOW,DUSK,NON-INJURY ACCIDENT (PROPERTY- DAMAGE-ONLY ACCIDENT),REAR-END,45.266375,-111.29106
C081064E,001+0.920,,GALLATIN,July,2013,17:10,MON,INTERSECTION-RELATED,ON ROADWAY,CLOUDY,DRY,DAYLIGHT,POSSIBLE INJURY ACCIDENT,REAR-END,45.26630346,-111.2914233
C081064E,001+0.999,NOT IN CITY LIMITS,GALLATIN,DECEMBER,2017,8:51,MON,INTERSECTION,ON ROADWAY,CLEAR,SNOW,DAYLIGHT,NON-INJURY ACCIDENT (PROPERTY- DAMAGE-ONLY ACCIDENT),RIGHT ANGLE,45.26592099,-111.2924206
C081064E,001+1.005,,GALLATIN,December,2016,16:30,SAT,NON-JUNCTION,ROADSIDE RIGHT,CLOUDY,SNOW,DAYLIGHT,NON-INJURY ACCIDENT (PROPERTY- DAMAGE-ONLY ACCIDENT),FIXED OBJECT,45.26598158,-111.2924026
C081064E,001+1.011,,GALLATIN,September,2015,17:35,THU,NON-JUNCTION,ROADSIDE RIGHT,CLEAR,DRY,DAYLIGHT,NON-INJURY ACCIDENT (PROPERTY- DAMAGE-ONLY ACCIDENT),FIXED OBJECT,45.2657707,-111.2925708
C081064E,001+1.017,,GALLATIN,August,2014,6:45,THU,NON-JUNCTION,ON ROADWAY,CLOUDY,WET,DAYLIGHT,NON-INJURY ACCIDENT (PROPERTY- DAMAGE-ONLY ACCIDENT),WILD ANIMAL,45.26573,-111.2928
C081064E,002+0.046,,GALLATIN,October,2014,20:37,SAT,NON-JUNCTION,ROADSIDE LEFT,UNKNOWN,DRY,DARK-NOT LIGHTED,FATAL ACCIDENT,ROLL OVER,45.26516285,-111.2932811
C081064E,002+0.120,NOT IN CITY LIMITS,GALLATIN,DECEMBER,2017,16:45,WED,INTERSECTION,ON ROADWAY,CLOUDY,ICE/FROST,DUSK,NON-INJURY ACCIDENT (PROPERTY- DAMAGE-ONLY ACCIDENT),REAR-END,45.26417759,-111.2938927
C081064E,002+0.283,,GALLATIN,November,2015,20:25,SUN,NON-JUNCTION,ON ROADWAY,CLEAR,DRY,DARK-NOT LIGHTED,NON-INJURY ACCIDENT (PROPERTY- DAMAGE-ONLY ACCIDENT),WILD ANIMAL,45.2622918,-111.295644
C081064E,002+0.440,,GALLATIN,April,2013,23:30,THU,NON-JUNCTION,SHOULDER,CLOUDY,DRY,DARK-NOT LIGHTED,NON-INJURY ACCIDENT (PROPERTY- DAMAGE-ONLY ACCIDENT),FIXED OBJECT,45.26121497,-111.2985199
C081064E,002+0.440,,GALLATIN,September,2013,23:55,FRI,NON-JUNCTION,ON ROADWAY,CLEAR,DRY,DARK-NOT LIGHTED,NON-INJURY ACCIDENT (PROPERTY- DAMAGE-ONLY ACCIDENT),WILD ANIMAL,45.26123207,-111.2984447
C081064E,002+0.451,NOT IN CITY LIMITS,GALLATIN,FEBRUARY,2017,12:24,SAT,INTERSECTION-RELATED,ROADSIDE RIGHT,CLOUDY,DRY,DAYLIGHT,NON-INJURY ACCIDENT (PROPERTY- DAMAGE-ONLY ACCIDENT),ROLL OVER,45.26118421,-111.2987657
C081064E,002+0.510,,GALLATIN,October,2013,20:10,THU,NON-JUNCTION,ON ROADWAY,CLOUDY,DRY,DARK-NOT LIGHTED,NON-INCAPACITATING EVIDENT INJURY ACCIDENT,WILD ANIMAL,45.26118334,-111.30007
C081064E,002+0.594,NOT IN CITY LIMITS,GALLATIN,JUNE,2017,19:10,THU,INTERSECTION-RELATED,ON ROADWAY,CLEAR,DRY,DAYLIGHT,NON-INJURY ACCIDENT (PROPERTY- DAMAGE-ONLY ACCIDENT),REAR-END,45.26126275,-111.3016686
C081064E,002+0.657,NOT IN CITY LIMITS,GALLATIN,JUNE,2017,8:30,MON,INTERSECTION-RELATED,ON ROADWAY,CLEAR,DRY,DAYLIGHT,NON-INJURY ACCIDENT (PROPERTY- DAMAGE-ONLY ACCIDENT),REAR-END,45.26140667,-111.3029383
C081064E,002+0.669,,GALLATIN,December,2014,7:07,MON,NON-JUNCTION,SHOULDER,SNOW,SNOW,DAYLIGHT,NON-INJURY ACCIDENT (PROPERTY- DAMAGE-ONLY ACCIDENT),REAR-END,45.26138915,-111.30326
C081064E,002+0.669,,GALLATIN,August,2016,12:45,MON,INTERSECTION-RELATED,ON ROADWAY,CLOUDY,DRY,DAYLIGHT,NON-INCAPACITATING EVIDENT INJURY ACCIDENT,REAR-END,45.26138733,-111.3032377
C081064E,002+0.669,NOT IN CITY LIMITS,GALLATIN,FEBRUARY,2017,17:40,WED,INTERSECTION,ON ROADWAY,SNOW,ICE/FROST,DUSK,NON-INJURY ACCIDENT (PROPERTY- DAMAGE-ONLY ACCIDENT),REAR-END,45.26135634,-111.30359
C081064E,002+0.682,,GALLATIN,January,2016,14:20,TUE,INTERSECTION,ON ROADWAY,CLOUDY,WET,DAYLIGHT,POSSIBLE INJURY ACCIDENT,REAR-END,45.26125595,-111.3034494
C081064E,002+0.917,,GALLATIN,September,2014,17:20,WED,INTERSECTION,ON ROADWAY,CLOUDY,DRY,DAYLIGHT,NON-INJURY ACCIDENT (PROPERTY- DAMAGE-ONLY ACCIDENT),REAR-END,45.26107697,-111.3081955
C081064E,002+0.917,,GALLATIN,July,2016,15:50,FRI,NON-JUNCTION,ON ROADWAY,CLOUDY,DRY,DAYLIGHT,POSSIBLE INJURY ACCIDENT,REAR-END,45.26121333,-111.3082033
C081064E,002+0.929,,GALLATIN,March,2014,16:22,THU,INTERSECTION,ON ROADWAY,CLEAR,DRY,DAYLIGHT,NON-INJURY ACCIDENT (PROPERTY- DAMAGE-ONLY ACCIDENT),REAR-END,45.26109888,-111.3084715
C081064E,002+0.929,NOT IN CITY LIMITS,GALLATIN,DECEMBER,2017,8:10,TUE,NON-JUNCTION,ON ROADWAY,CLOUDY,ICE/FROST,DAYLIGHT,NON-INJURY ACCIDENT (PROPERTY- DAMAGE-ONLY ACCIDENT),REAR-END,45.26116032,-111.3085535
C081064E,002+0.941,,GALLATIN,May,2016,17:20,WED,INTERSECTION,ON ROADWAY,CLOUDY,DRY,DAYLIGHT,NON-INCAPACITATING EVIDENT INJURY ACCIDENT,REAR-END,45.26101685,-111.3086777
C081064E,002+0.960,,GALLATIN,July,2016,21:48,FRI,NON-JUNCTION,ON ROADWAY,CLEAR,DRY,DARK-LIGHTED,INCAPACITATING INJURY ACCIDENT,PEDESTRIAN,45.26090348,-111.3089783
C081064E,003+0.001,,GALLATIN,December,2015,2:55,FRI,NON-JUNCTION,ROADSIDE LEFT,SNOW,SNOW,DARK-NOT LIGHTED,NON-INJURY ACCIDENT (PROPERTY- DAMAGE-ONLY ACCIDENT),FIXED OBJECT,45.26103401,-111.3099195
C081064E,003+0.363,NOT IN CITY LIMITS,GALLATIN,JULY,2017,8:20,TUE,INTERSECTION,ON ROADWAY,CLOUDY,DRY,DAYLIGHT,NON-INJURY ACCIDENT (PROPERTY- DAMAGE-ONLY ACCIDENT),WILD ANIMAL,45.26339777,-111.3154102
C081064E,003+0.380,,GALLATIN,January,2013,10:53,THU,NON-JUNCTION,SHOULDER,CLOUDY,ICE/FROST,DAYLIGHT,NON-INJURY ACCIDENT (PROPERTY- DAMAGE-ONLY ACCIDENT),ROLL OVER,45.26363969,-111.3156569
C081064E,003+0.407,,GALLATIN,February,2015,2:15,SAT,NON-JUNCTION,ROADSIDE RIGHT,CLEAR,WET,DARK-NOT LIGHTED,POSSIBLE INJURY ACCIDENT,FIXED OBJECT,45.26395667,-111.3158533
C081064E,003+0.519,NOT IN CITY LIMITS,GALLATIN,MARCH,2017,16:30,FRI,INTERSECTION,ON ROADWAY,CLOUDY,DRY,DAYLIGHT,NON-INJURY ACCIDENT (PROPERTY- DAMAGE-ONLY ACCIDENT),REAR-END,45.26541213,-111.3167838
C081064E,003+0.531,,GALLATIN,January,2015,16:51,FRI,NON-JUNCTION,ON ROADWAY,CLOUDY,WET,DUSK,POSSIBLE INJURY ACCIDENT,REAR-END,45.26556577,-111.3168726
C081064E,003+0.735,,GALLATIN,January,2015,23:45,FRI,NON-JUNCTION,SHOULDER,CLEAR,ICE/FROST,DARK-NOT LIGHTED,NON-INJURY ACCIDENT (PROPERTY- DAMAGE-ONLY ACCIDENT),FIXED OBJECT,45.26791333,-111.3194033
C081064E,003+0.760,,GALLATIN,October,2013,13:37,FRI,NON-JUNCTION,SHOULDER,CLEAR,DRY,DAYLIGHT,NON-INJURY ACCIDENT (PROPERTY- DAMAGE-ONLY ACCIDENT),FIXED OBJECT,45.26792561,-111.3200486
C081064E,003+0.994,,GALLATIN,January,2014,13:51,WED,NON-JUNCTION,ROADSIDE RIGHT,SNOW,SNOW,DAYLIGHT,NON-INJURY ACCIDENT (PROPERTY- DAMAGE-ONLY ACCIDENT),FIXED OBJECT,45.26872474,-111.3244678
C081064E,004+0.012,,GALLATIN,February,2015,7:30,THU,NON-JUNCTION,ON ROADWAY,CLEAR,DRY,DARK-NOT LIGHTED,NON-INJURY ACCIDENT (PROPERTY- DAMAGE-ONLY ACCIDENT),WILD ANIMAL,45.268915,-111.3248783
C081064E,004+0.173,NOT IN CITY LIMITS,GALLATIN,FEBRUARY,2017,4:00,MON,NON-JUNCTION,ROADSIDE LEFT,CLEAR,ICE/FROST,DARK-NOT LIGHTED,NON-INJURY ACCIDENT (PROPERTY- DAMAGE-ONLY ACCIDENT),ROLL OVER,45.26929379,-111.3280143
C081064E,004+0.210,,GALLATIN,April,2015,8:40,MON,NON-JUNCTION,ON ROADWAY,CLEAR,DRY,DAYLIGHT,NON-INJURY ACCIDENT (PROPERTY- DAMAGE-ONLY ACCIDENT),WILD ANIMAL,45.2694147,-111.3288162
C081064E,004+0.303,,GALLATIN,September,2015,0:30,SUN,NON-JUNCTION,ROADSIDE RIGHT,CLOUDY,DRY,DARK-NOT LIGHTED,NON-INJURY ACCIDENT (PROPERTY- DAMAGE-ONLY ACCIDENT),ROLL OVER,45.26991321,-111.3303554
C081064E,004+0.310,,GALLATIN,December,2016,15:10,SAT,NON-JUNCTION,ROADSIDE RIGHT,BLOWING SNOW,ICE/FROST,DAYLIGHT,NON-INJURY ACCIDENT (PROPERTY- DAMAGE-ONLY ACCIDENT),FIXED OBJECT,45.26997143,-111.3304944
C081064E,004+0.460,,GALLATIN,August,2013,23:00,THU,NON-JUNCTION,ROADSIDE LEFT,CLOUDY,DRY,DARK-NOT LIGHTED,NON-INJURY ACCIDENT (PROPERTY- DAMAGE-ONLY ACCIDENT),FIXED OBJECT,45.27204167,-111.3304917
C081064E,004+0.497,NOT IN CITY LIMITS,GALLATIN,JUNE,2017,8:30,FRI,NON-JUNCTION,ON ROADWAY,RAIN,WET,DAYLIGHT,NON-INJURY ACCIDENT (PROPERTY- DAMAGE-ONLY ACCIDENT),WILD ANIMAL,45.27256591,-111.3302411
C081064E,004+0.630,,GALLATIN,March,2013,16:00,SUN,NON-JUNCTION,ON ROADWAY,SNOW,ICE/FROST,DAYLIGHT,NON-INJURY ACCIDENT (PROPERTY- DAMAGE-ONLY ACCIDENT),REAR-END,45.27447238,-111.3299456
C081064E,004+0.859,,GALLATIN,April,2016,18:30,WED,NON-JUNCTION,ROADSIDE RIGHT,CLOUDY,DRY,DAYLIGHT,NON-INJURY ACCIDENT (PROPERTY- DAMAGE-ONLY ACCIDENT),ROLL OVER,45.2763043,-111.3334806
C081064E,004+0.915,NOT IN CITY LIMITS,GALLATIN,DECEMBER,2017,13:58,THU,NON-JUNCTION,ROADSIDE RIGHT,CLEAR,ICE/FROST,DAYLIGHT,NON-INJURY ACCIDENT (PROPERTY- DAMAGE-ONLY ACCIDENT),ROLL OVER,45.27621806,-111.3346822
C081064E,004+0.920,,GALLATIN,February,2016,9:45,FRI,NON-JUNCTION,ON ROADWAY,CLOUDY,ICE/FROST,DAYLIGHT,NON-INCAPACITATING EVIDENT INJURY ACCIDENT,RIGHT ANGLE,45.27617994,-111.3348019