MDT_CORRIDOR_ID,SMS_REFPOST_OFFSET,CITY,COUNTY,Month,Year,SMS_TIME,SMT_CRASH_OCC_DAY_OF_WEEK,JUNCTION_RELATED,ROADWAY_RELATED,WEATHER_COND,ROAD_COND,LIGHT_COND,CRASH_SEVERITY,COLLISION_TYPE,LATITUDE,LONGITUDE
C081064E,005+0.037,,GALLATIN,February,2014,17:45,MON,NON-JUNCTION,ROADSIDE LEFT,CLOUDY,SNOW,DUSK,NON-INJURY ACCIDENT (PROPERTY- DAMAGE-ONLY ACCIDENT),FIXED OBJECT,45.27576867,-111.3368127
C081064E,005+0.124,,GALLATIN,April,2016,21:07,FRI,NON-JUNCTION,ON ROADWAY,CLEAR,DRY,DARK-NOT LIGHTED,NON-INJURY ACCIDENT (PROPERTY- DAMAGE-ONLY ACCIDENT),WILD ANIMAL,45.27568817,-111.3386063
C081064E,005+0.205,,GALLATIN,December,2015,19:30,THU,NON-JUNCTION,ROADSIDE RIGHT,SNOW,SNOW,DARK-NOT LIGHTED,NON-INJURY ACCIDENT (PROPERTY- DAMAGE-ONLY ACCIDENT),FIXED OBJECT,45.27623115,-111.3401362
C081064E,005+0.472,,GALLATIN,March,2016,0:50,MON,NON-JUNCTION,ROADSIDE RIGHT,CLEAR,DRY,DARK-NOT LIGHTED,NON-INJURY ACCIDENT (PROPERTY- DAMAGE-ONLY ACCIDENT),FIXED OBJECT,45.27906003,-111.3436249
C081064E,005+0.491,,GALLATIN,February,2015,1:00,FRI,NON-JUNCTION,ROADSIDE RIGHT,CLEAR,DRY,DARK-NOT LIGHTED,NON-INJURY ACCIDENT (PROPERTY- DAMAGE-ONLY ACCIDENT),FIXED OBJECT,45.27919,-111.34396
C081064E,005+0.539,,GALLATIN,November,2014,13:50,TUE,INTERSECTION,ON ROADWAY,SNOW,SNOW,DAYLIGHT,POSSIBLE INJURY ACCIDENT,REAR-END,45.27885,-111.34489
C081064E,005+0.539,NOT IN CITY LIMITS,GALLATIN,MARCH,2017,14:49,THU,NON-JUNCTION,ROADSIDE RIGHT,CLOUDY,DRY,DAYLIGHT,NON-INJURY ACCIDENT (PROPERTY- DAMAGE-ONLY ACCIDENT),FIXED OBJECT,45.27885,-111.34489
C081064E,005+0.551,NOT IN CITY LIMITS,GALLATIN,JUNE,2017,16:40,MON,NON-JUNCTION,ROADSIDE RIGHT,CLEAR,DRY,DAYLIGHT,NON-INJURY ACCIDENT (PROPERTY- DAMAGE-ONLY ACCIDENT),FIXED OBJECT,45.27879401,-111.3451249
C081064E,005+0.582,,GALLATIN,March,2014,17:10,MON,NON-JUNCTION,ROADSIDE LEFT,SNOW,SNOW,DAYLIGHT,NON-INJURY ACCIDENT (PROPERTY- DAMAGE-ONLY ACCIDENT),ROLL OVER,45.27838833,-111.34551
C081064E,005+0.619,,GALLATIN,January,2015,14:00,FRI,NON-JUNCTION,ROADSIDE RIGHT,SNOW,SLUSH,DAYLIGHT,NON-INJURY ACCIDENT (PROPERTY- DAMAGE-ONLY ACCIDENT),ROLL OVER,45.27794894,-111.3458053
C081064E,005+0.632,,GALLATIN,March,2016,21:15,FRI,NON-JUNCTION,SHOULDER,CLEAR,DRY,DARK-NOT LIGHTED,NON-INJURY ACCIDENT (PROPERTY- DAMAGE-ONLY ACCIDENT),ROLL OVER,45.27779559,-111.3461002
C081064E,005+0.632,NOT IN CITY LIMITS,GALLATIN,NOVEMBER,2017,15:20,MON,NON-JUNCTION,SHOULDER,SNOW,ICE/FROST,DAYLIGHT,NON-INJURY ACCIDENT (PROPERTY- DAMAGE-ONLY ACCIDENT),"SIDESWIPE, SAME DIRECTION",45.27777,-111.34597
C081064E,005+0.644,,GALLATIN,April,2015,9:35,MON,NON-JUNCTION,ROADSIDE LEFT,CLOUDY,DRY,DAYLIGHT,NON-INJURY ACCIDENT (PROPERTY- DAMAGE-ONLY ACCIDENT),ROLL OVER,45.27771626,-111.3461885
C081064E,005+0.700,,GALLATIN,November,2014,20:00,SUN,NON-JUNCTION,SHOULDER,CLOUDY,ICE/FROST,DARK-NOT LIGHTED,NON-INJURY ACCIDENT (PROPERTY- DAMAGE-ONLY ACCIDENT),ROLL OVER,45.27716003,-111.3470347
C081064E,005+0.918,,GALLATIN,August,2015,13:12,SUN,NON-JUNCTION,ON ROADWAY,CLEAR,DRY,DAYLIGHT,NON-INJURY ACCIDENT (PROPERTY- DAMAGE-ONLY ACCIDENT),FIXED OBJECT,45.27792126,-111.3513478
C081064E,006+0.009,,GALLATIN,January,2014,18:11,SAT,NON-JUNCTION,ROADSIDE RIGHT,SNOW,SNOW,DARK-NOT LIGHTED,NON-INJURY ACCIDENT (PROPERTY- DAMAGE-ONLY ACCIDENT),FIXED OBJECT,45.27902333,-111.3530133
C081064E,006+0.028,,GALLATIN,April,2014,22:00,SUN,NON-JUNCTION,ROADSIDE LEFT,CLEAR,DRY,DARK-NOT LIGHTED,NON-INJURY ACCIDENT (PROPERTY- DAMAGE-ONLY ACCIDENT),FIXED OBJECT,45.27929105,-111.3532092
C081064E,006+0.360,,GALLATIN,July,2013,2:45,FRI,NON-JUNCTION,ROADSIDE RIGHT,CLEAR,DRY,DARK-NOT LIGHTED,NON-INJURY ACCIDENT (PROPERTY- DAMAGE-ONLY ACCIDENT),FIXED OBJECT,45.282735,-111.3568983
C081064E,006+0.370,,GALLATIN,November,2013,0:01,FRI,NON-JUNCTION,ROADSIDE RIGHT,CLEAR,DRY,DARK-NOT LIGHTED,NON-INJURY ACCIDENT (PROPERTY- DAMAGE-ONLY ACCIDENT),FIXED OBJECT,45.28278127,-111.3572459
C081064E,006+0.386,,GALLATIN,August,2016,22:00,WED,NON-JUNCTION,ROADSIDE RIGHT,UNKNOWN,DRY,DARK-NOT LIGHTED,NON-INJURY ACCIDENT (PROPERTY- DAMAGE-ONLY ACCIDENT),FIXED OBJECT,45.28278117,-111.3577678
C081064E,006+0.386,NOT IN CITY LIMITS,GALLATIN,MAY,2017,1:30,SUN,NON-JUNCTION,ROADSIDE RIGHT,CLEAR,DRY,DARK-NOT LIGHTED,NON-INCAPACITATING EVIDENT INJURY ACCIDENT,FIXED OBJECT,45.28276887,-111.3577627
C081064E,006+0.430,,GALLATIN,August,2013,0:20,FRI,NON-JUNCTION,SHOULDER,CLEAR,DRY,DARK-NOT LIGHTED,NON-INJURY ACCIDENT (PROPERTY- DAMAGE-ONLY ACCIDENT),ROLL OVER,45.28260366,-111.3584411
C081064E,006+0.492,NOT IN CITY LIMITS,GALLATIN,JUNE,2017,8:30,TUE,NON-JUNCTION,ROADSIDE RIGHT,SLEET/HAIL/FREEZING RAIN/DRIZZLE,SLUSH,DAYLIGHT,NON-INJURY ACCIDENT (PROPERTY- DAMAGE-ONLY ACCIDENT),FIXED OBJECT,45.28250811,-111.3600804
C081064E,006+0.498,NOT IN CITY LIMITS,GALLATIN,OCTOBER,2017,21:25,TUE,NON-JUNCTION,ROADSIDE RIGHT,CLEAR,DRY,DARK-NOT LIGHTED,NON-INCAPACITATING EVIDENT INJURY ACCIDENT,ROLL OVER,45.28255588,-111.3600599
C081064E,006+0.500,,GALLATIN,December,2013,8:55,MON,NON-JUNCTION,ROADSIDE RIGHT,CLOUDY,SNOW,DAYLIGHT,NON-INJURY ACCIDENT (PROPERTY- DAMAGE-ONLY ACCIDENT),NOT FIXED OBJECT OR DEBRIS,45.282532,-111.3599847
C081064E,006+0.830,,GALLATIN,November,2013,13:15,FRI,NON-JUNCTION,ON ROADWAY,CLEAR,DRY,DAYLIGHT,NON-INJURY ACCIDENT (PROPERTY- DAMAGE-ONLY ACCIDENT),FIXED OBJECT,45.28550333,-111.36506
C081064E,006+0.846,,GALLATIN,March,2016,13:30,MON,NON-JUNCTION,ROADSIDE RIGHT,CLEAR,DRY,DAYLIGHT,NON-INJURY ACCIDENT (PROPERTY- DAMAGE-ONLY ACCIDENT),FIXED OBJECT,45.28561922,-111.3656333
C081064E,006+0.964,,GALLATIN,September,2016,13:05,TUE,NON-JUNCTION,ROADSIDE RIGHT,CLOUDY,DRY,DAYLIGHT,NON-INJURY ACCIDENT (PROPERTY- DAMAGE-ONLY ACCIDENT),FIXED OBJECT,45.28639534,-111.3678166
C081064E,007+0.000,NOT IN CITY LIMITS,GALLATIN,NOVEMBER,2017,17:10,MON,NON-JUNCTION,ROADSIDE LEFT,CLOUDY,ICE/FROST,DUSK,NON-INJURY ACCIDENT (PROPERTY- DAMAGE-ONLY ACCIDENT),ROLL OVER,45.28625,-111.36921
C081064E,007+0.186,,GALLATIN,January,2016,1:30,TUE,NON-JUNCTION,ROADSIDE RIGHT,UNKNOWN,UNKNOWN,DARK-NOT LIGHTED,NON-INJURY ACCIDENT (PROPERTY- DAMAGE-ONLY ACCIDENT),FIXED OBJECT,45.28544504,-111.3729007
C081137N,000+0.054,WEST YELLOWSTONE,GALLATIN,MARCH,2017,15:25,WED,NON-JUNCTION,ON ROADWAY,CLOUDY,WET,DAYLIGHT,NON-INJURY ACCIDENT (PROPERTY- DAMAGE-ONLY ACCIDENT),RIGHT ANGLE,44.66643838,-111.1088278
C082232N,000+0.200,THREE FORKS,GALLATIN,May,2016,7:55,MON,DRIVEWAY/ALLEY ACCESS RELATED,ON ROADWAY,RAIN,WET,DAYLIGHT,NON-INJURY ACCIDENT (PROPERTY- DAMAGE-ONLY ACCIDENT),REAR TO REAR,45.88759196,-111.5631349
C082236N,000+0.245,MANHATTAN,GALLATIN,February,2014,8:00,WED,INTERSECTION,SHOULDER,CLOUDY,ICE/FROST,DAYLIGHT,NON-INJURY ACCIDENT (PROPERTY- DAMAGE-ONLY ACCIDENT),FIXED OBJECT,45.85177411,-111.3266154
C082237N,000+0.013,MANHATTAN,GALLATIN,December,2016,13:00,TUE,NON-JUNCTION,OFF ROADWAY LOCATION UNKNOWN,CLEAR,WET,DAYLIGHT,NON-INJURY ACCIDENT (PROPERTY- DAMAGE-ONLY ACCIDENT),REAR TO FRONT,45.85019134,-111.3313227
C082240N,000+0.084,MANHATTAN,GALLATIN,January,2016,0:00,TUE,NON-JUNCTION,IN PARKING LANE OR ZONE,UNKNOWN,ICE/FROST,DARK-UNKNOWN LIGHTING,UNKNOWN,"SIDESWIPE, OPPOSITE DIRECTION",45.85199344,-111.3351309
C082264N,000+0.000,NOT IN CITY LIMITS,GALLATIN,OCTOBER,2017,17:50,MON,NON-JUNCTION,ON ROADWAY,CLOUDY,DRY,DAYLIGHT,POSSIBLE INJURY ACCIDENT,REAR-END,45.83591,-111.29198
C082268N,000+0.090,,GALLATIN,December,2014,2:15,TUE,NON-JUNCTION,OFF ROADWAY LOCATION UNKNOWN,CLEAR,SNOW,DARK-NOT LIGHTED,NON-INJURY ACCIDENT (PROPERTY- DAMAGE-ONLY ACCIDENT),FIXED OBJECT,45.82535444,-111.2682895
C082271N,000+0.301,,GALLATIN,June,2016,13:05,WED,INTERSECTION,ON ROADWAY,CLEAR,DRY,DAYLIGHT,NON-INJURY ACCIDENT (PROPERTY- DAMAGE-ONLY ACCIDENT),RIGHT ANGLE,45.79347454,-111.2076032
C082271N,000+0.309,,GALLATIN,September,2015,16:14,THU,INTERSECTION,ON ROADWAY,CLOUDY,DRY,DAYLIGHT,NON-INCAPACITATING EVIDENT INJURY ACCIDENT,RIGHT ANGLE,45.79344722,-111.2075691
C082335N,000+0.256,,GALLATIN,November,2014,14:30,SUN,NON-JUNCTION,ON ROADWAY,CLEAR,ICE/FROST,DAYLIGHT,NON-INJURY ACCIDENT (PROPERTY- DAMAGE-ONLY ACCIDENT),"SIDESWIPE, OPPOSITE DIRECTION",45.55652845,-111.1185102
C082338N,000+0.279,NOT IN CITY LIMITS,GALLATIN,SEPTEMBER,2017,20:50,WED,NON-JUNCTION,ON ROADWAY,CLEAR,DRY,DARK-NOT LIGHTED,NON-INCAPACITATING EVIDENT INJURY ACCIDENT,PEDESTRIAN,45.66703522,-111.0962995
C082340N,000+0.087,,GALLATIN,January,2016,10:30,TUE,NON-JUNCTION,ROADSIDE RIGHT,CLEAR,SNOW,DAYLIGHT,NON-INJURY ACCIDENT (PROPERTY- DAMAGE-ONLY ACCIDENT),FIXED OBJECT,45.75244563,-111.0247796
C082341N,000+0.118,BOZEMAN,GALLATIN,DECEMBER,2017,1:25,SAT,NON-JUNCTION,ROADSIDE LEFT,CLEAR,DRY,DARK-NOT LIGHTED,NON-INJURY ACCIDENT (PROPERTY- DAMAGE-ONLY ACCIDENT),NOT FIXED OBJECT OR DEBRIS,45.66910153,-111.0944266
C082341N,000+0.267,BOZEMAN,GALLATIN,June,2016,16:58,THU,NON-JUNCTION,ON ROADWAY,CLOUDY,DRY,DAYLIGHT,NON-INJURY ACCIDENT (PROPERTY- DAMAGE-ONLY ACCIDENT),RIGHT ANGLE,45.67116716,-111.0946867
C082342N,000+0.029,NOT IN CITY LIMITS,GALLATIN,JANUARY,2017,9:10,TUE,DRIVEWAY/ALLEY ACCESS RELATED,ROADSIDE RIGHT,CLOUDY,SNOW,DAYLIGHT,NON-INJURY ACCIDENT (PROPERTY- DAMAGE-ONLY ACCIDENT),FIXED OBJECT,45.67123806,-111.1711505
C082342N,000+0.040,,GALLATIN,December,2013,8:10,WED,INTERSECTION,ON ROADWAY,CLOUDY,ICE/FROST,DAYLIGHT,NON-INJURY ACCIDENT (PROPERTY- DAMAGE-ONLY ACCIDENT),"LEFT TURN, OPPOSITE DIRECTION",45.67164,-111.17129
C082349N,000+0.000,NOT IN CITY LIMITS,GALLATIN,JANUARY,2017,13:40,TUE,INTERSECTION,ON ROADWAY,SNOW,SNOW,DAYLIGHT,NON-INJURY ACCIDENT (PROPERTY- DAMAGE-ONLY ACCIDENT),RIGHT ANGLE,45.67289585,-111.1829667
C082349N,000+0.060,,GALLATIN,February,2013,16:10,WED,NON-JUNCTION,OFF ROADWAY LOCATION UNKNOWN,CLEAR,MUD DIRT GRAVEL,DAYLIGHT,NON-INJURY ACCIDENT (PROPERTY- DAMAGE-ONLY ACCIDENT),FIXED OBJECT,45.67269667,-111.1842183
C082350N,000+0.010,,GALLATIN,March,2013,14:00,THU,DRIVEWAY/ALLEY ACCESS RELATED,ON ROADWAY,CLOUDY,DRY,DAYLIGHT,NON-INCAPACITATING EVIDENT INJURY ACCIDENT,ROLL OVER,45.672405,-111.2061417
C082350N,000+0.080,,GALLATIN,December,2015,3:45,SUN,NON-JUNCTION,UNKNOWN,CLEAR,ICE/FROST,DARK-LIGHTED,NON-INJURY ACCIDENT (PROPERTY- DAMAGE-ONLY ACCIDENT),REAR TO REAR,45.67335435,-111.2062932
C082350N,000+0.586,,GALLATIN,December,2016,14:15,THU,DRIVEWAY/ALLEY ACCESS RELATED,ROADSIDE LEFT,CLOUDY,DRY,DAYLIGHT,NON-INJURY ACCIDENT (PROPERTY- DAMAGE-ONLY ACCIDENT),FIXED OBJECT,45.67458058,-111.2088866
C082350N,000+0.610,BELGRADE,GALLATIN,December,2014,19:00,TUE,NON-JUNCTION,ROADSIDE LEFT,CLOUDY,ICE/FROST,DARK-NOT LIGHTED,NON-INJURY ACCIDENT (PROPERTY- DAMAGE-ONLY ACCIDENT),FIXED OBJECT,45.67402905,-111.2085049
C082358N,000+0.191,,GALLATIN,February,2016,8:00,THU,INTERSECTION,ON ROADWAY,CLOUDY,DRY,DAYLIGHT,NON-INJURY ACCIDENT (PROPERTY- DAMAGE-ONLY ACCIDENT),"SIDESWIPE, OPPOSITE DIRECTION",45.66826005,-111.1774548
C082361N,000+0.000,NOT IN CITY LIMITS,GALLATIN,OCTOBER,2017,0:04,SAT,NON-JUNCTION,ON ROADWAY,CLOUDY,DRY,DARK-NOT LIGHTED,INCAPACITATING INJURY ACCIDENT,HEAD ON,45.67106,-111.13363
C082362N,000+0.159,NOT IN CITY LIMITS,GALLATIN,DECEMBER,2017,12:00,WED,INTERSECTION,ON ROADWAY,SNOW,ICE/FROST,DAYLIGHT,NON-INJURY ACCIDENT (PROPERTY- DAMAGE-ONLY ACCIDENT),RIGHT ANGLE,45.66920778,-111.1332934
C082372N,000+0.214,,GALLATIN,January,2015,12:50,SUN,NON-JUNCTION,ON ROADWAY,SNOW,SNOW,DAYLIGHT,NON-INCAPACITATING EVIDENT INJURY ACCIDENT,HEAD ON,45.63865467,-111.1797771
C082372N,000+0.250,,GALLATIN,May,2016,17:45,THU,NON-JUNCTION,ROADSIDE RIGHT,CLOUDY,DRY,DAYLIGHT,NON-INCAPACITATING EVIDENT INJURY ACCIDENT,FIXED OBJECT,45.63895875,-111.1793782
C082372N,000+0.310,,GALLATIN,March,2016,11:20,TUE,INTERSECTION,ROADSIDE RIGHT,CLOUDY,DRY,DAYLIGHT,NON-INJURY ACCIDENT (PROPERTY- DAMAGE-ONLY ACCIDENT),FIXED OBJECT,45.6398543,-111.179103
C082397N,000+0.010,,GALLATIN,September,2013,2:08,SAT,NON-JUNCTION,ROADSIDE LEFT,RAIN,WET,DARK-NOT LIGHTED,NON-INJURY ACCIDENT (PROPERTY- DAMAGE-ONLY ACCIDENT),FIXED OBJECT,45.649445,-111.3629517
C082416N,000+0.000,,GALLATIN,June,2014,16:35,TUE,INTERSECTION-RELATED,ON ROADWAY,CLOUDY,DRY,DAYLIGHT,POSSIBLE INJURY ACCIDENT,REAR-END,45.75542,-111.18522
C082416N,000+0.000,BELGRADE,GALLATIN,November,2016,10:00,SAT,INTERSECTION,ON ROADWAY,CLOUDY,DRY,DAYLIGHT,NON-INJURY ACCIDENT (PROPERTY- DAMAGE-ONLY ACCIDENT),REAR-END,45.75542,-111.18522
C082416N,000+0.038,,GALLATIN,February,2014,7:56,TUE,NON-JUNCTION,ON ROADWAY,CLOUDY,SNOW,DAYLIGHT,NON-INJURY ACCIDENT (PROPERTY- DAMAGE-ONLY ACCIDENT),RIGHT ANGLE,45.75536546,-111.184483
C082416N,000+0.305,,GALLATIN,July,2014,9:45,MON,NON-JUNCTION,IN PARKING LANE OR ZONE,CLEAR,DRY,DAYLIGHT,NON-INJURY ACCIDENT (PROPERTY- DAMAGE-ONLY ACCIDENT),RIGHT ANGLE,45.75544,-111.179
C082416N,001+0.030,BELGRADE,GALLATIN,November,2015,21:20,FRI,INTERSECTION-RELATED,SHOULDER,UNKNOWN,UNKNOWN,UNKNOWN,UNKNOWN,BACKING VEHICLE,45.75840026,-111.1822476
C082416N,001+0.160,,GALLATIN,February,2014,15:20,TUE,INTERSECTION-RELATED,ON ROADWAY,CLEAR,ICE/FROST,DAYLIGHT,NON-INJURY ACCIDENT (PROPERTY- DAMAGE-ONLY ACCIDENT),RIGHT ANGLE,45.75837667,-111.1848917
C082418N,000+0.086,,GALLATIN,February,2016,7:45,WED,INTERSECTION,ROADSIDE RIGHT,CLEAR,DRY,DAYLIGHT,NON-INJURY ACCIDENT (PROPERTY- DAMAGE-ONLY ACCIDENT),FIXED OBJECT,45.75716866,-111.1890593
C082420N,000+0.067,,GALLATIN,April,2015,18:30,FRI,NON-JUNCTION,ON ROADWAY,CLEAR,DRY,DAYLIGHT,NON-INJURY ACCIDENT (PROPERTY- DAMAGE-ONLY ACCIDENT),RIGHT ANGLE,45.77882716,-111.2096523
C082420N,000+0.105,,GALLATIN,March,2016,1:00,FRI,NON-JUNCTION,SHOULDER,CLOUDY,DRY,DARK-NOT LIGHTED,NON-INJURY ACCIDENT (PROPERTY- DAMAGE-ONLY ACCIDENT),HEAD ON,45.77886,-111.20882
C082420N,000+0.125,NOT IN CITY LIMITS,GALLATIN,JANUARY,2017,1:45,SUN,NON-JUNCTION,IN PARKING LANE OR ZONE,CLOUDY,ICE/FROST,DARK-NOT LIGHTED,NON-INJURY ACCIDENT (PROPERTY- DAMAGE-ONLY ACCIDENT),REAR TO REAR,45.77882601,-111.2084197
C082420N,000+0.140,,GALLATIN,November,2013,5:30,MON,NON-JUNCTION,ON ROADWAY,CLEAR,DRY,DARK-NOT LIGHTED,NON-INJURY ACCIDENT (PROPERTY- DAMAGE-ONLY ACCIDENT),"SIDESWIPE, SAME DIRECTION",45.77886334,-111.2081417
C082421N,000+0.000,,GALLATIN,April,2013,17:32,THU,DRIVEWAY/ALLEY ACCESS RELATED,ON ROADWAY,CLEAR,DRY,DAYLIGHT,NON-INJURY ACCIDENT (PROPERTY- DAMAGE-ONLY ACCIDENT),"LEFT TURN, OPPOSITE DIRECTION",45.75834347,-111.1875088
C082430N,000+0.012,NOT IN CITY LIMITS,GALLATIN,JUNE,2017,12:50,WED,DRIVEWAY/ALLEY ACCESS RELATED,ON ROADWAY,CLOUDY,DRY,DAYLIGHT,NON-INJURY ACCIDENT (PROPERTY- DAMAGE-ONLY ACCIDENT),REAR-END,45.75728667,-111.1402617
C082433N,000+0.015,BELGRADE,GALLATIN,December,2016,12:37,SAT,INTERSECTION,ON ROADWAY,SNOW,SNOW,DAYLIGHT,NON-INJURY ACCIDENT (PROPERTY- DAMAGE-ONLY ACCIDENT),RIGHT ANGLE,45.77007561,-111.1648327
C082443N,000+0.086,,GALLATIN,July,2015,0:00,SUN,NON-JUNCTION,OFF ROADWAY LOCATION UNKNOWN,CLEAR,OTHER,DAYLIGHT,NON-INJURY ACCIDENT (PROPERTY- DAMAGE-ONLY ACCIDENT),FIXED OBJECT,45.77948167,-111.229285
C082445N,000+0.020,BELGRADE,GALLATIN,August,2016,15:59,MON,NON-JUNCTION,ON ROADWAY,CLEAR,DRY,DAYLIGHT,NON-INJURY ACCIDENT (PROPERTY- DAMAGE-ONLY ACCIDENT),NOT FIXED OBJECT OR DEBRIS,45.79482508,-111.1806879
C082445N,000+0.063,,GALLATIN,June,2015,11:10,WED,DRIVEWAY/ALLEY ACCESS RELATED,ON ROADWAY,CLEAR,DRY,DAYLIGHT,NON-INJURY ACCIDENT (PROPERTY- DAMAGE-ONLY ACCIDENT),RIGHT ANGLE,45.79480693,-111.1815811
C082445N,000+0.082,BELGRADE,GALLATIN,August,2016,7:00,SAT,NON-JUNCTION,ON ROADWAY,CLEAR,DRY,DAYLIGHT,NON-INJURY ACCIDENT (PROPERTY- DAMAGE-ONLY ACCIDENT),OTHER,45.79481547,-111.1819969
C082445N,000+0.162,BELGRADE,GALLATIN,NOVEMBER,2017,8:41,THU,NON-JUNCTION,ON ROADWAY,CLEAR,DRY,DAYLIGHT,NON-INJURY ACCIDENT (PROPERTY- DAMAGE-ONLY ACCIDENT),REAR-END,45.79483832,-111.1835533
C082448N,000+0.020,BOZEMAN,GALLATIN,AUGUST,2017,16:17,TUE,INTERSECTION,ON ROADWAY,CLOUDY,DRY,DAYLIGHT,NON-INJURY ACCIDENT (PROPERTY- DAMAGE-ONLY ACCIDENT),"SIDESWIPE, SAME DIRECTION",45.69054476,-111.046023
C082452N,000+0.000,BELGRADE,GALLATIN,December,2016,14:44,FRI,INTERSECTION,ON ROADWAY,CLEAR,SNOW,DAYLIGHT,NON-INJURY ACCIDENT (PROPERTY- DAMAGE-ONLY ACCIDENT),RIGHT ANGLE,45.79481176,-111.1855452
C082466N,000+0.041,BELGRADE,GALLATIN,August,2014,19:45,WED,ENTRANCE/EXIT RAMP,ON ROADWAY,CLOUDY,DRY,DAYLIGHT,NON-INJURY ACCIDENT (PROPERTY- DAMAGE-ONLY ACCIDENT),REAR-END,45.77177095,-111.1847025
C082474N,000+0.044,NOT IN CITY LIMITS,GALLATIN,MAY,2017,20:00,WED,NON-JUNCTION,ROADSIDE RIGHT,CLEAR,DRY,DAYLIGHT,NON-INCAPACITATING EVIDENT INJURY ACCIDENT,ROLL OVER,45.78801338,-111.200091
C082480N,000+0.356,,GALLATIN,August,2015,2:05,SUN,NON-JUNCTION,ROADSIDE RIGHT,CLOUDY,DRY,DARK-NOT LIGHTED,NON-INJURY ACCIDENT (PROPERTY- DAMAGE-ONLY ACCIDENT),FIXED OBJECT,45.77645366,-111.2128488
C082480N,000+0.517,,GALLATIN,July,2014,21:40,SUN,INTERSECTION-RELATED,ON ROADWAY,CLEAR,DRY,DARK-NOT LIGHTED,NON-INJURY ACCIDENT (PROPERTY- DAMAGE-ONLY ACCIDENT),REAR TO SIDE,45.77587318,-111.2100828
C082484N,000+0.024,,GALLATIN,February,2014,13:30,WED,INTERSECTION-RELATED,ON ROADWAY,CLEAR,ICE/FROST,DAYLIGHT,NON-INJURY ACCIDENT (PROPERTY- DAMAGE-ONLY ACCIDENT),RIGHT ANGLE,45.77561833,-111.2120767
C082490N,000+0.000,,GALLATIN,April,2013,10:55,MON,INTERSECTION,ON ROADWAY,SNOW,WET,DAYLIGHT,NON-INJURY ACCIDENT (PROPERTY- DAMAGE-ONLY ACCIDENT),"SIDESWIPE, OPPOSITE DIRECTION",45.78749667,-111.20573
C082490N,000+0.008,,GALLATIN,October,2014,21:10,SAT,NON-JUNCTION,ROADSIDE RIGHT,CLOUDY,DRY,DARK-LIGHTED,NON-INJURY ACCIDENT (PROPERTY- DAMAGE-ONLY ACCIDENT),FIXED OBJECT,45.78751861,-111.2058
C082492N,000+0.014,,GALLATIN,October,2015,18:06,WED,SHARED-USE PATH OR TRAIL,ROADSIDE LEFT,CLOUDY,DRY,DAYLIGHT,NON-INJURY ACCIDENT (PROPERTY- DAMAGE-ONLY ACCIDENT),NOT FIXED OBJECT OR DEBRIS,45.78307897,-111.2269259
C082499N,000+0.350,,GALLATIN,January,2013,9:15,FRI,NON-JUNCTION,ROADSIDE RIGHT,CLEAR,ICE/FROST,DAYLIGHT,NON-INJURY ACCIDENT (PROPERTY- DAMAGE-ONLY ACCIDENT),NOT FIXED OBJECT OR DEBRIS,45.79652167,-111.2269817
C082499N,000+0.434,NOT IN CITY LIMITS,GALLATIN,OCTOBER,2017,14:30,FRI,INTERSECTION,ON ROADWAY,CLEAR,DRY,DAYLIGHT,NON-INJURY ACCIDENT (PROPERTY- DAMAGE-ONLY ACCIDENT),RIGHT ANGLE,45.79624074,-111.2254505
C082499N,000+0.622,,GALLATIN,June,2015,18:55,THU,INTERSECTION,ON ROADWAY,CLEAR,DRY,DAYLIGHT,NON-INJURY ACCIDENT (PROPERTY- DAMAGE-ONLY ACCIDENT),RIGHT ANGLE,45.79571821,-111.2218168
C082499N,000+0.622,,GALLATIN,March,2016,7:50,FRI,INTERSECTION,ON ROADWAY,CLEAR,DRY,DAYLIGHT,NON-INJURY ACCIDENT (PROPERTY- DAMAGE-ONLY ACCIDENT),RIGHT ANGLE,45.79570328,-111.221695
C082499N,000+0.766,,GALLATIN,January,2016,7:20,MON,NON-JUNCTION,ROADSIDE LEFT,CLOUDY,ICE/FROST,DAYLIGHT,NON-INJURY ACCIDENT (PROPERTY- DAMAGE-ONLY ACCIDENT),FIXED OBJECT,45.79442396,-111.2194468
C082499N,000+0.766,,GALLATIN,January,2016,7:15,MON,NON-JUNCTION,ON ROADWAY,CLOUDY,ICE/FROST,DAYLIGHT,NON-INJURY ACCIDENT (PROPERTY- DAMAGE-ONLY ACCIDENT),"SIDESWIPE, OPPOSITE DIRECTION",45.79443075,-111.2194604
C082500N,000+0.128,,GALLATIN,November,2014,20:45,SAT,NON-JUNCTION,ON ROADWAY,CLEAR,DRY,DARK-LIGHTED,NON-INCAPACITATING EVIDENT INJURY ACCIDENT,REAR-END,45.7953665,-111.2228756
C082518N,000+0.208,BOZEMAN,GALLATIN,OCTOBER,2017,16:30,MON,NON-JUNCTION,ON ROADWAY,CLEAR,DRY,DAYLIGHT,NON-INCAPACITATING EVIDENT INJURY ACCIDENT,REAR-END,45.65353564,-111.0217893
C082520N,000+0.041,,GALLATIN,December,2015,5:30,TUE,NON-JUNCTION,ROADSIDE RIGHT,CLOUDY,SNOW,DAYLIGHT,NON-INJURY ACCIDENT (PROPERTY- DAMAGE-ONLY ACCIDENT),"SIDESWIPE, OPPOSITE DIRECTION",45.67032,-111.0954