MDT_CORRIDOR_ID,SMS_REFPOST_OFFSET,CITY,COUNTY,Month,Year,SMS_TIME,SMT_CRASH_OCC_DAY_OF_WEEK,JUNCTION_RELATED,ROADWAY_RELATED,WEATHER_COND,ROAD_COND,LIGHT_COND,CRASH_SEVERITY,COLLISION_TYPE,LATITUDE,LONGITUDE
C082520N,000+0.125,NOT IN CITY LIMITS,GALLATIN,JUNE,2017,18:50,THU,NON-JUNCTION,ON ROADWAY,CLOUDY,DRY,DAYLIGHT,NON-INJURY ACCIDENT (PROPERTY- DAMAGE-ONLY ACCIDENT),REAR TO SIDE,45.66909314,-111.0954088
C082527N,000+0.180,NOT IN CITY LIMITS,GALLATIN,OCTOBER,2017,18:20,TUE,NON-JUNCTION,ON ROADWAY,CLEAR,DRY,DUSK,NON-INJURY ACCIDENT (PROPERTY- DAMAGE-ONLY ACCIDENT),NOT FIXED OBJECT OR DEBRIS,45.80127273,-111.1773523
C082528N,000+0.029,NOT IN CITY LIMITS,GALLATIN,DECEMBER,2017,23:40,WED,INTERSECTION-RELATED,OUTSIDE RIGHT-OF-WAY (TRAFFICWAY),"FOG, SMOG, SMOKE",ICE/FROST,DARK-LIGHTED,NON-INJURY ACCIDENT (PROPERTY- DAMAGE-ONLY ACCIDENT),FIXED OBJECT,45.68375773,-111.0705197
C082534N,000+0.000,BELGRADE,GALLATIN,December,2014,12:22,SAT,INTERSECTION,ON ROADWAY,CLOUDY,SNOW,DAYLIGHT,NON-INJURY ACCIDENT (PROPERTY- DAMAGE-ONLY ACCIDENT),HEAD ON,45.73051,-111.08972
C082534N,000+0.027,,GALLATIN,May,2015,7:55,MON,NON-JUNCTION,ON ROADWAY,CLEAR,DRY,DAYLIGHT,NON-INJURY ACCIDENT (PROPERTY- DAMAGE-ONLY ACCIDENT),REAR-END,45.73023719,-111.0901991
C082534N,000+0.094,,GALLATIN,November,2014,16:45,TUE,INTERSECTION-RELATED,ON ROADWAY,SNOW,ICE/FROST,DUSK,NON-INJURY ACCIDENT (PROPERTY- DAMAGE-ONLY ACCIDENT),RIGHT ANGLE,45.72947667,-111.0909767
C082534N,000+0.104,,GALLATIN,February,2014,1:30,TUE,INTERSECTION-RELATED,ON ROADWAY,SNOW,ICE/FROST,DARK-LIGHTED,POSSIBLE INJURY ACCIDENT,RIGHT ANGLE,45.72918199,-111.0909914
C082534N,000+0.104,,GALLATIN,February,2014,14:05,TUE,INTERSECTION-RELATED,ON ROADWAY,CLEAR,ICE/FROST,DAYLIGHT,NON-INJURY ACCIDENT (PROPERTY- DAMAGE-ONLY ACCIDENT),RIGHT ANGLE,45.72931833,-111.09093
C082534N,000+0.104,,GALLATIN,September,2014,15:25,TUE,INTERSECTION,ON ROADWAY,CLEAR,DRY,DAYLIGHT,NON-INJURY ACCIDENT (PROPERTY- DAMAGE-ONLY ACCIDENT),REAR TO FRONT,45.7293,-111.0911
C082534N,000+0.104,,GALLATIN,December,2014,21:50,SUN,INTERSECTION,ON ROADWAY,CLOUDY,DRY,DARK-LIGHTED,NON-INJURY ACCIDENT (PROPERTY- DAMAGE-ONLY ACCIDENT),RIGHT ANGLE,45.72922977,-111.0908753
C082534N,000+0.104,,GALLATIN,October,2016,9:03,THU,INTERSECTION,ON ROADWAY,CLOUDY,DRY,DAYLIGHT,NON-INJURY ACCIDENT (PROPERTY- DAMAGE-ONLY ACCIDENT),"LEFT TURN, OPPOSITE DIRECTION",45.72925589,-111.0908338
C082534N,000+0.104,NOT IN CITY LIMITS,GALLATIN,JUNE,2017,17:15,SAT,INTERSECTION,ON ROADWAY,CLOUDY,DRY,DAYLIGHT,NON-INJURY ACCIDENT (PROPERTY- DAMAGE-ONLY ACCIDENT),RIGHT ANGLE,45.72930372,-111.090892
C082534N,004+0.553,,GALLATIN,February,2014,8:05,THU,INTERSECTION,ON ROADWAY,CLEAR,DRY,DAWN,NON-INJURY ACCIDENT (PROPERTY- DAMAGE-ONLY ACCIDENT),RIGHT ANGLE,45.72906925,-111.0910665
C082545N,000+0.079,BOZEMAN,GALLATIN,April,2016,12:03,WED,OTHER LOCATION,IN PARKING LANE OR ZONE,CLOUDY,WET,DAYLIGHT,NON-INJURY ACCIDENT (PROPERTY- DAMAGE-ONLY ACCIDENT),FIXED OBJECT,45.70110571,-111.0472893
C082547N,000+0.053,,GALLATIN,May,2015,17:00,MON,NON-JUNCTION,IN PARKING LANE OR ZONE,CLOUDY,DRY,DAYLIGHT,NON-INJURY ACCIDENT (PROPERTY- DAMAGE-ONLY ACCIDENT),REAR TO REAR,45.71871811,-111.0646474
C082547N,000+0.093,,GALLATIN,December,2015,10:45,TUE,NON-JUNCTION,ROADSIDE RIGHT,CLOUDY,ICE/FROST,DARK-NOT LIGHTED,NON-INJURY ACCIDENT (PROPERTY- DAMAGE-ONLY ACCIDENT),NOT FIXED OBJECT OR DEBRIS,45.71913339,-111.0653944
C082552N,000+0.567,NOT IN CITY LIMITS,GALLATIN,JANUARY,2017,20:45,MON,NON-JUNCTION,ROADSIDE RIGHT,SNOW,ICE/FROST,DARK-NOT LIGHTED,NON-INJURY ACCIDENT (PROPERTY- DAMAGE-ONLY ACCIDENT),FIXED OBJECT,45.5520974,-111.1179433
C082562N,000+0.048,BELGRADE,GALLATIN,DECEMBER,2017,8:34,WED,DRIVEWAY/ALLEY ACCESS RELATED,ON ROADWAY,CLEAR,ICE/FROST,DAYLIGHT,NON-INJURY ACCIDENT (PROPERTY- DAMAGE-ONLY ACCIDENT),"LEFT TURN, SAME DIRECTION",45.78273431,-111.1886181
C082565N,000+0.025,BOZEMAN,GALLATIN,August,2015,15:30,FRI,OTHER LOCATION,OFF ROADWAY LOCATION UNKNOWN,CLEAR,DRY,DAYLIGHT,NON-INCAPACITATING EVIDENT INJURY ACCIDENT,RIGHT ANGLE,45.69683557,-111.0630949
C082565N,000+0.060,BOZEMAN,GALLATIN,MAY,2017,19:59,WED,INTERSECTION,ON ROADWAY,BLOWING SNOW,SNOW,DAYLIGHT,NON-INJURY ACCIDENT (PROPERTY- DAMAGE-ONLY ACCIDENT),RIGHT ANGLE,45.69653202,-111.0637635
C082570N,000+0.000,BOZEMAN,GALLATIN,January,2013,23:45,THU,INTERSECTION-RELATED,ON ROADWAY,CLEAR,ICE/FROST,DARK-LIGHTED,NON-INJURY ACCIDENT (PROPERTY- DAMAGE-ONLY ACCIDENT),RIGHT ANGLE,45.68704899,-111.1138718
C082570N,000+0.201,BOZEMAN,GALLATIN,July,2016,20:58,WED,NON-JUNCTION,ROADSIDE RIGHT,CLEAR,DRY,DUSK,NON-INJURY ACCIDENT (PROPERTY- DAMAGE-ONLY ACCIDENT),RIGHT ANGLE,45.68708922,-111.1180202
C082572N,000+0.093,BOZEMAN,GALLATIN,November,2014,18:22,SAT,DRIVEWAY/ALLEY ACCESS RELATED,SHOULDER,CLEAR,SNOW,DARK-NOT LIGHTED,NON-INJURY ACCIDENT (PROPERTY- DAMAGE-ONLY ACCIDENT),FIXED OBJECT,45.68709254,-111.1138238
C082574N,000+0.078,BOZEMAN,GALLATIN,SEPTEMBER,2017,21:30,MON,INTERSECTION,ON ROADWAY,CLOUDY,DRY,DARK-LIGHTED,NON-INJURY ACCIDENT (PROPERTY- DAMAGE-ONLY ACCIDENT),"SIDESWIPE, SAME DIRECTION",45.68945037,-111.1184912
C082577N,000+0.120,BOZEMAN,GALLATIN,JULY,2017,7:04,TUE,INTERSECTION,ON ROADWAY,CLOUDY,DRY,DAYLIGHT,NON-INJURY ACCIDENT (PROPERTY- DAMAGE-ONLY ACCIDENT),HEAD ON,45.68927558,-111.1160532
C082580N,000+0.157,BOZEMAN,GALLATIN,July,2016,22:00,WED,NON-JUNCTION,ROADSIDE RIGHT,CLOUDY,DRY,DARK-NOT LIGHTED,NON-INJURY ACCIDENT (PROPERTY- DAMAGE-ONLY ACCIDENT),PEDESTRIAN,45.70210457,-111.0906354
C082580N,000+0.275,BOZEMAN,GALLATIN,MAY,2017,13:10,SUN,INTERSECTION,ON ROADWAY,RAIN,WET,DAYLIGHT,NON-INJURY ACCIDENT (PROPERTY- DAMAGE-ONLY ACCIDENT),"LEFT TURN, OPPOSITE DIRECTION",45.70207752,-111.0930756
C082593N,000+0.374,BOZEMAN,GALLATIN,June,2015,23:32,FRI,INTERSECTION,ON ROADWAY,CLEAR,DRY,DARK-LIGHTED,FATAL ACCIDENT,FIXED OBJECT,45.71484443,-111.0739324
C082593N,000+0.374,BOZEMAN,GALLATIN,JANUARY,2017,13:37,TUE,INTERSECTION,ON ROADWAY,CLOUDY,WET,DAYLIGHT,NON-INJURY ACCIDENT (PROPERTY- DAMAGE-ONLY ACCIDENT),RIGHT ANGLE,45.71485514,-111.0739263
C082593N,000+0.461,BOZEMAN,GALLATIN,July,2016,13:04,THU,INTERSECTION,ON ROADWAY,CLEAR,DRY,DAYLIGHT,NON-INJURY ACCIDENT (PROPERTY- DAMAGE-ONLY ACCIDENT),RIGHT ANGLE,45.71364705,-111.0739348
C082595N,000+0.098,BOZEMAN,GALLATIN,MARCH,2017,2:15,SAT,NON-JUNCTION,OFF ROADWAY LOCATION UNKNOWN,CLEAR,DRY,DARK-NOT LIGHTED,INCAPACITATING INJURY ACCIDENT,REAR-END,45.71338289,-111.0766059
C082597N,000+0.230,BOZEMAN,GALLATIN,SEPTEMBER,2017,23:00,SUN,NON-JUNCTION,ON ROADWAY,"FOG, SMOG, SMOKE",DRY,DARK-LIGHTED,NON-INJURY ACCIDENT (PROPERTY- DAMAGE-ONLY ACCIDENT),OTHER,45.71155562,-111.0789956
C082607N,000+0.221,,GALLATIN,July,2015,5:20,SUN,INTERSECTION-RELATED,ROADSIDE RIGHT,CLOUDY,DRY,DAWN,NON-INCAPACITATING EVIDENT INJURY ACCIDENT,FIXED OBJECT,45.79837862,-111.2248767
C082608N,000+0.003,BOZEMAN,GALLATIN,FEBRUARY,2017,1:26,WED,INTERSECTION,ON ROADWAY,CLEAR,DRY,DARK-LIGHTED,POSSIBLE INJURY ACCIDENT,FIXED OBJECT,45.70763679,-111.0722232
C082613N,000+0.074,BOZEMAN,GALLATIN,August,2014,13:38,FRI,INTERSECTION-RELATED,ON ROADWAY,CLEAR,DRY,DAYLIGHT,NON-INJURY ACCIDENT (PROPERTY- DAMAGE-ONLY ACCIDENT),RIGHT ANGLE,45.69310003,-111.0639843
C082618N,000+0.067,BOZEMAN,GALLATIN,July,2015,3:01,SUN,INTERSECTION,ON ROADWAY,CLEAR,DRY,DARK-NOT LIGHTED,NON-INJURY ACCIDENT (PROPERTY- DAMAGE-ONLY ACCIDENT),OTHER,45.6930834,-111.0725503
C082622N,000+0.000,BOZEMAN,GALLATIN,July,2014,15:37,WED,INTERSECTION,ON ROADWAY,CLOUDY,DRY,DAYLIGHT,NON-INCAPACITATING EVIDENT INJURY ACCIDENT,REAR-END,45.68572434,-111.081459
C082635N,000+0.078,BOZEMAN,GALLATIN,NOVEMBER,2017,7:50,MON,NON-JUNCTION,ON ROADWAY,CLOUDY,DRY,DAYLIGHT,NON-INJURY ACCIDENT (PROPERTY- DAMAGE-ONLY ACCIDENT),REAR-END,45.68640323,-111.093592
C082635N,000+0.103,BOZEMAN,GALLATIN,November,2016,16:04,TUE,INTERSECTION-RELATED,ON ROADWAY,CLEAR,DRY,DAYLIGHT,POSSIBLE INJURY ACCIDENT,REAR-END,45.68608049,-111.0935647
C082662N,000+0.060,,GALLATIN,February,2013,0:00,THU,DRIVEWAY/ALLEY ACCESS RELATED,ON ROADWAY,CLOUDY,DRY,DAYLIGHT,NON-INJURY ACCIDENT (PROPERTY- DAMAGE-ONLY ACCIDENT),PARKED VEHICLE,45.69001667,-111.0610617
C082663N,000+0.045,NOT IN CITY LIMITS,GALLATIN,OCTOBER,2017,0:35,TUE,NON-JUNCTION,ROADSIDE LEFT,CLEAR,DRY,DARK-NOT LIGHTED,NON-INJURY ACCIDENT (PROPERTY- DAMAGE-ONLY ACCIDENT),FIXED OBJECT,45.69067558,-111.0594286
C082669N,000+0.010,,GALLATIN,December,2013,9:00,SAT,INTERSECTION-RELATED,ROADSIDE LEFT,CLOUDY,ICE/FROST,DAYLIGHT,NON-INJURY ACCIDENT (PROPERTY- DAMAGE-ONLY ACCIDENT),FIXED OBJECT,45.68988666,-111.059375
C082669N,000+0.060,,GALLATIN,January,2013,8:15,THU,NON-JUNCTION,ON ROADWAY,CLOUDY,ICE/FROST,DAYLIGHT,NON-INJURY ACCIDENT (PROPERTY- DAMAGE-ONLY ACCIDENT),RIGHT ANGLE,45.689855,-111.0583017
C082670N,000+0.137,,GALLATIN,December,2016,14:00,SUN,NON-JUNCTION,ON ROADWAY,CLEAR,SNOW,DAYLIGHT,NON-INJURY ACCIDENT (PROPERTY- DAMAGE-ONLY ACCIDENT),REAR TO SIDE,45.69224696,-111.0608565
C082670N,000+0.240,,GALLATIN,August,2013,17:30,MON,INTERSECTION,ON ROADWAY,CLOUDY,DRY,DAYLIGHT,NON-INJURY ACCIDENT (PROPERTY- DAMAGE-ONLY ACCIDENT),REAR-END,45.69131884,-111.0600643
C082671N,000+0.027,NOT IN CITY LIMITS,GALLATIN,JUNE,2017,13:30,FRI,NON-JUNCTION,ROADSIDE LEFT,CLOUDY,DRY,DAYLIGHT,UNKNOWN,RIGHT ANGLE,45.69191223,-111.0593172
C082672N,000+0.000,BOZEMAN,GALLATIN,October,2015,23:55,SUN,INTERSECTION,OUTSIDE RIGHT-OF-WAY (TRAFFICWAY),CLEAR,DRY,DARK-LIGHTED,NON-INJURY ACCIDENT (PROPERTY- DAMAGE-ONLY ACCIDENT),FIXED OBJECT,45.68569721,-111.0551953
C082672N,000+0.405,BOZEMAN,GALLATIN,November,2014,23:55,FRI,INTERSECTION-RELATED,IN PARKING LANE OR ZONE,CLEAR,DRY,DARK-LIGHTED,NON-INJURY ACCIDENT (PROPERTY- DAMAGE-ONLY ACCIDENT),"SIDESWIPE, SAME DIRECTION",45.68653826,-111.0562006
C082673N,000+0.071,,GALLATIN,April,2015,21:50,SUN,NON-JUNCTION,SHOULDER,CLOUDY,DRY,DARK-LIGHTED,NON-INJURY ACCIDENT (PROPERTY- DAMAGE-ONLY ACCIDENT),REAR TO SIDE,45.69077,-111.0586
C082674N,000+0.103,BOZEMAN,GALLATIN,December,2014,13:05,SUN,NON-JUNCTION,SHOULDER,SNOW,ICE/FROST,DAYLIGHT,NON-INJURY ACCIDENT (PROPERTY- DAMAGE-ONLY ACCIDENT),REAR-END,45.69156202,-111.0569054
C082674N,000+0.127,BOZEMAN,GALLATIN,October,2013,19:00,MON,NON-JUNCTION,SHOULDER,CLEAR,DRY,DUSK,NON-INJURY ACCIDENT (PROPERTY- DAMAGE-ONLY ACCIDENT),"SIDESWIPE, SAME DIRECTION",45.6914458,-111.0567549
C082674N,000+0.128,BOZEMAN,GALLATIN,OCTOBER,2017,23:44,TUE,NON-JUNCTION,IN PARKING LANE OR ZONE,CLEAR,DRY,DARK-NOT LIGHTED,UNKNOWN,REAR-END,45.69121221,-111.0567185
C082674N,000+0.159,BOZEMAN,GALLATIN,July,2014,2:45,FRI,NON-JUNCTION,ROADSIDE RIGHT,CLEAR,DRY,DARK-LIGHTED,NON-INCAPACITATING EVIDENT INJURY ACCIDENT,REAR-END,45.69086798,-111.056499
C082674N,000+0.166,BOZEMAN,GALLATIN,September,2014,0:44,SUN,NON-JUNCTION,SHOULDER,CLEAR,DRY,DARK-LIGHTED,NON-INJURY ACCIDENT (PROPERTY- DAMAGE-ONLY ACCIDENT),REAR-END,45.6907614,-111.0563855
C082674N,000+0.194,BOZEMAN,GALLATIN,OCTOBER,2017,9:54,WED,INTERSECTION,ON ROADWAY,CLOUDY,DRY,DAYLIGHT,POSSIBLE INJURY ACCIDENT,REAR-END,45.69029814,-111.0562852
C082682N,000+0.000,BOZEMAN,GALLATIN,October,2015,18:00,TUE,NON-JUNCTION,ON ROADWAY,CLEAR,DRY,DAYLIGHT,POSSIBLE INJURY ACCIDENT,REAR-END,45.68575245,-111.0578566
C082685N,000+0.077,BOZEMAN,GALLATIN,October,2014,22:35,FRI,NON-JUNCTION,ON ROADWAY,CLOUDY,DRY,DARK-LIGHTED,NON-INJURY ACCIDENT (PROPERTY- DAMAGE-ONLY ACCIDENT),"RIGHT TURN, SAME DIRECTION",45.69039343,-111.0357918
C082739N,000+0.000,BOZEMAN,GALLATIN,JUNE,2017,10:01,THU,INTERSECTION,ON ROADWAY,CLOUDY,DRY,DAYLIGHT,NON-INJURY ACCIDENT (PROPERTY- DAMAGE-ONLY ACCIDENT),RIGHT ANGLE,45.67395637,-111.0337881
C082750N,000+0.078,BOZEMAN,GALLATIN,April,2016,0:01,SAT,NON-JUNCTION,OUTSIDE RIGHT-OF-WAY (TRAFFICWAY),CLEAR,DRY,DARK-LIGHTED,UNKNOWN,FIXED OBJECT,45.68617448,-111.0281995
C082783N,000+0.068,BOZEMAN,GALLATIN,June,2016,11:49,WED,NON-JUNCTION,ON ROADWAY,CLEAR,DRY,DAYLIGHT,NON-INCAPACITATING EVIDENT INJURY ACCIDENT,BICYCLE,45.67013508,-111.0493938
C082783N,000+0.102,BOZEMAN,GALLATIN,June,2015,15:42,MON,NON-JUNCTION,SHOULDER,CLEAR,OTHER,DAYLIGHT,NON-INJURY ACCIDENT (PROPERTY- DAMAGE-ONLY ACCIDENT),REAR-END,45.67012476,-111.0500869
C082783N,000+0.102,BOZEMAN,GALLATIN,OCTOBER,2017,11:37,SUN,OTHER LOCATION,ON ROADWAY,CLEAR,DRY,DAYLIGHT,NON-INJURY ACCIDENT (PROPERTY- DAMAGE-ONLY ACCIDENT),BICYCLE,45.67016926,-111.0502334
C082783N,000+0.114,BOZEMAN,GALLATIN,MARCH,2017,0:00,MON,UNKNOWN,ON ROADWAY,CLEAR,WET,DARK-LIGHTED,INCAPACITATING INJURY ACCIDENT,BICYCLE,45.67016783,-111.0504184
C082805N,000+0.128,BOZEMAN,GALLATIN,NOVEMBER,2017,18:00,TUE,NON-JUNCTION,OFF ROADWAY LOCATION UNKNOWN,CLEAR,DRY,DARK-NOT LIGHTED,NON-INJURY ACCIDENT (PROPERTY- DAMAGE-ONLY ACCIDENT),BICYCLE,45.66522359,-111.0510295
C082809N,000+0.009,BOZEMAN,GALLATIN,November,2016,13:23,MON,INTERSECTION-RELATED,ON ROADWAY,CLEAR,DRY,DAYLIGHT,NON-INJURY ACCIDENT (PROPERTY- DAMAGE-ONLY ACCIDENT),HEAD ON,45.67179223,-111.0765414
C082809N,000+0.044,BOZEMAN,GALLATIN,October,2015,18:20,SAT,OTHER LOCATION,IN PARKING LANE OR ZONE,CLEAR,DRY,DUSK,NON-INJURY ACCIDENT (PROPERTY- DAMAGE-ONLY ACCIDENT),FIXED OBJECT,45.67220796,-111.0772466
C082809N,000+0.044,BOZEMAN,GALLATIN,June,2016,12:15,SAT,NON-JUNCTION,ON ROADWAY,CLEAR,DRY,DAYLIGHT,NON-INJURY ACCIDENT (PROPERTY- DAMAGE-ONLY ACCIDENT),REAR TO FRONT,45.67339061,-111.0773802
C082813N,000+0.261,BOZEMAN,GALLATIN,NOVEMBER,2017,22:25,FRI,INTERSECTION,ROADSIDE RIGHT,SNOW,SNOW,DARK-LIGHTED,NON-INJURY ACCIDENT (PROPERTY- DAMAGE-ONLY ACCIDENT),HEAD ON,45.66758825,-111.0573442
C082813N,000+0.352,BOZEMAN,GALLATIN,August,2015,18:21,SUN,OTHER LOCATION,IN PARKING LANE OR ZONE,CLEAR,DRY,DAYLIGHT,NON-INJURY ACCIDENT (PROPERTY- DAMAGE-ONLY ACCIDENT),REAR TO FRONT,45.66786852,-111.0554535
C082813N,000+0.407,BOZEMAN,GALLATIN,November,2014,22:09,SUN,INTERSECTION-RELATED,ON ROADWAY,SLEET/HAIL/FREEZING RAIN/DRIZZLE,WET,DARK-LIGHTED,NON-INJURY ACCIDENT (PROPERTY- DAMAGE-ONLY ACCIDENT),OTHER,45.66748257,-111.0543562
C082813N,000+0.501,BOZEMAN,GALLATIN,September,2015,13:43,FRI,NON-JUNCTION,SHOULDER,"FOG, SMOG, SMOKE",DRY,DAYLIGHT,NON-INJURY ACCIDENT (PROPERTY- DAMAGE-ONLY ACCIDENT),"SIDESWIPE, SAME DIRECTION",45.66639876,-111.053427
C082814N,000+0.000,BOZEMAN,GALLATIN,May,2015,12:26,THU,INTERSECTION-RELATED,ON ROADWAY,CLOUDY,WET,DAYLIGHT,NON-INJURY ACCIDENT (PROPERTY- DAMAGE-ONLY ACCIDENT),"SIDESWIPE, OPPOSITE DIRECTION",45.66755377,-111.0553968
C082818N,000+0.120,BOZEMAN,GALLATIN,November,2016,1:04,SUN,INTERSECTION,ON ROADWAY,CLEAR,DRY,DARK-LIGHTED,NON-INJURY ACCIDENT (PROPERTY- DAMAGE-ONLY ACCIDENT),FIXED OBJECT,45.66931143,-111.0575088
C082849N,000+0.062,BOZEMAN,GALLATIN,July,2016,17:28,THU,OTHER LOCATION,OFF ROADWAY LOCATION UNKNOWN,CLOUDY,DRY,DAYLIGHT,NON-INCAPACITATING EVIDENT INJURY ACCIDENT,REAR TO FRONT,45.66790101,-111.0595367
C082924N,000+0.063,,GALLATIN,August,2016,0:00,THU,NON-JUNCTION,ROADSIDE RIGHT,UNKNOWN,UNKNOWN,UNKNOWN,NON-INJURY ACCIDENT (PROPERTY- DAMAGE-ONLY ACCIDENT),RIGHT ANGLE,45.66305032,-111.0608764
C082925N,000+0.000,BOZEMAN,GALLATIN,February,2015,17:04,TUE,INTERSECTION,ON ROADWAY,CLEAR,DRY,DAYLIGHT,POSSIBLE INJURY ACCIDENT,RIGHT ANGLE,45.66398347,-111.0538152
C082925N,000+0.000,BOZEMAN,GALLATIN,MARCH,2017,9:28,TUE,INTERSECTION,ON ROADWAY,CLEAR,DRY,DAYLIGHT,NON-INJURY ACCIDENT (PROPERTY- DAMAGE-ONLY ACCIDENT),HEAD ON,45.66397298,-111.0538339
C082937N,000+0.000,BOZEMAN,GALLATIN,October,2014,16:12,TUE,INTERSECTION,ON ROADWAY,CLEAR,DRY,DAYLIGHT,NON-INCAPACITATING EVIDENT INJURY ACCIDENT,PEDESTRIAN,45.6691559,-111.0467003
C082937N,000+0.000,BOZEMAN,GALLATIN,February,2016,12:55,WED,INTERSECTION,ON ROADWAY,CLEAR,DRY,DAYLIGHT,NON-INJURY ACCIDENT (PROPERTY- DAMAGE-ONLY ACCIDENT),"LEFT TURN, OPPOSITE DIRECTION",45.6691559,-111.0467003
C083668N,000+0.000,BELGRADE,GALLATIN,February,2014,10:50,TUE,INTERSECTION,ON ROADWAY,CLOUDY,SNOW,DAYLIGHT,NON-INJURY ACCIDENT (PROPERTY- DAMAGE-ONLY ACCIDENT),RIGHT ANGLE,45.76564407,-111.1644371
C083678N,000+0.262,NOT IN CITY LIMITS,GALLATIN,DECEMBER,2017,10:45,SAT,NON-JUNCTION,ROADSIDE RIGHT,CLOUDY,ICE/FROST,DAYLIGHT,NON-INJURY ACCIDENT (PROPERTY- DAMAGE-ONLY ACCIDENT),FIXED OBJECT,45.76293791,-111.1675547
C083678N,000+0.540,BELGRADE,GALLATIN,August,2015,17:25,WED,NON-JUNCTION,ON ROADWAY,CLEAR,DRY,DAYLIGHT,INCAPACITATING INJURY ACCIDENT,BICYCLE,45.76477537,-111.1727481
C083683N,000+0.269,BELGRADE,GALLATIN,May,2013,15:50,THU,INTERSECTION,ON ROADWAY,CLEAR,DRY,DAYLIGHT,POSSIBLE INJURY ACCIDENT,RIGHT ANGLE,45.76471285,-111.1706127
C083684N,000+0.201,BELGRADE,GALLATIN,July,2016,0:00,FRI,UNKNOWN,UNKNOWN,CLEAR,UNKNOWN,UNKNOWN,UNKNOWN,FIXED OBJECT,45.76440964,-111.1683786
C083715N,000+0.000,BOZEMAN,GALLATIN,October,2014,19:45,SUN,NON-JUNCTION,ON ROADWAY,CLOUDY,DRY,DARK-NOT LIGHTED,NON-INJURY ACCIDENT (PROPERTY- DAMAGE-ONLY ACCIDENT),WILD ANIMAL,45.64658,-111.02441
C083725N,000+0.037,BOZEMAN,GALLATIN,September,2016,16:34,FRI,INTERSECTION,ON ROADWAY,CLOUDY,DRY,DAYLIGHT,POSSIBLE INJURY ACCIDENT,BICYCLE,45.66513416,-111.0528354
C083726N,000+0.034,BOZEMAN,GALLATIN,March,2014,17:15,MON,NON-JUNCTION,IN PARKING LANE OR ZONE,CLOUDY,WET,DAYLIGHT,NON-INJURY ACCIDENT (PROPERTY- DAMAGE-ONLY ACCIDENT),HEAD ON,45.67295928,-111.0596613
C083734N,000+0.075,BOZEMAN,GALLATIN,November,2014,13:00,THU,OTHER LOCATION,ON ROADWAY,CLOUDY,WET,DAYLIGHT,NON-INCAPACITATING EVIDENT INJURY ACCIDENT,PEDESTRIAN,45.67299764,-111.0790894
C083737N,000+0.000,BOZEMAN,GALLATIN,May,2014,21:03,THU,INTERSECTION,ON ROADWAY,CLEAR,DRY,DARK-LIGHTED,POSSIBLE INJURY ACCIDENT,REAR-END,45.67959837,-111.0936659
C083738N,000+0.007,BOZEMAN,GALLATIN,June,2014,16:11,WED,INTERSECTION-RELATED,SHOULDER,CLEAR,DRY,DAYLIGHT,NON-INJURY ACCIDENT (PROPERTY- DAMAGE-ONLY ACCIDENT),FIXED OBJECT,45.67849793,-111.0952101
C083901N,000+0.021,,GALLATIN,September,2015,16:40,TUE,ACCELERATION/DECELERATION LANE,ROADSIDE RIGHT,CLOUDY,DRY,DAYLIGHT,NON-INJURY ACCIDENT (PROPERTY- DAMAGE-ONLY ACCIDENT),FIXED OBJECT,45.84874383,-111.3383906
C083901N,000+0.021,MANHATTAN,GALLATIN,December,2016,12:40,THU,INTERSECTION-RELATED,ON ROADWAY,CLEAR,DRY,DAYLIGHT,NON-INJURY ACCIDENT (PROPERTY- DAMAGE-ONLY ACCIDENT),"SIDESWIPE, SAME DIRECTION",45.84874869,-111.3383407
C083901N,000+0.373,,GALLATIN,June,2016,7:20,MON,NON-JUNCTION,ON ROADWAY,CLOUDY,DRY,DAYLIGHT,NON-INJURY ACCIDENT (PROPERTY- DAMAGE-ONLY ACCIDENT),ROLL OVER,45.85176154,-111.3441731
C083902N,000+0.924,,GALLATIN,October,2016,11:00,SAT,NON-JUNCTION,OFF ROADWAY LOCATION UNKNOWN,CLOUDY,DRY,DAYLIGHT,NON-INCAPACITATING EVIDENT INJURY ACCIDENT,ROLL OVER,45.97515096,-111.0471418
C084050N,002+0.530,,GALLATIN,November,2013,23:55,FRI,NON-JUNCTION,OFF ROADWAY LOCATION UNKNOWN,SNOW,SNOW,DARK-NOT LIGHTED,NON-INJURY ACCIDENT (PROPERTY- DAMAGE-ONLY ACCIDENT),ROLL OVER,45.96373748,-111.0502561
C084666N,000+0.012,BOZEMAN,GALLATIN,November,2016,7:58,WED,INTERSECTION-RELATED,ON ROADWAY,CLEAR,DRY,DAYLIGHT,POSSIBLE INJURY ACCIDENT,HEAD ON,45.70008627,-111.0828403
C084666N,000+0.179,BOZEMAN,GALLATIN,FEBRUARY,2017,10:39,WED,INTERSECTION,ROADSIDE RIGHT,CLOUDY,DRY,DAYLIGHT,UNKNOWN,ROLL OVER,45.69792708,-111.0828854
C084666N,000+0.280,BOZEMAN,GALLATIN,December,2013,14:02,SUN,NON-JUNCTION,ON ROADWAY,CLEAR,ICE/FROST,DAYLIGHT,NON-INJURY ACCIDENT (PROPERTY- DAMAGE-ONLY ACCIDENT),LOST CONTROL,45.69582381,-111.0831343
C084666N,000+0.280,BOZEMAN,GALLATIN,December,2013,0:30,SUN,NON-JUNCTION,ROADSIDE RIGHT,CLEAR,ICE/FROST,DARK-LIGHTED,NON-INJURY ACCIDENT (PROPERTY- DAMAGE-ONLY ACCIDENT),FIXED OBJECT,45.69601026,-111.0831411