MDT_CORRIDOR_ID,SMS_REFPOST_OFFSET,CITY,COUNTY,Month,Year,SMS_TIME,SMT_CRASH_OCC_DAY_OF_WEEK,JUNCTION_RELATED,ROADWAY_RELATED,WEATHER_COND,ROAD_COND,LIGHT_COND,CRASH_SEVERITY,COLLISION_TYPE,LATITUDE,LONGITUDE
C084666N,000+0.488,BOZEMAN,GALLATIN,June,2014,22:56,THU,INTERSECTION,ON ROADWAY,CLOUDY,DRY,DARK-NOT LIGHTED,POSSIBLE INJURY ACCIDENT,"LEFT TURN, SAME DIRECTION",45.69316408,-111.0831296
C084666N,000+0.488,BOZEMAN,GALLATIN,February,2014,20:50,FRI,INTERSECTION,OUTSIDE RIGHT-OF-WAY (TRAFFICWAY),CLEAR,ICE/FROST,DARK-NOT LIGHTED,NON-INJURY ACCIDENT (PROPERTY- DAMAGE-ONLY ACCIDENT),FIXED OBJECT,45.69312576,-111.0831257
C084666N,000+0.497,BOZEMAN,GALLATIN,April,2015,22:18,MON,INTERSECTION-RELATED,ON ROADWAY,CLEAR,DRY,DARK-NOT LIGHTED,NON-INJURY ACCIDENT (PROPERTY- DAMAGE-ONLY ACCIDENT),FIXED OBJECT,45.69308154,-111.0831325
C084666N,000+0.497,BOZEMAN,GALLATIN,November,2015,15:48,FRI,INTERSECTION,ON ROADWAY,CLEAR,DRY,DAYLIGHT,NON-INJURY ACCIDENT (PROPERTY- DAMAGE-ONLY ACCIDENT),"LEFT TURN, OPPOSITE DIRECTION",45.69304721,-111.0831192
C084666N,000+0.497,BOZEMAN,GALLATIN,October,2016,2:45,SAT,THROUGH ROADWAY,OUTSIDE RIGHT-OF-WAY (TRAFFICWAY),CLEAR,DRY,DARK-NOT LIGHTED,UNKNOWN,FIXED OBJECT,45.69301147,-111.0831066
C084667N,000+0.089,BOZEMAN,GALLATIN,October,2014,8:09,MON,INTERSECTION,ON ROADWAY,CLOUDY,DRY,DAYLIGHT,NON-INJURY ACCIDENT (PROPERTY- DAMAGE-ONLY ACCIDENT),REAR-END,45.6930438,-111.082962
C084667N,000+0.089,BOZEMAN,GALLATIN,May,2016,15:45,TUE,INTERSECTION,ON ROADWAY,CLOUDY,DRY,DAYLIGHT,NON-INJURY ACCIDENT (PROPERTY- DAMAGE-ONLY ACCIDENT),RIGHT ANGLE,45.69303852,-111.082923
C084667N,000+0.204,BOZEMAN,GALLATIN,November,2015,13:35,SUN,NON-JUNCTION,ON ROADWAY,CLEAR,DRY,DAYLIGHT,NON-INCAPACITATING EVIDENT INJURY ACCIDENT,ROLL OVER,45.69304071,-111.0852984
C084667N,000+0.217,BOZEMAN,GALLATIN,July,2015,22:55,WED,NON-JUNCTION,ROADSIDE RIGHT,CLEAR,DRY,DARK-LIGHTED,NON-INJURY ACCIDENT (PROPERTY- DAMAGE-ONLY ACCIDENT),FIXED OBJECT,45.69302655,-111.0855977
C084667N,000+0.222,BOZEMAN,GALLATIN,January,2014,21:03,SAT,NON-JUNCTION,ROADSIDE RIGHT,CLOUDY,ICE/FROST,DARK-LIGHTED,NON-INJURY ACCIDENT (PROPERTY- DAMAGE-ONLY ACCIDENT),FIXED OBJECT,45.69299089,-111.0856595
C084668N,000+0.000,BOZEMAN,GALLATIN,December,2014,15:37,TUE,INTERSECTION,ON ROADWAY,CLEAR,SNOW,DAYLIGHT,NON-INJURY ACCIDENT (PROPERTY- DAMAGE-ONLY ACCIDENT),RIGHT ANGLE,45.69287153,-111.0884054
C084668N,000+0.000,BOZEMAN,GALLATIN,December,2015,8:35,FRI,INTERSECTION,ON ROADWAY,CLEAR,ICE/FROST,DAYLIGHT,NON-INJURY ACCIDENT (PROPERTY- DAMAGE-ONLY ACCIDENT),OTHER,45.69288979,-111.0884299
C084670N,000+0.000,BOZEMAN,GALLATIN,May,2016,12:03,WED,INTERSECTION,ON ROADWAY,CLEAR,DRY,DAYLIGHT,NON-INJURY ACCIDENT (PROPERTY- DAMAGE-ONLY ACCIDENT),"LEFT TURN, SAME DIRECTION",45.69289244,-111.0862991
C084670N,000+0.303,BOZEMAN,GALLATIN,August,2014,22:06,THU,NON-JUNCTION,ON ROADWAY,CLEAR,DRY,DARK-LIGHTED,NON-INJURY ACCIDENT (PROPERTY- DAMAGE-ONLY ACCIDENT),"SIDESWIPE, SAME DIRECTION",45.68852654,-111.0864334
C084670N,000+0.344,BOZEMAN,GALLATIN,April,2013,20:31,MON,INTERSECTION,ON ROADWAY,CLEAR,DRY,DUSK,UNKNOWN,REAR-END,45.6879193,-111.0864845
C084670N,000+0.347,BOZEMAN,GALLATIN,MARCH,2017,10:50,MON,NON-JUNCTION,ROADSIDE RIGHT,CLOUDY,DRY,DAYLIGHT,NON-INJURY ACCIDENT (PROPERTY- DAMAGE-ONLY ACCIDENT),REAR-END,45.6878207,-111.0864328
C084679N,000+0.092,BOZEMAN,GALLATIN,OCTOBER,2017,8:15,MON,DRIVEWAY/ALLEY ACCESS RELATED,ON ROADWAY,CLEAR,DRY,DAYLIGHT,NON-INJURY ACCIDENT (PROPERTY- DAMAGE-ONLY ACCIDENT),RIGHT ANGLE,45.70327694,-111.0925352
C084691N,000+0.106,,GALLATIN,January,2016,7:30,FRI,DRIVEWAY/ALLEY ACCESS RELATED,ON ROADWAY,CLOUDY,SNOW,DARK-NOT LIGHTED,NON-INJURY ACCIDENT (PROPERTY- DAMAGE-ONLY ACCIDENT),REAR TO SIDE,45.68432204,-111.1929481
C084693N,000+0.040,,GALLATIN,October,2013,7:20,TUE,INTERSECTION,ON ROADWAY,CLOUDY,DRY,DARK-NOT LIGHTED,NON-INJURY ACCIDENT (PROPERTY- DAMAGE-ONLY ACCIDENT),"LEFT TURN, OPPOSITE DIRECTION",45.68216711,-111.1935644
C084693N,000+0.062,,GALLATIN,September,2014,3:00,SAT,NON-JUNCTION,ROADSIDE LEFT,RAIN,WET,DARK-NOT LIGHTED,NON-INJURY ACCIDENT (PROPERTY- DAMAGE-ONLY ACCIDENT),FIXED OBJECT,45.68186925,-111.1934579
C084694N,000+0.205,,GALLATIN,December,2016,10:30,FRI,NON-JUNCTION,ON ROADWAY,CLOUDY,ICE/FROST,DAYLIGHT,NON-INJURY ACCIDENT (PROPERTY- DAMAGE-ONLY ACCIDENT),"SIDESWIPE, SAME DIRECTION",45.67970226,-111.1949285
C084697N,000+0.117,,GALLATIN,April,2015,14:00,TUE,DRIVEWAY/ALLEY ACCESS RELATED,OFF ROADWAY LOCATION UNKNOWN,CLOUDY,WET,DAYLIGHT,NON-INJURY ACCIDENT (PROPERTY- DAMAGE-ONLY ACCIDENT),FIXED OBJECT,45.680335,-111.1940167
C084699N,000+0.255,,GALLATIN,December,2014,8:30,TUE,INTERSECTION-RELATED,ROADSIDE RIGHT,CLEAR,ICE/FROST,DAYLIGHT,NON-INJURY ACCIDENT (PROPERTY- DAMAGE-ONLY ACCIDENT),FIXED OBJECT,45.67597238,-111.193931
C084707N,000+0.089,,GALLATIN,November,2016,9:45,TUE,NON-JUNCTION,ON ROADWAY,CLOUDY,DRY,DAYLIGHT,NON-INJURY ACCIDENT (PROPERTY- DAMAGE-ONLY ACCIDENT),NOT FIXED OBJECT OR DEBRIS,45.68225674,-111.1875462
C084707N,000+0.096,,GALLATIN,November,2014,18:32,WED,INTERSECTION-RELATED,ROADSIDE RIGHT,CLOUDY,ICE/FROST,DARK-NOT LIGHTED,NON-INJURY ACCIDENT (PROPERTY- DAMAGE-ONLY ACCIDENT),FIXED OBJECT,45.68233369,-111.1876659
C084707N,000+0.446,NOT IN CITY LIMITS,GALLATIN,DECEMBER,2017,12:15,MON,INTERSECTION,ON ROADWAY,CLOUDY,ICE/FROST,DAYLIGHT,NON-INJURY ACCIDENT (PROPERTY- DAMAGE-ONLY ACCIDENT),RIGHT ANGLE,45.67898415,-111.1906806
C084710N,000+0.053,NOT IN CITY LIMITS,GALLATIN,NOVEMBER,2017,14:10,TUE,INTERSECTION,ON ROADWAY,CLEAR,DRY,DAYLIGHT,NON-INJURY ACCIDENT (PROPERTY- DAMAGE-ONLY ACCIDENT),RIGHT ANGLE,45.67890828,-111.1902063
C084711N,000+0.220,NOT IN CITY LIMITS,GALLATIN,OCTOBER,2017,17:43,TUE,INTERSECTION,ON ROADWAY,CLOUDY,DRY,DAYLIGHT,NON-INJURY ACCIDENT (PROPERTY- DAMAGE-ONLY ACCIDENT),RIGHT ANGLE,45.67571833,-111.190694
C084711N,000+0.224,,GALLATIN,October,2016,7:50,FRI,INTERSECTION,ON ROADWAY,CLOUDY,DRY,DAYLIGHT,NON-INCAPACITATING EVIDENT INJURY ACCIDENT,RIGHT ANGLE,45.67562298,-111.1907029
C084711N,000+0.236,NOT IN CITY LIMITS,GALLATIN,MAY,2017,16:40,MON,INTERSECTION,ON ROADWAY,CLEAR,DRY,DAYLIGHT,NON-INJURY ACCIDENT (PROPERTY- DAMAGE-ONLY ACCIDENT),RIGHT ANGLE,45.67547311,-111.1907734
C084711N,000+0.246,NOT IN CITY LIMITS,GALLATIN,OCTOBER,2017,14:14,SUN,INTERSECTION,ON ROADWAY,CLOUDY,DRY,DAYLIGHT,NON-INJURY ACCIDENT (PROPERTY- DAMAGE-ONLY ACCIDENT),RIGHT ANGLE,45.67535554,-111.1905961
C084711N,000+0.267,,GALLATIN,July,2016,13:05,TUE,INTERSECTION,ON ROADWAY,CLOUDY,DRY,DAYLIGHT,NON-INJURY ACCIDENT (PROPERTY- DAMAGE-ONLY ACCIDENT),RIGHT ANGLE,45.6750412,-111.1910172
C084711N,000+0.518,,GALLATIN,December,2015,11:20,TUE,DRIVEWAY/ALLEY ACCESS RELATED,IN PARKING LANE OR ZONE,CLEAR,SNOW,DAYLIGHT,NON-INJURY ACCIDENT (PROPERTY- DAMAGE-ONLY ACCIDENT),REAR-END,45.67139857,-111.1909034
C084713N,000+0.061,NOT IN CITY LIMITS,GALLATIN,AUGUST,2017,21:45,THU,NON-JUNCTION,IN PARKING LANE OR ZONE,CLOUDY,DRY,DARK-NOT LIGHTED,NON-INJURY ACCIDENT (PROPERTY- DAMAGE-ONLY ACCIDENT),NOT FIXED OBJECT OR DEBRIS,45.67195088,-111.1882112
C084714N,000+0.150,,GALLATIN,December,2016,23:20,SAT,NON-JUNCTION,ROADSIDE LEFT,CLOUDY,ICE/FROST,DARK-NOT LIGHTED,NON-INJURY ACCIDENT (PROPERTY- DAMAGE-ONLY ACCIDENT),FIXED OBJECT,45.6733247,-111.1958466
C084719N,000+0.020,,GALLATIN,May,2015,15:30,THU,INTERSECTION-RELATED,ROADSIDE RIGHT,CLOUDY,DRY,DAYLIGHT,NON-INJURY ACCIDENT (PROPERTY- DAMAGE-ONLY ACCIDENT),FIXED OBJECT,45.67206833,-111.2036983
C084722N,000+0.124,,GALLATIN,October,2016,18:10,TUE,INTERSECTION,ON ROADWAY,CLOUDY,DRY,DAYLIGHT,NON-INJURY ACCIDENT (PROPERTY- DAMAGE-ONLY ACCIDENT),RIGHT ANGLE,45.66760425,-111.1882023
C084722N,000+0.132,,GALLATIN,September,2016,12:15,MON,INTERSECTION,ON ROADWAY,CLOUDY,WET,DAYLIGHT,NON-INJURY ACCIDENT (PROPERTY- DAMAGE-ONLY ACCIDENT),RIGHT ANGLE,45.6676,-111.18845
C084723N,000+0.000,NOT IN CITY LIMITS,GALLATIN,NOVEMBER,2017,4:00,SAT,INTERSECTION-RELATED,ROADSIDE LEFT,CLOUDY,DRY,DARK-NOT LIGHTED,NON-INJURY ACCIDENT (PROPERTY- DAMAGE-ONLY ACCIDENT),FIXED OBJECT,45.66902542,-111.1958084
C084724N,000+0.103,,GALLATIN,July,2016,22:00,MON,NON-JUNCTION,SHOULDER,UNKNOWN,DRY,UNKNOWN,NON-INJURY ACCIDENT (PROPERTY- DAMAGE-ONLY ACCIDENT),PARKED VEHICLE,45.66907,-111.18832
C084728N,000+0.000,NOT IN CITY LIMITS,GALLATIN,JANUARY,2017,16:40,WED,INTERSECTION,ON ROADWAY,CLOUDY,ICE/FROST,DAYLIGHT,NON-INJURY ACCIDENT (PROPERTY- DAMAGE-ONLY ACCIDENT),RIGHT ANGLE,45.6652504,-111.1882091
C084730N,000+0.086,,GALLATIN,May,2016,11:30,FRI,DRIVEWAY/ALLEY ACCESS RELATED,OFF ROADWAY LOCATION UNKNOWN,CLEAR,DRY,DAYLIGHT,NON-INJURY ACCIDENT (PROPERTY- DAMAGE-ONLY ACCIDENT),FIXED OBJECT,45.63966438,-111.1810033
C084731N,000+0.050,,GALLATIN,January,2013,9:40,THU,NON-JUNCTION,SHOULDER,CLOUDY,DRY,DAYLIGHT,NON-INJURY ACCIDENT (PROPERTY- DAMAGE-ONLY ACCIDENT),FIXED OBJECT,45.4619064,-111.2516989
C084733N,+,NOT IN CITY LIMITS,GALLATIN,OCTOBER,2017,17:40,TUE,NON-JUNCTION,ROADSIDE RIGHT,CLEAR,DRY,DAYLIGHT,NON-INCAPACITATING EVIDENT INJURY ACCIDENT,FIXED OBJECT,45.56076239,-111.0701885
C084733N,000+0.230,NOT IN CITY LIMITS,GALLATIN,DECEMBER,2017,11:05,SUN,NON-JUNCTION,ROADSIDE RIGHT,CLOUDY,ICE/FROST,DAYLIGHT,NON-INJURY ACCIDENT (PROPERTY- DAMAGE-ONLY ACCIDENT),RIGHT ANGLE,45.58074,-111.07784
C084733N,000+0.280,,GALLATIN,July,2014,13:00,THU,DRIVEWAY/ALLEY ACCESS RELATED,ON ROADWAY,CLEAR,DRY,DAYLIGHT,POSSIBLE INJURY ACCIDENT,OTHER,45.5800659,-111.0775712
C084733N,000+0.291,,GALLATIN,April,2014,23:30,SUN,DRIVEWAY/ALLEY ACCESS RELATED,ON ROADWAY,RAIN,WET,DARK-NOT LIGHTED,NON-INCAPACITATING EVIDENT INJURY ACCIDENT,ROLL OVER,45.57993931,-111.0774048
C084733N,000+0.546,NOT IN CITY LIMITS,GALLATIN,OCTOBER,2017,1:01,SAT,NON-JUNCTION,ROADSIDE RIGHT,CLOUDY,DRY,DARK-NOT LIGHTED,NON-INJURY ACCIDENT (PROPERTY- DAMAGE-ONLY ACCIDENT),FIXED OBJECT,45.57649994,-111.0751038
C084733N,000+0.749,,GALLATIN,November,2014,14:30,MON,NON-JUNCTION,ROADSIDE LEFT,CLEAR,ICE/FROST,DAYLIGHT,NON-INJURY ACCIDENT (PROPERTY- DAMAGE-ONLY ACCIDENT),FIXED OBJECT,45.57377463,-111.0739022
C084733N,000+0.940,NOT IN CITY LIMITS,GALLATIN,JUNE,2017,18:30,MON,NON-JUNCTION,ROADSIDE RIGHT,CLEAR,DRY,DAYLIGHT,POSSIBLE INJURY ACCIDENT,ROLL OVER,45.57125138,-111.0722977
C084733N,001+0.291,NOT IN CITY LIMITS,GALLATIN,JANUARY,2017,12:50,SUN,NON-JUNCTION,ROADSIDE RIGHT,CLOUDY,ICE/FROST,DAYLIGHT,NON-INCAPACITATING EVIDENT INJURY ACCIDENT,FIXED OBJECT,45.56624667,-111.0722083
C084733N,001+0.488,,GALLATIN,December,2014,16:00,SUN,NON-JUNCTION,ROADSIDE RIGHT,CLOUDY,ICE/FROST,DUSK,NON-INJURY ACCIDENT (PROPERTY- DAMAGE-ONLY ACCIDENT),FIXED OBJECT,45.56339616,-111.0714571
C084733N,001+0.654,,GALLATIN,November,2015,0:00,MON,NON-JUNCTION,ROADSIDE RIGHT,CLOUDY,ICE/FROST,DARK-NOT LIGHTED,FATAL ACCIDENT,FIXED OBJECT,45.56108074,-111.0706784
C084733N,001+0.674,NOT IN CITY LIMITS,GALLATIN,MAY,2017,12:50,SUN,NON-JUNCTION,ON ROADWAY,CLEAR,DRY,DAYLIGHT,NON-INJURY ACCIDENT (PROPERTY- DAMAGE-ONLY ACCIDENT),"SIDESWIPE, OPPOSITE DIRECTION",45.56091171,-111.0704833
C084733N,001+0.953,,GALLATIN,January,2014,14:15,WED,NON-JUNCTION,UNKNOWN,CLEAR,ICE/FROST,DAYLIGHT,POSSIBLE INJURY ACCIDENT,RIGHT ANGLE,45.55788615,-111.0669766
C084733N,001+0.960,,GALLATIN,January,2013,13:45,SAT,NON-JUNCTION,ON ROADWAY,CLOUDY,SNOW,DAYLIGHT,NON-INJURY ACCIDENT (PROPERTY- DAMAGE-ONLY ACCIDENT),FIXED OBJECT,45.5577579,-111.0669423
C084733N,001+0.970,,GALLATIN,November,2013,16:32,SUN,NON-JUNCTION,SHOULDER,CLEAR,SNOW,DUSK,NON-INJURY ACCIDENT (PROPERTY- DAMAGE-ONLY ACCIDENT),FIXED OBJECT,45.55765539,-111.0669013
C084733N,001+0.970,,GALLATIN,January,2013,13:33,THU,NON-JUNCTION,ROADSIDE LEFT,SNOW,SNOW,DAYLIGHT,NON-INJURY ACCIDENT (PROPERTY- DAMAGE-ONLY ACCIDENT),FIXED OBJECT,45.55764333,-111.067
C084733N,001+0.970,,GALLATIN,November,2016,16:15,SUN,NON-JUNCTION,ROADSIDE RIGHT,CLEAR,ICE/FROST,DAYLIGHT,NON-INJURY ACCIDENT (PROPERTY- DAMAGE-ONLY ACCIDENT),FIXED OBJECT,45.55765503,-111.066824
C084733N,001+0.978,,GALLATIN,February,2015,14:00,WED,NON-JUNCTION,SHOULDER,CLOUDY,SNOW,DAYLIGHT,NON-INJURY ACCIDENT (PROPERTY- DAMAGE-ONLY ACCIDENT),FIXED OBJECT,45.55755164,-111.0668427
C084733N,001+0.978,NOT IN CITY LIMITS,GALLATIN,NOVEMBER,2017,16:45,FRI,NON-JUNCTION,ON ROADWAY,CLOUDY,ICE/FROST,DAYLIGHT,NON-INJURY ACCIDENT (PROPERTY- DAMAGE-ONLY ACCIDENT),RIGHT ANGLE,45.55757342,-111.0668467
C084733N,001+0.987,,GALLATIN,December,2016,10:45,WED,NON-JUNCTION,ROADSIDE LEFT,CLEAR,ICE/FROST,DAYLIGHT,NON-INJURY ACCIDENT (PROPERTY- DAMAGE-ONLY ACCIDENT),FIXED OBJECT,45.55754135,-111.0666446
C084733N,001+0.995,NOT IN CITY LIMITS,GALLATIN,FEBRUARY,2017,15:00,TUE,NON-JUNCTION,ROADSIDE LEFT,CLEAR,ICE/FROST,DAYLIGHT,NON-INJURY ACCIDENT (PROPERTY- DAMAGE-ONLY ACCIDENT),ROLL OVER,45.55742985,-111.0665145
C084733N,002+0.046,NOT IN CITY LIMITS,GALLATIN,SEPTEMBER,2017,1:00,SAT,NON-JUNCTION,ROADSIDE RIGHT,"FOG, SMOG, SMOKE",DRY,DARK-NOT LIGHTED,NON-INJURY ACCIDENT (PROPERTY- DAMAGE-ONLY ACCIDENT),FIXED OBJECT,45.55739186,-111.0657076
C084733N,002+0.072,,GALLATIN,September,2016,19:41,SAT,NON-JUNCTION,ROADSIDE LEFT,CLOUDY,DRY,DARK-NOT LIGHTED,NON-INJURY ACCIDENT (PROPERTY- DAMAGE-ONLY ACCIDENT),ROLL OVER,45.56642747,-111.0472844
C084733N,002+0.157,,GALLATIN,November,2015,14:20,MON,NON-JUNCTION,ON ROADWAY,CLOUDY,SNOW,DAYLIGHT,NON-INJURY ACCIDENT (PROPERTY- DAMAGE-ONLY ACCIDENT),"SIDESWIPE, OPPOSITE DIRECTION",45.55593082,-111.0648728
C084733N,002+0.157,,GALLATIN,December,2016,15:30,FRI,NON-JUNCTION,ON ROADWAY,CLOUDY,ICE/FROST,DAYLIGHT,POSSIBLE INJURY ACCIDENT,RIGHT ANGLE,45.55585228,-111.0648318
C084733N,002+0.165,,GALLATIN,November,2015,14:30,FRI,NON-JUNCTION,ON ROADWAY,CLOUDY,ICE/FROST,DAYLIGHT,NON-INJURY ACCIDENT (PROPERTY- DAMAGE-ONLY ACCIDENT),FIXED OBJECT,45.55567333,-111.0648083
C084733N,002+0.170,,GALLATIN,February,2013,14:20,SAT,NON-JUNCTION,ON ROADWAY,CLEAR,ICE/FROST,DAYLIGHT,NON-INJURY ACCIDENT (PROPERTY- DAMAGE-ONLY ACCIDENT),FIXED OBJECT,45.55559667,-111.06471
C084733N,002+0.170,,GALLATIN,February,2013,14:15,SAT,NON-JUNCTION,ON ROADWAY,CLEAR,ICE/FROST,DAYLIGHT,NON-INJURY ACCIDENT (PROPERTY- DAMAGE-ONLY ACCIDENT),FIXED OBJECT,45.55559667,-111.06471
C084733N,002+0.180,,GALLATIN,February,2013,14:05,SAT,NON-JUNCTION,SHOULDER,CLEAR,ICE/FROST,DAYLIGHT,NON-INJURY ACCIDENT (PROPERTY- DAMAGE-ONLY ACCIDENT),FIXED OBJECT,45.55555833,-111.0645883
C084733N,002+0.189,,GALLATIN,January,2014,16:30,WED,NON-JUNCTION,SHOULDER,CLEAR,ICE/FROST,DAYLIGHT,NON-INJURY ACCIDENT (PROPERTY- DAMAGE-ONLY ACCIDENT),REAR-END,45.55545141,-111.0643804
C084733N,002+0.450,,GALLATIN,October,2013,4:30,SUN,NON-JUNCTION,ROADSIDE LEFT,UNKNOWN,SNOW,DARK-NOT LIGHTED,INCAPACITATING INJURY ACCIDENT,ROLL OVER,45.56436353,-111.0438074
C084733N,002+0.910,NOT IN CITY LIMITS,GALLATIN,JULY,2017,13:30,THU,NON-JUNCTION,ON ROADWAY,CLEAR,DRY,DAYLIGHT,POSSIBLE INJURY ACCIDENT,HEAD ON,45.54901934,-111.0535594
C084733N,003+0.119,,GALLATIN,January,2014,16:00,MON,NON-JUNCTION,ON ROADWAY,CLOUDY,SNOW,DAYLIGHT,NON-INJURY ACCIDENT (PROPERTY- DAMAGE-ONLY ACCIDENT),"SIDESWIPE, OPPOSITE DIRECTION",45.54856783,-111.0494462
C084733N,003+0.310,,GALLATIN,July,2013,22:30,MON,NON-JUNCTION,ROADSIDE LEFT,CLEAR,DRY,DARK-NOT LIGHTED,NON-INJURY ACCIDENT (PROPERTY- DAMAGE-ONLY ACCIDENT),ROLL OVER,45.54744473,-111.0460192
C084733N,003+0.330,NOT IN CITY LIMITS,GALLATIN,NOVEMBER,2017,23:30,SAT,NON-JUNCTION,ROADSIDE RIGHT,CLEAR,ICE/FROST,DARK-NOT LIGHTED,NON-INCAPACITATING EVIDENT INJURY ACCIDENT,ROLL OVER,45.54719838,-111.0457483
C084733N,003+0.410,,GALLATIN,December,2013,13:20,SUN,NON-JUNCTION,ON ROADWAY,SNOW,ICE/FROST,DAYLIGHT,NON-INJURY ACCIDENT (PROPERTY- DAMAGE-ONLY ACCIDENT),"SIDESWIPE, SAME DIRECTION",45.54581167,-111.044915
C084733N,003+0.410,,GALLATIN,February,2013,16:15,FRI,NON-JUNCTION,ON ROADWAY,CLEAR,ICE/FROST,DAYLIGHT,NON-INJURY ACCIDENT (PROPERTY- DAMAGE-ONLY ACCIDENT),HEAD ON,45.54601,-111.04502
C084733N,003+0.440,,GALLATIN,June,2013,5:30,SUN,NON-JUNCTION,SHOULDER,CLOUDY,WET,DAYLIGHT,NON-INJURY ACCIDENT (PROPERTY- DAMAGE-ONLY ACCIDENT),FIXED OBJECT,45.54572986,-111.0448518
C084733N,003+0.440,,GALLATIN,February,2013,16:15,FRI,NON-JUNCTION,ON ROADWAY,CLEAR,ICE/FROST,DAYLIGHT,NON-INJURY ACCIDENT (PROPERTY- DAMAGE-ONLY ACCIDENT),HEAD ON,45.54567167,-111.0447433
C084733N,003+0.449,BOZEMAN,GALLATIN,February,2015,16:40,WED,NON-JUNCTION,ON ROADWAY,SNOW,SNOW,DAYLIGHT,NON-INJURY ACCIDENT (PROPERTY- DAMAGE-ONLY ACCIDENT),"SIDESWIPE, OPPOSITE DIRECTION",45.54560356,-111.0447374
C084733N,003+0.458,BELGRADE,GALLATIN,February,2015,18:30,WED,NON-JUNCTION,SHOULDER,SNOW,SNOW,DARK-NOT LIGHTED,NON-INJURY ACCIDENT (PROPERTY- DAMAGE-ONLY ACCIDENT),REAR-END,45.54550792,-111.0445871
C084733N,003+0.458,,GALLATIN,December,2015,15:19,FRI,NON-JUNCTION,ON ROADWAY,CLEAR,SNOW,DAYLIGHT,NON-INJURY ACCIDENT (PROPERTY- DAMAGE-ONLY ACCIDENT),"SIDESWIPE, OPPOSITE DIRECTION",45.54544,-111.0446483
C084733N,003+0.467,NOT IN CITY LIMITS,GALLATIN,DECEMBER,2017,16:04,TUE,NON-JUNCTION,ON ROADWAY,CLOUDY,ICE/FROST,DAYLIGHT,NON-INJURY ACCIDENT (PROPERTY- DAMAGE-ONLY ACCIDENT),HEAD ON,45.54528995,-111.0446379
C084733N,003+0.511,,GALLATIN,November,2015,12:35,SAT,NON-JUNCTION,ROADSIDE LEFT,CLOUDY,ICE/FROST,DAYLIGHT,NON-INJURY ACCIDENT (PROPERTY- DAMAGE-ONLY ACCIDENT),FIXED OBJECT,45.54521667,-111.0436533
C084733N,003+0.629,NOT IN CITY LIMITS,GALLATIN,NOVEMBER,2017,10:15,SUN,NON-JUNCTION,ROADSIDE RIGHT,CLOUDY,ICE/FROST,DAYLIGHT,NON-INJURY ACCIDENT (PROPERTY- DAMAGE-ONLY ACCIDENT),ROLL OVER,45.54459185,-111.0413972
C084733N,003+0.640,,GALLATIN,June,2014,4:00,MON,NON-JUNCTION,ROADSIDE RIGHT,RAIN,WET,DARK-NOT LIGHTED,UNKNOWN,FIXED OBJECT,45.5446098,-111.0409193
C084733N,003+0.738,NOT IN CITY LIMITS,GALLATIN,SEPTEMBER,2017,16:40,MON,NON-JUNCTION,ROADSIDE RIGHT,CLOUDY,DRY,DAYLIGHT,NON-INCAPACITATING EVIDENT INJURY ACCIDENT,FIXED OBJECT,45.54368883,-111.0392528
C084733N,003+0.844,NOT IN CITY LIMITS,GALLATIN,OCTOBER,2017,16:20,SAT,NON-JUNCTION,ROADSIDE LEFT,CLEAR,ICE/FROST,DAYLIGHT,NON-INJURY ACCIDENT (PROPERTY- DAMAGE-ONLY ACCIDENT),FIXED OBJECT,45.54255172,-111.0381531
C084733N,003+0.881,,GALLATIN,November,2016,22:38,FRI,NON-JUNCTION,ROADSIDE RIGHT,CLEAR,ICE/FROST,DARK-NOT LIGHTED,NON-INJURY ACCIDENT (PROPERTY- DAMAGE-ONLY ACCIDENT),FIXED OBJECT,45.54230393,-111.0375991
C084733N,003+0.955,NOT IN CITY LIMITS,GALLATIN,OCTOBER,2017,0:00,SUN,NON-JUNCTION,ON ROADWAY,CLEAR,ICE/FROST,DAYLIGHT,NON-INJURY ACCIDENT (PROPERTY- DAMAGE-ONLY ACCIDENT),RIGHT ANGLE,45.54188107,-111.0363294
C084733N,003+0.988,NOT IN CITY LIMITS,GALLATIN,FEBRUARY,2017,18:00,FRI,NON-JUNCTION,ON ROADWAY,CLOUDY,SNOW,DUSK,NON-INJURY ACCIDENT (PROPERTY- DAMAGE-ONLY ACCIDENT),"SIDESWIPE, OPPOSITE DIRECTION",45.541765,-111.03538
C084733N,003+0.998,,GALLATIN,December,2014,7:24,THU,NON-JUNCTION,ON ROADWAY,CLOUDY,ICE/FROST,DARK-NOT LIGHTED,POSSIBLE INJURY ACCIDENT,HEAD ON,45.54170354,-111.0352571
C084733N,004+0.017,,GALLATIN,January,2016,10:30,SAT,NON-JUNCTION,ON ROADWAY,CLOUDY,ICE/FROST,DAYLIGHT,NON-INJURY ACCIDENT (PROPERTY- DAMAGE-ONLY ACCIDENT),"SIDESWIPE, OPPOSITE DIRECTION",45.54194482,-111.0348731
C084733N,004+0.027,,GALLATIN,February,2016,15:00,THU,NON-JUNCTION,ON ROADWAY,CLEAR,OTHER,DAYLIGHT,NON-INCAPACITATING EVIDENT INJURY ACCIDENT,HEAD ON,45.54199037,-111.0346765
C084733N,004+0.160,,GALLATIN,November,2013,0:30,SUN,NON-JUNCTION,SHOULDER,CLOUDY,ICE/FROST,DARK-NOT LIGHTED,NON-INJURY ACCIDENT (PROPERTY- DAMAGE-ONLY ACCIDENT),FIXED OBJECT,45.54314685,-111.0325567