MDT_CORRIDOR_ID,SMS_REFPOST_OFFSET,CITY,COUNTY,Month,Year,SMS_TIME,SMT_CRASH_OCC_DAY_OF_WEEK,JUNCTION_RELATED,ROADWAY_RELATED,WEATHER_COND,ROAD_COND,LIGHT_COND,CRASH_SEVERITY,COLLISION_TYPE,LATITUDE,LONGITUDE
C084733N,004+0.173,,GALLATIN,August,2014,12:35,FRI,NON-JUNCTION,ROADSIDE RIGHT,CLOUDY,DRY,DAYLIGHT,NON-INJURY ACCIDENT (PROPERTY- DAMAGE-ONLY ACCIDENT),ROLL OVER,45.54325059,-111.032402
C084733N,004+0.250,,GALLATIN,July,2013,15:20,FRI,NON-JUNCTION,ON ROADWAY,CLEAR,DRY,DAYLIGHT,NON-INCAPACITATING EVIDENT INJURY ACCIDENT,HEAD ON,45.54328814,-111.0305374
C084733N,004+0.285,,GALLATIN,August,2014,17:40,MON,NON-JUNCTION,ON ROADWAY,CLOUDY,DRY,DAYLIGHT,INCAPACITATING INJURY ACCIDENT,BICYCLE,45.54335302,-111.0298066
C084733N,004+0.285,,GALLATIN,September,2014,12:00,FRI,NON-JUNCTION,ROADSIDE RIGHT,CLEAR,DRY,DAYLIGHT,NON-INCAPACITATING EVIDENT INJURY ACCIDENT,FIXED OBJECT,45.54336489,-111.0300238
C084733N,004+0.320,,GALLATIN,December,2014,14:10,SUN,NON-JUNCTION,ON ROADWAY,CLOUDY,ICE/FROST,DAYLIGHT,NON-INJURY ACCIDENT (PROPERTY- DAMAGE-ONLY ACCIDENT),RIGHT ANGLE,45.54312419,-111.0295471
C084733N,004+0.580,,GALLATIN,October,2013,15:15,SUN,NON-JUNCTION,ON ROADWAY,CLEAR,MUD DIRT GRAVEL,DAYLIGHT,NON-INJURY ACCIDENT (PROPERTY- DAMAGE-ONLY ACCIDENT),"SIDESWIPE, OPPOSITE DIRECTION",45.54758,-111.0153583
C084733N,004+0.605,,GALLATIN,August,2015,18:30,SAT,NON-JUNCTION,ROADSIDE LEFT,CLEAR,DRY,DAYLIGHT,NON-INCAPACITATING EVIDENT INJURY ACCIDENT,FIXED OBJECT,45.5483665,-111.0122071
C084733N,004+0.876,,GALLATIN,November,2016,14:00,SUN,NON-JUNCTION,ROADSIDE RIGHT,CLEAR,ICE/FROST,DAYLIGHT,NON-INJURY ACCIDENT (PROPERTY- DAMAGE-ONLY ACCIDENT),FIXED OBJECT,45.53908791,-111.0205735
C084733N,005+0.200,,GALLATIN,October,2013,17:00,THU,NON-JUNCTION,OFF ROADWAY LOCATION UNKNOWN,SNOW,SNOW,DAYLIGHT,NON-INJURY ACCIDENT (PROPERTY- DAMAGE-ONLY ACCIDENT),ROLL OVER,45.53887582,-111.0094048
C084733N,006+0.498,NOT IN CITY LIMITS,GALLATIN,JULY,2017,18:25,SUN,NON-JUNCTION,ON ROADWAY,CLOUDY,DRY,DAYLIGHT,NON-INJURY ACCIDENT (PROPERTY- DAMAGE-ONLY ACCIDENT),"SIDESWIPE, OPPOSITE DIRECTION",45.51859248,-111.0073851
C084733N,006+0.589,,GALLATIN,October,2014,20:00,FRI,NON-JUNCTION,ROADSIDE RIGHT,RAIN,MUD DIRT GRAVEL,DARK-NOT LIGHTED,NON-INJURY ACCIDENT (PROPERTY- DAMAGE-ONLY ACCIDENT),U TURN,45.52254486,-111.0007236
C084733N,006+0.973,,GALLATIN,July,2016,18:37,WED,NON-JUNCTION,ROADSIDE RIGHT,CLOUDY,DRY,DAYLIGHT,NON-INJURY ACCIDENT (PROPERTY- DAMAGE-ONLY ACCIDENT),NOT FIXED OBJECT OR DEBRIS,45.51351193,-111.000908
C084733N,007+0.162,,GALLATIN,February,2016,15:30,SUN,NON-JUNCTION,ROADSIDE LEFT,CLOUDY,SNOW,DAYLIGHT,NON-INJURY ACCIDENT (PROPERTY- DAMAGE-ONLY ACCIDENT),FIXED OBJECT,45.5113194,-110.9985926
C084733N,007+0.695,NOT IN CITY LIMITS,GALLATIN,NOVEMBER,2017,22:30,SAT,NON-JUNCTION,ROADSIDE RIGHT,CLOUDY,SNOW,DARK-NOT LIGHTED,NON-INJURY ACCIDENT (PROPERTY- DAMAGE-ONLY ACCIDENT),FIXED OBJECT,45.50581065,-110.9911468
C084733N,007+0.767,,GALLATIN,February,2016,13:30,SUN,NON-JUNCTION,ROADSIDE LEFT,CLOUDY,SNOW,DAYLIGHT,NON-INJURY ACCIDENT (PROPERTY- DAMAGE-ONLY ACCIDENT),ROLL OVER,45.50542601,-110.9898548
C084733N,007+0.797,,GALLATIN,October,2016,7:40,FRI,NON-JUNCTION,ROADSIDE RIGHT,CLOUDY,SNOW,DAYLIGHT,NON-INCAPACITATING EVIDENT INJURY ACCIDENT,ROLL OVER,45.50509436,-110.9894056
C084733N,007+0.817,,GALLATIN,January,2016,17:30,SAT,NON-JUNCTION,ON ROADWAY,CLOUDY,ICE/FROST,DUSK,NON-INJURY ACCIDENT (PROPERTY- DAMAGE-ONLY ACCIDENT),"SIDESWIPE, SAME DIRECTION",45.50543865,-110.9881288
C084733N,007+0.856,NOT IN CITY LIMITS,GALLATIN,JANUARY,2017,12:00,TUE,NON-JUNCTION,ROADSIDE LEFT,CLEAR,ICE/FROST,DAYLIGHT,NON-INJURY ACCIDENT (PROPERTY- DAMAGE-ONLY ACCIDENT),ROLL OVER,45.50435605,-110.9886683
C084733N,008+0.663,,GALLATIN,June,2015,11:35,FRI,NON-JUNCTION,ROADSIDE RIGHT,CLEAR,DRY,DAYLIGHT,NON-INCAPACITATING EVIDENT INJURY ACCIDENT,FIXED OBJECT,45.49396374,-110.9818323
C084733N,008+0.721,,GALLATIN,September,2016,5:00,WED,NON-JUNCTION,ROADSIDE LEFT,CLEAR,DRY,DARK-NOT LIGHTED,POSSIBLE INJURY ACCIDENT,FIXED OBJECT,45.49323988,-110.9823436
C084733N,009+0.124,,GALLATIN,December,2016,12:00,SAT,NON-JUNCTION,SHOULDER,SNOW,ICE/FROST,DAYLIGHT,NON-INJURY ACCIDENT (PROPERTY- DAMAGE-ONLY ACCIDENT),FIXED OBJECT,45.48770749,-110.9816265
C084733N,009+0.316,,GALLATIN,October,2015,1:30,SUN,NON-JUNCTION,IN PARKING LANE OR ZONE,SLEET/HAIL/FREEZING RAIN/DRIZZLE,WET,DARK-NOT LIGHTED,NON-INJURY ACCIDENT (PROPERTY- DAMAGE-ONLY ACCIDENT),FIXED OBJECT,45.48527833,-110.9798117
C084733N,009+0.638,,GALLATIN,May,2016,14:00,SUN,NON-JUNCTION,SHOULDER,UNKNOWN,DRY,UNKNOWN,NON-INCAPACITATING EVIDENT INJURY ACCIDENT,FIXED OBJECT,45.48840145,-110.9755249
C084733N,009+0.673,,GALLATIN,February,2015,17:00,TUE,NON-JUNCTION,ROADSIDE RIGHT,CLOUDY,SNOW,DAYLIGHT,NON-INJURY ACCIDENT (PROPERTY- DAMAGE-ONLY ACCIDENT),FIXED OBJECT,45.48839667,-110.9748367
C084733N,009+0.771,,GALLATIN,August,2015,22:00,SAT,NON-JUNCTION,SHOULDER,CLEAR,DRY,DARK-NOT LIGHTED,NON-INJURY ACCIDENT (PROPERTY- DAMAGE-ONLY ACCIDENT),ROLL OVER,45.48736333,-110.9735067
C084733N,009+0.856,,GALLATIN,August,2016,14:05,SAT,NON-JUNCTION,ROADSIDE RIGHT,CLEAR,MUD DIRT GRAVEL,DAYLIGHT,NON-INJURY ACCIDENT (PROPERTY- DAMAGE-ONLY ACCIDENT),FIXED OBJECT,45.48642169,-110.9724454
C084733N,010+0.010,,GALLATIN,January,2013,15:00,SAT,NON-JUNCTION,ROADSIDE RIGHT,CLOUDY,ICE/FROST,DAYLIGHT,NON-INJURY ACCIDENT (PROPERTY- DAMAGE-ONLY ACCIDENT),FIXED OBJECT,45.485735,-110.969645
C084733N,010+0.898,,GALLATIN,September,2014,19:40,SAT,NON-JUNCTION,ON ROADWAY,CLEAR,DRY,DAWN,NON-INJURY ACCIDENT (PROPERTY- DAMAGE-ONLY ACCIDENT),RIGHT ANGLE,45.47667674,-110.9577822
C084733N,011+0.034,,GALLATIN,September,2014,19:41,SAT,NON-JUNCTION,ON ROADWAY,CLEAR,DRY,DUSK,NON-INJURY ACCIDENT (PROPERTY- DAMAGE-ONLY ACCIDENT),RIGHT ANGLE,45.47545407,-110.9555146
C084733N,011+0.435,,GALLATIN,February,2016,16:30,SUN,NON-JUNCTION,ON ROADWAY,CLEAR,ICE/FROST,DAYLIGHT,NON-INJURY ACCIDENT (PROPERTY- DAMAGE-ONLY ACCIDENT),"SIDESWIPE, OPPOSITE DIRECTION",45.46986075,-110.9543373
C084733N,011+0.435,,GALLATIN,December,2016,13:00,MON,NON-JUNCTION,ROADSIDE LEFT,CLEAR,SNOW,DAYLIGHT,NON-INJURY ACCIDENT (PROPERTY- DAMAGE-ONLY ACCIDENT),FIXED OBJECT,45.46984023,-110.9543869
C084733N,011+0.440,,GALLATIN,November,2014,15:00,SUN,NON-JUNCTION,ROADSIDE RIGHT,CLEAR,SNOW,DAYLIGHT,NON-INJURY ACCIDENT (PROPERTY- DAMAGE-ONLY ACCIDENT),ROLL OVER,45.47205605,-110.9475711
C084733N,011+0.919,,GALLATIN,October,2015,22:00,FRI,NON-JUNCTION,ROADSIDE RIGHT,CLOUDY,UNKNOWN,DARK-NOT LIGHTED,NON-INJURY ACCIDENT (PROPERTY- DAMAGE-ONLY ACCIDENT),FIXED OBJECT,45.46279773,-110.9550365
C084733N,012+0.650,,GALLATIN,January,2013,19:15,SUN,NON-JUNCTION,ON ROADWAY,CLEAR,ICE/FROST,DARK-NOT LIGHTED,NON-INJURY ACCIDENT (PROPERTY- DAMAGE-ONLY ACCIDENT),ROLL OVER,45.45319,-110.9587633
C084735N,000+0.060,,GALLATIN,February,2013,17:40,WED,NON-JUNCTION,ROADSIDE RIGHT,CLOUDY,ICE/FROST,DAYLIGHT,NON-INJURY ACCIDENT (PROPERTY- DAMAGE-ONLY ACCIDENT),ROLL OVER,45.25545367,-111.309052
C084735N,000+0.341,,GALLATIN,December,2015,23:00,FRI,NON-JUNCTION,OFF ROADWAY LOCATION UNKNOWN,SNOW,SNOW,DARK-LIGHTED,NON-INJURY ACCIDENT (PROPERTY- DAMAGE-ONLY ACCIDENT),REAR TO FRONT,45.25952316,-111.3080811
C084736N,000+0.020,,GALLATIN,October,2013,17:15,THU,DRIVEWAY/ALLEY ACCESS RELATED,ON ROADWAY,CLEAR,DRY,DAYLIGHT,NON-INJURY ACCIDENT (PROPERTY- DAMAGE-ONLY ACCIDENT),RIGHT ANGLE,45.26008459,-111.3082802
C084736N,000+0.090,NOT IN CITY LIMITS,GALLATIN,JUNE,2017,18:30,SUN,NON-JUNCTION,ON ROADWAY,CLOUDY,DRY,DAYLIGHT,NON-INJURY ACCIDENT (PROPERTY- DAMAGE-ONLY ACCIDENT),NOT FIXED OBJECT OR DEBRIS,45.26010448,-111.3069105
C084737N,000+0.022,NOT IN CITY LIMITS,GALLATIN,JANUARY,2017,13:30,MON,INTERSECTION,ON ROADWAY,CLOUDY,SNOW,DAYLIGHT,NON-INJURY ACCIDENT (PROPERTY- DAMAGE-ONLY ACCIDENT),REAR-END,45.25894389,-111.3097555
C084742N,000+0.020,,GALLATIN,September,2013,2:30,SUN,NON-JUNCTION,ROADSIDE RIGHT,CLEAR,DRY,DARK-LIGHTED,NON-INJURY ACCIDENT (PROPERTY- DAMAGE-ONLY ACCIDENT),FIXED OBJECT,45.25783,-111.31011
C084750N,000+0.126,WEST YELLOWSTONE,GALLATIN,January,2016,8:50,WED,NON-JUNCTION,ON ROADWAY,CLOUDY,SNOW,DAYLIGHT,NON-INJURY ACCIDENT (PROPERTY- DAMAGE-ONLY ACCIDENT),REAR TO FRONT,44.65719093,-111.1014833
C084750N,000+0.179,WEST YELLOWSTONE,GALLATIN,SEPTEMBER,2017,23:36,FRI,OTHER LOCATION,IN PARKING LANE OR ZONE,SNOW,SLUSH,DARK-LIGHTED,NON-INJURY ACCIDENT (PROPERTY- DAMAGE-ONLY ACCIDENT),HEAD ON,44.65727729,-111.1003894
C084750N,000+0.208,WEST YELLOWSTONE,GALLATIN,SEPTEMBER,2017,8:37,THU,NON-JUNCTION,IN PARKING LANE OR ZONE,CLEAR,WET,DAYLIGHT,NON-INJURY ACCIDENT (PROPERTY- DAMAGE-ONLY ACCIDENT),REAR TO REAR,44.65711369,-111.0998825
C084750N,000+0.252,WEST YELLOWSTONE,GALLATIN,October,2016,10:30,FRI,NON-JUNCTION,IN PARKING LANE OR ZONE,RAIN,WET,DAYLIGHT,NON-INJURY ACCIDENT (PROPERTY- DAMAGE-ONLY ACCIDENT),REAR TO SIDE,44.65678273,-111.0990241
C084783N,000+0.000,,GALLATIN,August,2015,7:55,WED,THROUGH ROADWAY,ON ROADWAY,CLEAR,DRY,DAYLIGHT,NON-INJURY ACCIDENT (PROPERTY- DAMAGE-ONLY ACCIDENT),REAR-END,45.76453202,-111.1851582
C084783N,000+0.000,,GALLATIN,July,2015,13:15,MON,INTERSECTION-RELATED,ON ROADWAY,CLEAR,DRY,DAYLIGHT,NON-INJURY ACCIDENT (PROPERTY- DAMAGE-ONLY ACCIDENT),FIXED OBJECT,45.76456095,-111.1851523
C084783N,000+0.216,BELGRADE,GALLATIN,August,2013,9:30,THU,INTERSECTION,ON ROADWAY,CLEAR,MUD DIRT GRAVEL,DARK-NOT LIGHTED,NON-INJURY ACCIDENT (PROPERTY- DAMAGE-ONLY ACCIDENT),"SIDESWIPE, OPPOSITE DIRECTION",45.76446802,-111.1806683
C084783N,000+0.216,BELGRADE,GALLATIN,November,2014,8:05,WED,INTERSECTION,SHOULDER,CLOUDY,DRY,DAYLIGHT,NON-INJURY ACCIDENT (PROPERTY- DAMAGE-ONLY ACCIDENT),FIXED OBJECT,45.764468,-111.180668
C084788N,000+0.190,BOZEMAN,GALLATIN,September,2013,15:45,SAT,INTERSECTION-RELATED,ON ROADWAY,CLEAR,DRY,DAYLIGHT,NON-INJURY ACCIDENT (PROPERTY- DAMAGE-ONLY ACCIDENT),"RIGHT TURN, SAME DIRECTION",45.7020128,-111.093138
C084794N,000+0.192,BOZEMAN,GALLATIN,August,2015,8:11,MON,INTERSECTION,ON ROADWAY,CLEAR,DRY,DAYLIGHT,NON-INJURY ACCIDENT (PROPERTY- DAMAGE-ONLY ACCIDENT),"LEFT TURN, SAME DIRECTION",45.70486335,-111.0941432
C085081N,000+0.010,,GALLATIN,August,2014,9:09,TUE,NON-JUNCTION,ON ROADWAY,CLEAR,DRY,DAYLIGHT,NON-INJURY ACCIDENT (PROPERTY- DAMAGE-ONLY ACCIDENT),RIGHT ANGLE,44.68299508,-111.206203
C085341N,000+0.183,,GALLATIN,February,2015,10:15,FRI,NON-JUNCTION,IN PARKING LANE OR ZONE,CLOUDY,ICE/FROST,DAYLIGHT,NON-INJURY ACCIDENT (PROPERTY- DAMAGE-ONLY ACCIDENT),RIGHT ANGLE,45.24981877,-111.3198096
C085341N,000+0.296,,GALLATIN,January,2014,22:30,SUN,NON-JUNCTION,ROADSIDE RIGHT,CLEAR,ICE/FROST,DARK-LIGHTED,NON-INJURY ACCIDENT (PROPERTY- DAMAGE-ONLY ACCIDENT),RIGHT ANGLE,45.24853328,-111.3210926
C085342N,000+0.045,,GALLATIN,March,2016,9:20,WED,DRIVEWAY/ALLEY ACCESS RELATED,OFF ROADWAY LOCATION UNKNOWN,CLOUDY,DRY,DAYLIGHT,NON-INJURY ACCIDENT (PROPERTY- DAMAGE-ONLY ACCIDENT),REAR TO REAR,45.24834541,-111.3212929
C085344N,000+0.000,,GALLATIN,December,2016,20:10,WED,INTERSECTION-RELATED,IN PARKING LANE OR ZONE,SNOW,SNOW,DARK-LIGHTED,NON-INJURY ACCIDENT (PROPERTY- DAMAGE-ONLY ACCIDENT),RIGHT ANGLE,45.248765,-111.3210667
C085344N,000+0.098,NOT IN CITY LIMITS,GALLATIN,JANUARY,2017,9:43,WED,NON-JUNCTION,IN PARKING LANE OR ZONE,CLOUDY,SNOW,DAYLIGHT,NON-INJURY ACCIDENT (PROPERTY- DAMAGE-ONLY ACCIDENT),RIGHT ANGLE,45.25000049,-111.3215051
C085344N,000+0.290,,GALLATIN,October,2013,22:00,THU,INTERSECTION-RELATED,ROADSIDE LEFT,CLEAR,DRY,DARK-NOT LIGHTED,NON-INJURY ACCIDENT (PROPERTY- DAMAGE-ONLY ACCIDENT),FIXED OBJECT,45.25245501,-111.3199483
C085346N,002+0.088,,GALLATIN,February,2014,17:15,MON,NON-JUNCTION,ON ROADWAY,CLOUDY,ICE/FROST,DAYLIGHT,NON-INJURY ACCIDENT (PROPERTY- DAMAGE-ONLY ACCIDENT),"SIDESWIPE, OPPOSITE DIRECTION",45.21518977,-111.3243311
C085351N,000+0.000,NOT IN CITY LIMITS,GALLATIN,FEBRUARY,2017,17:25,THU,NON-JUNCTION,ON ROADWAY,CLEAR,SNOW,DUSK,NON-INJURY ACCIDENT (PROPERTY- DAMAGE-ONLY ACCIDENT),"SIDESWIPE, OPPOSITE DIRECTION",45.24785982,-111.3384282
C085351N,000+0.028,NOT IN CITY LIMITS,GALLATIN,NOVEMBER,2017,7:20,TUE,NON-JUNCTION,ON ROADWAY,CLEAR,ICE/FROST,DAYLIGHT,NON-INJURY ACCIDENT (PROPERTY- DAMAGE-ONLY ACCIDENT),RIGHT ANGLE,45.24822394,-111.3386199
C085353N,000+0.046,NOT IN CITY LIMITS,GALLATIN,JULY,2017,6:00,FRI,NON-JUNCTION,ROADSIDE LEFT,CLEAR,DRY,DAWN,NON-INJURY ACCIDENT (PROPERTY- DAMAGE-ONLY ACCIDENT),ROLL OVER,45.24623645,-111.3421538
C085354N,000+0.080,,GALLATIN,October,2013,14:45,WED,NON-JUNCTION,ON ROADWAY,CLOUDY,DRY,DAYLIGHT,NON-INJURY ACCIDENT (PROPERTY- DAMAGE-ONLY ACCIDENT),"SIDESWIPE, SAME DIRECTION",45.24606217,-111.3446236
C085356N,000+0.000,,GALLATIN,November,2013,17:30,TUE,NON-JUNCTION,ROADSIDE LEFT,CLEAR,ICE/FROST,DARK-NOT LIGHTED,NON-INCAPACITATING EVIDENT INJURY ACCIDENT,ROLL OVER,45.25030375,-111.3485646
C085363N,000+0.166,NOT IN CITY LIMITS,GALLATIN,MARCH,2017,11:00,THU,NON-JUNCTION,ON ROADWAY,CLOUDY,DRY,DAYLIGHT,NON-INJURY ACCIDENT (PROPERTY- DAMAGE-ONLY ACCIDENT),ROLL OVER,45.27704326,-111.3471729
C085370N,000+0.000,,GALLATIN,December,2014,20:32,TUE,INTERSECTION-RELATED,ON ROADWAY,SNOW,SNOW,DARK-NOT LIGHTED,NON-INCAPACITATING EVIDENT INJURY ACCIDENT,FIXED OBJECT,45.23175635,-111.2509476
C085381N,000+0.020,,GALLATIN,February,2014,17:45,THU,INTERSECTION,ROADSIDE RIGHT,CLEAR,ICE/FROST,DARK-NOT LIGHTED,NON-INJURY ACCIDENT (PROPERTY- DAMAGE-ONLY ACCIDENT),FIXED OBJECT,45.78425269,-111.2269219
C085381N,000+0.250,,GALLATIN,January,2013,16:10,TUE,INTERSECTION,ON ROADWAY,CLOUDY,ICE/FROST,DAYLIGHT,NON-INJURY ACCIDENT (PROPERTY- DAMAGE-ONLY ACCIDENT),RIGHT ANGLE,45.784345,-111.2319117
C085381N,000+0.462,,GALLATIN,December,2014,9:31,MON,DRIVEWAY/ALLEY ACCESS RELATED,ON ROADWAY,CLOUDY,ICE/FROST,DAYLIGHT,NON-INJURY ACCIDENT (PROPERTY- DAMAGE-ONLY ACCIDENT),"SIDESWIPE, OPPOSITE DIRECTION",45.78449597,-111.2360391
C085389N,000+0.173,NOT IN CITY LIMITS,GALLATIN,JULY,2017,12:46,TUE,DRIVEWAY/ALLEY ACCESS RELATED,UNKNOWN,CLEAR,DRY,DAYLIGHT,NON-INJURY ACCIDENT (PROPERTY- DAMAGE-ONLY ACCIDENT),REAR-END,45.77822448,-111.2252521
C085390N,000+0.060,NOT IN CITY LIMITS,GALLATIN,APRIL,2017,22:00,SUN,DRIVEWAY/ALLEY ACCESS RELATED,ON ROADWAY,CLOUDY,DRY,DARK-NOT LIGHTED,NON-INJURY ACCIDENT (PROPERTY- DAMAGE-ONLY ACCIDENT),RIGHT ANGLE,45.778755,-111.2261183
C085400N,000+0.000,NOT IN CITY LIMITS,GALLATIN,MAY,2017,19:47,SUN,NON-JUNCTION,ROADSIDE LEFT,CLOUDY,DRY,DAYLIGHT,FATAL ACCIDENT,ROLL OVER,45.727,-111.02104
C085407N,000+0.229,,GALLATIN,May,2014,9:10,FRI,NON-JUNCTION,ROADSIDE LEFT,CLEAR,DRY,DAYLIGHT,NON-INJURY ACCIDENT (PROPERTY- DAMAGE-ONLY ACCIDENT),FIXED OBJECT,45.7750569,-111.1605159
C085433N,000+0.017,BOZEMAN,GALLATIN,October,2015,23:17,FRI,NON-JUNCTION,SHOULDER,CLEAR,DRY,DARK-LIGHTED,POSSIBLE INJURY ACCIDENT,REAR-END,45.68545565,-111.0831106
C085444N,000+0.136,BOZEMAN,GALLATIN,April,2016,2:29,THU,NON-JUNCTION,ON ROADWAY,SLEET/HAIL/FREEZING RAIN/DRIZZLE,WET,DARK-LIGHTED,NON-INJURY ACCIDENT (PROPERTY- DAMAGE-ONLY ACCIDENT),REAR-END,45.69058246,-111.0891575
C085446N,000+0.124,BOZEMAN,GALLATIN,November,2016,10:31,SAT,INTERSECTION,ON ROADWAY,CLEAR,DRY,DAYLIGHT,POSSIBLE INJURY ACCIDENT,RIGHT ANGLE,45.68386142,-111.0951487
C085457N,000+0.139,BOZEMAN,GALLATIN,September,2015,7:40,SUN,NON-JUNCTION,IN PARKING LANE OR ZONE,CLEAR,DRY,DAYLIGHT,NON-INJURY ACCIDENT (PROPERTY- DAMAGE-ONLY ACCIDENT),"SIDESWIPE, SAME DIRECTION",45.68465485,-111.1028655
C085460N,000+0.019,NOT IN CITY LIMITS,GALLATIN,JULY,2017,21:00,SUN,INTERSECTION,ROADSIDE RIGHT,CLOUDY,DRY,DAYLIGHT,NON-INCAPACITATING EVIDENT INJURY ACCIDENT,FIXED OBJECT,45.692965,-111.103935
C085463N,000+0.011,BOZEMAN,GALLATIN,SEPTEMBER,2017,7:35,WED,NON-JUNCTION,ON ROADWAY,CLOUDY,DRY,DAYLIGHT,NON-INJURY ACCIDENT (PROPERTY- DAMAGE-ONLY ACCIDENT),"SIDESWIPE, SAME DIRECTION",45.69106887,-111.1039442
C085469N,000+0.125,BOZEMAN,GALLATIN,January,2015,23:13,FRI,OTHER LOCATION,OUTSIDE RIGHT-OF-WAY (TRAFFICWAY),CLEAR,DRY,DARK-NOT LIGHTED,NON-INJURY ACCIDENT (PROPERTY- DAMAGE-ONLY ACCIDENT),FIXED OBJECT,45.68697042,-111.1064996
C085475N,000+0.034,BOZEMAN,GALLATIN,July,2016,18:50,WED,OTHER LOCATION,OFF ROADWAY LOCATION UNKNOWN,CLEAR,DRY,DAYLIGHT,POSSIBLE INJURY ACCIDENT,BICYCLE,45.691636,-111.1154223
C085479N,000+0.019,NOT IN CITY LIMITS,GALLATIN,AUGUST,2017,3:30,SUN,NON-JUNCTION,IN PARKING LANE OR ZONE,CLEAR,DRY,DARK-LIGHTED,NON-INJURY ACCIDENT (PROPERTY- DAMAGE-ONLY ACCIDENT),FIXED OBJECT,45.6713215,-111.1862964
C085479N,000+0.019,NOT IN CITY LIMITS,GALLATIN,DECEMBER,2017,18:28,MON,NON-JUNCTION,IN PARKING LANE OR ZONE,CLOUDY,WET,DARK-LIGHTED,NON-INJURY ACCIDENT (PROPERTY- DAMAGE-ONLY ACCIDENT),PEDESTRIAN,45.67136096,-111.1862523
C085479N,000+0.027,,GALLATIN,August,2015,10:20,MON,NON-JUNCTION,IN PARKING LANE OR ZONE,CLOUDY,DRY,DAYLIGHT,NON-INJURY ACCIDENT (PROPERTY- DAMAGE-ONLY ACCIDENT),REAR TO SIDE,45.67155,-111.1863
C085479N,000+0.042,,GALLATIN,August,2014,13:40,THU,INTERSECTION,ON ROADWAY,CLOUDY,DRY,DAYLIGHT,NON-INJURY ACCIDENT (PROPERTY- DAMAGE-ONLY ACCIDENT),REAR-END,45.67162333,-111.186085
C085488N,000+0.256,BOZEMAN,GALLATIN,December,2016,1:05,SAT,INTERSECTION-RELATED,SHOULDER,CLOUDY,SNOW,DARK-LIGHTED,NON-INJURY ACCIDENT (PROPERTY- DAMAGE-ONLY ACCIDENT),FIXED OBJECT,45.66753633,-111.0827601
C085488N,000+0.365,BOZEMAN,GALLATIN,November,2015,13:18,FRI,INTERSECTION,ON ROADWAY,CLEAR,ICE/FROST,DAYLIGHT,NON-INJURY ACCIDENT (PROPERTY- DAMAGE-ONLY ACCIDENT),"SIDESWIPE, OPPOSITE DIRECTION",45.66759387,-111.0804592
C085489N,000+0.318,BOZEMAN,GALLATIN,November,2014,12:18,MON,INTERSECTION,ON ROADWAY,CLEAR,SNOW,DAYLIGHT,NON-INJURY ACCIDENT (PROPERTY- DAMAGE-ONLY ACCIDENT),RIGHT ANGLE,45.64928663,-111.0693579
C085489N,000+0.490,BOZEMAN,GALLATIN,December,2014,2:00,SAT,INTERSECTION-RELATED,OUTSIDE RIGHT-OF-WAY (TRAFFICWAY),CLEAR,ICE/FROST,DARK-LIGHTED,POSSIBLE INJURY ACCIDENT,FIXED OBJECT,45.64928055,-111.0728912
C085489N,000+0.490,BOZEMAN,GALLATIN,December,2016,22:48,SUN,INTERSECTION,SHOULDER,CLEAR,SNOW,DARK-LIGHTED,NON-INJURY ACCIDENT (PROPERTY- DAMAGE-ONLY ACCIDENT),FIXED OBJECT,45.64929095,-111.0729671
C085553N,000+0.012,BOZEMAN,GALLATIN,January,2015,13:10,WED,DRIVEWAY/ALLEY ACCESS RELATED,ON ROADWAY,CLOUDY,DRY,DAYLIGHT,NON-INJURY ACCIDENT (PROPERTY- DAMAGE-ONLY ACCIDENT),"SIDESWIPE, SAME DIRECTION",45.75028041,-110.8926291
C085562N,000+0.030,,GALLATIN,July,2014,16:00,WED,NON-JUNCTION,ROADSIDE LEFT,CLOUDY,DRY,DAYLIGHT,NON-INCAPACITATING EVIDENT INJURY ACCIDENT,ROLL OVER,45.66151,-110.8416
C085562N,000+0.036,NOT IN CITY LIMITS,GALLATIN,JUNE,2017,13:45,SUN,NON-JUNCTION,ON ROADWAY,CLEAR,DRY,DAYLIGHT,NON-INJURY ACCIDENT (PROPERTY- DAMAGE-ONLY ACCIDENT),ROLL OVER,45.66143716,-110.8416223
C085562N,000+0.062,BOZEMAN,GALLATIN,July,2014,20:03,SAT,NON-JUNCTION,ROADSIDE RIGHT,CLEAR,DRY,DAYLIGHT,INCAPACITATING INJURY ACCIDENT,FIXED OBJECT,45.661125,-110.8419967
C085562N,000+0.062,NOT IN CITY LIMITS,GALLATIN,SEPTEMBER,2017,4:00,SAT,NON-JUNCTION,ROADSIDE LEFT,"FOG, SMOG, SMOKE",DRY,DARK-NOT LIGHTED,NON-INCAPACITATING EVIDENT INJURY ACCIDENT,FIXED OBJECT,45.66116389,-110.8419302
C085562N,000+0.106,,GALLATIN,September,2014,17:50,THU,NON-JUNCTION,SHOULDER,CLEAR,DRY,DAYLIGHT,NON-INCAPACITATING EVIDENT INJURY ACCIDENT,ROLL OVER,45.66064443,-110.842393
C085562N,000+0.116,,GALLATIN,June,2015,21:15,SUN,NON-JUNCTION,SHOULDER,CLOUDY,DRY,DAYLIGHT,UNKNOWN,FIXED OBJECT,45.6604327,-110.8425159
C085562N,000+0.150,,GALLATIN,April,2016,22:20,THU,NON-JUNCTION,OUTSIDE RIGHT-OF-WAY (TRAFFICWAY),CLOUDY,DRY,DARK-NOT LIGHTED,NON-INJURY ACCIDENT (PROPERTY- DAMAGE-ONLY ACCIDENT),RAILWAY VEHICLE,45.65996826,-110.8426389