MDT_CORRIDOR_ID,SMS_REFPOST_OFFSET,CITY,COUNTY,Month,Year,SMS_TIME,SMT_CRASH_OCC_DAY_OF_WEEK,JUNCTION_RELATED,ROADWAY_RELATED,WEATHER_COND,ROAD_COND,LIGHT_COND,CRASH_SEVERITY,COLLISION_TYPE,LATITUDE,LONGITUDE
C116721N,000+0.040,,GALLATIN,March,2013,14:45,WED,NON-JUNCTION,ON ROADWAY,CLOUDY,WET,DAYLIGHT,NON-INJURY ACCIDENT (PROPERTY- DAMAGE-ONLY ACCIDENT),"SIDESWIPE, SAME DIRECTION",45.67178104,-111.1833834
C116721N,000+0.243,,GALLATIN,January,2014,10:58,SUN,INTERSECTION-RELATED,ON ROADWAY,CLEAR,ICE/FROST,DAYLIGHT,NON-INJURY ACCIDENT (PROPERTY- DAMAGE-ONLY ACCIDENT),RIGHT ANGLE,45.67456534,-111.1829793
C116721N,000+0.300,,GALLATIN,November,2013,14:30,THU,INTERSECTION-RELATED,ROADSIDE RIGHT,CLEAR,ICE/FROST,DAYLIGHT,NON-INJURY ACCIDENT (PROPERTY- DAMAGE-ONLY ACCIDENT),FIXED OBJECT,45.67560252,-111.1832536
C116721N,000+0.321,,GALLATIN,January,2014,11:12,SUN,INTERSECTION-RELATED,SHOULDER,CLOUDY,ICE/FROST,DAYLIGHT,NON-INJURY ACCIDENT (PROPERTY- DAMAGE-ONLY ACCIDENT),RIGHT ANGLE,45.6754805,-111.1836748
C116721N,000+0.378,,GALLATIN,November,2014,9:40,WED,NON-JUNCTION,ON ROADWAY,CLOUDY,ICE/FROST,DAYLIGHT,NON-INJURY ACCIDENT (PROPERTY- DAMAGE-ONLY ACCIDENT),REAR-END,45.67570167,-111.1849133
C116728N,000+0.000,,GALLATIN,March,2013,7:35,WED,INTERSECTION,ON ROADWAY,CLEAR,DRY,DAYLIGHT,NON-INJURY ACCIDENT (PROPERTY- DAMAGE-ONLY ACCIDENT),"SIDESWIPE, SAME DIRECTION",45.67098,-111.16477
C116728N,000+0.000,,GALLATIN,April,2013,16:25,WED,INTERSECTION-RELATED,ON ROADWAY,CLOUDY,DRY,DAYLIGHT,NON-INJURY ACCIDENT (PROPERTY- DAMAGE-ONLY ACCIDENT),REAR-END,45.67101267,-111.1647779
C116728N,000+0.000,BOZEMAN,GALLATIN,August,2014,22:03,SUN,NON-JUNCTION,ON ROADWAY,CLOUDY,DRY,DARK-NOT LIGHTED,NON-INJURY ACCIDENT (PROPERTY- DAMAGE-ONLY ACCIDENT),WILD ANIMAL,45.67098,-111.16477
C116728N,000+0.000,,GALLATIN,December,2014,11:55,MON,NON-JUNCTION,ON ROADWAY,CLOUDY,ICE/FROST,DAYLIGHT,POSSIBLE INJURY ACCIDENT,RIGHT ANGLE,45.67098,-111.16477
C116728N,000+0.000,,GALLATIN,June,2015,8:10,MON,INTERSECTION,ON ROADWAY,CLEAR,DRY,DAYLIGHT,NON-INJURY ACCIDENT (PROPERTY- DAMAGE-ONLY ACCIDENT),RIGHT ANGLE,45.67098878,-111.1648121
C116728N,000+0.000,NOT IN CITY LIMITS,GALLATIN,APRIL,2017,22:10,MON,INTERSECTION,ROADSIDE RIGHT,CLOUDY,DRY,DARK-NOT LIGHTED,INCAPACITATING INJURY ACCIDENT,FIXED OBJECT,45.67095802,-111.1647642
C116728N,000+0.000,NOT IN CITY LIMITS,GALLATIN,JANUARY,2017,7:30,FRI,NON-JUNCTION,ROADSIDE LEFT,CLEAR,ICE/FROST,DAYLIGHT,NON-INJURY ACCIDENT (PROPERTY- DAMAGE-ONLY ACCIDENT),FIXED OBJECT,45.66342418,-111.1649625
C116728N,000+0.000,NOT IN CITY LIMITS,GALLATIN,MAY,2017,19:45,THU,INTERSECTION,ON ROADWAY,CLEAR,DRY,DAYLIGHT,NON-INJURY ACCIDENT (PROPERTY- DAMAGE-ONLY ACCIDENT),RIGHT ANGLE,45.67099214,-111.1647984
C116728N,000+0.000,NOT IN CITY LIMITS,GALLATIN,SEPTEMBER,2017,14:59,FRI,INTERSECTION,ON ROADWAY,CLOUDY,DRY,DAYLIGHT,NON-INJURY ACCIDENT (PROPERTY- DAMAGE-ONLY ACCIDENT),REAR-END,45.67098,-111.16477
C116728N,000+0.024,,GALLATIN,May,2015,16:08,WED,INTERSECTION-RELATED,ON ROADWAY,CLOUDY,DRY,DAYLIGHT,NON-INJURY ACCIDENT (PROPERTY- DAMAGE-ONLY ACCIDENT),REAR-END,45.67055846,-111.1648326
C116728N,000+0.024,,GALLATIN,January,2016,1:00,SUN,NON-JUNCTION,ROADSIDE RIGHT,CLOUDY,DRY,DARK-NOT LIGHTED,NON-INJURY ACCIDENT (PROPERTY- DAMAGE-ONLY ACCIDENT),FIXED OBJECT,45.67072182,-111.1648382
C116728N,000+0.214,,GALLATIN,July,2015,16:30,THU,DRIVEWAY/ALLEY ACCESS RELATED,ROADSIDE RIGHT,RAIN,WET,DAYLIGHT,NON-INJURY ACCIDENT (PROPERTY- DAMAGE-ONLY ACCIDENT),FIXED OBJECT,45.6679,-111.164905
C116735N,000+0.057,BOZEMAN,GALLATIN,May,2015,9:50,THU,NON-JUNCTION,SHOULDER,UNKNOWN,WET,DAYLIGHT,NON-INJURY ACCIDENT (PROPERTY- DAMAGE-ONLY ACCIDENT),FIXED OBJECT,45.6671744,-111.1532758
C165252N,000+0.043,BELGRADE,GALLATIN,November,2016,22:03,FRI,NON-JUNCTION,ON ROADWAY,CLEAR,DRY,DARK-NOT LIGHTED,NON-INJURY ACCIDENT (PROPERTY- DAMAGE-ONLY ACCIDENT),U TURN,45.77572638,-111.1729639
C224803N,001+0.176,BOZEMAN,GALLATIN,August,2013,16:07,TUE,NON-JUNCTION,ON ROADWAY,CLEAR,DRY,DAYLIGHT,NON-INJURY ACCIDENT (PROPERTY- DAMAGE-ONLY ACCIDENT),FIXED OBJECT,37.69,97.34
C229017E,000+0.040,BELGRADE,GALLATIN,April,2016,17:25,FRI,INTERSECTION-RELATED,ON ROADWAY,CLEAR,DRY,DAYLIGHT,NON-INJURY ACCIDENT (PROPERTY- DAMAGE-ONLY ACCIDENT),REAR-END,45.76694908,-111.185268
C229017E,000+0.377,BELGRADE,GALLATIN,FEBRUARY,2017,22:20,THU,ENTRANCE/EXIT RAMP,ROADSIDE RIGHT,CLEAR,DRY,DARK-LIGHTED,NON-INJURY ACCIDENT (PROPERTY- DAMAGE-ONLY ACCIDENT),FIXED OBJECT,45.76826159,-111.1868672
C229017E,000+0.397,,GALLATIN,January,2015,10:31,WED,ENTRANCE/EXIT RAMP,SHOULDER,CLEAR,DRY,DAYLIGHT,NON-INCAPACITATING EVIDENT INJURY ACCIDENT,FIXED OBJECT,45.76822292,-111.1863687
C229017E,000+0.407,,GALLATIN,March,2014,18:22,MON,ENTRANCE/EXIT RAMP,ROADSIDE RIGHT,CLEAR,DRY,DAYLIGHT,NON-INJURY ACCIDENT (PROPERTY- DAMAGE-ONLY ACCIDENT),ROLL OVER,45.76821558,-111.1862088
C229017E,000+0.531,NOT IN CITY LIMITS,GALLATIN,NOVEMBER,2017,15:20,SUN,ENTRANCE/EXIT RAMP,ON ROADWAY,CLOUDY,SLUSH,DAYLIGHT,NON-INJURY ACCIDENT (PROPERTY- DAMAGE-ONLY ACCIDENT),RIGHT ANGLE,45.76766082,-111.1838293
C229018E,000+0.254,,GALLATIN,May,2016,13:10,SUN,INTERSECTION-RELATED,ON ROADWAY,CLEAR,DRY,DAYLIGHT,NON-INCAPACITATING EVIDENT INJURY ACCIDENT,REAR-END,45.77292589,-111.1977336
C229018E,000+0.266,NOT IN CITY LIMITS,GALLATIN,JUNE,2017,17:05,MON,INTERSECTION,ON ROADWAY,CLOUDY,DRY,DAYLIGHT,NON-INJURY ACCIDENT (PROPERTY- DAMAGE-ONLY ACCIDENT),FIXED OBJECT,45.77274323,-111.1979141
C229018E,000+0.266,NOT IN CITY LIMITS,GALLATIN,OCTOBER,2017,14:30,WED,ENTRANCE/EXIT RAMP,ON ROADWAY,CLEAR,DRY,DAYLIGHT,NON-INJURY ACCIDENT (PROPERTY- DAMAGE-ONLY ACCIDENT),REAR-END,45.7727889,-111.1978594
C229018E,000+0.275,,GALLATIN,January,2014,10:30,SAT,INTERSECTION,ON ROADWAY,SNOW,ICE/FROST,DAYLIGHT,NON-INCAPACITATING EVIDENT INJURY ACCIDENT,RIGHT ANGLE,45.77256891,-111.1979562
C229018E,000+0.275,NOT IN CITY LIMITS,GALLATIN,SEPTEMBER,2017,12:25,THU,INTERSECTION-RELATED,ON ROADWAY,CLEAR,DRY,DAYLIGHT,NON-INJURY ACCIDENT (PROPERTY- DAMAGE-ONLY ACCIDENT),REAR-END,45.77250675,-111.1979716
C229020E,000+0.094,,GALLATIN,October,2016,14:58,SAT,ENTRANCE/EXIT RAMP,ON ROADWAY,CLOUDY,DRY,DAYLIGHT,NON-INCAPACITATING EVIDENT INJURY ACCIDENT,ROLL OVER,45.84996499,-111.3402903
C229020E,000+0.136,,GALLATIN,May,2016,1:45,TUE,ENTRANCE/EXIT RAMP,SHOULDER,CLEAR,DRY,DARK-LIGHTED,POSSIBLE INJURY ACCIDENT,ROLL OVER,45.84948552,-111.3396035
C229020E,000+0.217,,GALLATIN,December,2016,21:32,WED,INTERSECTION,ON ROADWAY,CLOUDY,DRY,DARK-LIGHTED,NON-INJURY ACCIDENT (PROPERTY- DAMAGE-ONLY ACCIDENT),RIGHT ANGLE,45.84895276,-111.3382033
C229022E,000+0.044,,GALLATIN,August,2015,5:40,WED,NON-JUNCTION,ON ROADWAY,CLEAR,DRY,DAWN,NON-INJURY ACCIDENT (PROPERTY- DAMAGE-ONLY ACCIDENT),NOT FIXED OBJECT OR DEBRIS,45.88182642,-111.4422339
C229024E,000+0.034,,GALLATIN,January,2014,5:30,THU,ENTRANCE/EXIT RAMP,ON ROADWAY,CLEAR,DRY,DARK-NOT LIGHTED,NON-INJURY ACCIDENT (PROPERTY- DAMAGE-ONLY ACCIDENT),WILD ANIMAL,45.90142058,-111.5394786
C229043E,000+0.359,,GALLATIN,October,2016,13:50,SAT,NON-JUNCTION,ON ROADWAY,CLOUDY,DRY,DAYLIGHT,NON-INJURY ACCIDENT (PROPERTY- DAMAGE-ONLY ACCIDENT),FIRE/ EXPLOSION,45.76567251,-111.1783233
C229064E,000+0.229,NOT IN CITY LIMITS,GALLATIN,APRIL,2017,9:57,FRI,NON-JUNCTION,MEDIAN,SNOW,WET,DAYLIGHT,NON-INJURY ACCIDENT (PROPERTY- DAMAGE-ONLY ACCIDENT),FIXED OBJECT,45.646183,-110.8810193
C229066E,000+0.143,,GALLATIN,April,2016,1:40,FRI,NON-JUNCTION,ROADSIDE LEFT,CLOUDY,ICE/FROST,DARK-NOT LIGHTED,NON-INJURY ACCIDENT (PROPERTY- DAMAGE-ONLY ACCIDENT),FIXED OBJECT,45.65181834,-110.9434383
C229068E,000+0.053,NOT IN CITY LIMITS,GALLATIN,DECEMBER,2017,16:20,SAT,NON-JUNCTION,ROADSIDE RIGHT,SNOW,SNOW,DAYLIGHT,NON-INJURY ACCIDENT (PROPERTY- DAMAGE-ONLY ACCIDENT),FIXED OBJECT,45.65512055,-110.9465157
C229070E,000+0.140,BOZEMAN,GALLATIN,June,2015,12:43,WED,ENTRANCE/EXIT RAMP,SHOULDER,CLEAR,DRY,DAYLIGHT,NON-INCAPACITATING EVIDENT INJURY ACCIDENT,ROLL OVER,45.67406819,-111.0102746
C229071W,000+0.089,BOZEMAN,GALLATIN,March,2016,7:34,THU,ENTRANCE/EXIT RAMP,ON ROADWAY,CLOUDY,ICE/FROST,DAYLIGHT,NON-INJURY ACCIDENT (PROPERTY- DAMAGE-ONLY ACCIDENT),ROLL OVER,45.67611671,-111.013536
C229072E,000+0.015,BOZEMAN,GALLATIN,December,2014,10:53,MON,NON-JUNCTION,ON ROADWAY,CLEAR,ICE/FROST,DAYLIGHT,NON-INJURY ACCIDENT (PROPERTY- DAMAGE-ONLY ACCIDENT),FIXED OBJECT,45.67873167,-111.0121783
C229072E,000+0.038,BOZEMAN,GALLATIN,May,2016,7:45,TUE,NON-JUNCTION,ROADSIDE RIGHT,BLOWING SNOW,SLUSH,DAYLIGHT,NON-INJURY ACCIDENT (PROPERTY- DAMAGE-ONLY ACCIDENT),FIXED OBJECT,45.67842185,-111.012168
C229073E,000+0.096,BOZEMAN,GALLATIN,MARCH,2017,23:20,WED,NON-JUNCTION,IN PARKING LANE OR ZONE,CLEAR,DRY,DARK-LIGHTED,NON-INJURY ACCIDENT (PROPERTY- DAMAGE-ONLY ACCIDENT),RIGHT ANGLE,45.69478805,-111.0440916
C229073E,000+0.106,BOZEMAN,GALLATIN,June,2016,9:15,SUN,OTHER LOCATION,IN PARKING LANE OR ZONE,CLEAR,DRY,DAYLIGHT,NON-INJURY ACCIDENT (PROPERTY- DAMAGE-ONLY ACCIDENT),"SIDESWIPE, SAME DIRECTION",45.69555819,-111.0439169
C229074E,000+0.051,BOZEMAN,GALLATIN,November,2016,11:20,WED,NON-JUNCTION,ON ROADWAY,CLOUDY,DRY,DAYLIGHT,NON-INJURY ACCIDENT (PROPERTY- DAMAGE-ONLY ACCIDENT),WILD ANIMAL,45.69755422,-111.0500559
C229074E,000+0.264,BOZEMAN,GALLATIN,August,2016,19:40,FRI,INTERSECTION,ON ROADWAY,CLEAR,DRY,DAYLIGHT,POSSIBLE INJURY ACCIDENT,RIGHT ANGLE,45.69601514,-111.0463175
C229074E,000+0.264,BOZEMAN,GALLATIN,MARCH,2017,22:59,SAT,INTERSECTION-RELATED,ON ROADWAY,CLEAR,DRY,DARK-LIGHTED,POSSIBLE INJURY ACCIDENT,RIGHT ANGLE,45.69601602,-111.0463265
C229074E,000+0.272,BOZEMAN,GALLATIN,SEPTEMBER,2017,16:33,WED,INTERSECTION,ON ROADWAY,RAIN,WET,DAYLIGHT,NON-INJURY ACCIDENT (PROPERTY- DAMAGE-ONLY ACCIDENT),REAR-END,45.69594857,-111.0461601
C229075E,000+0.254,BOZEMAN,GALLATIN,January,2015,7:36,TUE,ENTRANCE/EXIT RAMP,SHOULDER,"FOG, SMOG, SMOKE",ICE/FROST,DAWN,NON-INJURY ACCIDENT (PROPERTY- DAMAGE-ONLY ACCIDENT),FIXED OBJECT,45.71047702,-111.0618633
C229075E,000+0.262,BOZEMAN,GALLATIN,January,2015,7:36,TUE,ENTRANCE/EXIT RAMP,ON ROADWAY,"FOG, SMOG, SMOKE",ICE/FROST,DAWN,NON-INJURY ACCIDENT (PROPERTY- DAMAGE-ONLY ACCIDENT),NOT FIXED OBJECT OR DEBRIS,45.710365,-111.0618317
C229075E,000+0.262,BOZEMAN,GALLATIN,January,2016,18:59,THU,NON-JUNCTION,ON ROADWAY,SNOW,SNOW,DARK-NOT LIGHTED,NON-INJURY ACCIDENT (PROPERTY- DAMAGE-ONLY ACCIDENT),ROLL OVER,45.71027859,-111.0617597
C229076E,000+0.062,NOT IN CITY LIMITS,GALLATIN,NOVEMBER,2017,17:25,MON,NON-JUNCTION,ROADSIDE RIGHT,CLEAR,ICE/FROST,DUSK,NON-INJURY ACCIDENT (PROPERTY- DAMAGE-ONLY ACCIDENT),FIXED OBJECT,45.71820731,-111.0686343
C229076E,000+0.466,BOZEMAN,GALLATIN,October,2015,17:55,FRI,ENTRANCE/EXIT RAMP,ON ROADWAY,CLOUDY,DRY,DAYLIGHT,NON-INJURY ACCIDENT (PROPERTY- DAMAGE-ONLY ACCIDENT),REAR-END,45.71330859,-111.0649206
C229076E,000+0.466,BOZEMAN,GALLATIN,October,2016,12:28,WED,INTERSECTION,ON ROADWAY,CLOUDY,DRY,DAYLIGHT,POSSIBLE INJURY ACCIDENT,RIGHT ANGLE,45.71334257,-111.0648679
C229076E,000+0.474,BOZEMAN,GALLATIN,March,2014,8:42,TUE,INTERSECTION,ON ROADWAY,CLOUDY,ICE/FROST,DAYLIGHT,NON-INJURY ACCIDENT (PROPERTY- DAMAGE-ONLY ACCIDENT),RIGHT ANGLE,45.71327608,-111.0647039
C229076E,000+0.474,BOZEMAN,GALLATIN,August,2014,17:20,SUN,INTERSECTION,ON ROADWAY,CLEAR,DRY,DAYLIGHT,NON-INJURY ACCIDENT (PROPERTY- DAMAGE-ONLY ACCIDENT),RIGHT ANGLE,45.71329847,-111.0647574
C229227W,000+0.085,,GALLATIN,July,2015,18:30,SAT,ENTRANCE/EXIT RAMP,ON ROADWAY,CLEAR,DRY,DAYLIGHT,NON-INJURY ACCIDENT (PROPERTY- DAMAGE-ONLY ACCIDENT),LOST CONTROL,45.88219167,-111.4335
C229227W,000+0.279,,GALLATIN,October,2014,19:55,SAT,ENTRANCE/EXIT RAMP,SHOULDER,CLEAR,DRY,DARK-NOT LIGHTED,NON-INJURY ACCIDENT (PROPERTY- DAMAGE-ONLY ACCIDENT),FIXED OBJECT,45.88254701,-111.4375006
C229228W,000+0.026,,GALLATIN,November,2014,15:30,TUE,INTERSECTION-RELATED,ON ROADWAY,CLOUDY,DRY,DAYLIGHT,NON-INJURY ACCIDENT (PROPERTY- DAMAGE-ONLY ACCIDENT),FIXED OBJECT,45.90245271,-111.5337169
C229229W,000+0.054,NOT IN CITY LIMITS,GALLATIN,JULY,2017,23:30,SUN,NON-JUNCTION,ON ROADWAY,CLEAR,DRY,DARK-NOT LIGHTED,NON-INJURY ACCIDENT (PROPERTY- DAMAGE-ONLY ACCIDENT),"SIDESWIPE, SAME DIRECTION",45.90066833,-111.5302267
C229229W,000+0.156,,GALLATIN,July,2015,16:00,SUN,ENTRANCE/EXIT RAMP,ROADSIDE LEFT,CLEAR,DRY,DAYLIGHT,NON-INJURY ACCIDENT (PROPERTY- DAMAGE-ONLY ACCIDENT),FIXED OBJECT,45.90132,-111.532015
C229229W,000+0.213,NOT IN CITY LIMITS,GALLATIN,JUNE,2017,12:45,FRI,NON-JUNCTION,ROADSIDE RIGHT,CLEAR,DRY,DAYLIGHT,NON-INJURY ACCIDENT (PROPERTY- DAMAGE-ONLY ACCIDENT),FIXED OBJECT,45.90197418,-111.5328208
C229229W,000+0.240,,GALLATIN,May,2014,8:15,FRI,INTERSECTION,OUTSIDE RIGHT-OF-WAY (TRAFFICWAY),CLEAR,DRY,DAYLIGHT,NON-INJURY ACCIDENT (PROPERTY- DAMAGE-ONLY ACCIDENT),FIXED OBJECT,45.9023102,-111.533253
C229229W,000+0.240,,GALLATIN,July,2014,21:09,TUE,ENTRANCE/EXIT RAMP,ON ROADWAY,RAIN,WET,DARK-NOT LIGHTED,NON-INJURY ACCIDENT (PROPERTY- DAMAGE-ONLY ACCIDENT),RIGHT ANGLE,45.90223166,-111.5332461
C229229W,000+0.240,NOT IN CITY LIMITS,GALLATIN,AUGUST,2017,17:25,SUN,ENTRANCE/EXIT RAMP,ON ROADWAY,CLOUDY,DRY,DAYLIGHT,NON-INJURY ACCIDENT (PROPERTY- DAMAGE-ONLY ACCIDENT),RIGHT ANGLE,45.90225211,-111.5332734
C229253W,000+0.252,,GALLATIN,July,2015,6:00,SAT,NON-JUNCTION,OFF ROADWAY LOCATION UNKNOWN,CLEAR,DRY,DAYLIGHT,NON-INJURY ACCIDENT (PROPERTY- DAMAGE-ONLY ACCIDENT),FIXED OBJECT,45.88301297,-111.4427478
C229270W,000+0.109,BOZEMAN,GALLATIN,March,2015,0:52,FRI,NON-JUNCTION,ON ROADWAY,CLOUDY,DRY,DARK-NOT LIGHTED,NON-INJURY ACCIDENT (PROPERTY- DAMAGE-ONLY ACCIDENT),NOT FIXED OBJECT OR DEBRIS,45.66454,-110.8379
C229272W,000+0.016,,GALLATIN,July,2015,8:15,SUN,ENTRANCE/EXIT RAMP,ON ROADWAY,CLOUDY,DRY,DAYLIGHT,NON-INJURY ACCIDENT (PROPERTY- DAMAGE-ONLY ACCIDENT),FIXED OBJECT,45.64732893,-110.8859287
C229272W,000+0.116,NOT IN CITY LIMITS,GALLATIN,DECEMBER,2017,15:10,WED,NON-JUNCTION,ON ROADWAY,CLOUDY,ICE/FROST,DAYLIGHT,NON-INJURY ACCIDENT (PROPERTY- DAMAGE-ONLY ACCIDENT),FIXED OBJECT,45.64708531,-110.8880272
C229273W,000+0.028,,GALLATIN,May,2016,22:30,MON,NON-JUNCTION,ON ROADWAY,CLOUDY,DRY,DARK-LIGHTED,NON-INJURY ACCIDENT (PROPERTY- DAMAGE-ONLY ACCIDENT),WILD ANIMAL,45.65010888,-110.8614288
C229273W,000+0.051,,GALLATIN,November,2015,8:38,SUN,NON-JUNCTION,ON ROADWAY,CLEAR,DRY,DAYLIGHT,NON-INJURY ACCIDENT (PROPERTY- DAMAGE-ONLY ACCIDENT),"SIDESWIPE, SAME DIRECTION",45.64665167,-110.8821583
C229275W,000+0.209,,GALLATIN,April,2016,13:20,THU,NON-JUNCTION,SHOULDER,CLEAR,DRY,DAYLIGHT,NON-INJURY ACCIDENT (PROPERTY- DAMAGE-ONLY ACCIDENT),FIXED OBJECT,45.65386204,-110.9444566
C229276W,000+0.116,BOZEMAN,GALLATIN,August,2016,2:52,FRI,ENTRANCE/EXIT RAMP,SHOULDER,RAIN,WET,DARK-LIGHTED,NON-INJURY ACCIDENT (PROPERTY- DAMAGE-ONLY ACCIDENT),FIXED OBJECT,45.67688396,-111.0085012
C229276W,000+0.132,BOZEMAN,GALLATIN,JULY,2017,20:42,THU,ENTRANCE/EXIT RAMP,ROADSIDE RIGHT,CLEAR,DRY,DUSK,NON-INJURY ACCIDENT (PROPERTY- DAMAGE-ONLY ACCIDENT),FIXED OBJECT,45.67703247,-111.0087051
C229276W,000+0.156,BOZEMAN,GALLATIN,May,2015,2:45,SAT,NON-JUNCTION,MEDIAN,CLEAR,DRY,DARK-LIGHTED,NON-INJURY ACCIDENT (PROPERTY- DAMAGE-ONLY ACCIDENT),FIXED OBJECT,45.67728275,-111.0090359
C229276W,000+0.198,BOZEMAN,GALLATIN,DECEMBER,2017,15:00,SUN,NON-JUNCTION,GORE,CLEAR,ICE/FROST,DAYLIGHT,NON-INJURY ACCIDENT (PROPERTY- DAMAGE-ONLY ACCIDENT),FIXED OBJECT,45.67740104,-111.0099697
C229277W,000+0.076,BOZEMAN,GALLATIN,December,2016,13:05,THU,ENTRANCE/EXIT RAMP,ROADSIDE RIGHT,SNOW,ICE/FROST,DAYLIGHT,NON-INJURY ACCIDENT (PROPERTY- DAMAGE-ONLY ACCIDENT),FIXED OBJECT,45.67539065,-111.0096652
C229277W,000+0.084,BOZEMAN,GALLATIN,DECEMBER,2017,15:48,WED,ENTRANCE/EXIT RAMP,ROADSIDE RIGHT,CLOUDY,SNOW,DUSK,NON-INJURY ACCIDENT (PROPERTY- DAMAGE-ONLY ACCIDENT),FIXED OBJECT,45.67529886,-111.009758
C229277W,000+0.100,BOZEMAN,GALLATIN,September,2016,22:02,THU,NON-JUNCTION,ROADSIDE LEFT,CLOUDY,DRY,DARK-LIGHTED,NON-INCAPACITATING EVIDENT INJURY ACCIDENT,FIXED OBJECT,45.67521911,-111.0100385
C229278W,000+0.112,BOZEMAN,GALLATIN,May,2014,17:50,THU,ENTRANCE/EXIT RAMP,SHOULDER,CLEAR,DRY,DAYLIGHT,NON-INJURY ACCIDENT (PROPERTY- DAMAGE-ONLY ACCIDENT),ROLL OVER,45.67688328,-111.010755
C229278W,000+0.112,BOZEMAN,GALLATIN,JULY,2017,9:11,THU,ENTRANCE/EXIT RAMP,ON ROADWAY,CLEAR,DRY,DAYLIGHT,NON-INCAPACITATING EVIDENT INJURY ACCIDENT,NOT FIXED OBJECT OR DEBRIS,45.67688164,-111.0108256
C229279W,000+0.000,BOZEMAN,GALLATIN,DECEMBER,2017,14:54,SUN,INTERSECTION,ON ROADWAY,CLEAR,SNOW,DAYLIGHT,NON-INJURY ACCIDENT (PROPERTY- DAMAGE-ONLY ACCIDENT),RIGHT ANGLE,45.69813236,-111.0461762
C229279W,000+0.021,BOZEMAN,GALLATIN,December,2015,20:12,SAT,ENTRANCE/EXIT RAMP,SHOULDER,CLEAR,SNOW,DARK-NOT LIGHTED,NON-INJURY ACCIDENT (PROPERTY- DAMAGE-ONLY ACCIDENT),FIXED OBJECT,45.69811557,-111.0466267
C229279W,000+0.027,BOZEMAN,GALLATIN,March,2016,20:48,MON,ENTRANCE/EXIT RAMP,ON ROADWAY,CLEAR,WET,DARK-LIGHTED,POSSIBLE INJURY ACCIDENT,RIGHT ANGLE,45.69811999,-111.0467273
C229280W,000+0.200,BOZEMAN,GALLATIN,DECEMBER,2017,13:05,SUN,NON-JUNCTION,ROADSIDE RIGHT,CLOUDY,ICE/FROST,DAYLIGHT,NON-INJURY ACCIDENT (PROPERTY- DAMAGE-ONLY ACCIDENT),FIXED OBJECT,45.69763791,-111.0449195
C229280W,000+0.248,BOZEMAN,GALLATIN,DECEMBER,2017,12:50,SAT,INTERSECTION-RELATED,ON ROADWAY,CLEAR,ICE/FROST,DAYLIGHT,NON-INJURY ACCIDENT (PROPERTY- DAMAGE-ONLY ACCIDENT),REAR-END,45.69789882,-111.0458465
C229280W,000+0.259,BOZEMAN,GALLATIN,February,2016,16:15,SUN,INTERSECTION,ON ROADWAY,CLEAR,DRY,DAYLIGHT,NON-INJURY ACCIDENT (PROPERTY- DAMAGE-ONLY ACCIDENT),REAR-END,45.69800558,-111.0460488
C229280W,000+0.263,BOZEMAN,GALLATIN,June,2015,18:08,WED,INTERSECTION,ON ROADWAY,CLEAR,DRY,DAYLIGHT,POSSIBLE INJURY ACCIDENT,RIGHT ANGLE,45.69809931,-111.0461076
C229280W,000+0.263,BOZEMAN,GALLATIN,April,2015,18:35,THU,INTERSECTION,ON ROADWAY,CLEAR,DRY,DAYLIGHT,POSSIBLE INJURY ACCIDENT,RIGHT ANGLE,45.69806839,-111.0461014
C229281W,000+0.000,BOZEMAN,GALLATIN,MAY,2017,18:41,FRI,INTERSECTION-RELATED,ON ROADWAY,CLEAR,DRY,DAYLIGHT,NON-INJURY ACCIDENT (PROPERTY- DAMAGE-ONLY ACCIDENT),RIGHT ANGLE,45.71596718,-111.0636427
C229281W,000+0.007,BOZEMAN,GALLATIN,December,2015,17:40,THU,ENTRANCE/EXIT RAMP,SHOULDER,SNOW,SNOW,DARK-LIGHTED,NON-INJURY ACCIDENT (PROPERTY- DAMAGE-ONLY ACCIDENT),FIXED OBJECT,45.71596557,-111.0637389
C229282W,000+0.116,BOZEMAN,GALLATIN,December,2015,15:00,FRI,ENTRANCE/EXIT RAMP,ON ROADWAY,CLEAR,ICE/FROST,DAYLIGHT,POSSIBLE INJURY ACCIDENT,ROLL OVER,45.71286963,-111.0619948
C229282W,000+0.270,NOT IN CITY LIMITS,GALLATIN,OCTOBER,2017,0:50,WED,NON-JUNCTION,ROADSIDE RIGHT,CLOUDY,DRY,DARK-NOT LIGHTED,NON-INJURY ACCIDENT (PROPERTY- DAMAGE-ONLY ACCIDENT),FIXED OBJECT,45.71505131,-111.062303
C229282W,000+0.352,BOZEMAN,GALLATIN,August,2015,18:30,WED,INTERSECTION,ON ROADWAY,"FOG, SMOG, SMOKE",DRY,DAYLIGHT,NON-INJURY ACCIDENT (PROPERTY- DAMAGE-ONLY ACCIDENT),RIGHT ANGLE,45.71587672,-111.0635545
C229283W,000+0.008,BELGRADE,GALLATIN,December,2015,20:30,WED,ACCELERATION/DECELERATION LANE,ON ROADWAY,CLEAR,ICE/FROST,DARK-LIGHTED,NON-INJURY ACCIDENT (PROPERTY- DAMAGE-ONLY ACCIDENT),REAR-END,45.76918561,-111.185253
C229283W,000+0.008,BELGRADE,GALLATIN,September,2015,12:35,SAT,ENTRANCE/EXIT RAMP,ON ROADWAY,CLEAR,WET,DAYLIGHT,NON-INJURY ACCIDENT (PROPERTY- DAMAGE-ONLY ACCIDENT),"LEFT TURN, SAME DIRECTION",45.76915604,-111.1852586
C229283W,000+0.008,BELGRADE,GALLATIN,December,2015,14:45,THU,INTERSECTION-RELATED,ON ROADWAY,CLEAR,ICE/FROST,DAYLIGHT,NON-INJURY ACCIDENT (PROPERTY- DAMAGE-ONLY ACCIDENT),REAR-END,45.7691786,-111.1852725