MDT_CORRIDOR_ID,SMS_REFPOST_OFFSET,CITY,COUNTY,Month,Year,SMS_TIME,SMT_CRASH_OCC_DAY_OF_WEEK,JUNCTION_RELATED,ROADWAY_RELATED,WEATHER_COND,ROAD_COND,LIGHT_COND,CRASH_SEVERITY,COLLISION_TYPE,LATITUDE,LONGITUDE
C229283W,000+0.404,,GALLATIN,August,2015,22:30,FRI,NON-JUNCTION,SHOULDER,CLOUDY,DRY,DARK-NOT LIGHTED,NON-INJURY ACCIDENT (PROPERTY- DAMAGE-ONLY ACCIDENT),FIXED OBJECT,45.77139167,-111.1928117
C229284W,000+0.062,NOT IN CITY LIMITS,GALLATIN,JANUARY,2017,16:00,TUE,NON-JUNCTION,ON ROADWAY,SNOW,SNOW,DAYLIGHT,NON-INJURY ACCIDENT (PROPERTY- DAMAGE-ONLY ACCIDENT),RIGHT ANGLE,45.76727252,-111.1816144
C229284W,000+0.200,BELGRADE,GALLATIN,September,2014,14:05,SUN,INTERSECTION-RELATED,ON ROADWAY,CLEAR,DRY,DAYLIGHT,NON-INJURY ACCIDENT (PROPERTY- DAMAGE-ONLY ACCIDENT),REAR-END,45.76853067,-111.1838956
C229284W,000+0.234,BELGRADE,GALLATIN,December,2014,21:00,SAT,INTERSECTION-RELATED,ON ROADWAY,SNOW,WET,DARK-LIGHTED,POSSIBLE INJURY ACCIDENT,REAR-END,45.76885586,-111.1844909
C229284W,000+0.240,,GALLATIN,June,2014,16:55,WED,INTERSECTION-RELATED,ON ROADWAY,CLEAR,DRY,DAYLIGHT,NON-INJURY ACCIDENT (PROPERTY- DAMAGE-ONLY ACCIDENT),REAR-END,45.76891313,-111.1845719
C229284W,000+0.240,,GALLATIN,January,2015,14:31,WED,ENTRANCE/EXIT RAMP,ON ROADWAY,CLEAR,DRY,DAYLIGHT,NON-INJURY ACCIDENT (PROPERTY- DAMAGE-ONLY ACCIDENT),REAR-END,45.76898667,-111.1845233
C229284W,000+0.250,BELGRADE,GALLATIN,February,2014,18:35,MON,INTERSECTION-RELATED,ON ROADWAY,CLEAR,DRY,DARK-LIGHTED,NON-INJURY ACCIDENT (PROPERTY- DAMAGE-ONLY ACCIDENT),REAR-END,45.76899511,-111.1846947
C229284W,000+0.253,BELGRADE,GALLATIN,February,2014,17:50,MON,NON-JUNCTION,ON ROADWAY,SNOW,ICE/FROST,DAYLIGHT,NON-INJURY ACCIDENT (PROPERTY- DAMAGE-ONLY ACCIDENT),REAR-END,45.76899833,-111.1847967
C229284W,000+0.253,,GALLATIN,March,2014,11:45,WED,INTERSECTION,ON ROADWAY,CLOUDY,DRY,DAYLIGHT,NON-INJURY ACCIDENT (PROPERTY- DAMAGE-ONLY ACCIDENT),REAR-END,45.76902931,-111.184886
C229284W,000+0.253,,GALLATIN,October,2015,16:05,THU,ENTRANCE/EXIT RAMP,ON ROADWAY,CLOUDY,DRY,DAYLIGHT,NON-INJURY ACCIDENT (PROPERTY- DAMAGE-ONLY ACCIDENT),REAR-END,45.76901908,-111.1848929
C229284W,000+0.253,BELGRADE,GALLATIN,DECEMBER,2017,15:34,MON,INTERSECTION-RELATED,ON ROADWAY,CLEAR,DRY,DAYLIGHT,NON-INJURY ACCIDENT (PROPERTY- DAMAGE-ONLY ACCIDENT),REAR-END,37.69,-97.34
C229284W,000+0.253,BELGRADE,GALLATIN,SEPTEMBER,2017,10:00,FRI,INTERSECTION,ON ROADWAY,OTHER,DRY,DAYLIGHT,NON-INJURY ACCIDENT (PROPERTY- DAMAGE-ONLY ACCIDENT),REAR-END,45.76909287,-111.184844
C229284W,000+0.264,BELGRADE,GALLATIN,September,2015,9:00,SAT,INTERSECTION-RELATED,ON ROADWAY,CLEAR,DRY,DAYLIGHT,NON-INJURY ACCIDENT (PROPERTY- DAMAGE-ONLY ACCIDENT),REAR-END,45.76912452,-111.1850311
C229284W,000+0.264,BELGRADE,GALLATIN,January,2015,19:00,THU,ENTRANCE/EXIT RAMP,ON ROADWAY,SNOW,SNOW,DARK-LIGHTED,POSSIBLE INJURY ACCIDENT,REAR-END,45.76910622,-111.1849049
C229284W,000+0.264,BELGRADE,GALLATIN,March,2015,16:35,WED,ENTRANCE/EXIT RAMP,ON ROADWAY,CLEAR,DRY,DAYLIGHT,NON-INJURY ACCIDENT (PROPERTY- DAMAGE-ONLY ACCIDENT),OTHER,45.769175,-111.1848933
C229284W,000+0.264,BELGRADE,GALLATIN,October,2015,17:25,THU,ENTRANCE/EXIT RAMP,ON ROADWAY,CLOUDY,WET,DAYLIGHT,POSSIBLE INJURY ACCIDENT,REAR-END,45.76912604,-111.1850233
C229284W,000+0.264,BELGRADE,GALLATIN,September,2016,18:50,SAT,INTERSECTION,ON ROADWAY,RAIN,WET,DAYLIGHT,NON-INJURY ACCIDENT (PROPERTY- DAMAGE-ONLY ACCIDENT),REAR-END,45.76913529,-111.1850489
C229284W,000+0.264,BELGRADE,GALLATIN,August,2016,10:30,SUN,INTERSECTION,ON ROADWAY,CLEAR,DRY,DAYLIGHT,NON-INJURY ACCIDENT (PROPERTY- DAMAGE-ONLY ACCIDENT),REAR-END,45.76913034,-111.1850447
C229284W,000+0.264,BELGRADE,GALLATIN,November,2016,18:02,MON,INTERSECTION,ON ROADWAY,CLEAR,DRY,DAYLIGHT,NON-INJURY ACCIDENT (PROPERTY- DAMAGE-ONLY ACCIDENT),REAR-END,45.76913031,-111.185049
C229284W,000+0.264,BELGRADE,GALLATIN,October,2016,18:50,WED,INTERSECTION,ON ROADWAY,CLEAR,DRY,DUSK,NON-INJURY ACCIDENT (PROPERTY- DAMAGE-ONLY ACCIDENT),REAR-END,45.76912978,-111.1850179
C229284W,000+0.264,BELGRADE,GALLATIN,June,2016,18:58,TUE,INTERSECTION-RELATED,ON ROADWAY,CLEAR,DRY,DAYLIGHT,INCAPACITATING INJURY ACCIDENT,REAR-END,45.76920323,-111.1849329
C229284W,000+0.264,BELGRADE,GALLATIN,June,2016,17:20,FRI,INTERSECTION,ON ROADWAY,CLEAR,DRY,DAYLIGHT,NON-INJURY ACCIDENT (PROPERTY- DAMAGE-ONLY ACCIDENT),REAR-END,45.76912741,-111.1850392
C229284W,000+0.264,BELGRADE,GALLATIN,February,2016,9:50,SAT,ENTRANCE/EXIT RAMP,ON ROADWAY,CLOUDY,DRY,DAYLIGHT,NON-INCAPACITATING EVIDENT INJURY ACCIDENT,REAR-END,45.76907029,-111.184927
C229284W,000+0.264,BELGRADE,GALLATIN,March,2016,10:00,WED,INTERSECTION-RELATED,ON ROADWAY,CLEAR,DRY,DAYLIGHT,NON-INJURY ACCIDENT (PROPERTY- DAMAGE-ONLY ACCIDENT),REAR-END,45.76911913,-111.1850226
C229284W,000+0.264,BELGRADE,GALLATIN,December,2016,14:01,THU,INTERSECTION,ON ROADWAY,CLEAR,ICE/FROST,DAYLIGHT,NON-INJURY ACCIDENT (PROPERTY- DAMAGE-ONLY ACCIDENT),REAR-END,45.76911293,-111.1850315
C229284W,000+0.264,BELGRADE,GALLATIN,DECEMBER,2017,17:18,THU,INTERSECTION,ON ROADWAY,CLEAR,DRY,DARK-LIGHTED,POSSIBLE INJURY ACCIDENT,REAR-END,45.76910681,-111.1849809
C229284W,000+0.264,BELGRADE,GALLATIN,JULY,2017,18:00,THU,INTERSECTION,ON ROADWAY,CLEAR,DRY,DAYLIGHT,POSSIBLE INJURY ACCIDENT,REAR-END,45.76913612,-111.1848742
C229284W,000+0.264,BELGRADE,GALLATIN,JUNE,2017,16:05,THU,INTERSECTION,ON ROADWAY,CLEAR,DRY,DAYLIGHT,POSSIBLE INJURY ACCIDENT,REAR-END,45.76913412,-111.1850479
C229284W,000+0.264,BELGRADE,GALLATIN,JUNE,2017,17:50,WED,INTERSECTION,ON ROADWAY,CLEAR,DRY,DAYLIGHT,NON-INJURY ACCIDENT (PROPERTY- DAMAGE-ONLY ACCIDENT),REAR-END,45.76915678,-111.184875
C229284W,000+0.264,BELGRADE,GALLATIN,NOVEMBER,2017,7:53,TUE,INTERSECTION,ON ROADWAY,CLEAR,ICE/FROST,DAYLIGHT,NON-INJURY ACCIDENT (PROPERTY- DAMAGE-ONLY ACCIDENT),REAR-END,45.76910683,-111.1850694
C229284W,000+0.264,BELGRADE,GALLATIN,NOVEMBER,2017,21:35,WED,INTERSECTION,ON ROADWAY,CLOUDY,ICE/FROST,DARK-LIGHTED,NON-INJURY ACCIDENT (PROPERTY- DAMAGE-ONLY ACCIDENT),RIGHT ANGLE,45.76911736,-111.1850379
C229284W,000+0.274,BELGRADE,GALLATIN,APRIL,2017,16:13,FRI,INTERSECTION,ON ROADWAY,CLEAR,DRY,DAYLIGHT,NON-INJURY ACCIDENT (PROPERTY- DAMAGE-ONLY ACCIDENT),RIGHT ANGLE,45.76914738,-111.1852416
C229284W,000+0.274,BELGRADE,GALLATIN,AUGUST,2017,18:00,MON,INTERSECTION,ON ROADWAY,CLEAR,DRY,DAYLIGHT,NON-INJURY ACCIDENT (PROPERTY- DAMAGE-ONLY ACCIDENT),RIGHT ANGLE,45.76913824,-111.1851975
C229284W,000+0.274,BELGRADE,GALLATIN,NOVEMBER,2017,9:04,FRI,INTERSECTION,ON ROADWAY,SNOW,SNOW,DAYLIGHT,NON-INJURY ACCIDENT (PROPERTY- DAMAGE-ONLY ACCIDENT),"LEFT TURN, OPPOSITE DIRECTION",45.76912948,-111.1850897
C229285W,000+0.255,,GALLATIN,November,2016,21:25,SUN,NON-JUNCTION,ON ROADWAY,CLOUDY,DRY,DARK-LIGHTED,NON-INJURY ACCIDENT (PROPERTY- DAMAGE-ONLY ACCIDENT),FIRE/ EXPLOSION,45.85180283,-111.3431168
C229286W,000+0.152,NOT IN CITY LIMITS,GALLATIN,OCTOBER,2017,15:25,THU,ENTRANCE/EXIT RAMP,ROADSIDE RIGHT,CLEAR,DRY,DAYLIGHT,NON-INJURY ACCIDENT (PROPERTY- DAMAGE-ONLY ACCIDENT),FIXED OBJECT,45.84998398,-111.3366385
C229286W,000+0.240,,GALLATIN,April,2016,17:55,TUE,ENTRANCE/EXIT RAMP,ON ROADWAY,CLEAR,DRY,DAYLIGHT,POSSIBLE INJURY ACCIDENT,REAR-END,45.85083107,-111.3380325
C241761N,000+0.000,BOZEMAN,GALLATIN,November,2014,11:55,WED,INTERSECTION,ON ROADWAY,CLEAR,ICE/FROST,DAYLIGHT,NON-INJURY ACCIDENT (PROPERTY- DAMAGE-ONLY ACCIDENT),RIGHT ANGLE,45.66397623,-111.0547739
C241761N,000+0.173,BOZEMAN,GALLATIN,January,2016,20:45,SUN,OTHER LOCATION,IN PARKING LANE OR ZONE,CLEAR,SNOW,DARK-NOT LIGHTED,NON-INJURY ACCIDENT (PROPERTY- DAMAGE-ONLY ACCIDENT),HEAD ON,45.6625333,-111.0533189
C241763N,000+0.000,BOZEMAN,GALLATIN,JANUARY,2017,10:13,TUE,DRIVEWAY/ALLEY ACCESS RELATED,ON ROADWAY,BLOWING SNOW,SNOW,DAYLIGHT,NON-INJURY ACCIDENT (PROPERTY- DAMAGE-ONLY ACCIDENT),HEAD ON,45.68568911,-111.0292477
C241768N,000+0.024,BOZEMAN,GALLATIN,May,2016,10:40,SAT,NON-JUNCTION,ROADSIDE RIGHT,CLEAR,DRY,DAYLIGHT,NON-INJURY ACCIDENT (PROPERTY- DAMAGE-ONLY ACCIDENT),REAR-END,45.68024911,-111.025121
C241788N,000+0.088,BOZEMAN,GALLATIN,February,2016,2:39,MON,INTERSECTION-RELATED,OUTSIDE RIGHT-OF-WAY (TRAFFICWAY),SNOW,WET,DARK-NOT LIGHTED,UNKNOWN,FIXED OBJECT,45.69983069,-111.0728545
C241790N,000+0.023,BOZEMAN,GALLATIN,May,2015,18:45,FRI,NON-JUNCTION,ON ROADWAY,CLEAR,DRY,DAYLIGHT,INCAPACITATING INJURY ACCIDENT,FELL/ JUMPED FROM MOTOR VEHICLE,45.69545262,-111.0751132
C241790N,000+0.106,BOZEMAN,GALLATIN,January,2015,12:00,MON,INTERSECTION,ON ROADWAY,CLOUDY,DRY,DAYLIGHT,NON-INJURY ACCIDENT (PROPERTY- DAMAGE-ONLY ACCIDENT),RIGHT ANGLE,45.69540429,-111.073617
C241807N,000+0.039,BOZEMAN,GALLATIN,June,2014,16:53,SUN,NON-JUNCTION,ON ROADWAY,CLEAR,DRY,DAYLIGHT,FATAL ACCIDENT,FELL/ JUMPED FROM MOTOR VEHICLE,45.68919946,-111.0871593
C245534N,000+0.019,NOT IN CITY LIMITS,GALLATIN,JULY,2017,0:45,WED,NON-JUNCTION,ON ROADWAY,CLOUDY,DRY,DARK-NOT LIGHTED,UNKNOWN,PARKED VEHICLE,45.77625,-111.21247
C245579N,000+0.000,BOZEMAN,GALLATIN,DECEMBER,2017,7:57,WED,INTERSECTION,ON ROADWAY,SNOW,SNOW,DAYLIGHT,NON-INJURY ACCIDENT (PROPERTY- DAMAGE-ONLY ACCIDENT),REAR-END,45.69291798,-111.0726905
C245579N,000+0.000,BOZEMAN,GALLATIN,DECEMBER,2017,12:51,WED,NON-JUNCTION,MEDIAN,BLOWING SNOW,SNOW,DAYLIGHT,NON-INJURY ACCIDENT (PROPERTY- DAMAGE-ONLY ACCIDENT),FIXED OBJECT,45.69291798,-111.0726905
C245579N,000+0.259,BOZEMAN,GALLATIN,April,2015,8:18,THU,INTERSECTION,ON ROADWAY,CLEAR,DRY,DAYLIGHT,NON-INJURY ACCIDENT (PROPERTY- DAMAGE-ONLY ACCIDENT),RIGHT ANGLE,45.69665388,-111.0725867
C245579N,000+0.259,BOZEMAN,GALLATIN,October,2015,14:08,TUE,INTERSECTION,ON ROADWAY,RAIN,WET,DAYLIGHT,NON-INJURY ACCIDENT (PROPERTY- DAMAGE-ONLY ACCIDENT),RIGHT ANGLE,45.69664728,-111.0725698
C245579N,000+0.259,BOZEMAN,GALLATIN,July,2016,18:29,SAT,INTERSECTION,ON ROADWAY,CLEAR,DRY,DAYLIGHT,NON-INCAPACITATING EVIDENT INJURY ACCIDENT,HEAD ON,45.69665425,-111.0726078
C245592N,000+0.183,WEST YELLOWSTONE,GALLATIN,December,2016,22:30,THU,NON-JUNCTION,IN PARKING LANE OR ZONE,CLEAR,SNOW,DARK-NOT LIGHTED,NON-INJURY ACCIDENT (PROPERTY- DAMAGE-ONLY ACCIDENT),"SIDESWIPE, OPPOSITE DIRECTION",44.66280025,-111.1055002
C245593N,000+0.081,BELGRADE,GALLATIN,November,2015,23:05,SAT,DRIVEWAY/ALLEY ACCESS RELATED,ON ROADWAY,CLEAR,SNOW,DARK-NOT LIGHTED,NON-INJURY ACCIDENT (PROPERTY- DAMAGE-ONLY ACCIDENT),REAR TO SIDE,45.77176905,-111.1726581
C245593N,000+0.204,BELGRADE,GALLATIN,April,2014,9:18,SAT,NON-JUNCTION,SHOULDER,CLEAR,DRY,DAYLIGHT,NON-INJURY ACCIDENT (PROPERTY- DAMAGE-ONLY ACCIDENT),NOT FIXED OBJECT OR DEBRIS,45.77070764,-111.170642
C245601N,000+0.067,BOZEMAN,GALLATIN,February,2016,12:15,WED,NON-JUNCTION,ON ROADWAY,CLOUDY,DRY,DAYLIGHT,NON-INJURY ACCIDENT (PROPERTY- DAMAGE-ONLY ACCIDENT),RIGHT ANGLE,45.67725887,-111.0394576
C245601N,000+0.067,BOZEMAN,GALLATIN,December,2016,9:23,MON,DRIVEWAY/ALLEY ACCESS RELATED,ON ROADWAY,CLOUDY,SNOW,DAYLIGHT,NON-INJURY ACCIDENT (PROPERTY- DAMAGE-ONLY ACCIDENT),RIGHT ANGLE,45.67728801,-111.0394886
C245619N,000+0.049,THREE FORKS,GALLATIN,February,2016,10:35,WED,NON-JUNCTION,ON ROADWAY,CLEAR,DRY,DAYLIGHT,NON-INJURY ACCIDENT (PROPERTY- DAMAGE-ONLY ACCIDENT),RIGHT ANGLE,45.8941604,-111.5530171
C245619N,000+0.049,THREE FORKS,GALLATIN,OCTOBER,2017,15:51,TUE,INTERSECTION,ON ROADWAY,CLEAR,DRY,DAYLIGHT,NON-INJURY ACCIDENT (PROPERTY- DAMAGE-ONLY ACCIDENT),REAR TO REAR,45.89417588,-111.5531935
C245629N,000+0.258,BOZEMAN,GALLATIN,October,2016,2:25,TUE,NON-JUNCTION,OFF ROADWAY LOCATION UNKNOWN,CLOUDY,WET,DARK-LIGHTED,NON-INJURY ACCIDENT (PROPERTY- DAMAGE-ONLY ACCIDENT),REAR-END,45.67008714,-111.0473354
C245632N,000+0.155,MANHATTAN,GALLATIN,August,2015,18:34,MON,NON-JUNCTION,ON ROADWAY,CLOUDY,DRY,DAYLIGHT,NON-INJURY ACCIDENT (PROPERTY- DAMAGE-ONLY ACCIDENT),REAR TO SIDE,45.85656839,-111.3342418
C245634N,000+0.000,NOT IN CITY LIMITS,GALLATIN,NOVEMBER,2017,5:15,TUE,NON-JUNCTION,ROADSIDE LEFT,"FOG, SMOG, SMOKE",ICE/FROST,DARK-NOT LIGHTED,NON-INJURY ACCIDENT (PROPERTY- DAMAGE-ONLY ACCIDENT),ROLL OVER,45.65835076,-111.1862907
C245637N,000+0.000,BOZEMAN,GALLATIN,August,2016,15:24,WED,NON-JUNCTION,ON ROADWAY,CLEAR,DRY,DAYLIGHT,UNKNOWN,"SIDESWIPE, SAME DIRECTION",45.67535758,-111.0565383
C245638N,000+0.272,BOZEMAN,GALLATIN,November,2015,1:41,SAT,INTERSECTION,ROADSIDE RIGHT,CLEAR,DRY,DARK-NOT LIGHTED,NON-INCAPACITATING EVIDENT INJURY ACCIDENT,FIXED OBJECT,45.67333913,-111.0513237
C245660N,000+0.135,BOZEMAN,GALLATIN,July,2016,15:30,FRI,INTERSECTION,ON ROADWAY,CLEAR,DRY,DAYLIGHT,POSSIBLE INJURY ACCIDENT,RIGHT ANGLE,45.67334764,-111.0552629
C245671N,000+0.106,BOZEMAN,GALLATIN,October,2016,17:13,SUN,INTERSECTION,ON ROADWAY,CLEAR,DRY,DAYLIGHT,NON-INJURY ACCIDENT (PROPERTY- DAMAGE-ONLY ACCIDENT),RIGHT ANGLE,45.67631559,-111.0500247
C245672N,000+0.000,BOZEMAN,GALLATIN,November,2014,16:00,FRI,DRIVEWAY/ALLEY ACCESS RELATED,ON ROADWAY,CLEAR,DRY,DAYLIGHT,POSSIBLE INJURY ACCIDENT,REAR-END,45.68558082,-111.0507219
C245672N,000+0.364,BOZEMAN,GALLATIN,February,2016,12:27,MON,DRIVEWAY/ALLEY ACCESS RELATED,OUTSIDE RIGHT-OF-WAY (TRAFFICWAY),CLEAR,DRY,DAYLIGHT,NON-INJURY ACCIDENT (PROPERTY- DAMAGE-ONLY ACCIDENT),FIXED OBJECT,45.68031988,-111.0508741
C245676N,000+0.126,WEST YELLOWSTONE,GALLATIN,December,2015,15:42,THU,INTERSECTION,ON ROADWAY,CLEAR,SNOW,DAYLIGHT,NON-INJURY ACCIDENT (PROPERTY- DAMAGE-ONLY ACCIDENT),OTHER,44.66143604,-111.1106323
C245676N,000+0.364,WEST YELLOWSTONE,GALLATIN,AUGUST,2017,14:25,FRI,NON-JUNCTION,IN PARKING LANE OR ZONE,CLEAR,DRY,DAYLIGHT,NON-INJURY ACCIDENT (PROPERTY- DAMAGE-ONLY ACCIDENT),FIXED OBJECT,44.6612304,-111.1058587
C245676N,000+0.416,WEST YELLOWSTONE,GALLATIN,JUNE,2017,16:32,THU,NON-JUNCTION,IN PARKING LANE OR ZONE,CLEAR,DRY,DAYLIGHT,UNKNOWN,PARKED VEHICLE,44.66118259,-111.104843
C245676N,000+0.599,WEST YELLOWSTONE,GALLATIN,August,2016,9:30,THU,NON-JUNCTION,ON ROADWAY,CLEAR,DRY,DAYLIGHT,NON-INJURY ACCIDENT (PROPERTY- DAMAGE-ONLY ACCIDENT),REAR TO REAR,44.66166007,-111.1011239
C245676N,000+0.618,WEST YELLOWSTONE,GALLATIN,June,2015,13:25,FRI,NON-JUNCTION,ON ROADWAY,CLEAR,DRY,DAYLIGHT,NON-INJURY ACCIDENT (PROPERTY- DAMAGE-ONLY ACCIDENT),REAR TO FRONT,44.66129759,-111.1007323
C245676N,000+0.628,WEST YELLOWSTONE,GALLATIN,May,2016,18:38,WED,OTHER LOCATION,IN PARKING LANE OR ZONE,CLEAR,DRY,DAYLIGHT,NON-INJURY ACCIDENT (PROPERTY- DAMAGE-ONLY ACCIDENT),REAR TO SIDE,44.66109186,-111.1005529
C245676N,000+0.692,WEST YELLOWSTONE,GALLATIN,JANUARY,2017,20:10,SUN,NON-JUNCTION,SHOULDER,SNOW,ICE/FROST,DARK-LIGHTED,NON-INJURY ACCIDENT (PROPERTY- DAMAGE-ONLY ACCIDENT),REAR TO REAR,44.66136868,-111.0992868
C245677N,000+0.000,WEST YELLOWSTONE,GALLATIN,June,2016,20:14,SUN,INTERSECTION-RELATED,ON ROADWAY,CLEAR,DRY,DAYLIGHT,NON-INJURY ACCIDENT (PROPERTY- DAMAGE-ONLY ACCIDENT),OTHER,44.65952936,-111.0973987
C245677N,000+0.053,WEST YELLOWSTONE,GALLATIN,September,2016,0:30,THU,NON-JUNCTION,ON ROADWAY,"FOG, SMOG, SMOKE",DRY,DARK-NOT LIGHTED,NON-INJURY ACCIDENT (PROPERTY- DAMAGE-ONLY ACCIDENT),REAR TO SIDE,44.65978374,-111.0983398
C245677N,000+0.061,WEST YELLOWSTONE,GALLATIN,August,2015,22:30,WED,NON-JUNCTION,ON ROADWAY,CLEAR,DRY,DARK-NOT LIGHTED,NON-INJURY ACCIDENT (PROPERTY- DAMAGE-ONLY ACCIDENT),NOT FIXED OBJECT OR DEBRIS,44.65959769,-111.0985413
C245677N,000+0.385,WEST YELLOWSTONE,GALLATIN,JANUARY,2017,18:21,SAT,NON-JUNCTION,OUTSIDE RIGHT-OF-WAY (TRAFFICWAY),SNOW,SNOW,DARK-LIGHTED,INCAPACITATING INJURY ACCIDENT,FIXED OBJECT,44.65997437,-111.1049517
C245679N,000+0.094,WEST YELLOWSTONE,GALLATIN,December,2016,8:00,FRI,NON-JUNCTION,IN PARKING LANE OR ZONE,BLOWING SNOW,SNOW,DAYLIGHT,NON-INJURY ACCIDENT (PROPERTY- DAMAGE-ONLY ACCIDENT),REAR TO SIDE,44.66287129,-111.0992858
C245679N,000+0.105,WEST YELLOWSTONE,GALLATIN,JUNE,2017,11:40,FRI,NON-JUNCTION,IN PARKING LANE OR ZONE,CLEAR,DRY,DAYLIGHT,NON-INJURY ACCIDENT (PROPERTY- DAMAGE-ONLY ACCIDENT),REAR TO SIDE,44.66290411,-111.0993829
C245693N,000+0.000,BELGRADE,GALLATIN,June,2014,16:40,MON,INTERSECTION-RELATED,ON ROADWAY,CLEAR,DRY,DAYLIGHT,NON-INJURY ACCIDENT (PROPERTY- DAMAGE-ONLY ACCIDENT),REAR-END,45.77248642,-111.1850105
C245693N,000+0.000,BELGRADE,GALLATIN,March,2015,17:05,MON,INTERSECTION-RELATED,ON ROADWAY,CLOUDY,DRY,DAYLIGHT,NON-INJURY ACCIDENT (PROPERTY- DAMAGE-ONLY ACCIDENT),REAR-END,45.77248642,-111.1850105
C245693N,000+0.000,BELGRADE,GALLATIN,February,2015,18:35,WED,NON-JUNCTION,ON ROADWAY,CLEAR,DRY,DARK-LIGHTED,NON-INJURY ACCIDENT (PROPERTY- DAMAGE-ONLY ACCIDENT),REAR-END,45.77248642,-111.1850105
C245693N,000+0.053,BELGRADE,GALLATIN,December,2016,14:50,SUN,NON-JUNCTION,ON ROADWAY,CLEAR,SNOW,DAYLIGHT,NON-INJURY ACCIDENT (PROPERTY- DAMAGE-ONLY ACCIDENT),RIGHT ANGLE,45.77250315,-111.1839695
C245709N,000+0.094,BELGRADE,GALLATIN,JANUARY,2017,12:25,THU,DRIVEWAY/ALLEY ACCESS RELATED,ON ROADWAY,CLEAR,SNOW,DAYLIGHT,NON-INJURY ACCIDENT (PROPERTY- DAMAGE-ONLY ACCIDENT),REAR TO FRONT,45.76928669,-111.1750062
C245714N,000+0.530,BOZEMAN,GALLATIN,November,2016,1:53,SAT,OTHER LOCATION,OFF ROADWAY LOCATION UNKNOWN,CLEAR,DRY,DARK-NOT LIGHTED,NON-INJURY ACCIDENT (PROPERTY- DAMAGE-ONLY ACCIDENT),FIXED OBJECT,45.67994164,-111.0329564
C245714N,000+0.542,BOZEMAN,GALLATIN,SEPTEMBER,2017,1:17,SAT,NON-JUNCTION,IN PARKING LANE OR ZONE,CLEAR,WET,DARK-NOT LIGHTED,NON-INJURY ACCIDENT (PROPERTY- DAMAGE-ONLY ACCIDENT),"SIDESWIPE, OPPOSITE DIRECTION",45.67984286,-111.0327261
C245714N,000+0.551,BOZEMAN,GALLATIN,April,2014,0:52,SUN,DRIVEWAY/ALLEY ACCESS RELATED,ON ROADWAY,SNOW,DRY,DARK-LIGHTED,POSSIBLE INJURY ACCIDENT,REAR TO FRONT,45.68008,-111.0325467
C245729N,000+0.374,BOZEMAN,GALLATIN,February,2016,1:54,SAT,NON-JUNCTION,ON ROADWAY,CLEAR,DRY,DARK-LIGHTED,NON-INJURY ACCIDENT (PROPERTY- DAMAGE-ONLY ACCIDENT),"SIDESWIPE, OPPOSITE DIRECTION",45.68036861,-111.0329688
C246184N,000+0.037,MANHATTAN,GALLATIN,January,2015,9:15,SAT,NON-JUNCTION,SHOULDER,CLEAR,DRY,DAYLIGHT,NON-INJURY ACCIDENT (PROPERTY- DAMAGE-ONLY ACCIDENT),REAR-END,45.85755442,-111.3326611
C246187N,000+0.624,NOT IN CITY LIMITS,GALLATIN,DECEMBER,2017,12:30,WED,INTERSECTION,ON ROADWAY,SNOW,ICE/FROST,DAYLIGHT,NON-INJURY ACCIDENT (PROPERTY- DAMAGE-ONLY ACCIDENT),RIGHT ANGLE,45.6715756,-111.1649179
C246192N,000+0.214,WEST YELLOWSTONE,GALLATIN,JULY,2017,18:39,MON,NON-JUNCTION,ROADSIDE RIGHT,CLOUDY,DRY,DAYLIGHT,NON-INJURY ACCIDENT (PROPERTY- DAMAGE-ONLY ACCIDENT),OTHER,44.68695672,-111.2157022
C246195N,000+0.384,BOZEMAN,GALLATIN,July,2015,14:46,WED,CROSSOVER-RELATED,ON ROADWAY,CLEAR,DRY,DAYLIGHT,NON-INJURY ACCIDENT (PROPERTY- DAMAGE-ONLY ACCIDENT),HEAD ON,45.68491807,-111.0501596
C246199N,000+0.419,BOZEMAN,GALLATIN,February,2014,23:55,SAT,INTERSECTION,ON ROADWAY,CLEAR,SNOW,DARK-LIGHTED,NON-INJURY ACCIDENT (PROPERTY- DAMAGE-ONLY ACCIDENT),RIGHT ANGLE,45.67936192,-111.041358
C246200N,000+0.004,,GALLATIN,January,2015,10:45,TUE,INTERSECTION-RELATED,ROADSIDE RIGHT,CLOUDY,ICE/FROST,DAYLIGHT,NON-INJURY ACCIDENT (PROPERTY- DAMAGE-ONLY ACCIDENT),FIXED OBJECT,45.58963175,-111.0710985
C246214N,000+0.010,,GALLATIN,January,2013,7:35,MON,NON-JUNCTION,ON ROADWAY,CLEAR,ICE/FROST,DAYLIGHT,NON-INJURY ACCIDENT (PROPERTY- DAMAGE-ONLY ACCIDENT),HEAD ON,45.64567946,-111.1043581
C246217N,000+0.000,BOZEMAN,GALLATIN,JUNE,2017,17:35,TUE,INTERSECTION,ON ROADWAY,CLOUDY,WET,DAYLIGHT,NON-INJURY ACCIDENT (PROPERTY- DAMAGE-ONLY ACCIDENT),RIGHT ANGLE,45.69593175,-111.0830992
C246224N,000+0.100,,GALLATIN,May,2015,11:05,MON,NON-JUNCTION,ON ROADWAY,CLEAR,DRY,DAYLIGHT,NON-INJURY ACCIDENT (PROPERTY- DAMAGE-ONLY ACCIDENT),REAR TO SIDE,45.67683834,-111.1629733