MDT_CORRIDOR_ID,SMS_REFPOST_OFFSET,CITY,COUNTY,Month,Year,SMS_TIME,SMT_CRASH_OCC_DAY_OF_WEEK,JUNCTION_RELATED,ROADWAY_RELATED,WEATHER_COND,ROAD_COND,LIGHT_COND,CRASH_SEVERITY,COLLISION_TYPE,LATITUDE,LONGITUDE
C246224N,000+0.149,,GALLATIN,July,2015,17:40,MON,DRIVEWAY/ALLEY ACCESS RELATED,ON ROADWAY,CLEAR,DRY,DAYLIGHT,NON-INJURY ACCIDENT (PROPERTY- DAMAGE-ONLY ACCIDENT),RIGHT ANGLE,45.67615924,-111.163528
C246225N,000+0.006,,GALLATIN,November,2016,17:20,FRI,DRIVEWAY/ALLEY ACCESS RELATED,ON ROADWAY,CLEAR,DRY,DARK-NOT LIGHTED,NON-INJURY ACCIDENT (PROPERTY- DAMAGE-ONLY ACCIDENT),REAR TO SIDE,45.67613397,-111.1661492
C246242N,000+0.009,,GALLATIN,June,2015,23:45,THU,NON-JUNCTION,ROADSIDE LEFT,CLOUDY,DRY,DARK-LIGHTED,NON-INJURY ACCIDENT (PROPERTY- DAMAGE-ONLY ACCIDENT),FIXED OBJECT,45.67904,-111.1642
C246246N,000+0.008,,GALLATIN,December,2014,9:30,SAT,NON-JUNCTION,ON ROADWAY,CLOUDY,DRY,DAYLIGHT,NON-INJURY ACCIDENT (PROPERTY- DAMAGE-ONLY ACCIDENT),WILD ANIMAL,45.71478054,-111.1920441
C246250N,000+0.120,,GALLATIN,July,2014,11:15,WED,NON-JUNCTION,ON ROADWAY,CLEAR,DRY,DAYLIGHT,NON-INJURY ACCIDENT (PROPERTY- DAMAGE-ONLY ACCIDENT),"SIDESWIPE, OPPOSITE DIRECTION",45.72664022,-111.1879567
C246258N,000+0.050,,GALLATIN,May,2013,0:58,SAT,NON-JUNCTION,ROADSIDE LEFT,CLOUDY,DRY,DARK-NOT LIGHTED,FATAL ACCIDENT,ROLL OVER,45.88198033,-111.3805558
C246263N,000+0.096,,GALLATIN,November,2015,9:00,WED,INTERSECTION-RELATED,ROADSIDE RIGHT,CLEAR,ICE/FROST,DAYLIGHT,NON-INJURY ACCIDENT (PROPERTY- DAMAGE-ONLY ACCIDENT),ROLL OVER,45.81385702,-111.1700683
C246263N,000+0.105,,GALLATIN,August,2016,20:10,FRI,INTERSECTION-RELATED,ROADSIDE LEFT,CLEAR,DRY,DAYLIGHT,POSSIBLE INJURY ACCIDENT,ROLL OVER,45.81399243,-111.170044
C246268N,000+0.135,NOT IN CITY LIMITS,GALLATIN,DECEMBER,2017,3:46,TUE,INTERSECTION,ON ROADWAY,CLEAR,SNOW,DARK-LIGHTED,NON-INJURY ACCIDENT (PROPERTY- DAMAGE-ONLY ACCIDENT),RIGHT ANGLE,45.72741824,-111.1887326
C246268N,000+0.244,,GALLATIN,May,2015,12:00,MON,NON-JUNCTION,OFF ROADWAY LOCATION UNKNOWN,CLEAR,DRY,DAYLIGHT,NON-INJURY ACCIDENT (PROPERTY- DAMAGE-ONLY ACCIDENT),BACKING VEHICLE,45.72590037,-111.1895533
C246279N,000+0.102,,GALLATIN,November,2016,17:40,SUN,NON-JUNCTION,ON ROADWAY,CLOUDY,DRY,DARK-NOT LIGHTED,NON-INJURY ACCIDENT (PROPERTY- DAMAGE-ONLY ACCIDENT),WILD ANIMAL,45.86588823,-111.3691782
C246285N,000+0.211,NOT IN CITY LIMITS,GALLATIN,AUGUST,2017,12:20,WED,NON-JUNCTION,ON ROADWAY,"FOG, SMOG, SMOKE",DRY,DAYLIGHT,NON-INJURY ACCIDENT (PROPERTY- DAMAGE-ONLY ACCIDENT),REAR-END,45.76869335,-111.0845147
C246296N,000+0.089,,GALLATIN,December,2015,20:27,FRI,NON-JUNCTION,ON ROADWAY,CLOUDY,SNOW,DARK-NOT LIGHTED,NON-INJURY ACCIDENT (PROPERTY- DAMAGE-ONLY ACCIDENT),DOMESTIC ANIMAL,45.26003963,-111.3024122
C246296N,000+0.110,NOT IN CITY LIMITS,GALLATIN,AUGUST,2017,1:15,MON,NON-JUNCTION,OUTSIDE RIGHT-OF-WAY (TRAFFICWAY),CLEAR,DRY,DARK-LIGHTED,NON-INJURY ACCIDENT (PROPERTY- DAMAGE-ONLY ACCIDENT),FIXED OBJECT,45.26040561,-111.3021535
C246322N,000+0.272,,GALLATIN,November,2015,12:45,MON,NON-JUNCTION,ON ROADWAY,CLEAR,SNOW,DAYLIGHT,NON-INJURY ACCIDENT (PROPERTY- DAMAGE-ONLY ACCIDENT),RIGHT ANGLE,45.64643425,-110.8706222
C246324N,000+0.008,,GALLATIN,October,2014,17:55,TUE,NON-JUNCTION,ON ROADWAY,CLOUDY,DRY,DAYLIGHT,NON-INCAPACITATING EVIDENT INJURY ACCIDENT,ROLL OVER,45.723675,-110.8684967
C246324N,000+0.028,NOT IN CITY LIMITS,GALLATIN,MAY,2017,15:10,THU,INTERSECTION-RELATED,ROADSIDE LEFT,CLEAR,DRY,DAYLIGHT,NON-INJURY ACCIDENT (PROPERTY- DAMAGE-ONLY ACCIDENT),FIXED OBJECT,45.72349134,-110.8684714
C248267N,000+0.278,MANHATTAN,GALLATIN,NOVEMBER,2017,12:00,TUE,INTERSECTION-RELATED,ROADSIDE RIGHT,CLEAR,SNOW,DAYLIGHT,UNKNOWN,PARKED VEHICLE,45.86769851,-111.3385788
C248271N,000+0.066,BELGRADE,GALLATIN,December,2016,9:49,WED,INTERSECTION-RELATED,ROADSIDE RIGHT,CLEAR,ICE/FROST,DAYLIGHT,NON-INJURY ACCIDENT (PROPERTY- DAMAGE-ONLY ACCIDENT),FIXED OBJECT,45.78837939,-111.14178
C248277N,000+0.100,BELGRADE,GALLATIN,November,2016,13:10,SAT,THROUGH ROADWAY,ON ROADWAY,CLEAR,DRY,DAYLIGHT,NON-INJURY ACCIDENT (PROPERTY- DAMAGE-ONLY ACCIDENT),REAR-END,45.78834363,-111.1398667
C248290N,000+0.093,BOZEMAN,GALLATIN,January,2016,23:01,MON,NON-JUNCTION,ON ROADWAY,CLOUDY,SNOW,DARK-NOT LIGHTED,NON-INJURY ACCIDENT (PROPERTY- DAMAGE-ONLY ACCIDENT),"LEFT TURN, OPPOSITE DIRECTION",45.69715322,-111.0799338
C248291N,000+0.013,BOZEMAN,GALLATIN,August,2014,15:50,THU,INTERSECTION-RELATED,MEDIAN,CLEAR,DRY,DAYLIGHT,NON-INCAPACITATING EVIDENT INJURY ACCIDENT,FIXED OBJECT,45.69591204,-111.0828416
C248295N,000+0.000,BOZEMAN,GALLATIN,FEBRUARY,2017,1:38,WED,NON-JUNCTION,ROADSIDE LEFT,SNOW,SNOW,DARK-LIGHTED,NON-INJURY ACCIDENT (PROPERTY- DAMAGE-ONLY ACCIDENT),OTHER,45.69155896,-111.0328763
C248418N,000+0.037,BOZEMAN,GALLATIN,December,2015,15:50,SAT,NON-JUNCTION,ROADSIDE RIGHT,CLOUDY,DRY,DUSK,POSSIBLE INJURY ACCIDENT,FIXED OBJECT,45.71989291,-111.0651938
C248480N,000+0.041,BELGRADE,GALLATIN,April,2016,18:07,MON,INTERSECTION-RELATED,ON ROADWAY,CLEAR,DRY,DAYLIGHT,NON-INJURY ACCIDENT (PROPERTY- DAMAGE-ONLY ACCIDENT),RIGHT ANGLE,45.79485194,-111.1793101
C248480N,000+0.041,BELGRADE,GALLATIN,MAY,2017,15:15,SUN,INTERSECTION,ON ROADWAY,CLEAR,DRY,DAYLIGHT,NON-INCAPACITATING EVIDENT INJURY ACCIDENT,"LEFT TURN, OPPOSITE DIRECTION",45.79482813,-111.1793563
C248518N,000+0.056,BOZEMAN,GALLATIN,December,2015,11:35,SUN,NON-JUNCTION,ON ROADWAY,"FOG, SMOG, SMOKE",SNOW,DAYLIGHT,NON-INJURY ACCIDENT (PROPERTY- DAMAGE-ONLY ACCIDENT),REAR-END,45.67492104,-111.1053481
C248518N,000+0.086,BOZEMAN,GALLATIN,October,2016,9:07,WED,NON-JUNCTION,SHOULDER,CLEAR,DRY,DAYLIGHT,NON-INJURY ACCIDENT (PROPERTY- DAMAGE-ONLY ACCIDENT),REAR-END,45.67498822,-111.1060192
C291273N,000+0.095,,GALLATIN,February,2014,18:30,MON,NON-JUNCTION,ON ROADWAY,CLEAR,SNOW,DARK-NOT LIGHTED,NON-INJURY ACCIDENT (PROPERTY- DAMAGE-ONLY ACCIDENT),REAR TO SIDE,45.66804333,-111.1366367
C291370N,000+0.044,NOT IN CITY LIMITS,GALLATIN,DECEMBER,2017,9:20,THU,NON-JUNCTION,OUTSIDE RIGHT-OF-WAY (TRAFFICWAY),CLEAR,ICE/FROST,DAYLIGHT,NON-INJURY ACCIDENT (PROPERTY- DAMAGE-ONLY ACCIDENT),FIXED OBJECT,45.67041389,-111.1355743
C291370N,000+0.078,NOT IN CITY LIMITS,GALLATIN,DECEMBER,2017,10:15,FRI,DRIVEWAY/ALLEY ACCESS RELATED,ON ROADWAY,CLEAR,ICE/FROST,DAYLIGHT,NON-INJURY ACCIDENT (PROPERTY- DAMAGE-ONLY ACCIDENT),RIGHT ANGLE,45.66983815,-111.1358017
C291370N,000+0.300,NOT IN CITY LIMITS,GALLATIN,NOVEMBER,2017,10:05,TUE,INTERSECTION-RELATED,ROADSIDE LEFT,CLOUDY,SNOW,DAYLIGHT,NON-INJURY ACCIDENT (PROPERTY- DAMAGE-ONLY ACCIDENT),FIXED OBJECT,45.66694133,-111.1372153
C291486N,000+0.136,BOZEMAN,GALLATIN,October,2014,1:30,THU,INTERSECTION-RELATED,OUTSIDE RIGHT-OF-WAY (TRAFFICWAY),CLEAR,DRY,DARK-LIGHTED,NON-INJURY ACCIDENT (PROPERTY- DAMAGE-ONLY ACCIDENT),FIXED OBJECT,45.67602066,-111.1122727
C325781N,000+0.643,WEST YELLOWSTONE,GALLATIN,September,2015,17:30,SAT,NON-JUNCTION,ROADSIDE RIGHT,CLEAR,DRY,DAYLIGHT,NON-INJURY ACCIDENT (PROPERTY- DAMAGE-ONLY ACCIDENT),ROLL OVER,44.65831071,-111.1269933
C325784N,004+0.367,NOT IN CITY LIMITS,GALLATIN,JUNE,2017,11:50,SAT,INTERSECTION-RELATED,ON ROADWAY,CLEAR,DRY,DAYLIGHT,NON-INJURY ACCIDENT (PROPERTY- DAMAGE-ONLY ACCIDENT),REAR-END,44.66845252,-111.1389965
C325786N,003+0.203,NOT IN CITY LIMITS,GALLATIN,JUNE,2017,14:33,THU,NON-JUNCTION,ROADSIDE LEFT,CLEAR,DRY,DAYLIGHT,NON-INJURY ACCIDENT (PROPERTY- DAMAGE-ONLY ACCIDENT),FIXED OBJECT,44.66965536,-111.1278628
C325786N,003+0.244,WEST YELLOWSTONE,GALLATIN,October,2016,0:00,TUE,NON-JUNCTION,ROADSIDE LEFT,CLEAR,WET,DARK-NOT LIGHTED,NON-INJURY ACCIDENT (PROPERTY- DAMAGE-ONLY ACCIDENT),FIXED OBJECT,44.6697531,-111.1270419
C325792N,001+0.490,,GALLATIN,August,2014,15:21,SUN,NON-JUNCTION,ON ROADWAY,CLEAR,WET,DAYLIGHT,POSSIBLE INJURY ACCIDENT,ROLL OVER,44.73214793,-111.1288988
C325897E,000+0.314,BELGRADE,GALLATIN,September,2016,9:25,FRI,INTERSECTION,ON ROADWAY,CLEAR,DRY,DAYLIGHT,NON-INJURY ACCIDENT (PROPERTY- DAMAGE-ONLY ACCIDENT),"SIDESWIPE, SAME DIRECTION",45.76044548,-111.1643718
C325897E,000+0.346,BELGRADE,GALLATIN,APRIL,2017,17:34,SAT,INTERSECTION-RELATED,SHOULDER,RAIN,WET,DAYLIGHT,NON-INJURY ACCIDENT (PROPERTY- DAMAGE-ONLY ACCIDENT),FIXED OBJECT,45.75967308,-111.1644693
C325897E,000+0.396,BELGRADE,GALLATIN,March,2016,18:50,MON,INTERSECTION,SHOULDER,CLOUDY,WET,DAYLIGHT,NON-INJURY ACCIDENT (PROPERTY- DAMAGE-ONLY ACCIDENT),FIXED OBJECT,45.75974,-111.1630033
C325898E,000+0.057,BELGRADE,GALLATIN,February,2016,17:10,THU,INTERSECTION,ON ROADWAY,CLEAR,DRY,DAYLIGHT,NON-INJURY ACCIDENT (PROPERTY- DAMAGE-ONLY ACCIDENT),RIGHT ANGLE,45.7590054,-111.162292
C325901W,000+0.705,BELGRADE,GALLATIN,DECEMBER,2017,8:22,TUE,ENTRANCE/EXIT RAMP,ON ROADWAY,CLOUDY,WET,DAYLIGHT,NON-INJURY ACCIDENT (PROPERTY- DAMAGE-ONLY ACCIDENT),REAR-END,45.76101562,-111.1616354
C325901W,000+0.746,BELGRADE,GALLATIN,SEPTEMBER,2017,15:53,WED,INTERSECTION-RELATED,ON ROADWAY,CLOUDY,WET,DAYLIGHT,NON-INJURY ACCIDENT (PROPERTY- DAMAGE-ONLY ACCIDENT),REAR-END,45.76114532,-111.1619144
C325902W,000+0.027,BELGRADE,GALLATIN,May,2016,10:48,TUE,INTERSECTION-RELATED,ON ROADWAY,CLEAR,DRY,DAYLIGHT,NON-INJURY ACCIDENT (PROPERTY- DAMAGE-ONLY ACCIDENT),REAR-END,45.76161869,-111.1628772
C325902W,000+0.063,BELGRADE,GALLATIN,November,2016,16:55,TUE,INTERSECTION,ON ROADWAY,CLEAR,WET,DARK-LIGHTED,NON-INJURY ACCIDENT (PROPERTY- DAMAGE-ONLY ACCIDENT),"SIDESWIPE, SAME DIRECTION",45.76143861,-111.163706
C325902W,000+0.063,BELGRADE,GALLATIN,JULY,2017,16:56,WED,INTERSECTION,ON ROADWAY,CLEAR,DRY,DAYLIGHT,NON-INCAPACITATING EVIDENT INJURY ACCIDENT,RIGHT ANGLE,45.76144911,-111.1636764
C325902W,000+0.101,BELGRADE,GALLATIN,July,2016,13:08,SAT,INTERSECTION,ON ROADWAY,CLEAR,DRY,DAYLIGHT,NON-INJURY ACCIDENT (PROPERTY- DAMAGE-ONLY ACCIDENT),FIXED OBJECT,45.76134612,-111.1640077
C325902W,000+0.101,BELGRADE,GALLATIN,APRIL,2017,1:15,THU,INTERSECTION-RELATED,ON ROADWAY,CLEAR,DRY,DARK-LIGHTED,NON-INJURY ACCIDENT (PROPERTY- DAMAGE-ONLY ACCIDENT),FIXED OBJECT,45.76132119,-111.1642893
C326044N,000+0.112,NOT IN CITY LIMITS,GALLATIN,NOVEMBER,2017,3:00,SAT,NON-JUNCTION,IN PARKING LANE OR ZONE,CLEAR,DRY,DARK-NOT LIGHTED,NON-INJURY ACCIDENT (PROPERTY- DAMAGE-ONLY ACCIDENT),HEAD ON,45.66780569,-111.127416
C326049N,000+0.258,,GALLATIN,November,2016,17:13,MON,NON-JUNCTION,ON ROADWAY,CLEAR,DRY,DUSK,NON-INJURY ACCIDENT (PROPERTY- DAMAGE-ONLY ACCIDENT),"SIDESWIPE, SAME DIRECTION",45.6797077,-111.159127
C326062N,000+0.045,NOT IN CITY LIMITS,GALLATIN,JANUARY,2017,23:04,THU,NON-JUNCTION,ON ROADWAY,CLEAR,SNOW,DARK-NOT LIGHTED,NON-INJURY ACCIDENT (PROPERTY- DAMAGE-ONLY ACCIDENT),REAR-END,45.25453638,-111.311176
C326076N,000+0.000,BELGRADE,GALLATIN,March,2016,7:00,TUE,OTHER LOCATION,SHOULDER,UNKNOWN,UNKNOWN,UNKNOWN,UNKNOWN,FIXED OBJECT,45.75754491,-111.1640805
C326076N,000+0.000,BELGRADE,GALLATIN,DECEMBER,2017,5:00,MON,INTERSECTION,ON ROADWAY,CLEAR,DRY,DARK-LIGHTED,NON-INJURY ACCIDENT (PROPERTY- DAMAGE-ONLY ACCIDENT),"SIDESWIPE, SAME DIRECTION",45.75751491,-111.1633532
C326076N,000+0.000,BELGRADE,GALLATIN,MAY,2017,17:25,MON,INTERSECTION,ON ROADWAY,CLEAR,DRY,DAYLIGHT,POSSIBLE INJURY ACCIDENT,"LEFT TURN, OPPOSITE DIRECTION",45.75763321,-111.1641011
C326076N,000+0.145,BELGRADE,GALLATIN,May,2016,17:00,WED,INTERSECTION-RELATED,ON ROADWAY,CLEAR,DRY,DAYLIGHT,NON-INJURY ACCIDENT (PROPERTY- DAMAGE-ONLY ACCIDENT),HEAD ON,45.75780327,-111.1670724
C326076N,000+0.145,BELGRADE,GALLATIN,APRIL,2017,19:00,FRI,INTERSECTION-RELATED,OFF ROADWAY LOCATION UNKNOWN,CLEAR,UNKNOWN,UNKNOWN,UNKNOWN,FIXED OBJECT,45.75776183,-111.1671059
C326076N,000+0.145,BELGRADE,GALLATIN,APRIL,2017,19:00,FRI,INTERSECTION-RELATED,ROADSIDE RIGHT,CLEAR,UNKNOWN,UNKNOWN,UNKNOWN,FIXED OBJECT,45.75766935,-111.1669181
C326076N,000+0.145,BELGRADE,GALLATIN,MARCH,2017,13:45,WED,INTERSECTION,ON ROADWAY,CLEAR,DRY,DAYLIGHT,NON-INCAPACITATING EVIDENT INJURY ACCIDENT,ROLL OVER,45.75778136,-111.167077
C326077N,000+0.000,BELGRADE,GALLATIN,FEBRUARY,2017,10:17,FRI,INTERSECTION,ROADSIDE LEFT,CLEAR,SNOW,DAYLIGHT,NON-INJURY ACCIDENT (PROPERTY- DAMAGE-ONLY ACCIDENT),FIXED OBJECT,45.75776422,-111.1670233
C326077N,000+0.269,BELGRADE,GALLATIN,DECEMBER,2017,9:01,WED,NON-JUNCTION,ON ROADWAY,SNOW,SNOW,DAYLIGHT,NON-INJURY ACCIDENT (PROPERTY- DAMAGE-ONLY ACCIDENT),"SIDESWIPE, OPPOSITE DIRECTION",45.76098727,-111.1688964
C326077N,000+0.557,,GALLATIN,December,2016,21:40,SAT,NON-JUNCTION,ROADSIDE RIGHT,"FOG, SMOG, SMOKE",ICE/FROST,DARK-NOT LIGHTED,NON-INJURY ACCIDENT (PROPERTY- DAMAGE-ONLY ACCIDENT),FIXED OBJECT,45.76352121,-111.1735477
C326077N,000+0.603,,GALLATIN,September,2016,23:00,THU,NON-JUNCTION,ROADSIDE LEFT,CLOUDY,DRY,DARK-NOT LIGHTED,POSSIBLE INJURY ACCIDENT,FIXED OBJECT,45.76415255,-111.17447
C326077N,000+0.651,NOT IN CITY LIMITS,GALLATIN,FEBRUARY,2017,12:00,THU,INTERSECTION,ROADSIDE LEFT,CLEAR,ICE/FROST,DAYLIGHT,NON-INJURY ACCIDENT (PROPERTY- DAMAGE-ONLY ACCIDENT),FIXED OBJECT,45.76422765,-111.1749071
C326078N,000+0.000,BELGRADE,GALLATIN,April,2016,10:50,TUE,INTERSECTION,ON ROADWAY,CLEAR,DRY,DAYLIGHT,NON-INJURY ACCIDENT (PROPERTY- DAMAGE-ONLY ACCIDENT),"SIDESWIPE, SAME DIRECTION",45.76017271,-111.1630694
C326078N,000+0.102,BELGRADE,GALLATIN,November,2016,14:20,WED,INTERSECTION,SEPARATOR,CLEAR,DRY,DAYLIGHT,NON-INJURY ACCIDENT (PROPERTY- DAMAGE-ONLY ACCIDENT),FIXED OBJECT,45.76164932,-111.1624056
C326078N,000+0.102,BELGRADE,GALLATIN,DECEMBER,2017,11:15,WED,ENTRANCE/EXIT RAMP,ON ROADWAY,SNOW,SNOW,DAYLIGHT,NON-INJURY ACCIDENT (PROPERTY- DAMAGE-ONLY ACCIDENT),RIGHT ANGLE,45.76163998,-111.1620918
C326078N,000+0.140,,GALLATIN,May,2016,13:30,MON,ENTRANCE/EXIT RAMP,ON ROADWAY,CLOUDY,DRY,DAYLIGHT,NON-INJURY ACCIDENT (PROPERTY- DAMAGE-ONLY ACCIDENT),REAR-END,45.76273727,-111.1613083
C326078N,000+0.374,BELGRADE,GALLATIN,January,2016,14:13,FRI,INTERSECTION-RELATED,ROADSIDE RIGHT,CLEAR,ICE/FROST,DAYLIGHT,NON-INJURY ACCIDENT (PROPERTY- DAMAGE-ONLY ACCIDENT),FIXED OBJECT,45.765742,-111.163282
C326078N,000+0.374,BELGRADE,GALLATIN,JANUARY,2017,14:00,TUE,INTERSECTION-RELATED,MEDIAN,CLEAR,ICE/FROST,DAYLIGHT,UNKNOWN,FIXED OBJECT,45.765718,-111.1631187
C326078N,000+0.401,BELGRADE,GALLATIN,January,2016,18:20,THU,INTERSECTION-RELATED,ON ROADWAY,CLEAR,SNOW,DAYLIGHT,NON-INJURY ACCIDENT (PROPERTY- DAMAGE-ONLY ACCIDENT),"SIDESWIPE, SAME DIRECTION",45.765844,-111.1624555
C326078N,000+0.401,BELGRADE,GALLATIN,FEBRUARY,2017,20:48,SUN,INTERSECTION,ON ROADWAY,CLEAR,WET,DARK-LIGHTED,NON-INJURY ACCIDENT (PROPERTY- DAMAGE-ONLY ACCIDENT),REAR-END,45.76594861,-111.1628283
C326078N,000+0.401,BELGRADE,GALLATIN,JANUARY,2017,9:49,MON,NON-JUNCTION,ROADSIDE RIGHT,CLOUDY,ICE/FROST,DAYLIGHT,NON-INJURY ACCIDENT (PROPERTY- DAMAGE-ONLY ACCIDENT),FIXED OBJECT,45.76594861,-111.1628283
C326078N,000+0.401,BELGRADE,GALLATIN,NOVEMBER,2017,21:42,FRI,INTERSECTION,SHOULDER,SNOW,SNOW,DARK-LIGHTED,NON-INJURY ACCIDENT (PROPERTY- DAMAGE-ONLY ACCIDENT),FIXED OBJECT,45.76529471,-111.1606153
C326078N,000+0.439,BELGRADE,GALLATIN,DECEMBER,2017,9:30,WED,INTERSECTION,ROADSIDE RIGHT,SNOW,SNOW,DAYLIGHT,NON-INJURY ACCIDENT (PROPERTY- DAMAGE-ONLY ACCIDENT),FIXED OBJECT,45.76634119,-111.1628396
C326078N,000+0.475,BELGRADE,GALLATIN,September,2016,15:00,FRI,INTERSECTION,ON ROADWAY,CLEAR,DRY,DAYLIGHT,NON-INJURY ACCIDENT (PROPERTY- DAMAGE-ONLY ACCIDENT),"SIDESWIPE, SAME DIRECTION",45.76689727,-111.1619336
C326078N,000+0.475,BELGRADE,GALLATIN,JULY,2017,15:50,THU,INTERSECTION-RELATED,ON ROADWAY,CLEAR,OIL,DAYLIGHT,POSSIBLE INJURY ACCIDENT,ROLL OVER,45.76707371,-111.1625281
C326078N,000+0.475,BELGRADE,GALLATIN,MAY,2017,14:42,THU,CROSSOVER-RELATED,ON ROADWAY,CLEAR,DRY,DAYLIGHT,NON-INJURY ACCIDENT (PROPERTY- DAMAGE-ONLY ACCIDENT),RIGHT ANGLE,45.76646386,-111.1614613
C326078N,000+0.511,BELGRADE,GALLATIN,June,2016,12:15,MON,INTERSECTION,ON ROADWAY,CLEAR,DRY,DAYLIGHT,NON-INJURY ACCIDENT (PROPERTY- DAMAGE-ONLY ACCIDENT),"SIDESWIPE, SAME DIRECTION",45.76715355,-111.1619849
C326078N,000+0.511,BELGRADE,GALLATIN,OCTOBER,2017,16:05,FRI,INTERSECTION-RELATED,ROADSIDE RIGHT,CLEAR,DRY,DAYLIGHT,UNKNOWN,FIXED OBJECT,45.76768882,-111.1627254
C326078N,000+0.537,NOT IN CITY LIMITS,GALLATIN,AUGUST,2017,13:20,SUN,INTERSECTION-RELATED,ON ROADWAY,"FOG, SMOG, SMOKE",DRY,DAYLIGHT,NON-INJURY ACCIDENT (PROPERTY- DAMAGE-ONLY ACCIDENT),REAR-END,45.76779961,-111.1617035
C326078N,000+0.732,NOT IN CITY LIMITS,GALLATIN,NOVEMBER,2017,16:50,MON,INTERSECTION,ON ROADWAY,CLOUDY,DRY,DUSK,NON-INJURY ACCIDENT (PROPERTY- DAMAGE-ONLY ACCIDENT),RIGHT ANGLE,45.77016659,-111.1596141
C326082N,000+0.130,BELGRADE,GALLATIN,February,2016,14:25,THU,INTERSECTION-RELATED,ON ROADWAY,CLEAR,DRY,DAYLIGHT,NON-INJURY ACCIDENT (PROPERTY- DAMAGE-ONLY ACCIDENT),"SIDESWIPE, SAME DIRECTION",45.7674624,-111.1632606
C326083N,000+0.068,NOT IN CITY LIMITS,GALLATIN,DECEMBER,2017,8:00,TUE,NON-JUNCTION,ROADSIDE LEFT,CLOUDY,DRY,DAYLIGHT,NON-INJURY ACCIDENT (PROPERTY- DAMAGE-ONLY ACCIDENT),FIXED OBJECT,45.78289176,-111.1656912
C326084N,000+0.103,BELGRADE,GALLATIN,DECEMBER,2017,14:00,SUN,INTERSECTION,ON ROADWAY,CLEAR,SNOW,DAYLIGHT,NON-INJURY ACCIDENT (PROPERTY- DAMAGE-ONLY ACCIDENT),REAR-END,45.75897749,-111.1642132
C326084N,000+0.641,BELGRADE,GALLATIN,November,2016,6:53,MON,NON-JUNCTION,ON ROADWAY,SLEET/HAIL/FREEZING RAIN/DRIZZLE,ICE/FROST,DARK-NOT LIGHTED,NON-INJURY ACCIDENT (PROPERTY- DAMAGE-ONLY ACCIDENT),FIXED OBJECT,45.7512659,-111.1643722
C326084N,000+0.758,,GALLATIN,October,2016,4:50,TUE,NON-JUNCTION,SHOULDER,SNOW,SNOW,DARK-NOT LIGHTED,NON-INJURY ACCIDENT (PROPERTY- DAMAGE-ONLY ACCIDENT),FIXED OBJECT,45.74947875,-111.1644978
C326084N,000+0.790,NOT IN CITY LIMITS,GALLATIN,FEBRUARY,2017,8:42,THU,NON-JUNCTION,ROADSIDE LEFT,CLOUDY,ICE/FROST,DAYLIGHT,NON-INJURY ACCIDENT (PROPERTY- DAMAGE-ONLY ACCIDENT),ROLL OVER,45.74911199,-111.1644682
C326084N,001+0.129,NOT IN CITY LIMITS,GALLATIN,JUNE,2017,12:45,THU,INTERSECTION,ROADSIDE RIGHT,CLOUDY,DRY,DAYLIGHT,POSSIBLE INJURY ACCIDENT,RIGHT ANGLE,45.74414505,-111.164541
C326084N,001+0.462,,GALLATIN,July,2016,8:15,WED,NON-JUNCTION,ROADSIDE RIGHT,CLOUDY,DRY,DAYLIGHT,NON-INJURY ACCIDENT (PROPERTY- DAMAGE-ONLY ACCIDENT),FIXED OBJECT,45.73935832,-111.1645386
C326084N,001+0.794,NOT IN CITY LIMITS,GALLATIN,NOVEMBER,2017,5:00,SAT,NON-JUNCTION,ON ROADWAY,SNOW,SNOW,DARK-NOT LIGHTED,NON-INJURY ACCIDENT (PROPERTY- DAMAGE-ONLY ACCIDENT),RIGHT ANGLE,45.73449326,-111.1644363
C326084N,002+0.154,,GALLATIN,April,2016,11:15,SAT,INTERSECTION-RELATED,ON ROADWAY,CLEAR,DRY,DAYLIGHT,NON-INJURY ACCIDENT (PROPERTY- DAMAGE-ONLY ACCIDENT),REAR-END,45.72932803,-111.1645119
C326085N,000+0.007,BELGRADE,GALLATIN,APRIL,2017,8:18,FRI,ENTRANCE/EXIT RAMP,ON ROADWAY,CLEAR,DRY,DAYLIGHT,POSSIBLE INJURY ACCIDENT,RIGHT ANGLE,45.76590289,-111.1850787
C472022N,000+0.006,NOT IN CITY LIMITS,GALLATIN,JUNE,2017,11:30,SUN,INTERSECTION,ON ROADWAY,CLOUDY,DRY,DAYLIGHT,NON-INJURY ACCIDENT (PROPERTY- DAMAGE-ONLY ACCIDENT),REAR-END,45.72809175,-111.1885235
C472036N,000+0.136,BELGRADE,GALLATIN,FEBRUARY,2017,7:43,FRI,NON-JUNCTION,ROADSIDE RIGHT,CLEAR,ICE/FROST,DAYLIGHT,NON-INJURY ACCIDENT (PROPERTY- DAMAGE-ONLY ACCIDENT),FIXED OBJECT,45.79346783,-111.1461725
C472036N,000+0.798,BELGRADE,GALLATIN,JANUARY,2017,8:00,FRI,NON-JUNCTION,ON ROADWAY,CLEAR,ICE/FROST,DAYLIGHT,NON-INJURY ACCIDENT (PROPERTY- DAMAGE-ONLY ACCIDENT),NOT FIXED OBJECT OR DEBRIS,45.79727447,-111.1586599
C472045N,000+0.894,NOT IN CITY LIMITS,GALLATIN,JANUARY,2017,14:10,TUE,INTERSECTION,ON ROADWAY,CLEAR,ICE/FROST,DAYLIGHT,NON-INJURY ACCIDENT (PROPERTY- DAMAGE-ONLY ACCIDENT),"RIGHT TURN, OPPOSITE DIRECTION",45.74877568,-111.0518148